Week_Starting,Route,Vessel_Type,Freight_Rate_USD_Day,War_Risk_Premium_Pct,Hull_Insurance_Pct_Value,Bunker_Cost_USD_MT,Transit_Time_Days,Rerouting_Extra_Days,Conflict_Phase
2024-10-07,Strait of Hormuz,VLCC,45622.0,0.045,0.257,583.0,2.2,0.0,Initial Escalation
2024-10-07,Strait of Hormuz,Suezmax,33493.0,0.056,0.267,644.0,1.8,0.0,Initial Escalation
2024-10-07,Strait of Hormuz,Aframax,20870.0,0.046,0.273,584.0,1.9,0.0,Initial Escalation
2024-10-07,Strait of Hormuz,LNG Carrier,62682.0,0.055,0.245,612.0,2.0,0.0,Initial Escalation
2024-10-07,Bab el-Mandeb / Red Sea,VLCC,39294.0,0.046,0.238,645.0,2.1,0.0,Initial Escalation
2024-10-07,Bab el-Mandeb / Red Sea,Suezmax,30385.0,0.046,0.273,627.0,2.1,0.0,Initial Escalation
2024-10-07,Bab el-Mandeb / Red Sea,Aframax,19916.0,0.045,0.268,628.0,2.0,0.0,Initial Escalation
2024-10-07,Bab el-Mandeb / Red Sea,LNG Carrier,51346.0,0.048,0.228,608.0,2.2,0.0,Initial Escalation
2024-10-07,Suez Canal,VLCC,50040.0,0.053,0.245,603.0,1.1,0.0,Initial Escalation
2024-10-07,Suez Canal,Suezmax,34942.0,0.045,0.247,596.0,1.0,0.0,Initial Escalation
2024-10-07,Suez Canal,Aframax,22560.0,0.053,0.248,653.0,1.0,0.0,Initial Escalation
2024-10-07,Suez Canal,LNG Carrier,61889.0,0.048,0.257,613.0,1.0,0.0,Initial Escalation
2024-10-07,Strait of Malacca,VLCC,29640.0,0.054,0.261,592.0,1.0,0.0,Initial Escalation
2024-10-07,Strait of Malacca,Suezmax,21745.0,0.051,0.227,635.0,1.0,0.0,Initial Escalation
2024-10-07,Strait of Malacca,Aframax,14559.0,0.056,0.261,623.0,1.0,0.0,Initial Escalation
2024-10-07,Strait of Malacca,LNG Carrier,41214.0,0.053,0.246,613.0,1.1,0.0,Initial Escalation
2024-10-07,Cape of Good Hope (reroute),VLCC,62056.0,0.054,0.264,611.0,13.2,0.0,Initial Escalation
2024-10-07,Cape of Good Hope (reroute),Suezmax,45516.0,0.046,0.263,586.0,13.0,0.0,Initial Escalation
2024-10-07,Cape of Good Hope (reroute),Aframax,31016.0,0.048,0.227,593.0,14.0,0.0,Initial Escalation
2024-10-07,Cape of Good Hope (reroute),LNG Carrier,87466.0,0.051,0.274,620.0,14.7,0.0,Initial Escalation
2024-10-07,Persian Gulf – East China Sea,VLCC,51041.0,0.052,0.243,621.0,7.4,0.0,Initial Escalation
2024-10-07,Persian Gulf – East China Sea,Suezmax,38811.0,0.056,0.261,591.0,7.3,0.0,Initial Escalation
2024-10-07,Persian Gulf – East China Sea,Aframax,24727.0,0.054,0.232,626.0,7.9,0.0,Initial Escalation
2024-10-07,Persian Gulf – East China Sea,LNG Carrier,69682.0,0.051,0.253,637.0,8.8,0.0,Initial Escalation
2024-10-07,Persian Gulf – Bay of Bengal,VLCC,38433.0,0.053,0.271,641.0,8.7,0.0,Initial Escalation
2024-10-07,Persian Gulf – Bay of Bengal,Suezmax,27157.0,0.05,0.235,633.0,7.6,0.0,Initial Escalation
2024-10-07,Persian Gulf – Bay of Bengal,Aframax,17834.0,0.055,0.236,590.0,7.4,0.0,Initial Escalation
2024-10-07,Persian Gulf – Bay of Bengal,LNG Carrier,51035.0,0.048,0.228,610.0,7.6,0.0,Initial Escalation
2024-10-07,Persian Gulf – Sea of Japan,VLCC,56790.0,0.056,0.24,587.0,7.3,0.0,Initial Escalation
2024-10-07,Persian Gulf – Sea of Japan,Suezmax,39522.0,0.052,0.241,603.0,8.4,0.0,Initial Escalation
2024-10-07,Persian Gulf – Sea of Japan,Aframax,27753.0,0.05,0.264,594.0,7.4,0.0,Initial Escalation
2024-10-07,Persian Gulf – Sea of Japan,LNG Carrier,76927.0,0.051,0.23,635.0,7.7,0.0,Initial Escalation
2024-10-07,Aden Gulf – Indian Ocean,VLCC,34487.0,0.048,0.249,640.0,8.6,0.0,Initial Escalation
2024-10-07,Aden Gulf – Indian Ocean,Suezmax,24949.0,0.045,0.243,637.0,8.3,0.0,Initial Escalation
2024-10-07,Aden Gulf – Indian Ocean,Aframax,18778.0,0.053,0.249,637.0,7.9,0.0,Initial Escalation
2024-10-07,Aden Gulf – Indian Ocean,LNG Carrier,46991.0,0.055,0.257,599.0,7.9,0.0,Initial Escalation
2024-10-07,Arabian Sea – South China Sea,VLCC,41415.0,0.051,0.25,657.0,7.3,0.0,Initial Escalation
2024-10-07,Arabian Sea – South China Sea,Suezmax,28113.0,0.047,0.249,620.0,7.3,0.0,Initial Escalation
2024-10-07,Arabian Sea – South China Sea,Aframax,21594.0,0.047,0.245,631.0,8.6,0.0,Initial Escalation
2024-10-07,Arabian Sea – South China Sea,LNG Carrier,52983.0,0.05,0.247,585.0,8.8,0.0,Initial Escalation
2024-10-14,Strait of Hormuz,VLCC,43786.0,0.054,0.267,611.0,2.0,0.0,Initial Escalation
2024-10-14,Strait of Hormuz,Suezmax,30205.0,0.053,0.242,655.0,1.9,0.0,Initial Escalation
2024-10-14,Strait of Hormuz,Aframax,22598.0,0.053,0.241,595.0,2.1,0.0,Initial Escalation
2024-10-14,Strait of Hormuz,LNG Carrier,61512.0,0.053,0.226,601.0,2.1,0.0,Initial Escalation
2024-10-14,Bab el-Mandeb / Red Sea,VLCC,40013.0,0.046,0.23,647.0,1.9,0.0,Initial Escalation
2024-10-14,Bab el-Mandeb / Red Sea,Suezmax,27840.0,0.048,0.27,621.0,2.1,0.0,Initial Escalation
2024-10-14,Bab el-Mandeb / Red Sea,Aframax,21940.0,0.052,0.225,587.0,1.9,0.0,Initial Escalation
2024-10-14,Bab el-Mandeb / Red Sea,LNG Carrier,58243.0,0.046,0.229,649.0,2.2,0.0,Initial Escalation
2024-10-14,Suez Canal,VLCC,47850.0,0.054,0.264,588.0,1.1,0.0,Initial Escalation
2024-10-14,Suez Canal,Suezmax,34983.0,0.045,0.243,651.0,1.1,0.0,Initial Escalation
2024-10-14,Suez Canal,Aframax,23533.0,0.049,0.247,623.0,1.0,0.0,Initial Escalation
2024-10-14,Suez Canal,LNG Carrier,60069.0,0.049,0.253,585.0,0.9,0.0,Initial Escalation
2024-10-14,Strait of Malacca,VLCC,28418.0,0.053,0.261,611.0,1.1,0.0,Initial Escalation
2024-10-14,Strait of Malacca,Suezmax,21300.0,0.049,0.256,652.0,1.0,0.0,Initial Escalation
2024-10-14,Strait of Malacca,Aframax,16124.0,0.051,0.275,605.0,1.1,0.0,Initial Escalation
2024-10-14,Strait of Malacca,LNG Carrier,37103.0,0.052,0.235,606.0,1.1,0.0,Initial Escalation
2024-10-14,Cape of Good Hope (reroute),VLCC,65017.0,0.049,0.234,637.0,13.2,0.0,Initial Escalation
2024-10-14,Cape of Good Hope (reroute),Suezmax,42587.0,0.051,0.239,645.0,13.4,0.0,Initial Escalation
2024-10-14,Cape of Good Hope (reroute),Aframax,31680.0,0.046,0.271,596.0,14.0,0.0,Initial Escalation
2024-10-14,Cape of Good Hope (reroute),LNG Carrier,85843.0,0.05,0.258,614.0,14.8,0.0,Initial Escalation
2024-10-14,Persian Gulf – East China Sea,VLCC,51132.0,0.045,0.24,650.0,8.8,0.0,Initial Escalation
2024-10-14,Persian Gulf – East China Sea,Suezmax,37733.0,0.053,0.266,597.0,7.9,0.0,Initial Escalation
2024-10-14,Persian Gulf – East China Sea,Aframax,27248.0,0.049,0.237,601.0,7.6,0.0,Initial Escalation
2024-10-14,Persian Gulf – East China Sea,LNG Carrier,64268.0,0.047,0.27,600.0,8.4,0.0,Initial Escalation
2024-10-14,Persian Gulf – Bay of Bengal,VLCC,35164.0,0.048,0.263,594.0,8.2,0.0,Initial Escalation
2024-10-14,Persian Gulf – Bay of Bengal,Suezmax,28578.0,0.054,0.252,587.0,7.7,0.0,Initial Escalation
2024-10-14,Persian Gulf – Bay of Bengal,Aframax,18041.0,0.053,0.274,631.0,8.5,0.0,Initial Escalation
2024-10-14,Persian Gulf – Bay of Bengal,LNG Carrier,50841.0,0.045,0.25,587.0,7.2,0.0,Initial Escalation
2024-10-14,Persian Gulf – Sea of Japan,VLCC,58348.0,0.052,0.231,622.0,7.9,0.0,Initial Escalation
2024-10-14,Persian Gulf – Sea of Japan,Suezmax,40460.0,0.051,0.271,585.0,8.7,0.0,Initial Escalation
2024-10-14,Persian Gulf – Sea of Japan,Aframax,28275.0,0.05,0.267,627.0,7.2,0.0,Initial Escalation
2024-10-14,Persian Gulf – Sea of Japan,LNG Carrier,71119.0,0.046,0.246,591.0,7.6,0.0,Initial Escalation
2024-10-14,Aden Gulf – Indian Ocean,VLCC,33128.0,0.046,0.248,617.0,8.5,0.0,Initial Escalation
2024-10-14,Aden Gulf – Indian Ocean,Suezmax,22773.0,0.047,0.238,616.0,8.8,0.0,Initial Escalation
2024-10-14,Aden Gulf – Indian Ocean,Aframax,18024.0,0.054,0.256,602.0,8.5,0.0,Initial Escalation
2024-10-14,Aden Gulf – Indian Ocean,LNG Carrier,46174.0,0.048,0.259,623.0,7.6,0.0,Initial Escalation
2024-10-14,Arabian Sea – South China Sea,VLCC,36987.0,0.053,0.253,652.0,8.8,0.0,Initial Escalation
2024-10-14,Arabian Sea – South China Sea,Suezmax,26320.0,0.054,0.27,625.0,7.3,0.0,Initial Escalation
2024-10-14,Arabian Sea – South China Sea,Aframax,20260.0,0.051,0.249,657.0,8.2,0.0,Initial Escalation
2024-10-14,Arabian Sea – South China Sea,LNG Carrier,50695.0,0.055,0.254,649.0,8.4,0.0,Initial Escalation
2024-10-21,Strait of Hormuz,VLCC,41597.0,0.05,0.265,612.0,1.8,0.0,Initial Escalation
2024-10-21,Strait of Hormuz,Suezmax,33580.0,0.047,0.263,657.0,1.8,0.0,Initial Escalation
2024-10-21,Strait of Hormuz,Aframax,22346.0,0.052,0.268,595.0,1.9,0.0,Initial Escalation
2024-10-21,Strait of Hormuz,LNG Carrier,54353.0,0.052,0.273,627.0,1.8,0.0,Initial Escalation
2024-10-21,Bab el-Mandeb / Red Sea,VLCC,43002.0,0.053,0.258,632.0,2.2,0.0,Initial Escalation
2024-10-21,Bab el-Mandeb / Red Sea,Suezmax,27693.0,0.052,0.226,648.0,2.0,0.0,Initial Escalation
2024-10-21,Bab el-Mandeb / Red Sea,Aframax,20289.0,0.048,0.27,628.0,2.1,0.0,Initial Escalation
2024-10-21,Bab el-Mandeb / Red Sea,LNG Carrier,52817.0,0.053,0.268,612.0,1.9,0.0,Initial Escalation
2024-10-21,Suez Canal,VLCC,45644.0,0.044,0.262,602.0,1.1,0.0,Initial Escalation
2024-10-21,Suez Canal,Suezmax,33487.0,0.052,0.274,653.0,1.1,0.0,Initial Escalation
2024-10-21,Suez Canal,Aframax,24352.0,0.047,0.239,592.0,1.0,0.0,Initial Escalation
2024-10-21,Suez Canal,LNG Carrier,57794.0,0.046,0.266,609.0,1.1,0.0,Initial Escalation
2024-10-21,Strait of Malacca,VLCC,31338.0,0.046,0.255,647.0,1.1,0.0,Initial Escalation
2024-10-21,Strait of Malacca,Suezmax,19520.0,0.052,0.237,608.0,1.1,0.0,Initial Escalation
2024-10-21,Strait of Malacca,Aframax,14267.0,0.051,0.241,604.0,1.1,0.0,Initial Escalation
2024-10-21,Strait of Malacca,LNG Carrier,41533.0,0.045,0.266,613.0,1.1,0.0,Initial Escalation
2024-10-21,Cape of Good Hope (reroute),VLCC,70076.0,0.048,0.258,644.0,13.7,0.0,Initial Escalation
2024-10-21,Cape of Good Hope (reroute),Suezmax,42260.0,0.052,0.267,598.0,15.1,0.0,Initial Escalation
2024-10-21,Cape of Good Hope (reroute),Aframax,34416.0,0.054,0.248,585.0,13.9,0.0,Initial Escalation
2024-10-21,Cape of Good Hope (reroute),LNG Carrier,81522.0,0.049,0.272,631.0,15.0,0.0,Initial Escalation
2024-10-21,Persian Gulf – East China Sea,VLCC,52669.0,0.052,0.24,618.0,8.4,0.0,Initial Escalation
2024-10-21,Persian Gulf – East China Sea,Suezmax,34343.0,0.049,0.24,634.0,8.2,0.0,Initial Escalation
2024-10-21,Persian Gulf – East China Sea,Aframax,26716.0,0.046,0.232,630.0,7.5,0.0,Initial Escalation
2024-10-21,Persian Gulf – East China Sea,LNG Carrier,66213.0,0.051,0.258,624.0,7.8,0.0,Initial Escalation
2024-10-21,Persian Gulf – Bay of Bengal,VLCC,39005.0,0.045,0.26,650.0,7.2,0.0,Initial Escalation
2024-10-21,Persian Gulf – Bay of Bengal,Suezmax,27752.0,0.056,0.25,635.0,8.4,0.0,Initial Escalation
2024-10-21,Persian Gulf – Bay of Bengal,Aframax,19010.0,0.051,0.271,630.0,7.6,0.0,Initial Escalation
2024-10-21,Persian Gulf – Bay of Bengal,LNG Carrier,49648.0,0.052,0.226,657.0,8.2,0.0,Initial Escalation
2024-10-21,Persian Gulf – Sea of Japan,VLCC,55615.0,0.044,0.25,602.0,8.2,0.0,Initial Escalation
2024-10-21,Persian Gulf – Sea of Japan,Suezmax,37792.0,0.05,0.271,632.0,7.2,0.0,Initial Escalation
2024-10-21,Persian Gulf – Sea of Japan,Aframax,27799.0,0.046,0.234,608.0,7.7,0.0,Initial Escalation
2024-10-21,Persian Gulf – Sea of Japan,LNG Carrier,71457.0,0.051,0.259,651.0,7.3,0.0,Initial Escalation
2024-10-21,Aden Gulf – Indian Ocean,VLCC,33145.0,0.053,0.241,644.0,8.3,0.0,Initial Escalation
2024-10-21,Aden Gulf – Indian Ocean,Suezmax,22998.0,0.053,0.239,618.0,8.7,0.0,Initial Escalation
2024-10-21,Aden Gulf – Indian Ocean,Aframax,18165.0,0.044,0.273,603.0,8.1,0.0,Initial Escalation
2024-10-21,Aden Gulf – Indian Ocean,LNG Carrier,46723.0,0.051,0.23,611.0,8.7,0.0,Initial Escalation
2024-10-21,Arabian Sea – South China Sea,VLCC,42301.0,0.053,0.272,620.0,8.7,0.0,Initial Escalation
2024-10-21,Arabian Sea – South China Sea,Suezmax,28539.0,0.052,0.251,610.0,8.7,0.0,Initial Escalation
2024-10-21,Arabian Sea – South China Sea,Aframax,20824.0,0.045,0.259,603.0,8.1,0.0,Initial Escalation
2024-10-21,Arabian Sea – South China Sea,LNG Carrier,54269.0,0.048,0.244,629.0,8.6,0.0,Initial Escalation
2024-10-28,Strait of Hormuz,VLCC,44015.0,0.046,0.27,610.0,2.0,0.0,Initial Escalation
2024-10-28,Strait of Hormuz,Suezmax,31401.0,0.047,0.257,655.0,2.2,0.0,Initial Escalation
2024-10-28,Strait of Hormuz,Aframax,20828.0,0.045,0.259,639.0,2.1,0.0,Initial Escalation
2024-10-28,Strait of Hormuz,LNG Carrier,59665.0,0.049,0.248,640.0,2.1,0.0,Initial Escalation
2024-10-28,Bab el-Mandeb / Red Sea,VLCC,40672.0,0.045,0.244,594.0,1.9,0.0,Initial Escalation
2024-10-28,Bab el-Mandeb / Red Sea,Suezmax,28977.0,0.052,0.254,584.0,2.2,0.0,Initial Escalation
2024-10-28,Bab el-Mandeb / Red Sea,Aframax,22168.0,0.05,0.274,642.0,2.0,0.0,Initial Escalation
2024-10-28,Bab el-Mandeb / Red Sea,LNG Carrier,54158.0,0.045,0.25,627.0,1.9,0.0,Initial Escalation
2024-10-28,Suez Canal,VLCC,46742.0,0.053,0.245,590.0,0.9,0.0,Initial Escalation
2024-10-28,Suez Canal,Suezmax,34974.0,0.046,0.252,601.0,1.0,0.0,Initial Escalation
2024-10-28,Suez Canal,Aframax,22477.0,0.053,0.227,642.0,1.1,0.0,Initial Escalation
2024-10-28,Suez Canal,LNG Carrier,58278.0,0.051,0.244,632.0,0.9,0.0,Initial Escalation
2024-10-28,Strait of Malacca,VLCC,29833.0,0.044,0.233,648.0,1.0,0.0,Initial Escalation
2024-10-28,Strait of Malacca,Suezmax,22491.0,0.053,0.227,609.0,1.0,0.0,Initial Escalation
2024-10-28,Strait of Malacca,Aframax,15155.0,0.051,0.248,653.0,0.9,0.0,Initial Escalation
2024-10-28,Strait of Malacca,LNG Carrier,41899.0,0.052,0.226,657.0,1.0,0.0,Initial Escalation
2024-10-28,Cape of Good Hope (reroute),VLCC,65245.0,0.054,0.251,640.0,14.2,0.0,Initial Escalation
2024-10-28,Cape of Good Hope (reroute),Suezmax,45258.0,0.048,0.248,584.0,15.3,0.0,Initial Escalation
2024-10-28,Cape of Good Hope (reroute),Aframax,32460.0,0.054,0.225,587.0,12.9,0.0,Initial Escalation
2024-10-28,Cape of Good Hope (reroute),LNG Carrier,84711.0,0.046,0.237,590.0,13.6,0.0,Initial Escalation
2024-10-28,Persian Gulf – East China Sea,VLCC,49013.0,0.055,0.249,622.0,8.1,0.0,Initial Escalation
2024-10-28,Persian Gulf – East China Sea,Suezmax,36343.0,0.045,0.243,649.0,7.6,0.0,Initial Escalation
2024-10-28,Persian Gulf – East China Sea,Aframax,26179.0,0.055,0.275,654.0,7.7,0.0,Initial Escalation
2024-10-28,Persian Gulf – East China Sea,LNG Carrier,64405.0,0.045,0.232,642.0,7.6,0.0,Initial Escalation
2024-10-28,Persian Gulf – Bay of Bengal,VLCC,40606.0,0.048,0.251,609.0,7.2,0.0,Initial Escalation
2024-10-28,Persian Gulf – Bay of Bengal,Suezmax,24620.0,0.044,0.228,625.0,8.5,0.0,Initial Escalation
2024-10-28,Persian Gulf – Bay of Bengal,Aframax,20235.0,0.053,0.227,639.0,7.7,0.0,Initial Escalation
2024-10-28,Persian Gulf – Bay of Bengal,LNG Carrier,51714.0,0.055,0.272,624.0,7.9,0.0,Initial Escalation
2024-10-28,Persian Gulf – Sea of Japan,VLCC,54375.0,0.056,0.231,591.0,8.5,0.0,Initial Escalation
2024-10-28,Persian Gulf – Sea of Japan,Suezmax,36589.0,0.054,0.241,602.0,7.8,0.0,Initial Escalation
2024-10-28,Persian Gulf – Sea of Japan,Aframax,29239.0,0.044,0.261,587.0,8.3,0.0,Initial Escalation
2024-10-28,Persian Gulf – Sea of Japan,LNG Carrier,69426.0,0.053,0.244,600.0,7.4,0.0,Initial Escalation
2024-10-28,Aden Gulf – Indian Ocean,VLCC,32965.0,0.056,0.249,593.0,8.7,0.0,Initial Escalation
2024-10-28,Aden Gulf – Indian Ocean,Suezmax,25521.0,0.055,0.242,595.0,7.7,0.0,Initial Escalation
2024-10-28,Aden Gulf – Indian Ocean,Aframax,16727.0,0.048,0.269,632.0,7.3,0.0,Initial Escalation
2024-10-28,Aden Gulf – Indian Ocean,LNG Carrier,42382.0,0.046,0.259,611.0,7.7,0.0,Initial Escalation
2024-10-28,Arabian Sea – South China Sea,VLCC,41993.0,0.053,0.233,629.0,8.6,0.0,Initial Escalation
2024-10-28,Arabian Sea – South China Sea,Suezmax,28502.0,0.056,0.235,617.0,8.4,0.0,Initial Escalation
2024-10-28,Arabian Sea – South China Sea,Aframax,20587.0,0.051,0.271,583.0,8.4,0.0,Initial Escalation
2024-10-28,Arabian Sea – South China Sea,LNG Carrier,52867.0,0.052,0.264,655.0,8.2,0.0,Initial Escalation
2024-11-04,Strait of Hormuz,VLCC,47584.0,0.045,0.257,587.0,2.0,0.0,Initial Escalation
2024-11-04,Strait of Hormuz,Suezmax,33733.0,0.051,0.264,633.0,1.9,0.0,Initial Escalation
2024-11-04,Strait of Hormuz,Aframax,24127.0,0.045,0.275,654.0,2.1,0.0,Initial Escalation
2024-11-04,Strait of Hormuz,LNG Carrier,56270.0,0.051,0.273,601.0,2.0,0.0,Initial Escalation
2024-11-04,Bab el-Mandeb / Red Sea,VLCC,39145.0,0.046,0.246,608.0,2.0,0.0,Initial Escalation
2024-11-04,Bab el-Mandeb / Red Sea,Suezmax,27931.0,0.051,0.254,628.0,2.0,0.0,Initial Escalation
2024-11-04,Bab el-Mandeb / Red Sea,Aframax,22408.0,0.055,0.24,644.0,1.9,0.0,Initial Escalation
2024-11-04,Bab el-Mandeb / Red Sea,LNG Carrier,54728.0,0.054,0.259,586.0,2.0,0.0,Initial Escalation
2024-11-04,Suez Canal,VLCC,46879.0,0.051,0.26,621.0,0.9,0.0,Initial Escalation
2024-11-04,Suez Canal,Suezmax,35558.0,0.052,0.268,599.0,1.1,0.0,Initial Escalation
2024-11-04,Suez Canal,Aframax,23018.0,0.044,0.256,635.0,1.0,0.0,Initial Escalation
2024-11-04,Suez Canal,LNG Carrier,62031.0,0.045,0.245,636.0,1.0,0.0,Initial Escalation
2024-11-04,Strait of Malacca,VLCC,29154.0,0.046,0.231,606.0,0.9,0.0,Initial Escalation
2024-11-04,Strait of Malacca,Suezmax,21241.0,0.049,0.241,643.0,1.0,0.0,Initial Escalation
2024-11-04,Strait of Malacca,Aframax,14692.0,0.045,0.253,598.0,1.0,0.0,Initial Escalation
2024-11-04,Strait of Malacca,LNG Carrier,37743.0,0.044,0.246,600.0,1.1,0.0,Initial Escalation
2024-11-04,Cape of Good Hope (reroute),VLCC,61290.0,0.052,0.245,628.0,12.8,0.0,Initial Escalation
2024-11-04,Cape of Good Hope (reroute),Suezmax,47745.0,0.047,0.266,592.0,13.7,0.0,Initial Escalation
2024-11-04,Cape of Good Hope (reroute),Aframax,32402.0,0.047,0.241,585.0,14.0,0.0,Initial Escalation
2024-11-04,Cape of Good Hope (reroute),LNG Carrier,89015.0,0.047,0.251,623.0,14.2,0.0,Initial Escalation
2024-11-04,Persian Gulf – East China Sea,VLCC,53119.0,0.045,0.227,646.0,8.4,0.0,Initial Escalation
2024-11-04,Persian Gulf – East China Sea,Suezmax,34732.0,0.054,0.273,654.0,7.6,0.0,Initial Escalation
2024-11-04,Persian Gulf – East China Sea,Aframax,25773.0,0.048,0.237,633.0,7.9,0.0,Initial Escalation
2024-11-04,Persian Gulf – East China Sea,LNG Carrier,68146.0,0.046,0.24,631.0,7.6,0.0,Initial Escalation
2024-11-04,Persian Gulf – Bay of Bengal,VLCC,36868.0,0.047,0.228,632.0,7.4,0.0,Initial Escalation
2024-11-04,Persian Gulf – Bay of Bengal,Suezmax,27977.0,0.055,0.233,613.0,7.9,0.0,Initial Escalation
2024-11-04,Persian Gulf – Bay of Bengal,Aframax,18785.0,0.045,0.257,614.0,8.4,0.0,Initial Escalation
2024-11-04,Persian Gulf – Bay of Bengal,LNG Carrier,46564.0,0.053,0.243,621.0,7.2,0.0,Initial Escalation
2024-11-04,Persian Gulf – Sea of Japan,VLCC,53874.0,0.045,0.264,618.0,7.9,0.0,Initial Escalation
2024-11-04,Persian Gulf – Sea of Japan,Suezmax,40653.0,0.053,0.265,605.0,7.7,0.0,Initial Escalation
2024-11-04,Persian Gulf – Sea of Japan,Aframax,28522.0,0.046,0.273,634.0,8.5,0.0,Initial Escalation
2024-11-04,Persian Gulf – Sea of Japan,LNG Carrier,75431.0,0.053,0.255,612.0,7.3,0.0,Initial Escalation
2024-11-04,Aden Gulf – Indian Ocean,VLCC,36285.0,0.048,0.249,593.0,8.4,0.0,Initial Escalation
2024-11-04,Aden Gulf – Indian Ocean,Suezmax,25080.0,0.053,0.263,648.0,8.7,0.0,Initial Escalation
2024-11-04,Aden Gulf – Indian Ocean,Aframax,18297.0,0.054,0.263,626.0,8.5,0.0,Initial Escalation
2024-11-04,Aden Gulf – Indian Ocean,LNG Carrier,44604.0,0.046,0.271,652.0,8.4,0.0,Initial Escalation
2024-11-04,Arabian Sea – South China Sea,VLCC,37943.0,0.046,0.232,604.0,7.8,0.0,Initial Escalation
2024-11-04,Arabian Sea – South China Sea,Suezmax,27442.0,0.048,0.273,587.0,7.8,0.0,Initial Escalation
2024-11-04,Arabian Sea – South China Sea,Aframax,18541.0,0.053,0.265,611.0,8.3,0.0,Initial Escalation
2024-11-04,Arabian Sea – South China Sea,LNG Carrier,50401.0,0.046,0.256,628.0,8.1,0.0,Initial Escalation
2024-11-11,Strait of Hormuz,VLCC,41779.0,0.049,0.27,650.0,1.9,0.0,Initial Escalation
2024-11-11,Strait of Hormuz,Suezmax,33488.0,0.054,0.235,592.0,2.1,0.0,Initial Escalation
2024-11-11,Strait of Hormuz,Aframax,23858.0,0.046,0.236,596.0,2.0,0.0,Initial Escalation
2024-11-11,Strait of Hormuz,LNG Carrier,58297.0,0.055,0.269,588.0,1.8,0.0,Initial Escalation
2024-11-11,Bab el-Mandeb / Red Sea,VLCC,43091.0,0.046,0.244,626.0,1.9,0.0,Initial Escalation
2024-11-11,Bab el-Mandeb / Red Sea,Suezmax,27490.0,0.052,0.24,647.0,1.9,0.0,Initial Escalation
2024-11-11,Bab el-Mandeb / Red Sea,Aframax,22228.0,0.049,0.235,618.0,1.9,0.0,Initial Escalation
2024-11-11,Bab el-Mandeb / Red Sea,LNG Carrier,58735.0,0.049,0.241,656.0,2.1,0.0,Initial Escalation
2024-11-11,Suez Canal,VLCC,49181.0,0.056,0.258,651.0,1.0,0.0,Initial Escalation
2024-11-11,Suez Canal,Suezmax,33140.0,0.055,0.262,588.0,1.0,0.0,Initial Escalation
2024-11-11,Suez Canal,Aframax,24321.0,0.053,0.272,648.0,1.1,0.0,Initial Escalation
2024-11-11,Suez Canal,LNG Carrier,58604.0,0.048,0.233,587.0,1.0,0.0,Initial Escalation
2024-11-11,Strait of Malacca,VLCC,31663.0,0.052,0.253,626.0,1.0,0.0,Initial Escalation
2024-11-11,Strait of Malacca,Suezmax,19636.0,0.052,0.252,613.0,0.9,0.0,Initial Escalation
2024-11-11,Strait of Malacca,Aframax,15334.0,0.047,0.241,606.0,0.9,0.0,Initial Escalation
2024-11-11,Strait of Malacca,LNG Carrier,40745.0,0.051,0.27,657.0,1.0,0.0,Initial Escalation
2024-11-11,Cape of Good Hope (reroute),VLCC,69142.0,0.051,0.243,618.0,13.4,0.0,Initial Escalation
2024-11-11,Cape of Good Hope (reroute),Suezmax,47175.0,0.052,0.262,638.0,13.2,0.0,Initial Escalation
2024-11-11,Cape of Good Hope (reroute),Aframax,32631.0,0.048,0.226,626.0,13.9,0.0,Initial Escalation
2024-11-11,Cape of Good Hope (reroute),LNG Carrier,83881.0,0.051,0.253,648.0,14.5,0.0,Initial Escalation
2024-11-11,Persian Gulf – East China Sea,VLCC,49277.0,0.052,0.256,623.0,8.2,0.0,Initial Escalation
2024-11-11,Persian Gulf – East China Sea,Suezmax,35334.0,0.048,0.253,595.0,8.4,0.0,Initial Escalation
2024-11-11,Persian Gulf – East China Sea,Aframax,25680.0,0.045,0.254,640.0,7.6,0.0,Initial Escalation
2024-11-11,Persian Gulf – East China Sea,LNG Carrier,65045.0,0.054,0.262,624.0,7.9,0.0,Initial Escalation
2024-11-11,Persian Gulf – Bay of Bengal,VLCC,39872.0,0.049,0.231,601.0,7.7,0.0,Initial Escalation
2024-11-11,Persian Gulf – Bay of Bengal,Suezmax,27771.0,0.05,0.249,645.0,8.2,0.0,Initial Escalation
2024-11-11,Persian Gulf – Bay of Bengal,Aframax,17643.0,0.053,0.272,594.0,8.7,0.0,Initial Escalation
2024-11-11,Persian Gulf – Bay of Bengal,LNG Carrier,47697.0,0.049,0.237,639.0,7.9,0.0,Initial Escalation
2024-11-11,Persian Gulf – Sea of Japan,VLCC,55891.0,0.054,0.227,588.0,7.3,0.0,Initial Escalation
2024-11-11,Persian Gulf – Sea of Japan,Suezmax,39784.0,0.049,0.258,597.0,7.7,0.0,Initial Escalation
2024-11-11,Persian Gulf – Sea of Japan,Aframax,25548.0,0.047,0.236,634.0,7.7,0.0,Initial Escalation
2024-11-11,Persian Gulf – Sea of Japan,LNG Carrier,75157.0,0.053,0.25,632.0,7.9,0.0,Initial Escalation
2024-11-11,Aden Gulf – Indian Ocean,VLCC,35015.0,0.046,0.233,608.0,7.3,0.0,Initial Escalation
2024-11-11,Aden Gulf – Indian Ocean,Suezmax,23160.0,0.055,0.258,639.0,7.7,0.0,Initial Escalation
2024-11-11,Aden Gulf – Indian Ocean,Aframax,17770.0,0.056,0.262,597.0,8.0,0.0,Initial Escalation
2024-11-11,Aden Gulf – Indian Ocean,LNG Carrier,46255.0,0.046,0.246,656.0,8.6,0.0,Initial Escalation
2024-11-11,Arabian Sea – South China Sea,VLCC,38657.0,0.053,0.225,604.0,7.9,0.0,Initial Escalation
2024-11-11,Arabian Sea – South China Sea,Suezmax,29885.0,0.05,0.248,604.0,8.1,0.0,Initial Escalation
2024-11-11,Arabian Sea – South China Sea,Aframax,19101.0,0.054,0.25,634.0,7.4,0.0,Initial Escalation
2024-11-11,Arabian Sea – South China Sea,LNG Carrier,55980.0,0.049,0.263,646.0,7.9,0.0,Initial Escalation
2024-11-18,Strait of Hormuz,VLCC,45531.0,0.051,0.261,605.0,2.0,0.0,Initial Escalation
2024-11-18,Strait of Hormuz,Suezmax,33028.0,0.055,0.243,590.0,2.2,0.0,Initial Escalation
2024-11-18,Strait of Hormuz,Aframax,21978.0,0.048,0.238,610.0,1.9,0.0,Initial Escalation
2024-11-18,Strait of Hormuz,LNG Carrier,54244.0,0.045,0.256,624.0,1.8,0.0,Initial Escalation
2024-11-18,Bab el-Mandeb / Red Sea,VLCC,42706.0,0.045,0.241,593.0,2.1,0.0,Initial Escalation
2024-11-18,Bab el-Mandeb / Red Sea,Suezmax,27939.0,0.054,0.27,613.0,2.1,0.0,Initial Escalation
2024-11-18,Bab el-Mandeb / Red Sea,Aframax,21065.0,0.053,0.236,610.0,2.2,0.0,Initial Escalation
2024-11-18,Bab el-Mandeb / Red Sea,LNG Carrier,56194.0,0.046,0.275,609.0,1.8,0.0,Initial Escalation
2024-11-18,Suez Canal,VLCC,44826.0,0.048,0.264,600.0,0.9,0.0,Initial Escalation
2024-11-18,Suez Canal,Suezmax,35041.0,0.05,0.236,645.0,1.0,0.0,Initial Escalation
2024-11-18,Suez Canal,Aframax,24719.0,0.054,0.228,655.0,1.1,0.0,Initial Escalation
2024-11-18,Suez Canal,LNG Carrier,65917.0,0.048,0.232,613.0,1.1,0.0,Initial Escalation
2024-11-18,Strait of Malacca,VLCC,31878.0,0.054,0.241,644.0,1.0,0.0,Initial Escalation
2024-11-18,Strait of Malacca,Suezmax,22085.0,0.055,0.274,609.0,1.0,0.0,Initial Escalation
2024-11-18,Strait of Malacca,Aframax,14705.0,0.045,0.261,651.0,0.9,0.0,Initial Escalation
2024-11-18,Strait of Malacca,LNG Carrier,39336.0,0.048,0.268,614.0,1.1,0.0,Initial Escalation
2024-11-18,Cape of Good Hope (reroute),VLCC,68172.0,0.049,0.234,638.0,14.4,0.0,Initial Escalation
2024-11-18,Cape of Good Hope (reroute),Suezmax,42436.0,0.046,0.239,656.0,15.1,0.0,Initial Escalation
2024-11-18,Cape of Good Hope (reroute),Aframax,34129.0,0.051,0.234,623.0,13.8,0.0,Initial Escalation
2024-11-18,Cape of Good Hope (reroute),LNG Carrier,83091.0,0.047,0.243,642.0,13.2,0.0,Initial Escalation
2024-11-18,Persian Gulf – East China Sea,VLCC,52515.0,0.048,0.273,650.0,8.5,0.0,Initial Escalation
2024-11-18,Persian Gulf – East China Sea,Suezmax,39160.0,0.049,0.249,621.0,8.7,0.0,Initial Escalation
2024-11-18,Persian Gulf – East China Sea,Aframax,24949.0,0.049,0.232,587.0,8.6,0.0,Initial Escalation
2024-11-18,Persian Gulf – East China Sea,LNG Carrier,68244.0,0.048,0.233,632.0,7.8,0.0,Initial Escalation
2024-11-18,Persian Gulf – Bay of Bengal,VLCC,35700.0,0.053,0.253,586.0,7.6,0.0,Initial Escalation
2024-11-18,Persian Gulf – Bay of Bengal,Suezmax,25950.0,0.048,0.229,629.0,7.9,0.0,Initial Escalation
2024-11-18,Persian Gulf – Bay of Bengal,Aframax,17623.0,0.053,0.264,586.0,7.5,0.0,Initial Escalation
2024-11-18,Persian Gulf – Bay of Bengal,LNG Carrier,51233.0,0.056,0.265,584.0,8.1,0.0,Initial Escalation
2024-11-18,Persian Gulf – Sea of Japan,VLCC,54627.0,0.056,0.236,589.0,7.6,0.0,Initial Escalation
2024-11-18,Persian Gulf – Sea of Japan,Suezmax,35437.0,0.044,0.231,643.0,7.3,0.0,Initial Escalation
2024-11-18,Persian Gulf – Sea of Japan,Aframax,27140.0,0.05,0.227,631.0,8.2,0.0,Initial Escalation
2024-11-18,Persian Gulf – Sea of Japan,LNG Carrier,68025.0,0.049,0.267,612.0,7.6,0.0,Initial Escalation
2024-11-18,Aden Gulf – Indian Ocean,VLCC,35350.0,0.049,0.271,656.0,8.7,0.0,Initial Escalation
2024-11-18,Aden Gulf – Indian Ocean,Suezmax,23901.0,0.046,0.24,609.0,7.9,0.0,Initial Escalation
2024-11-18,Aden Gulf – Indian Ocean,Aframax,17757.0,0.05,0.267,611.0,7.8,0.0,Initial Escalation
2024-11-18,Aden Gulf – Indian Ocean,LNG Carrier,42658.0,0.047,0.247,610.0,8.2,0.0,Initial Escalation
2024-11-18,Arabian Sea – South China Sea,VLCC,41878.0,0.054,0.253,640.0,7.3,0.0,Initial Escalation
2024-11-18,Arabian Sea – South China Sea,Suezmax,28331.0,0.048,0.271,600.0,7.9,0.0,Initial Escalation
2024-11-18,Arabian Sea – South China Sea,Aframax,19848.0,0.044,0.255,656.0,7.3,0.0,Initial Escalation
2024-11-18,Arabian Sea – South China Sea,LNG Carrier,49339.0,0.044,0.265,645.0,7.8,0.0,Initial Escalation
2024-11-25,Strait of Hormuz,VLCC,45459.0,0.044,0.266,653.0,2.0,0.0,Initial Escalation
2024-11-25,Strait of Hormuz,Suezmax,32700.0,0.051,0.237,609.0,1.9,0.0,Initial Escalation
2024-11-25,Strait of Hormuz,Aframax,21225.0,0.047,0.245,630.0,1.9,0.0,Initial Escalation
2024-11-25,Strait of Hormuz,LNG Carrier,54212.0,0.054,0.225,626.0,2.1,0.0,Initial Escalation
2024-11-25,Bab el-Mandeb / Red Sea,VLCC,39918.0,0.048,0.247,619.0,2.0,0.0,Initial Escalation
2024-11-25,Bab el-Mandeb / Red Sea,Suezmax,30744.0,0.051,0.255,639.0,2.0,0.0,Initial Escalation
2024-11-25,Bab el-Mandeb / Red Sea,Aframax,19427.0,0.046,0.259,597.0,1.9,0.0,Initial Escalation
2024-11-25,Bab el-Mandeb / Red Sea,LNG Carrier,52261.0,0.049,0.246,646.0,2.2,0.0,Initial Escalation
2024-11-25,Suez Canal,VLCC,48243.0,0.047,0.238,585.0,1.0,0.0,Initial Escalation
2024-11-25,Suez Canal,Suezmax,31798.0,0.052,0.237,593.0,0.9,0.0,Initial Escalation
2024-11-25,Suez Canal,Aframax,23055.0,0.053,0.23,627.0,1.0,0.0,Initial Escalation
2024-11-25,Suez Canal,LNG Carrier,58776.0,0.052,0.23,589.0,1.1,0.0,Initial Escalation
2024-11-25,Strait of Malacca,VLCC,30105.0,0.052,0.243,631.0,1.1,0.0,Initial Escalation
2024-11-25,Strait of Malacca,Suezmax,19808.0,0.054,0.233,649.0,1.1,0.0,Initial Escalation
2024-11-25,Strait of Malacca,Aframax,13950.0,0.053,0.265,603.0,1.0,0.0,Initial Escalation
2024-11-25,Strait of Malacca,LNG Carrier,36691.0,0.053,0.264,599.0,0.9,0.0,Initial Escalation
2024-11-25,Cape of Good Hope (reroute),VLCC,69022.0,0.055,0.272,637.0,13.0,0.0,Initial Escalation
2024-11-25,Cape of Good Hope (reroute),Suezmax,42448.0,0.049,0.233,592.0,12.8,0.0,Initial Escalation
2024-11-25,Cape of Good Hope (reroute),Aframax,33532.0,0.047,0.23,586.0,15.0,0.0,Initial Escalation
2024-11-25,Cape of Good Hope (reroute),LNG Carrier,80084.0,0.045,0.258,636.0,13.8,0.0,Initial Escalation
2024-11-25,Persian Gulf – East China Sea,VLCC,49677.0,0.049,0.269,624.0,8.7,0.0,Initial Escalation
2024-11-25,Persian Gulf – East China Sea,Suezmax,33914.0,0.052,0.237,616.0,7.3,0.0,Initial Escalation
2024-11-25,Persian Gulf – East China Sea,Aframax,27808.0,0.046,0.255,624.0,7.9,0.0,Initial Escalation
2024-11-25,Persian Gulf – East China Sea,LNG Carrier,65488.0,0.055,0.272,635.0,7.7,0.0,Initial Escalation
2024-11-25,Persian Gulf – Bay of Bengal,VLCC,38093.0,0.054,0.234,589.0,8.7,0.0,Initial Escalation
2024-11-25,Persian Gulf – Bay of Bengal,Suezmax,28108.0,0.049,0.256,612.0,7.9,0.0,Initial Escalation
2024-11-25,Persian Gulf – Bay of Bengal,Aframax,19320.0,0.052,0.236,641.0,8.4,0.0,Initial Escalation
2024-11-25,Persian Gulf – Bay of Bengal,LNG Carrier,46517.0,0.047,0.254,588.0,8.4,0.0,Initial Escalation
2024-11-25,Persian Gulf – Sea of Japan,VLCC,58708.0,0.055,0.23,650.0,7.5,0.0,Initial Escalation
2024-11-25,Persian Gulf – Sea of Japan,Suezmax,36013.0,0.054,0.245,608.0,8.6,0.0,Initial Escalation
2024-11-25,Persian Gulf – Sea of Japan,Aframax,26238.0,0.046,0.23,627.0,7.5,0.0,Initial Escalation
2024-11-25,Persian Gulf – Sea of Japan,LNG Carrier,75216.0,0.05,0.27,620.0,8.5,0.0,Initial Escalation
2024-11-25,Aden Gulf – Indian Ocean,VLCC,35808.0,0.045,0.232,603.0,7.5,0.0,Initial Escalation
2024-11-25,Aden Gulf – Indian Ocean,Suezmax,26272.0,0.051,0.239,655.0,8.5,0.0,Initial Escalation
2024-11-25,Aden Gulf – Indian Ocean,Aframax,16639.0,0.05,0.238,588.0,7.4,0.0,Initial Escalation
2024-11-25,Aden Gulf – Indian Ocean,LNG Carrier,45829.0,0.05,0.264,608.0,8.0,0.0,Initial Escalation
2024-11-25,Arabian Sea – South China Sea,VLCC,43073.0,0.048,0.253,606.0,8.4,0.0,Initial Escalation
2024-11-25,Arabian Sea – South China Sea,Suezmax,26470.0,0.055,0.231,603.0,8.4,0.0,Initial Escalation
2024-11-25,Arabian Sea – South China Sea,Aframax,20723.0,0.046,0.243,618.0,8.2,0.0,Initial Escalation
2024-11-25,Arabian Sea – South China Sea,LNG Carrier,54181.0,0.056,0.226,589.0,8.3,0.0,Initial Escalation
2024-12-02,Strait of Hormuz,VLCC,48384.0,0.053,0.239,590.0,1.9,0.0,Initial Escalation
2024-12-02,Strait of Hormuz,Suezmax,31735.0,0.051,0.271,584.0,1.8,0.0,Initial Escalation
2024-12-02,Strait of Hormuz,Aframax,20729.0,0.05,0.272,623.0,2.1,0.0,Initial Escalation
2024-12-02,Strait of Hormuz,LNG Carrier,61700.0,0.052,0.273,649.0,1.8,0.0,Initial Escalation
2024-12-02,Bab el-Mandeb / Red Sea,VLCC,41914.0,0.049,0.232,619.0,2.2,0.0,Initial Escalation
2024-12-02,Bab el-Mandeb / Red Sea,Suezmax,27530.0,0.049,0.243,621.0,2.1,0.0,Initial Escalation
2024-12-02,Bab el-Mandeb / Red Sea,Aframax,22326.0,0.053,0.236,617.0,2.0,0.0,Initial Escalation
2024-12-02,Bab el-Mandeb / Red Sea,LNG Carrier,52022.0,0.049,0.261,642.0,2.1,0.0,Initial Escalation
2024-12-02,Suez Canal,VLCC,45082.0,0.044,0.269,603.0,1.1,0.0,Initial Escalation
2024-12-02,Suez Canal,Suezmax,35119.0,0.045,0.231,635.0,1.0,0.0,Initial Escalation
2024-12-02,Suez Canal,Aframax,22893.0,0.054,0.265,597.0,0.9,0.0,Initial Escalation
2024-12-02,Suez Canal,LNG Carrier,60685.0,0.05,0.258,603.0,1.1,0.0,Initial Escalation
2024-12-02,Strait of Malacca,VLCC,31613.0,0.044,0.228,631.0,1.0,0.0,Initial Escalation
2024-12-02,Strait of Malacca,Suezmax,21952.0,0.054,0.271,589.0,1.0,0.0,Initial Escalation
2024-12-02,Strait of Malacca,Aframax,14784.0,0.051,0.235,604.0,0.9,0.0,Initial Escalation
2024-12-02,Strait of Malacca,LNG Carrier,38725.0,0.049,0.262,607.0,1.0,0.0,Initial Escalation
2024-12-02,Cape of Good Hope (reroute),VLCC,69207.0,0.055,0.24,584.0,15.3,0.0,Initial Escalation
2024-12-02,Cape of Good Hope (reroute),Suezmax,47753.0,0.053,0.263,626.0,13.8,0.0,Initial Escalation
2024-12-02,Cape of Good Hope (reroute),Aframax,32489.0,0.055,0.27,647.0,14.9,0.0,Initial Escalation
2024-12-02,Cape of Good Hope (reroute),LNG Carrier,87386.0,0.05,0.252,611.0,14.1,0.0,Initial Escalation
2024-12-02,Persian Gulf – East China Sea,VLCC,51890.0,0.054,0.258,607.0,8.3,0.0,Initial Escalation
2024-12-02,Persian Gulf – East China Sea,Suezmax,35249.0,0.05,0.273,644.0,7.9,0.0,Initial Escalation
2024-12-02,Persian Gulf – East China Sea,Aframax,24185.0,0.047,0.26,606.0,8.6,0.0,Initial Escalation
2024-12-02,Persian Gulf – East China Sea,LNG Carrier,62448.0,0.056,0.273,604.0,7.5,0.0,Initial Escalation
2024-12-02,Persian Gulf – Bay of Bengal,VLCC,37289.0,0.046,0.257,645.0,7.5,0.0,Initial Escalation
2024-12-02,Persian Gulf – Bay of Bengal,Suezmax,26487.0,0.044,0.254,627.0,8.0,0.0,Initial Escalation
2024-12-02,Persian Gulf – Bay of Bengal,Aframax,17677.0,0.055,0.226,645.0,8.2,0.0,Initial Escalation
2024-12-02,Persian Gulf – Bay of Bengal,LNG Carrier,51535.0,0.049,0.265,633.0,8.2,0.0,Initial Escalation
2024-12-02,Persian Gulf – Sea of Japan,VLCC,52225.0,0.046,0.236,645.0,8.4,0.0,Initial Escalation
2024-12-02,Persian Gulf – Sea of Japan,Suezmax,40878.0,0.054,0.275,610.0,7.8,0.0,Initial Escalation
2024-12-02,Persian Gulf – Sea of Japan,Aframax,25353.0,0.054,0.274,610.0,8.3,0.0,Initial Escalation
2024-12-02,Persian Gulf – Sea of Japan,LNG Carrier,71968.0,0.045,0.246,598.0,7.6,0.0,Initial Escalation
2024-12-02,Aden Gulf – Indian Ocean,VLCC,35554.0,0.046,0.27,627.0,7.9,0.0,Initial Escalation
2024-12-02,Aden Gulf – Indian Ocean,Suezmax,23542.0,0.046,0.227,657.0,8.1,0.0,Initial Escalation
2024-12-02,Aden Gulf – Indian Ocean,Aframax,16941.0,0.044,0.228,607.0,8.1,0.0,Initial Escalation
2024-12-02,Aden Gulf – Indian Ocean,LNG Carrier,45894.0,0.047,0.268,613.0,8.8,0.0,Initial Escalation
2024-12-02,Arabian Sea – South China Sea,VLCC,38624.0,0.046,0.244,634.0,7.7,0.0,Initial Escalation
2024-12-02,Arabian Sea – South China Sea,Suezmax,26331.0,0.055,0.238,609.0,8.2,0.0,Initial Escalation
2024-12-02,Arabian Sea – South China Sea,Aframax,20546.0,0.044,0.233,628.0,7.4,0.0,Initial Escalation
2024-12-02,Arabian Sea – South China Sea,LNG Carrier,49827.0,0.053,0.256,602.0,8.3,0.0,Initial Escalation
2024-12-09,Strait of Hormuz,VLCC,44481.0,0.045,0.241,590.0,1.9,0.0,Initial Escalation
2024-12-09,Strait of Hormuz,Suezmax,32210.0,0.05,0.263,589.0,2.0,0.0,Initial Escalation
2024-12-09,Strait of Hormuz,Aframax,23803.0,0.056,0.233,621.0,2.1,0.0,Initial Escalation
2024-12-09,Strait of Hormuz,LNG Carrier,58109.0,0.051,0.252,638.0,2.1,0.0,Initial Escalation
2024-12-09,Bab el-Mandeb / Red Sea,VLCC,42062.0,0.047,0.25,623.0,2.1,0.0,Initial Escalation
2024-12-09,Bab el-Mandeb / Red Sea,Suezmax,31363.0,0.052,0.27,652.0,2.1,0.0,Initial Escalation
2024-12-09,Bab el-Mandeb / Red Sea,Aframax,19542.0,0.048,0.235,624.0,1.8,0.0,Initial Escalation
2024-12-09,Bab el-Mandeb / Red Sea,LNG Carrier,54312.0,0.048,0.273,601.0,2.1,0.0,Initial Escalation
2024-12-09,Suez Canal,VLCC,50981.0,0.049,0.27,651.0,1.0,0.0,Initial Escalation
2024-12-09,Suez Canal,Suezmax,35396.0,0.055,0.236,601.0,1.0,0.0,Initial Escalation
2024-12-09,Suez Canal,Aframax,23628.0,0.056,0.242,644.0,1.0,0.0,Initial Escalation
2024-12-09,Suez Canal,LNG Carrier,64470.0,0.045,0.243,633.0,0.9,0.0,Initial Escalation
2024-12-09,Strait of Malacca,VLCC,28496.0,0.047,0.259,610.0,0.9,0.0,Initial Escalation
2024-12-09,Strait of Malacca,Suezmax,22077.0,0.051,0.246,622.0,1.1,0.0,Initial Escalation
2024-12-09,Strait of Malacca,Aframax,15020.0,0.054,0.259,603.0,1.0,0.0,Initial Escalation
2024-12-09,Strait of Malacca,LNG Carrier,39868.0,0.051,0.246,619.0,1.1,0.0,Initial Escalation
2024-12-09,Cape of Good Hope (reroute),VLCC,62807.0,0.055,0.247,622.0,14.4,0.0,Initial Escalation
2024-12-09,Cape of Good Hope (reroute),Suezmax,44287.0,0.049,0.246,653.0,13.5,0.0,Initial Escalation
2024-12-09,Cape of Good Hope (reroute),Aframax,31476.0,0.045,0.256,625.0,15.3,0.0,Initial Escalation
2024-12-09,Cape of Good Hope (reroute),LNG Carrier,83458.0,0.055,0.234,608.0,14.6,0.0,Initial Escalation
2024-12-09,Persian Gulf – East China Sea,VLCC,54278.0,0.052,0.228,598.0,8.6,0.0,Initial Escalation
2024-12-09,Persian Gulf – East China Sea,Suezmax,36134.0,0.053,0.27,613.0,7.8,0.0,Initial Escalation
2024-12-09,Persian Gulf – East China Sea,Aframax,24382.0,0.047,0.241,630.0,8.3,0.0,Initial Escalation
2024-12-09,Persian Gulf – East China Sea,LNG Carrier,72182.0,0.054,0.26,636.0,7.2,0.0,Initial Escalation
2024-12-09,Persian Gulf – Bay of Bengal,VLCC,40776.0,0.055,0.268,636.0,8.2,0.0,Initial Escalation
2024-12-09,Persian Gulf – Bay of Bengal,Suezmax,24806.0,0.055,0.239,633.0,8.1,0.0,Initial Escalation
2024-12-09,Persian Gulf – Bay of Bengal,Aframax,20091.0,0.046,0.231,615.0,7.9,0.0,Initial Escalation
2024-12-09,Persian Gulf – Bay of Bengal,LNG Carrier,50043.0,0.048,0.244,609.0,7.9,0.0,Initial Escalation
2024-12-09,Persian Gulf – Sea of Japan,VLCC,57638.0,0.044,0.259,610.0,7.2,0.0,Initial Escalation
2024-12-09,Persian Gulf – Sea of Japan,Suezmax,41351.0,0.052,0.235,636.0,8.1,0.0,Initial Escalation
2024-12-09,Persian Gulf – Sea of Japan,Aframax,25782.0,0.046,0.245,614.0,8.2,0.0,Initial Escalation
2024-12-09,Persian Gulf – Sea of Japan,LNG Carrier,67328.0,0.045,0.247,656.0,7.9,0.0,Initial Escalation
2024-12-09,Aden Gulf – Indian Ocean,VLCC,32369.0,0.052,0.27,623.0,8.6,0.0,Initial Escalation
2024-12-09,Aden Gulf – Indian Ocean,Suezmax,25449.0,0.051,0.234,649.0,8.3,0.0,Initial Escalation
2024-12-09,Aden Gulf – Indian Ocean,Aframax,18454.0,0.045,0.275,645.0,8.8,0.0,Initial Escalation
2024-12-09,Aden Gulf – Indian Ocean,LNG Carrier,46660.0,0.048,0.273,645.0,7.3,0.0,Initial Escalation
2024-12-09,Arabian Sea – South China Sea,VLCC,37864.0,0.047,0.244,655.0,7.6,0.0,Initial Escalation
2024-12-09,Arabian Sea – South China Sea,Suezmax,26288.0,0.044,0.227,584.0,8.3,0.0,Initial Escalation
2024-12-09,Arabian Sea – South China Sea,Aframax,21063.0,0.047,0.227,624.0,7.7,0.0,Initial Escalation
2024-12-09,Arabian Sea – South China Sea,LNG Carrier,48144.0,0.055,0.269,622.0,7.5,0.0,Initial Escalation
2024-12-16,Strait of Hormuz,VLCC,48479.0,0.051,0.258,605.0,2.1,0.0,Initial Escalation
2024-12-16,Strait of Hormuz,Suezmax,29452.0,0.05,0.246,637.0,2.0,0.0,Initial Escalation
2024-12-16,Strait of Hormuz,Aframax,23103.0,0.045,0.225,630.0,1.8,0.0,Initial Escalation
2024-12-16,Strait of Hormuz,LNG Carrier,57817.0,0.05,0.25,646.0,2.1,0.0,Initial Escalation
2024-12-16,Bab el-Mandeb / Red Sea,VLCC,42093.0,0.051,0.268,592.0,1.8,0.0,Initial Escalation
2024-12-16,Bab el-Mandeb / Red Sea,Suezmax,31108.0,0.048,0.251,653.0,1.9,0.0,Initial Escalation
2024-12-16,Bab el-Mandeb / Red Sea,Aframax,21746.0,0.054,0.241,606.0,2.0,0.0,Initial Escalation
2024-12-16,Bab el-Mandeb / Red Sea,LNG Carrier,55085.0,0.045,0.258,614.0,1.9,0.0,Initial Escalation
2024-12-16,Suez Canal,VLCC,46551.0,0.045,0.241,591.0,1.0,0.0,Initial Escalation
2024-12-16,Suez Canal,Suezmax,33464.0,0.046,0.24,586.0,1.0,0.0,Initial Escalation
2024-12-16,Suez Canal,Aframax,22791.0,0.045,0.255,647.0,1.1,0.0,Initial Escalation
2024-12-16,Suez Canal,LNG Carrier,63025.0,0.045,0.254,587.0,1.1,0.0,Initial Escalation
2024-12-16,Strait of Malacca,VLCC,28395.0,0.044,0.249,622.0,0.9,0.0,Initial Escalation
2024-12-16,Strait of Malacca,Suezmax,20074.0,0.049,0.231,613.0,1.0,0.0,Initial Escalation
2024-12-16,Strait of Malacca,Aframax,14632.0,0.051,0.264,617.0,1.0,0.0,Initial Escalation
2024-12-16,Strait of Malacca,LNG Carrier,41124.0,0.051,0.27,654.0,1.0,0.0,Initial Escalation
2024-12-16,Cape of Good Hope (reroute),VLCC,68494.0,0.055,0.262,646.0,12.8,0.0,Initial Escalation
2024-12-16,Cape of Good Hope (reroute),Suezmax,48092.0,0.049,0.271,647.0,15.2,0.0,Initial Escalation
2024-12-16,Cape of Good Hope (reroute),Aframax,33526.0,0.047,0.247,621.0,12.8,0.0,Initial Escalation
2024-12-16,Cape of Good Hope (reroute),LNG Carrier,86137.0,0.045,0.246,612.0,13.5,0.0,Initial Escalation
2024-12-16,Persian Gulf – East China Sea,VLCC,53231.0,0.051,0.259,604.0,7.8,0.0,Initial Escalation
2024-12-16,Persian Gulf – East China Sea,Suezmax,37994.0,0.054,0.227,596.0,7.9,0.0,Initial Escalation
2024-12-16,Persian Gulf – East China Sea,Aframax,27536.0,0.045,0.245,618.0,8.6,0.0,Initial Escalation
2024-12-16,Persian Gulf – East China Sea,LNG Carrier,68526.0,0.048,0.229,586.0,8.2,0.0,Initial Escalation
2024-12-16,Persian Gulf – Bay of Bengal,VLCC,37773.0,0.046,0.234,624.0,7.8,0.0,Initial Escalation
2024-12-16,Persian Gulf – Bay of Bengal,Suezmax,28592.0,0.052,0.263,584.0,7.5,0.0,Initial Escalation
2024-12-16,Persian Gulf – Bay of Bengal,Aframax,19985.0,0.047,0.235,597.0,7.5,0.0,Initial Escalation
2024-12-16,Persian Gulf – Bay of Bengal,LNG Carrier,49884.0,0.046,0.262,638.0,8.0,0.0,Initial Escalation
2024-12-16,Persian Gulf – Sea of Japan,VLCC,57623.0,0.049,0.238,652.0,8.7,0.0,Initial Escalation
2024-12-16,Persian Gulf – Sea of Japan,Suezmax,39463.0,0.053,0.243,590.0,8.5,0.0,Initial Escalation
2024-12-16,Persian Gulf – Sea of Japan,Aframax,27332.0,0.052,0.245,635.0,7.5,0.0,Initial Escalation
2024-12-16,Persian Gulf – Sea of Japan,LNG Carrier,70458.0,0.046,0.229,651.0,8.5,0.0,Initial Escalation
2024-12-16,Aden Gulf – Indian Ocean,VLCC,34540.0,0.053,0.266,628.0,7.2,0.0,Initial Escalation
2024-12-16,Aden Gulf – Indian Ocean,Suezmax,24623.0,0.049,0.261,623.0,7.4,0.0,Initial Escalation
2024-12-16,Aden Gulf – Indian Ocean,Aframax,17400.0,0.055,0.259,638.0,7.6,0.0,Initial Escalation
2024-12-16,Aden Gulf – Indian Ocean,LNG Carrier,48176.0,0.054,0.259,621.0,8.6,0.0,Initial Escalation
2024-12-16,Arabian Sea – South China Sea,VLCC,36864.0,0.05,0.274,599.0,7.6,0.0,Initial Escalation
2024-12-16,Arabian Sea – South China Sea,Suezmax,27346.0,0.052,0.267,598.0,8.1,0.0,Initial Escalation
2024-12-16,Arabian Sea – South China Sea,Aframax,19183.0,0.052,0.226,631.0,8.0,0.0,Initial Escalation
2024-12-16,Arabian Sea – South China Sea,LNG Carrier,48381.0,0.054,0.239,606.0,8.7,0.0,Initial Escalation
2024-12-23,Strait of Hormuz,VLCC,42403.0,0.045,0.251,629.0,2.1,0.0,Initial Escalation
2024-12-23,Strait of Hormuz,Suezmax,32592.0,0.048,0.258,640.0,1.8,0.0,Initial Escalation
2024-12-23,Strait of Hormuz,Aframax,24142.0,0.046,0.226,600.0,2.1,0.0,Initial Escalation
2024-12-23,Strait of Hormuz,LNG Carrier,54514.0,0.048,0.248,632.0,2.2,0.0,Initial Escalation
2024-12-23,Bab el-Mandeb / Red Sea,VLCC,43802.0,0.048,0.234,644.0,2.0,0.0,Initial Escalation
2024-12-23,Bab el-Mandeb / Red Sea,Suezmax,29703.0,0.048,0.253,618.0,1.9,0.0,Initial Escalation
2024-12-23,Bab el-Mandeb / Red Sea,Aframax,20219.0,0.051,0.24,609.0,1.9,0.0,Initial Escalation
2024-12-23,Bab el-Mandeb / Red Sea,LNG Carrier,51137.0,0.046,0.261,614.0,2.0,0.0,Initial Escalation
2024-12-23,Suez Canal,VLCC,46850.0,0.048,0.254,630.0,1.0,0.0,Initial Escalation
2024-12-23,Suez Canal,Suezmax,33099.0,0.05,0.24,600.0,1.0,0.0,Initial Escalation
2024-12-23,Suez Canal,Aframax,23956.0,0.055,0.271,600.0,1.0,0.0,Initial Escalation
2024-12-23,Suez Canal,LNG Carrier,60122.0,0.048,0.246,587.0,1.0,0.0,Initial Escalation
2024-12-23,Strait of Malacca,VLCC,30291.0,0.045,0.252,655.0,1.0,0.0,Initial Escalation
2024-12-23,Strait of Malacca,Suezmax,20403.0,0.051,0.232,619.0,0.9,0.0,Initial Escalation
2024-12-23,Strait of Malacca,Aframax,15273.0,0.055,0.273,597.0,0.9,0.0,Initial Escalation
2024-12-23,Strait of Malacca,LNG Carrier,39857.0,0.044,0.275,629.0,0.9,0.0,Initial Escalation
2024-12-23,Cape of Good Hope (reroute),VLCC,65431.0,0.045,0.244,587.0,13.2,0.0,Initial Escalation
2024-12-23,Cape of Good Hope (reroute),Suezmax,47478.0,0.048,0.233,649.0,14.4,0.0,Initial Escalation
2024-12-23,Cape of Good Hope (reroute),Aframax,33928.0,0.051,0.227,589.0,14.9,0.0,Initial Escalation
2024-12-23,Cape of Good Hope (reroute),LNG Carrier,89726.0,0.055,0.229,614.0,13.1,0.0,Initial Escalation
2024-12-23,Persian Gulf – East China Sea,VLCC,53095.0,0.055,0.253,610.0,7.8,0.0,Initial Escalation
2024-12-23,Persian Gulf – East China Sea,Suezmax,35812.0,0.056,0.243,644.0,8.2,0.0,Initial Escalation
2024-12-23,Persian Gulf – East China Sea,Aframax,24902.0,0.047,0.265,651.0,7.7,0.0,Initial Escalation
2024-12-23,Persian Gulf – East China Sea,LNG Carrier,62336.0,0.056,0.231,604.0,8.4,0.0,Initial Escalation
2024-12-23,Persian Gulf – Bay of Bengal,VLCC,38215.0,0.045,0.245,604.0,7.6,0.0,Initial Escalation
2024-12-23,Persian Gulf – Bay of Bengal,Suezmax,27724.0,0.052,0.262,591.0,7.8,0.0,Initial Escalation
2024-12-23,Persian Gulf – Bay of Bengal,Aframax,19526.0,0.052,0.247,638.0,8.5,0.0,Initial Escalation
2024-12-23,Persian Gulf – Bay of Bengal,LNG Carrier,46800.0,0.053,0.257,631.0,8.5,0.0,Initial Escalation
2024-12-23,Persian Gulf – Sea of Japan,VLCC,51282.0,0.053,0.246,636.0,8.5,0.0,Initial Escalation
2024-12-23,Persian Gulf – Sea of Japan,Suezmax,38730.0,0.051,0.275,595.0,7.5,0.0,Initial Escalation
2024-12-23,Persian Gulf – Sea of Japan,Aframax,27246.0,0.045,0.226,599.0,8.4,0.0,Initial Escalation
2024-12-23,Persian Gulf – Sea of Japan,LNG Carrier,73406.0,0.045,0.256,586.0,7.7,0.0,Initial Escalation
2024-12-23,Aden Gulf – Indian Ocean,VLCC,35063.0,0.045,0.231,614.0,8.3,0.0,Initial Escalation
2024-12-23,Aden Gulf – Indian Ocean,Suezmax,24937.0,0.049,0.272,655.0,8.8,0.0,Initial Escalation
2024-12-23,Aden Gulf – Indian Ocean,Aframax,18404.0,0.048,0.244,618.0,8.6,0.0,Initial Escalation
2024-12-23,Aden Gulf – Indian Ocean,LNG Carrier,46065.0,0.048,0.273,645.0,7.3,0.0,Initial Escalation
2024-12-23,Arabian Sea – South China Sea,VLCC,38724.0,0.046,0.239,631.0,8.6,0.0,Initial Escalation
2024-12-23,Arabian Sea – South China Sea,Suezmax,29859.0,0.05,0.24,639.0,8.0,0.0,Initial Escalation
2024-12-23,Arabian Sea – South China Sea,Aframax,20211.0,0.053,0.268,603.0,7.7,0.0,Initial Escalation
2024-12-23,Arabian Sea – South China Sea,LNG Carrier,48408.0,0.051,0.226,631.0,7.3,0.0,Initial Escalation
2024-12-30,Strait of Hormuz,VLCC,42217.0,0.051,0.252,657.0,2.1,0.0,Initial Escalation
2024-12-30,Strait of Hormuz,Suezmax,33571.0,0.049,0.246,651.0,2.0,0.0,Initial Escalation
2024-12-30,Strait of Hormuz,Aframax,21235.0,0.051,0.226,604.0,2.0,0.0,Initial Escalation
2024-12-30,Strait of Hormuz,LNG Carrier,58614.0,0.053,0.226,615.0,2.2,0.0,Initial Escalation
2024-12-30,Bab el-Mandeb / Red Sea,VLCC,40451.0,0.051,0.257,646.0,2.2,0.0,Initial Escalation
2024-12-30,Bab el-Mandeb / Red Sea,Suezmax,31121.0,0.045,0.273,595.0,2.1,0.0,Initial Escalation
2024-12-30,Bab el-Mandeb / Red Sea,Aframax,22598.0,0.046,0.23,636.0,2.0,0.0,Initial Escalation
2024-12-30,Bab el-Mandeb / Red Sea,LNG Carrier,51064.0,0.053,0.263,600.0,2.0,0.0,Initial Escalation
2024-12-30,Suez Canal,VLCC,49945.0,0.047,0.273,604.0,1.0,0.0,Initial Escalation
2024-12-30,Suez Canal,Suezmax,31090.0,0.045,0.273,593.0,1.0,0.0,Initial Escalation
2024-12-30,Suez Canal,Aframax,24539.0,0.053,0.243,644.0,1.0,0.0,Initial Escalation
2024-12-30,Suez Canal,LNG Carrier,58699.0,0.049,0.228,642.0,1.0,0.0,Initial Escalation
2024-12-30,Strait of Malacca,VLCC,28007.0,0.054,0.255,594.0,1.0,0.0,Initial Escalation
2024-12-30,Strait of Malacca,Suezmax,22652.0,0.054,0.245,626.0,1.1,0.0,Initial Escalation
2024-12-30,Strait of Malacca,Aframax,15512.0,0.046,0.252,586.0,1.0,0.0,Initial Escalation
2024-12-30,Strait of Malacca,LNG Carrier,41459.0,0.046,0.251,623.0,0.9,0.0,Initial Escalation
2024-12-30,Cape of Good Hope (reroute),VLCC,61967.0,0.051,0.227,592.0,13.1,0.0,Initial Escalation
2024-12-30,Cape of Good Hope (reroute),Suezmax,42228.0,0.053,0.231,589.0,14.1,0.0,Initial Escalation
2024-12-30,Cape of Good Hope (reroute),Aframax,31469.0,0.052,0.262,601.0,14.8,0.0,Initial Escalation
2024-12-30,Cape of Good Hope (reroute),LNG Carrier,86269.0,0.055,0.231,609.0,15.4,0.0,Initial Escalation
2024-12-30,Persian Gulf – East China Sea,VLCC,51506.0,0.054,0.267,610.0,7.7,0.0,Initial Escalation
2024-12-30,Persian Gulf – East China Sea,Suezmax,34574.0,0.049,0.266,608.0,7.5,0.0,Initial Escalation
2024-12-30,Persian Gulf – East China Sea,Aframax,25412.0,0.048,0.267,607.0,7.4,0.0,Initial Escalation
2024-12-30,Persian Gulf – East China Sea,LNG Carrier,66751.0,0.052,0.242,599.0,7.8,0.0,Initial Escalation
2024-12-30,Persian Gulf – Bay of Bengal,VLCC,36598.0,0.051,0.273,590.0,7.9,0.0,Initial Escalation
2024-12-30,Persian Gulf – Bay of Bengal,Suezmax,25251.0,0.045,0.241,652.0,7.7,0.0,Initial Escalation
2024-12-30,Persian Gulf – Bay of Bengal,Aframax,19533.0,0.044,0.253,655.0,8.5,0.0,Initial Escalation
2024-12-30,Persian Gulf – Bay of Bengal,LNG Carrier,49864.0,0.051,0.252,611.0,8.5,0.0,Initial Escalation
2024-12-30,Persian Gulf – Sea of Japan,VLCC,57999.0,0.052,0.243,587.0,7.4,0.0,Initial Escalation
2024-12-30,Persian Gulf – Sea of Japan,Suezmax,36668.0,0.056,0.251,593.0,8.2,0.0,Initial Escalation
2024-12-30,Persian Gulf – Sea of Japan,Aframax,25407.0,0.045,0.257,607.0,7.7,0.0,Initial Escalation
2024-12-30,Persian Gulf – Sea of Japan,LNG Carrier,73808.0,0.045,0.248,627.0,8.2,0.0,Initial Escalation
2024-12-30,Aden Gulf – Indian Ocean,VLCC,33857.0,0.048,0.266,612.0,7.2,0.0,Initial Escalation
2024-12-30,Aden Gulf – Indian Ocean,Suezmax,24339.0,0.055,0.227,607.0,8.3,0.0,Initial Escalation
2024-12-30,Aden Gulf – Indian Ocean,Aframax,16987.0,0.049,0.252,596.0,8.5,0.0,Initial Escalation
2024-12-30,Aden Gulf – Indian Ocean,LNG Carrier,45618.0,0.051,0.249,603.0,7.2,0.0,Initial Escalation
2024-12-30,Arabian Sea – South China Sea,VLCC,40403.0,0.052,0.243,611.0,8.0,0.0,Initial Escalation
2024-12-30,Arabian Sea – South China Sea,Suezmax,27791.0,0.055,0.243,653.0,8.6,0.0,Initial Escalation
2024-12-30,Arabian Sea – South China Sea,Aframax,20973.0,0.052,0.248,623.0,7.9,0.0,Initial Escalation
2024-12-30,Arabian Sea – South China Sea,LNG Carrier,52026.0,0.046,0.254,624.0,8.6,0.0,Initial Escalation
2025-01-06,Strait of Hormuz,VLCC,47782.0,0.478,0.579,829.0,2.4,3.5,Regional Spread
2025-01-06,Strait of Hormuz,Suezmax,35079.0,0.477,0.626,846.0,2.2,4.1,Regional Spread
2025-01-06,Strait of Hormuz,Aframax,27187.0,0.485,0.558,843.0,2.3,3.0,Regional Spread
2025-01-06,Strait of Hormuz,LNG Carrier,66483.0,0.485,0.66,822.0,2.0,3.9,Regional Spread
2025-01-06,Bab el-Mandeb / Red Sea,VLCC,50831.0,0.455,0.588,825.0,2.2,3.8,Regional Spread
2025-01-06,Bab el-Mandeb / Red Sea,Suezmax,31041.0,0.453,0.604,835.0,2.0,2.9,Regional Spread
2025-01-06,Bab el-Mandeb / Red Sea,Aframax,23632.0,0.487,0.65,854.0,2.0,2.7,Regional Spread
2025-01-06,Bab el-Mandeb / Red Sea,LNG Carrier,58675.0,0.521,0.663,838.0,2.2,3.1,Regional Spread
2025-01-06,Suez Canal,VLCC,52730.0,0.201,0.372,919.0,1.2,1.0,Regional Spread
2025-01-06,Suez Canal,Suezmax,40054.0,0.187,0.404,902.0,1.1,1.2,Regional Spread
2025-01-06,Suez Canal,Aframax,27382.0,0.211,0.41,847.0,1.1,0.9,Regional Spread
2025-01-06,Suez Canal,LNG Carrier,73198.0,0.209,0.382,862.0,1.1,0.4,Regional Spread
2025-01-06,Strait of Malacca,VLCC,34224.0,0.212,0.404,827.0,1.0,0.3,Regional Spread
2025-01-06,Strait of Malacca,Suezmax,23775.0,0.19,0.372,867.0,1.0,0.8,Regional Spread
2025-01-06,Strait of Malacca,Aframax,16012.0,0.181,0.359,822.0,1.1,1.0,Regional Spread
2025-01-06,Strait of Malacca,LNG Carrier,45878.0,0.196,0.419,860.0,1.0,1.0,Regional Spread
2025-01-06,Cape of Good Hope (reroute),VLCC,79772.0,0.178,0.361,830.0,16.2,1.0,Regional Spread
2025-01-06,Cape of Good Hope (reroute),Suezmax,53568.0,0.213,0.396,817.0,15.8,0.7,Regional Spread
2025-01-06,Cape of Good Hope (reroute),Aframax,38603.0,0.205,0.378,885.0,16.2,0.4,Regional Spread
2025-01-06,Cape of Good Hope (reroute),LNG Carrier,93372.0,0.214,0.365,836.0,16.2,1.0,Regional Spread
2025-01-06,Persian Gulf – East China Sea,VLCC,55835.0,0.181,0.392,835.0,8.7,1.0,Regional Spread
2025-01-06,Persian Gulf – East China Sea,Suezmax,40907.0,0.17,0.362,821.0,8.1,1.0,Regional Spread
2025-01-06,Persian Gulf – East China Sea,Aframax,28397.0,0.187,0.356,919.0,8.3,0.6,Regional Spread
2025-01-06,Persian Gulf – East China Sea,LNG Carrier,77812.0,0.214,0.402,850.0,8.4,0.8,Regional Spread
2025-01-06,Persian Gulf – Bay of Bengal,VLCC,45088.0,0.208,0.38,879.0,7.8,1.4,Regional Spread
2025-01-06,Persian Gulf – Bay of Bengal,Suezmax,30573.0,0.171,0.374,855.0,7.9,0.5,Regional Spread
2025-01-06,Persian Gulf – Bay of Bengal,Aframax,22314.0,0.196,0.412,847.0,7.9,0.8,Regional Spread
2025-01-06,Persian Gulf – Bay of Bengal,LNG Carrier,52088.0,0.18,0.404,907.0,8.6,1.4,Regional Spread
2025-01-06,Persian Gulf – Sea of Japan,VLCC,62526.0,0.174,0.36,817.0,9.3,0.4,Regional Spread
2025-01-06,Persian Gulf – Sea of Japan,Suezmax,47053.0,0.184,0.372,905.0,8.5,1.1,Regional Spread
2025-01-06,Persian Gulf – Sea of Japan,Aframax,31166.0,0.2,0.388,874.0,7.8,0.6,Regional Spread
2025-01-06,Persian Gulf – Sea of Japan,LNG Carrier,78527.0,0.199,0.401,861.0,9.2,1.1,Regional Spread
2025-01-06,Aden Gulf – Indian Ocean,VLCC,42294.0,0.199,0.404,873.0,8.5,0.4,Regional Spread
2025-01-06,Aden Gulf – Indian Ocean,Suezmax,26586.0,0.205,0.408,875.0,8.6,0.6,Regional Spread
2025-01-06,Aden Gulf – Indian Ocean,Aframax,18409.0,0.206,0.407,917.0,8.1,0.2,Regional Spread
2025-01-06,Aden Gulf – Indian Ocean,LNG Carrier,50609.0,0.187,0.426,863.0,8.8,0.6,Regional Spread
2025-01-06,Arabian Sea – South China Sea,VLCC,47147.0,0.176,0.394,885.0,8.1,0.5,Regional Spread
2025-01-06,Arabian Sea – South China Sea,Suezmax,30309.0,0.195,0.385,905.0,8.9,1.2,Regional Spread
2025-01-06,Arabian Sea – South China Sea,Aframax,22270.0,0.178,0.423,853.0,9.3,0.7,Regional Spread
2025-01-06,Arabian Sea – South China Sea,LNG Carrier,61836.0,0.182,0.352,876.0,7.9,0.4,Regional Spread
2025-01-13,Strait of Hormuz,VLCC,48615.0,0.47,0.588,898.0,2.3,1.1,Regional Spread
2025-01-13,Strait of Hormuz,Suezmax,35596.0,0.464,0.64,910.0,2.1,1.1,Regional Spread
2025-01-13,Strait of Hormuz,Aframax,24021.0,0.425,0.624,876.0,2.3,1.3,Regional Spread
2025-01-13,Strait of Hormuz,LNG Carrier,64741.0,0.428,0.583,888.0,2.0,2.4,Regional Spread
2025-01-13,Bab el-Mandeb / Red Sea,VLCC,50193.0,0.479,0.555,890.0,2.0,3.6,Regional Spread
2025-01-13,Bab el-Mandeb / Red Sea,Suezmax,31646.0,0.475,0.573,888.0,2.1,4.4,Regional Spread
2025-01-13,Bab el-Mandeb / Red Sea,Aframax,24829.0,0.496,0.591,858.0,2.1,4.9,Regional Spread
2025-01-13,Bab el-Mandeb / Red Sea,LNG Carrier,58689.0,0.462,0.6,861.0,2.2,2.8,Regional Spread
2025-01-13,Suez Canal,VLCC,57692.0,0.202,0.379,816.0,1.0,1.4,Regional Spread
2025-01-13,Suez Canal,Suezmax,37960.0,0.205,0.387,839.0,1.2,1.3,Regional Spread
2025-01-13,Suez Canal,Aframax,25640.0,0.177,0.404,907.0,1.0,0.3,Regional Spread
2025-01-13,Suez Canal,LNG Carrier,65673.0,0.183,0.358,820.0,1.1,0.9,Regional Spread
2025-01-13,Strait of Malacca,VLCC,33473.0,0.212,0.389,916.0,1.0,0.3,Regional Spread
2025-01-13,Strait of Malacca,Suezmax,25347.0,0.2,0.395,893.0,1.0,1.0,Regional Spread
2025-01-13,Strait of Malacca,Aframax,15942.0,0.197,0.392,920.0,1.0,0.9,Regional Spread
2025-01-13,Strait of Malacca,LNG Carrier,45748.0,0.198,0.365,822.0,1.2,0.9,Regional Spread
2025-01-13,Cape of Good Hope (reroute),VLCC,70278.0,0.214,0.355,890.0,15.3,1.2,Regional Spread
2025-01-13,Cape of Good Hope (reroute),Suezmax,48544.0,0.172,0.41,820.0,15.5,1.3,Regional Spread
2025-01-13,Cape of Good Hope (reroute),Aframax,36765.0,0.21,0.354,916.0,16.0,0.6,Regional Spread
2025-01-13,Cape of Good Hope (reroute),LNG Carrier,100209.0,0.208,0.426,918.0,14.8,0.3,Regional Spread
2025-01-13,Persian Gulf – East China Sea,VLCC,63735.0,0.208,0.425,878.0,8.3,1.3,Regional Spread
2025-01-13,Persian Gulf – East China Sea,Suezmax,43157.0,0.194,0.405,851.0,9.2,1.3,Regional Spread
2025-01-13,Persian Gulf – East China Sea,Aframax,27847.0,0.191,0.38,880.0,8.8,0.4,Regional Spread
2025-01-13,Persian Gulf – East China Sea,LNG Carrier,77149.0,0.215,0.356,859.0,7.8,0.4,Regional Spread
2025-01-13,Persian Gulf – Bay of Bengal,VLCC,42456.0,0.213,0.42,897.0,8.8,0.3,Regional Spread
2025-01-13,Persian Gulf – Bay of Bengal,Suezmax,32396.0,0.18,0.382,879.0,9.4,1.2,Regional Spread
2025-01-13,Persian Gulf – Bay of Bengal,Aframax,21054.0,0.2,0.426,870.0,9.0,1.0,Regional Spread
2025-01-13,Persian Gulf – Bay of Bengal,LNG Carrier,57616.0,0.193,0.358,895.0,7.9,0.5,Regional Spread
2025-01-13,Persian Gulf – Sea of Japan,VLCC,60273.0,0.184,0.396,891.0,8.5,1.0,Regional Spread
2025-01-13,Persian Gulf – Sea of Japan,Suezmax,44329.0,0.182,0.423,818.0,8.8,0.3,Regional Spread
2025-01-13,Persian Gulf – Sea of Japan,Aframax,30029.0,0.174,0.404,897.0,8.0,1.3,Regional Spread
2025-01-13,Persian Gulf – Sea of Japan,LNG Carrier,84363.0,0.209,0.36,895.0,8.3,0.8,Regional Spread
2025-01-13,Aden Gulf – Indian Ocean,VLCC,38880.0,0.206,0.362,907.0,8.5,0.8,Regional Spread
2025-01-13,Aden Gulf – Indian Ocean,Suezmax,26193.0,0.201,0.4,831.0,8.5,1.4,Regional Spread
2025-01-13,Aden Gulf – Indian Ocean,Aframax,20080.0,0.177,0.381,918.0,8.2,0.7,Regional Spread
2025-01-13,Aden Gulf – Indian Ocean,LNG Carrier,55908.0,0.208,0.389,896.0,9.2,1.1,Regional Spread
2025-01-13,Arabian Sea – South China Sea,VLCC,49157.0,0.2,0.369,823.0,8.1,1.1,Regional Spread
2025-01-13,Arabian Sea – South China Sea,Suezmax,30087.0,0.171,0.391,911.0,8.6,0.6,Regional Spread
2025-01-13,Arabian Sea – South China Sea,Aframax,24059.0,0.173,0.385,856.0,9.4,0.9,Regional Spread
2025-01-13,Arabian Sea – South China Sea,LNG Carrier,56776.0,0.169,0.377,836.0,8.1,0.8,Regional Spread
2025-01-20,Strait of Hormuz,VLCC,51317.0,0.498,0.632,847.0,2.1,4.0,Regional Spread
2025-01-20,Strait of Hormuz,Suezmax,35341.0,0.43,0.562,872.0,2.1,4.0,Regional Spread
2025-01-20,Strait of Hormuz,Aframax,25027.0,0.46,0.654,857.0,2.3,3.2,Regional Spread
2025-01-20,Strait of Hormuz,LNG Carrier,63596.0,0.507,0.595,900.0,2.0,2.5,Regional Spread
2025-01-20,Bab el-Mandeb / Red Sea,VLCC,48583.0,0.508,0.614,845.0,2.3,4.1,Regional Spread
2025-01-20,Bab el-Mandeb / Red Sea,Suezmax,34154.0,0.511,0.616,842.0,2.3,2.6,Regional Spread
2025-01-20,Bab el-Mandeb / Red Sea,Aframax,22776.0,0.476,0.553,886.0,2.1,2.8,Regional Spread
2025-01-20,Bab el-Mandeb / Red Sea,LNG Carrier,59377.0,0.441,0.627,835.0,2.2,4.0,Regional Spread
2025-01-20,Suez Canal,VLCC,56701.0,0.184,0.383,907.0,1.1,1.4,Regional Spread
2025-01-20,Suez Canal,Suezmax,38769.0,0.207,0.397,914.0,1.1,1.0,Regional Spread
2025-01-20,Suez Canal,Aframax,27657.0,0.211,0.368,880.0,1.1,0.3,Regional Spread
2025-01-20,Suez Canal,LNG Carrier,67279.0,0.202,0.422,887.0,1.1,0.9,Regional Spread
2025-01-20,Strait of Malacca,VLCC,34090.0,0.183,0.398,819.0,1.0,0.9,Regional Spread
2025-01-20,Strait of Malacca,Suezmax,22343.0,0.185,0.365,895.0,1.1,0.7,Regional Spread
2025-01-20,Strait of Malacca,Aframax,16509.0,0.196,0.374,835.0,1.1,0.3,Regional Spread
2025-01-20,Strait of Malacca,LNG Carrier,45639.0,0.196,0.399,905.0,1.0,0.3,Regional Spread
2025-01-20,Cape of Good Hope (reroute),VLCC,68643.0,0.184,0.393,880.0,14.2,1.2,Regional Spread
2025-01-20,Cape of Good Hope (reroute),Suezmax,52153.0,0.174,0.391,871.0,16.1,0.6,Regional Spread
2025-01-20,Cape of Good Hope (reroute),Aframax,34226.0,0.179,0.389,885.0,13.9,1.1,Regional Spread
2025-01-20,Cape of Good Hope (reroute),LNG Carrier,98273.0,0.208,0.391,884.0,15.9,0.2,Regional Spread
2025-01-20,Persian Gulf – East China Sea,VLCC,63169.0,0.194,0.366,899.0,9.4,0.8,Regional Spread
2025-01-20,Persian Gulf – East China Sea,Suezmax,39730.0,0.176,0.355,901.0,9.3,0.6,Regional Spread
2025-01-20,Persian Gulf – East China Sea,Aframax,31326.0,0.171,0.404,846.0,8.5,0.7,Regional Spread
2025-01-20,Persian Gulf – East China Sea,LNG Carrier,78976.0,0.213,0.428,821.0,8.9,0.2,Regional Spread
2025-01-20,Persian Gulf – Bay of Bengal,VLCC,46764.0,0.173,0.376,845.0,9.4,1.3,Regional Spread
2025-01-20,Persian Gulf – Bay of Bengal,Suezmax,30785.0,0.17,0.373,869.0,9.2,0.2,Regional Spread
2025-01-20,Persian Gulf – Bay of Bengal,Aframax,22552.0,0.213,0.397,822.0,8.4,0.5,Regional Spread
2025-01-20,Persian Gulf – Bay of Bengal,LNG Carrier,56674.0,0.181,0.399,840.0,8.4,0.3,Regional Spread
2025-01-20,Persian Gulf – Sea of Japan,VLCC,65647.0,0.2,0.398,829.0,8.2,0.7,Regional Spread
2025-01-20,Persian Gulf – Sea of Japan,Suezmax,41389.0,0.194,0.373,839.0,8.1,0.3,Regional Spread
2025-01-20,Persian Gulf – Sea of Japan,Aframax,31618.0,0.196,0.385,877.0,8.9,1.0,Regional Spread
2025-01-20,Persian Gulf – Sea of Japan,LNG Carrier,82534.0,0.189,0.39,822.0,8.0,0.3,Regional Spread
2025-01-20,Aden Gulf – Indian Ocean,VLCC,37384.0,0.172,0.366,845.0,7.8,0.2,Regional Spread
2025-01-20,Aden Gulf – Indian Ocean,Suezmax,29012.0,0.199,0.389,867.0,8.4,1.0,Regional Spread
2025-01-20,Aden Gulf – Indian Ocean,Aframax,19147.0,0.184,0.386,885.0,8.1,0.5,Regional Spread
2025-01-20,Aden Gulf – Indian Ocean,LNG Carrier,53789.0,0.192,0.385,875.0,8.0,1.1,Regional Spread
2025-01-20,Arabian Sea – South China Sea,VLCC,45453.0,0.19,0.389,884.0,9.4,0.7,Regional Spread
2025-01-20,Arabian Sea – South China Sea,Suezmax,32727.0,0.174,0.353,898.0,8.8,0.4,Regional Spread
2025-01-20,Arabian Sea – South China Sea,Aframax,24325.0,0.205,0.41,840.0,8.5,1.1,Regional Spread
2025-01-20,Arabian Sea – South China Sea,LNG Carrier,61617.0,0.172,0.384,890.0,9.5,1.0,Regional Spread
2025-01-27,Strait of Hormuz,VLCC,51838.0,0.483,0.575,830.0,2.2,2.4,Regional Spread
2025-01-27,Strait of Hormuz,Suezmax,38216.0,0.43,0.604,843.0,2.2,1.0,Regional Spread
2025-01-27,Strait of Hormuz,Aframax,25413.0,0.463,0.582,832.0,2.0,5.0,Regional Spread
2025-01-27,Strait of Hormuz,LNG Carrier,66746.0,0.459,0.556,885.0,2.1,5.4,Regional Spread
2025-01-27,Bab el-Mandeb / Red Sea,VLCC,45247.0,0.499,0.636,879.0,2.1,3.0,Regional Spread
2025-01-27,Bab el-Mandeb / Red Sea,Suezmax,31840.0,0.529,0.616,826.0,2.0,5.5,Regional Spread
2025-01-27,Bab el-Mandeb / Red Sea,Aframax,22975.0,0.498,0.571,872.0,2.0,3.4,Regional Spread
2025-01-27,Bab el-Mandeb / Red Sea,LNG Carrier,64672.0,0.423,0.665,844.0,2.3,4.9,Regional Spread
2025-01-27,Suez Canal,VLCC,52799.0,0.198,0.422,875.0,1.1,0.9,Regional Spread
2025-01-27,Suez Canal,Suezmax,37507.0,0.195,0.36,884.0,1.1,0.9,Regional Spread
2025-01-27,Suez Canal,Aframax,27429.0,0.198,0.369,898.0,1.0,1.0,Regional Spread
2025-01-27,Suez Canal,LNG Carrier,72136.0,0.2,0.377,902.0,1.0,1.2,Regional Spread
2025-01-27,Strait of Malacca,VLCC,31839.0,0.169,0.4,896.0,1.2,0.5,Regional Spread
2025-01-27,Strait of Malacca,Suezmax,25031.0,0.173,0.364,884.0,1.1,0.9,Regional Spread
2025-01-27,Strait of Malacca,Aframax,18335.0,0.182,0.423,912.0,1.1,1.3,Regional Spread
2025-01-27,Strait of Malacca,LNG Carrier,43817.0,0.177,0.416,869.0,1.2,0.8,Regional Spread
2025-01-27,Cape of Good Hope (reroute),VLCC,70134.0,0.184,0.407,912.0,15.6,1.0,Regional Spread
2025-01-27,Cape of Good Hope (reroute),Suezmax,53895.0,0.173,0.423,828.0,15.7,1.1,Regional Spread
2025-01-27,Cape of Good Hope (reroute),Aframax,38514.0,0.195,0.376,880.0,15.7,0.6,Regional Spread
2025-01-27,Cape of Good Hope (reroute),LNG Carrier,92260.0,0.185,0.352,820.0,14.7,0.6,Regional Spread
2025-01-27,Persian Gulf – East China Sea,VLCC,57297.0,0.207,0.398,843.0,8.8,1.1,Regional Spread
2025-01-27,Persian Gulf – East China Sea,Suezmax,41949.0,0.194,0.389,903.0,9.1,0.4,Regional Spread
2025-01-27,Persian Gulf – East China Sea,Aframax,30219.0,0.18,0.362,881.0,8.4,1.0,Regional Spread
2025-01-27,Persian Gulf – East China Sea,LNG Carrier,82998.0,0.184,0.387,903.0,8.8,0.7,Regional Spread
2025-01-27,Persian Gulf – Bay of Bengal,VLCC,39924.0,0.207,0.383,862.0,9.1,1.2,Regional Spread
2025-01-27,Persian Gulf – Bay of Bengal,Suezmax,30296.0,0.186,0.39,874.0,8.7,0.6,Regional Spread
2025-01-27,Persian Gulf – Bay of Bengal,Aframax,20631.0,0.214,0.362,817.0,9.3,0.3,Regional Spread
2025-01-27,Persian Gulf – Bay of Bengal,LNG Carrier,56538.0,0.209,0.376,860.0,8.5,1.0,Regional Spread
2025-01-27,Persian Gulf – Sea of Japan,VLCC,59544.0,0.206,0.376,884.0,8.4,1.3,Regional Spread
2025-01-27,Persian Gulf – Sea of Japan,Suezmax,40919.0,0.208,0.407,900.0,8.0,1.4,Regional Spread
2025-01-27,Persian Gulf – Sea of Japan,Aframax,32854.0,0.189,0.426,873.0,8.0,0.8,Regional Spread
2025-01-27,Persian Gulf – Sea of Japan,LNG Carrier,82887.0,0.203,0.414,844.0,9.1,0.4,Regional Spread
2025-01-27,Aden Gulf – Indian Ocean,VLCC,42611.0,0.182,0.403,886.0,8.3,1.1,Regional Spread
2025-01-27,Aden Gulf – Indian Ocean,Suezmax,26212.0,0.173,0.411,832.0,9.4,1.3,Regional Spread
2025-01-27,Aden Gulf – Indian Ocean,Aframax,19960.0,0.182,0.371,823.0,8.8,0.8,Regional Spread
2025-01-27,Aden Gulf – Indian Ocean,LNG Carrier,49662.0,0.189,0.351,869.0,8.6,0.3,Regional Spread
2025-01-27,Arabian Sea – South China Sea,VLCC,46395.0,0.173,0.381,849.0,8.0,0.2,Regional Spread
2025-01-27,Arabian Sea – South China Sea,Suezmax,32289.0,0.212,0.383,897.0,7.9,1.2,Regional Spread
2025-01-27,Arabian Sea – South China Sea,Aframax,23620.0,0.203,0.357,883.0,9.5,1.1,Regional Spread
2025-01-27,Arabian Sea – South China Sea,LNG Carrier,56834.0,0.214,0.425,842.0,8.9,0.8,Regional Spread
2025-02-03,Strait of Hormuz,VLCC,50160.0,0.497,0.662,880.0,2.2,1.7,Regional Spread
2025-02-03,Strait of Hormuz,Suezmax,36656.0,0.461,0.657,853.0,2.1,3.4,Regional Spread
2025-02-03,Strait of Hormuz,Aframax,24896.0,0.467,0.605,825.0,2.2,2.3,Regional Spread
2025-02-03,Strait of Hormuz,LNG Carrier,66878.0,0.503,0.556,848.0,2.0,3.0,Regional Spread
2025-02-03,Bab el-Mandeb / Red Sea,VLCC,47002.0,0.484,0.65,826.0,2.2,1.8,Regional Spread
2025-02-03,Bab el-Mandeb / Red Sea,Suezmax,32876.0,0.459,0.625,826.0,2.2,2.7,Regional Spread
2025-02-03,Bab el-Mandeb / Red Sea,Aframax,24138.0,0.529,0.556,869.0,2.3,2.2,Regional Spread
2025-02-03,Bab el-Mandeb / Red Sea,LNG Carrier,62205.0,0.491,0.573,831.0,2.1,3.9,Regional Spread
2025-02-03,Suez Canal,VLCC,50571.0,0.189,0.403,856.0,1.2,1.0,Regional Spread
2025-02-03,Suez Canal,Suezmax,36243.0,0.177,0.382,830.0,1.0,1.0,Regional Spread
2025-02-03,Suez Canal,Aframax,27775.0,0.214,0.393,867.0,1.0,1.1,Regional Spread
2025-02-03,Suez Canal,LNG Carrier,73750.0,0.188,0.413,879.0,1.2,0.7,Regional Spread
2025-02-03,Strait of Malacca,VLCC,32101.0,0.192,0.353,876.0,1.0,1.2,Regional Spread
2025-02-03,Strait of Malacca,Suezmax,23478.0,0.182,0.366,872.0,1.2,0.6,Regional Spread
2025-02-03,Strait of Malacca,Aframax,16415.0,0.188,0.412,913.0,1.2,1.1,Regional Spread
2025-02-03,Strait of Malacca,LNG Carrier,42423.0,0.177,0.387,882.0,1.1,0.5,Regional Spread
2025-02-03,Cape of Good Hope (reroute),VLCC,71206.0,0.188,0.412,863.0,16.0,0.3,Regional Spread
2025-02-03,Cape of Good Hope (reroute),Suezmax,48820.0,0.211,0.385,831.0,14.5,0.7,Regional Spread
2025-02-03,Cape of Good Hope (reroute),Aframax,39205.0,0.196,0.404,875.0,14.9,0.3,Regional Spread
2025-02-03,Cape of Good Hope (reroute),LNG Carrier,101941.0,0.171,0.382,899.0,14.8,0.8,Regional Spread
2025-02-03,Persian Gulf – East China Sea,VLCC,59963.0,0.206,0.397,853.0,9.4,1.1,Regional Spread
2025-02-03,Persian Gulf – East China Sea,Suezmax,39569.0,0.199,0.418,839.0,8.0,1.4,Regional Spread
2025-02-03,Persian Gulf – East China Sea,Aframax,31497.0,0.174,0.397,903.0,8.3,0.6,Regional Spread
2025-02-03,Persian Gulf – East China Sea,LNG Carrier,80276.0,0.2,0.356,883.0,8.5,1.2,Regional Spread
2025-02-03,Persian Gulf – Bay of Bengal,VLCC,45316.0,0.214,0.412,900.0,8.3,0.5,Regional Spread
2025-02-03,Persian Gulf – Bay of Bengal,Suezmax,28679.0,0.184,0.369,877.0,8.7,0.7,Regional Spread
2025-02-03,Persian Gulf – Bay of Bengal,Aframax,22057.0,0.186,0.382,861.0,8.2,1.2,Regional Spread
2025-02-03,Persian Gulf – Bay of Bengal,LNG Carrier,60814.0,0.175,0.391,869.0,9.5,1.2,Regional Spread
2025-02-03,Persian Gulf – Sea of Japan,VLCC,63869.0,0.213,0.352,852.0,9.2,1.2,Regional Spread
2025-02-03,Persian Gulf – Sea of Japan,Suezmax,43995.0,0.209,0.382,822.0,9.1,0.4,Regional Spread
2025-02-03,Persian Gulf – Sea of Japan,Aframax,32622.0,0.201,0.354,905.0,9.0,1.4,Regional Spread
2025-02-03,Persian Gulf – Sea of Japan,LNG Carrier,81661.0,0.181,0.366,911.0,9.3,0.5,Regional Spread
2025-02-03,Aden Gulf – Indian Ocean,VLCC,39315.0,0.2,0.372,882.0,8.0,0.7,Regional Spread
2025-02-03,Aden Gulf – Indian Ocean,Suezmax,27574.0,0.214,0.399,858.0,9.3,0.8,Regional Spread
2025-02-03,Aden Gulf – Indian Ocean,Aframax,19647.0,0.21,0.406,838.0,9.5,0.5,Regional Spread
2025-02-03,Aden Gulf – Indian Ocean,LNG Carrier,51992.0,0.189,0.42,828.0,9.5,0.3,Regional Spread
2025-02-03,Arabian Sea – South China Sea,VLCC,46793.0,0.178,0.381,842.0,8.6,0.4,Regional Spread
2025-02-03,Arabian Sea – South China Sea,Suezmax,31885.0,0.175,0.389,840.0,8.5,1.0,Regional Spread
2025-02-03,Arabian Sea – South China Sea,Aframax,23777.0,0.176,0.359,821.0,7.8,0.7,Regional Spread
2025-02-03,Arabian Sea – South China Sea,LNG Carrier,54704.0,0.178,0.417,891.0,8.7,0.6,Regional Spread
2025-02-10,Strait of Hormuz,VLCC,52848.0,0.5,0.561,865.0,2.0,4.1,Regional Spread
2025-02-10,Strait of Hormuz,Suezmax,33081.0,0.517,0.584,903.0,2.0,4.3,Regional Spread
2025-02-10,Strait of Hormuz,Aframax,23605.0,0.536,0.575,916.0,2.2,4.0,Regional Spread
2025-02-10,Strait of Hormuz,LNG Carrier,68754.0,0.468,0.55,920.0,2.1,1.1,Regional Spread
2025-02-10,Bab el-Mandeb / Red Sea,VLCC,50342.0,0.481,0.549,888.0,2.3,4.9,Regional Spread
2025-02-10,Bab el-Mandeb / Red Sea,Suezmax,32398.0,0.447,0.553,878.0,2.2,2.2,Regional Spread
2025-02-10,Bab el-Mandeb / Red Sea,Aframax,23195.0,0.443,0.575,912.0,2.2,0.8,Regional Spread
2025-02-10,Bab el-Mandeb / Red Sea,LNG Carrier,57852.0,0.535,0.549,852.0,2.0,4.4,Regional Spread
2025-02-10,Suez Canal,VLCC,51237.0,0.198,0.391,883.0,1.1,0.9,Regional Spread
2025-02-10,Suez Canal,Suezmax,35783.0,0.185,0.425,865.0,1.0,1.4,Regional Spread
2025-02-10,Suez Canal,Aframax,29497.0,0.209,0.399,892.0,1.1,0.8,Regional Spread
2025-02-10,Suez Canal,LNG Carrier,73858.0,0.171,0.422,911.0,1.0,0.8,Regional Spread
2025-02-10,Strait of Malacca,VLCC,33043.0,0.192,0.428,879.0,1.0,0.7,Regional Spread
2025-02-10,Strait of Malacca,Suezmax,25168.0,0.171,0.415,841.0,1.2,0.4,Regional Spread
2025-02-10,Strait of Malacca,Aframax,17501.0,0.199,0.423,912.0,1.0,0.8,Regional Spread
2025-02-10,Strait of Malacca,LNG Carrier,47456.0,0.213,0.354,841.0,1.0,1.2,Regional Spread
2025-02-10,Cape of Good Hope (reroute),VLCC,76419.0,0.215,0.395,874.0,14.3,1.2,Regional Spread
2025-02-10,Cape of Good Hope (reroute),Suezmax,55449.0,0.199,0.354,897.0,16.1,1.0,Regional Spread
2025-02-10,Cape of Good Hope (reroute),Aframax,35718.0,0.175,0.403,887.0,16.5,1.4,Regional Spread
2025-02-10,Cape of Good Hope (reroute),LNG Carrier,99864.0,0.176,0.385,818.0,16.3,0.7,Regional Spread
2025-02-10,Persian Gulf – East China Sea,VLCC,63684.0,0.174,0.429,902.0,9.4,0.4,Regional Spread
2025-02-10,Persian Gulf – East China Sea,Suezmax,44642.0,0.203,0.384,898.0,8.0,0.8,Regional Spread
2025-02-10,Persian Gulf – East China Sea,Aframax,30430.0,0.178,0.407,843.0,9.0,0.9,Regional Spread
2025-02-10,Persian Gulf – East China Sea,LNG Carrier,76074.0,0.215,0.411,839.0,9.1,1.2,Regional Spread
2025-02-10,Persian Gulf – Bay of Bengal,VLCC,43477.0,0.214,0.401,878.0,8.9,0.2,Regional Spread
2025-02-10,Persian Gulf – Bay of Bengal,Suezmax,31060.0,0.21,0.366,832.0,9.4,1.0,Regional Spread
2025-02-10,Persian Gulf – Bay of Bengal,Aframax,23005.0,0.204,0.414,820.0,8.9,0.9,Regional Spread
2025-02-10,Persian Gulf – Bay of Bengal,LNG Carrier,52912.0,0.191,0.418,857.0,8.2,0.9,Regional Spread
2025-02-10,Persian Gulf – Sea of Japan,VLCC,66472.0,0.202,0.351,903.0,8.7,1.4,Regional Spread
2025-02-10,Persian Gulf – Sea of Japan,Suezmax,46122.0,0.186,0.422,902.0,7.8,0.3,Regional Spread
2025-02-10,Persian Gulf – Sea of Japan,Aframax,33317.0,0.195,0.358,829.0,8.8,1.4,Regional Spread
2025-02-10,Persian Gulf – Sea of Japan,LNG Carrier,84449.0,0.174,0.36,841.0,8.0,0.8,Regional Spread
2025-02-10,Aden Gulf – Indian Ocean,VLCC,39970.0,0.172,0.368,865.0,8.1,1.3,Regional Spread
2025-02-10,Aden Gulf – Indian Ocean,Suezmax,29212.0,0.175,0.428,832.0,8.5,0.5,Regional Spread
2025-02-10,Aden Gulf – Indian Ocean,Aframax,18663.0,0.177,0.358,841.0,9.3,0.7,Regional Spread
2025-02-10,Aden Gulf – Indian Ocean,LNG Carrier,53817.0,0.195,0.413,841.0,9.0,1.2,Regional Spread
2025-02-10,Arabian Sea – South China Sea,VLCC,45857.0,0.183,0.408,833.0,9.4,0.7,Regional Spread
2025-02-10,Arabian Sea – South China Sea,Suezmax,29371.0,0.177,0.363,879.0,9.2,0.3,Regional Spread
2025-02-10,Arabian Sea – South China Sea,Aframax,22901.0,0.209,0.395,819.0,9.2,0.7,Regional Spread
2025-02-10,Arabian Sea – South China Sea,LNG Carrier,58078.0,0.174,0.388,858.0,8.3,0.9,Regional Spread
2025-02-17,Strait of Hormuz,VLCC,47836.0,0.52,0.666,906.0,2.2,2.7,Regional Spread
2025-02-17,Strait of Hormuz,Suezmax,35651.0,0.481,0.635,856.0,2.1,2.1,Regional Spread
2025-02-17,Strait of Hormuz,Aframax,26937.0,0.471,0.563,855.0,2.3,1.7,Regional Spread
2025-02-17,Strait of Hormuz,LNG Carrier,69847.0,0.53,0.65,914.0,2.0,4.3,Regional Spread
2025-02-17,Bab el-Mandeb / Red Sea,VLCC,45603.0,0.504,0.656,837.0,2.2,3.0,Regional Spread
2025-02-17,Bab el-Mandeb / Red Sea,Suezmax,32118.0,0.497,0.56,895.0,1.9,2.9,Regional Spread
2025-02-17,Bab el-Mandeb / Red Sea,Aframax,23012.0,0.429,0.669,850.0,2.3,4.8,Regional Spread
2025-02-17,Bab el-Mandeb / Red Sea,LNG Carrier,59795.0,0.464,0.64,893.0,2.3,4.3,Regional Spread
2025-02-17,Suez Canal,VLCC,54266.0,0.214,0.414,850.0,1.0,1.0,Regional Spread
2025-02-17,Suez Canal,Suezmax,37997.0,0.189,0.372,835.0,1.0,0.7,Regional Spread
2025-02-17,Suez Canal,Aframax,26936.0,0.21,0.377,906.0,1.2,0.2,Regional Spread
2025-02-17,Suez Canal,LNG Carrier,67994.0,0.191,0.351,867.0,1.1,1.0,Regional Spread
2025-02-17,Strait of Malacca,VLCC,36443.0,0.215,0.403,818.0,1.0,0.6,Regional Spread
2025-02-17,Strait of Malacca,Suezmax,23784.0,0.193,0.359,902.0,1.2,1.1,Regional Spread
2025-02-17,Strait of Malacca,Aframax,17713.0,0.186,0.367,903.0,1.2,0.4,Regional Spread
2025-02-17,Strait of Malacca,LNG Carrier,41590.0,0.196,0.367,820.0,1.0,1.1,Regional Spread
2025-02-17,Cape of Good Hope (reroute),VLCC,72791.0,0.196,0.425,892.0,15.3,0.5,Regional Spread
2025-02-17,Cape of Good Hope (reroute),Suezmax,54120.0,0.169,0.372,849.0,16.4,0.2,Regional Spread
2025-02-17,Cape of Good Hope (reroute),Aframax,39955.0,0.172,0.374,917.0,15.9,0.5,Regional Spread
2025-02-17,Cape of Good Hope (reroute),LNG Carrier,99592.0,0.199,0.367,829.0,13.8,0.3,Regional Spread
2025-02-17,Persian Gulf – East China Sea,VLCC,55715.0,0.191,0.377,868.0,9.0,0.6,Regional Spread
2025-02-17,Persian Gulf – East China Sea,Suezmax,40449.0,0.173,0.425,901.0,9.0,1.0,Regional Spread
2025-02-17,Persian Gulf – East China Sea,Aframax,28241.0,0.173,0.413,881.0,8.5,0.9,Regional Spread
2025-02-17,Persian Gulf – East China Sea,LNG Carrier,72695.0,0.169,0.404,881.0,8.8,0.7,Regional Spread
2025-02-17,Persian Gulf – Bay of Bengal,VLCC,42779.0,0.204,0.352,820.0,9.1,0.2,Regional Spread
2025-02-17,Persian Gulf – Bay of Bengal,Suezmax,32649.0,0.172,0.391,919.0,8.1,0.3,Regional Spread
2025-02-17,Persian Gulf – Bay of Bengal,Aframax,20999.0,0.202,0.406,837.0,8.6,1.1,Regional Spread
2025-02-17,Persian Gulf – Bay of Bengal,LNG Carrier,59065.0,0.199,0.368,844.0,7.8,1.2,Regional Spread
2025-02-17,Persian Gulf – Sea of Japan,VLCC,65444.0,0.187,0.412,827.0,8.3,0.7,Regional Spread
2025-02-17,Persian Gulf – Sea of Japan,Suezmax,43740.0,0.205,0.408,873.0,9.5,1.1,Regional Spread
2025-02-17,Persian Gulf – Sea of Japan,Aframax,33854.0,0.18,0.354,902.0,7.8,0.4,Regional Spread
2025-02-17,Persian Gulf – Sea of Japan,LNG Carrier,81206.0,0.211,0.382,827.0,8.3,0.8,Regional Spread
2025-02-17,Aden Gulf – Indian Ocean,VLCC,39234.0,0.172,0.375,884.0,7.8,0.6,Regional Spread
2025-02-17,Aden Gulf – Indian Ocean,Suezmax,27676.0,0.209,0.394,856.0,8.3,0.2,Regional Spread
2025-02-17,Aden Gulf – Indian Ocean,Aframax,18837.0,0.171,0.372,918.0,8.5,0.4,Regional Spread
2025-02-17,Aden Gulf – Indian Ocean,LNG Carrier,53231.0,0.177,0.352,885.0,8.4,0.7,Regional Spread
2025-02-17,Arabian Sea – South China Sea,VLCC,45362.0,0.193,0.423,850.0,9.5,0.5,Regional Spread
2025-02-17,Arabian Sea – South China Sea,Suezmax,31116.0,0.199,0.364,861.0,9.0,0.7,Regional Spread
2025-02-17,Arabian Sea – South China Sea,Aframax,22463.0,0.198,0.422,839.0,8.4,0.8,Regional Spread
2025-02-17,Arabian Sea – South China Sea,LNG Carrier,62034.0,0.195,0.38,873.0,9.5,0.8,Regional Spread
2025-02-24,Strait of Hormuz,VLCC,50616.0,0.503,0.588,898.0,2.1,1.4,Regional Spread
2025-02-24,Strait of Hormuz,Suezmax,37959.0,0.511,0.573,841.0,2.4,4.4,Regional Spread
2025-02-24,Strait of Hormuz,Aframax,23669.0,0.496,0.579,897.0,2.2,0.8,Regional Spread
2025-02-24,Strait of Hormuz,LNG Carrier,67802.0,0.426,0.598,919.0,2.1,2.1,Regional Spread
2025-02-24,Bab el-Mandeb / Red Sea,VLCC,49171.0,0.502,0.639,845.0,2.4,5.2,Regional Spread
2025-02-24,Bab el-Mandeb / Red Sea,Suezmax,33110.0,0.477,0.563,856.0,2.1,5.0,Regional Spread
2025-02-24,Bab el-Mandeb / Red Sea,Aframax,23632.0,0.507,0.598,857.0,2.1,3.7,Regional Spread
2025-02-24,Bab el-Mandeb / Red Sea,LNG Carrier,63864.0,0.429,0.657,847.0,2.4,1.6,Regional Spread
2025-02-24,Suez Canal,VLCC,54166.0,0.172,0.396,896.0,1.1,1.4,Regional Spread
2025-02-24,Suez Canal,Suezmax,39246.0,0.189,0.378,873.0,1.0,0.8,Regional Spread
2025-02-24,Suez Canal,Aframax,27652.0,0.18,0.413,823.0,1.1,1.2,Regional Spread
2025-02-24,Suez Canal,LNG Carrier,74705.0,0.188,0.421,827.0,1.1,0.3,Regional Spread
2025-02-24,Strait of Malacca,VLCC,33515.0,0.202,0.391,856.0,1.1,0.3,Regional Spread
2025-02-24,Strait of Malacca,Suezmax,25589.0,0.192,0.424,848.0,1.1,1.0,Regional Spread
2025-02-24,Strait of Malacca,Aframax,16417.0,0.212,0.368,847.0,1.1,0.9,Regional Spread
2025-02-24,Strait of Malacca,LNG Carrier,42892.0,0.2,0.384,877.0,1.1,0.8,Regional Spread
2025-02-24,Cape of Good Hope (reroute),VLCC,75379.0,0.205,0.4,857.0,16.2,1.3,Regional Spread
2025-02-24,Cape of Good Hope (reroute),Suezmax,50849.0,0.188,0.399,837.0,15.4,0.9,Regional Spread
2025-02-24,Cape of Good Hope (reroute),Aframax,34427.0,0.208,0.367,920.0,15.1,0.7,Regional Spread
2025-02-24,Cape of Good Hope (reroute),LNG Carrier,95561.0,0.205,0.351,920.0,16.2,1.1,Regional Spread
2025-02-24,Persian Gulf – East China Sea,VLCC,61021.0,0.194,0.361,856.0,7.8,0.9,Regional Spread
2025-02-24,Persian Gulf – East China Sea,Suezmax,40607.0,0.174,0.372,855.0,7.8,1.3,Regional Spread
2025-02-24,Persian Gulf – East China Sea,Aframax,29974.0,0.195,0.412,826.0,8.2,0.3,Regional Spread
2025-02-24,Persian Gulf – East China Sea,LNG Carrier,71297.0,0.189,0.405,850.0,8.6,0.4,Regional Spread
2025-02-24,Persian Gulf – Bay of Bengal,VLCC,44835.0,0.192,0.356,847.0,9.2,0.4,Regional Spread
2025-02-24,Persian Gulf – Bay of Bengal,Suezmax,28468.0,0.189,0.393,905.0,8.1,0.9,Regional Spread
2025-02-24,Persian Gulf – Bay of Bengal,Aframax,23084.0,0.202,0.404,824.0,8.2,0.3,Regional Spread
2025-02-24,Persian Gulf – Bay of Bengal,LNG Carrier,54288.0,0.204,0.419,889.0,9.2,0.9,Regional Spread
2025-02-24,Persian Gulf – Sea of Japan,VLCC,65857.0,0.184,0.394,913.0,7.8,0.7,Regional Spread
2025-02-24,Persian Gulf – Sea of Japan,Suezmax,43269.0,0.173,0.39,877.0,8.3,1.0,Regional Spread
2025-02-24,Persian Gulf – Sea of Japan,Aframax,30010.0,0.211,0.39,884.0,7.8,0.2,Regional Spread
2025-02-24,Persian Gulf – Sea of Japan,LNG Carrier,78433.0,0.206,0.376,861.0,8.2,0.9,Regional Spread
2025-02-24,Aden Gulf – Indian Ocean,VLCC,39559.0,0.205,0.411,830.0,8.5,1.3,Regional Spread
2025-02-24,Aden Gulf – Indian Ocean,Suezmax,29055.0,0.182,0.365,821.0,8.8,0.3,Regional Spread
2025-02-24,Aden Gulf – Indian Ocean,Aframax,20696.0,0.188,0.423,894.0,9.3,1.3,Regional Spread
2025-02-24,Aden Gulf – Indian Ocean,LNG Carrier,55138.0,0.183,0.426,837.0,9.1,0.4,Regional Spread
2025-02-24,Arabian Sea – South China Sea,VLCC,48002.0,0.196,0.358,908.0,9.3,0.6,Regional Spread
2025-02-24,Arabian Sea – South China Sea,Suezmax,33272.0,0.192,0.405,919.0,8.0,0.9,Regional Spread
2025-02-24,Arabian Sea – South China Sea,Aframax,23974.0,0.197,0.358,868.0,8.4,0.5,Regional Spread
2025-02-24,Arabian Sea – South China Sea,LNG Carrier,55057.0,0.185,0.37,857.0,9.3,0.8,Regional Spread
2025-03-03,Strait of Hormuz,VLCC,52538.0,0.436,0.587,895.0,2.0,3.1,Regional Spread
2025-03-03,Strait of Hormuz,Suezmax,38178.0,0.526,0.669,865.0,2.3,4.8,Regional Spread
2025-03-03,Strait of Hormuz,Aframax,25059.0,0.458,0.573,905.0,2.0,3.1,Regional Spread
2025-03-03,Strait of Hormuz,LNG Carrier,63063.0,0.532,0.668,917.0,2.0,1.3,Regional Spread
2025-03-03,Bab el-Mandeb / Red Sea,VLCC,44545.0,0.424,0.628,839.0,2.2,2.5,Regional Spread
2025-03-03,Bab el-Mandeb / Red Sea,Suezmax,31275.0,0.479,0.605,842.0,2.3,2.0,Regional Spread
2025-03-03,Bab el-Mandeb / Red Sea,Aframax,23113.0,0.526,0.556,850.0,2.2,1.6,Regional Spread
2025-03-03,Bab el-Mandeb / Red Sea,LNG Carrier,59027.0,0.525,0.563,896.0,2.3,2.7,Regional Spread
2025-03-03,Suez Canal,VLCC,56113.0,0.175,0.423,885.0,1.0,0.5,Regional Spread
2025-03-03,Suez Canal,Suezmax,37029.0,0.186,0.398,897.0,1.1,0.4,Regional Spread
2025-03-03,Suez Canal,Aframax,27919.0,0.206,0.418,822.0,1.0,1.3,Regional Spread
2025-03-03,Suez Canal,LNG Carrier,67207.0,0.176,0.384,904.0,1.1,0.9,Regional Spread
2025-03-03,Strait of Malacca,VLCC,33308.0,0.185,0.381,817.0,1.0,0.3,Regional Spread
2025-03-03,Strait of Malacca,Suezmax,22255.0,0.186,0.391,865.0,1.1,1.2,Regional Spread
2025-03-03,Strait of Malacca,Aframax,16904.0,0.208,0.361,916.0,1.0,0.3,Regional Spread
2025-03-03,Strait of Malacca,LNG Carrier,46931.0,0.18,0.404,899.0,1.2,1.3,Regional Spread
2025-03-03,Cape of Good Hope (reroute),VLCC,69153.0,0.214,0.39,859.0,15.5,1.4,Regional Spread
2025-03-03,Cape of Good Hope (reroute),Suezmax,52451.0,0.175,0.379,892.0,13.7,1.2,Regional Spread
2025-03-03,Cape of Good Hope (reroute),Aframax,39683.0,0.17,0.366,863.0,14.6,0.7,Regional Spread
2025-03-03,Cape of Good Hope (reroute),LNG Carrier,91201.0,0.209,0.426,817.0,14.0,1.4,Regional Spread
2025-03-03,Persian Gulf – East China Sea,VLCC,56861.0,0.186,0.425,819.0,8.5,0.9,Regional Spread
2025-03-03,Persian Gulf – East China Sea,Suezmax,44737.0,0.208,0.36,917.0,7.8,0.5,Regional Spread
2025-03-03,Persian Gulf – East China Sea,Aframax,27363.0,0.179,0.366,817.0,8.6,1.4,Regional Spread
2025-03-03,Persian Gulf – East China Sea,LNG Carrier,77478.0,0.201,0.408,859.0,9.0,1.3,Regional Spread
2025-03-03,Persian Gulf – Bay of Bengal,VLCC,45308.0,0.187,0.361,873.0,8.7,0.2,Regional Spread
2025-03-03,Persian Gulf – Bay of Bengal,Suezmax,32442.0,0.212,0.409,879.0,8.8,0.8,Regional Spread
2025-03-03,Persian Gulf – Bay of Bengal,Aframax,22277.0,0.187,0.357,886.0,9.5,1.3,Regional Spread
2025-03-03,Persian Gulf – Bay of Bengal,LNG Carrier,60684.0,0.209,0.411,875.0,8.6,0.3,Regional Spread
2025-03-03,Persian Gulf – Sea of Japan,VLCC,58998.0,0.183,0.368,851.0,9.2,0.3,Regional Spread
2025-03-03,Persian Gulf – Sea of Japan,Suezmax,43537.0,0.171,0.373,879.0,8.1,1.3,Regional Spread
2025-03-03,Persian Gulf – Sea of Japan,Aframax,28954.0,0.18,0.364,887.0,7.8,0.4,Regional Spread
2025-03-03,Persian Gulf – Sea of Japan,LNG Carrier,87823.0,0.182,0.371,895.0,9.0,1.2,Regional Spread
2025-03-03,Aden Gulf – Indian Ocean,VLCC,40419.0,0.179,0.355,829.0,8.1,1.0,Regional Spread
2025-03-03,Aden Gulf – Indian Ocean,Suezmax,30142.0,0.169,0.364,872.0,7.8,0.6,Regional Spread
2025-03-03,Aden Gulf – Indian Ocean,Aframax,21222.0,0.172,0.352,863.0,8.7,1.0,Regional Spread
2025-03-03,Aden Gulf – Indian Ocean,LNG Carrier,55436.0,0.199,0.41,863.0,9.4,0.4,Regional Spread
2025-03-03,Arabian Sea – South China Sea,VLCC,45143.0,0.186,0.363,885.0,9.4,1.3,Regional Spread
2025-03-03,Arabian Sea – South China Sea,Suezmax,30926.0,0.193,0.367,911.0,8.1,1.1,Regional Spread
2025-03-03,Arabian Sea – South China Sea,Aframax,24010.0,0.173,0.406,872.0,8.5,1.3,Regional Spread
2025-03-03,Arabian Sea – South China Sea,LNG Carrier,60965.0,0.205,0.358,917.0,9.3,0.5,Regional Spread
2025-03-10,Strait of Hormuz,VLCC,51305.0,0.451,0.629,897.0,2.4,3.4,Regional Spread
2025-03-10,Strait of Hormuz,Suezmax,35770.0,0.498,0.658,897.0,2.3,2.4,Regional Spread
2025-03-10,Strait of Hormuz,Aframax,25689.0,0.473,0.578,872.0,2.0,3.6,Regional Spread
2025-03-10,Strait of Hormuz,LNG Carrier,70984.0,0.516,0.577,876.0,2.1,0.9,Regional Spread
2025-03-10,Bab el-Mandeb / Red Sea,VLCC,45053.0,0.429,0.569,875.0,2.2,4.6,Regional Spread
2025-03-10,Bab el-Mandeb / Red Sea,Suezmax,31318.0,0.512,0.665,819.0,2.2,1.1,Regional Spread
2025-03-10,Bab el-Mandeb / Red Sea,Aframax,24522.0,0.495,0.602,841.0,2.1,2.2,Regional Spread
2025-03-10,Bab el-Mandeb / Red Sea,LNG Carrier,64838.0,0.531,0.654,878.0,2.3,4.4,Regional Spread
2025-03-10,Suez Canal,VLCC,51903.0,0.175,0.383,840.0,1.0,1.2,Regional Spread
2025-03-10,Suez Canal,Suezmax,40913.0,0.191,0.395,897.0,1.1,0.2,Regional Spread
2025-03-10,Suez Canal,Aframax,26379.0,0.181,0.366,900.0,1.2,0.9,Regional Spread
2025-03-10,Suez Canal,LNG Carrier,68078.0,0.19,0.391,862.0,1.1,0.7,Regional Spread
2025-03-10,Strait of Malacca,VLCC,31767.0,0.178,0.387,908.0,1.1,1.3,Regional Spread
2025-03-10,Strait of Malacca,Suezmax,23983.0,0.196,0.429,906.0,1.0,0.9,Regional Spread
2025-03-10,Strait of Malacca,Aframax,18005.0,0.2,0.355,912.0,1.0,1.2,Regional Spread
2025-03-10,Strait of Malacca,LNG Carrier,46499.0,0.215,0.393,878.0,1.0,1.0,Regional Spread
2025-03-10,Cape of Good Hope (reroute),VLCC,73917.0,0.18,0.373,860.0,16.4,1.1,Regional Spread
2025-03-10,Cape of Good Hope (reroute),Suezmax,52099.0,0.203,0.364,902.0,15.5,1.2,Regional Spread
2025-03-10,Cape of Good Hope (reroute),Aframax,39616.0,0.211,0.386,920.0,15.6,1.0,Regional Spread
2025-03-10,Cape of Good Hope (reroute),LNG Carrier,103351.0,0.189,0.405,862.0,15.5,0.8,Regional Spread
2025-03-10,Persian Gulf – East China Sea,VLCC,60160.0,0.175,0.413,819.0,8.8,1.4,Regional Spread
2025-03-10,Persian Gulf – East China Sea,Suezmax,39012.0,0.174,0.427,822.0,7.9,1.3,Regional Spread
2025-03-10,Persian Gulf – East China Sea,Aframax,32010.0,0.2,0.357,839.0,8.1,0.4,Regional Spread
2025-03-10,Persian Gulf – East China Sea,LNG Carrier,81658.0,0.19,0.383,877.0,8.9,1.1,Regional Spread
2025-03-10,Persian Gulf – Bay of Bengal,VLCC,42113.0,0.201,0.402,883.0,8.2,0.6,Regional Spread
2025-03-10,Persian Gulf – Bay of Bengal,Suezmax,29442.0,0.215,0.397,896.0,9.2,0.3,Regional Spread
2025-03-10,Persian Gulf – Bay of Bengal,Aframax,21699.0,0.199,0.374,818.0,7.9,0.8,Regional Spread
2025-03-10,Persian Gulf – Bay of Bengal,LNG Carrier,55765.0,0.214,0.409,915.0,8.6,0.4,Regional Spread
2025-03-10,Persian Gulf – Sea of Japan,VLCC,63790.0,0.184,0.379,915.0,9.0,1.4,Regional Spread
2025-03-10,Persian Gulf – Sea of Japan,Suezmax,45507.0,0.171,0.399,851.0,8.5,0.6,Regional Spread
2025-03-10,Persian Gulf – Sea of Japan,Aframax,30816.0,0.182,0.391,903.0,8.0,0.6,Regional Spread
2025-03-10,Persian Gulf – Sea of Japan,LNG Carrier,83067.0,0.192,0.377,874.0,8.2,0.6,Regional Spread
2025-03-10,Aden Gulf – Indian Ocean,VLCC,42948.0,0.183,0.409,881.0,9.5,1.3,Regional Spread
2025-03-10,Aden Gulf – Indian Ocean,Suezmax,28295.0,0.208,0.379,854.0,8.1,0.8,Regional Spread
2025-03-10,Aden Gulf – Indian Ocean,Aframax,21123.0,0.201,0.402,838.0,8.6,1.4,Regional Spread
2025-03-10,Aden Gulf – Indian Ocean,LNG Carrier,49656.0,0.169,0.414,898.0,8.5,1.0,Regional Spread
2025-03-10,Arabian Sea – South China Sea,VLCC,44955.0,0.175,0.381,821.0,8.9,0.8,Regional Spread
2025-03-10,Arabian Sea – South China Sea,Suezmax,32540.0,0.186,0.354,876.0,8.1,0.6,Regional Spread
2025-03-10,Arabian Sea – South China Sea,Aframax,21227.0,0.198,0.368,851.0,8.4,0.4,Regional Spread
2025-03-10,Arabian Sea – South China Sea,LNG Carrier,58833.0,0.199,0.372,894.0,9.5,0.9,Regional Spread
2025-03-17,Strait of Hormuz,VLCC,51014.0,0.457,0.602,880.0,2.0,3.9,Regional Spread
2025-03-17,Strait of Hormuz,Suezmax,33108.0,0.448,0.553,820.0,2.1,4.3,Regional Spread
2025-03-17,Strait of Hormuz,Aframax,27064.0,0.52,0.582,880.0,2.1,2.9,Regional Spread
2025-03-17,Strait of Hormuz,LNG Carrier,61500.0,0.517,0.578,900.0,2.3,2.2,Regional Spread
2025-03-17,Bab el-Mandeb / Red Sea,VLCC,44196.0,0.434,0.578,855.0,2.3,4.0,Regional Spread
2025-03-17,Bab el-Mandeb / Red Sea,Suezmax,32402.0,0.482,0.632,889.0,2.1,3.3,Regional Spread
2025-03-17,Bab el-Mandeb / Red Sea,Aframax,22841.0,0.442,0.656,844.0,2.4,5.6,Regional Spread
2025-03-17,Bab el-Mandeb / Red Sea,LNG Carrier,61493.0,0.49,0.656,848.0,2.3,4.6,Regional Spread
2025-03-17,Suez Canal,VLCC,55560.0,0.203,0.359,834.0,1.1,0.7,Regional Spread
2025-03-17,Suez Canal,Suezmax,40672.0,0.196,0.407,891.0,1.1,0.8,Regional Spread
2025-03-17,Suez Canal,Aframax,26823.0,0.209,0.359,825.0,1.1,0.3,Regional Spread
2025-03-17,Suez Canal,LNG Carrier,71249.0,0.189,0.399,875.0,1.0,0.4,Regional Spread
2025-03-17,Strait of Malacca,VLCC,33198.0,0.169,0.353,906.0,1.1,0.7,Regional Spread
2025-03-17,Strait of Malacca,Suezmax,22686.0,0.17,0.357,918.0,1.1,0.3,Regional Spread
2025-03-17,Strait of Malacca,Aframax,16157.0,0.191,0.382,915.0,1.2,0.4,Regional Spread
2025-03-17,Strait of Malacca,LNG Carrier,45902.0,0.182,0.379,896.0,1.0,1.3,Regional Spread
2025-03-17,Cape of Good Hope (reroute),VLCC,69248.0,0.177,0.416,847.0,14.4,0.8,Regional Spread
2025-03-17,Cape of Good Hope (reroute),Suezmax,50198.0,0.206,0.42,898.0,14.5,1.4,Regional Spread
2025-03-17,Cape of Good Hope (reroute),Aframax,39118.0,0.191,0.36,913.0,15.6,0.4,Regional Spread
2025-03-17,Cape of Good Hope (reroute),LNG Carrier,101048.0,0.193,0.421,884.0,15.7,1.1,Regional Spread
2025-03-17,Persian Gulf – East China Sea,VLCC,61099.0,0.207,0.417,915.0,9.3,1.1,Regional Spread
2025-03-17,Persian Gulf – East China Sea,Suezmax,42429.0,0.199,0.374,834.0,8.7,0.8,Regional Spread
2025-03-17,Persian Gulf – East China Sea,Aframax,28107.0,0.21,0.389,875.0,8.9,1.1,Regional Spread
2025-03-17,Persian Gulf – East China Sea,LNG Carrier,77421.0,0.195,0.373,913.0,8.6,0.2,Regional Spread
2025-03-17,Persian Gulf – Bay of Bengal,VLCC,42481.0,0.174,0.394,904.0,9.2,1.3,Regional Spread
2025-03-17,Persian Gulf – Bay of Bengal,Suezmax,30431.0,0.171,0.369,841.0,8.0,1.2,Regional Spread
2025-03-17,Persian Gulf – Bay of Bengal,Aframax,22624.0,0.196,0.376,855.0,8.8,0.6,Regional Spread
2025-03-17,Persian Gulf – Bay of Bengal,LNG Carrier,55229.0,0.197,0.377,877.0,7.9,1.2,Regional Spread
2025-03-17,Persian Gulf – Sea of Japan,VLCC,58069.0,0.212,0.42,918.0,8.3,1.0,Regional Spread
2025-03-17,Persian Gulf – Sea of Japan,Suezmax,45973.0,0.189,0.405,882.0,9.5,1.2,Regional Spread
2025-03-17,Persian Gulf – Sea of Japan,Aframax,33730.0,0.174,0.392,888.0,9.2,0.9,Regional Spread
2025-03-17,Persian Gulf – Sea of Japan,LNG Carrier,84141.0,0.19,0.369,898.0,7.9,1.1,Regional Spread
2025-03-17,Aden Gulf – Indian Ocean,VLCC,42409.0,0.172,0.365,835.0,8.9,0.7,Regional Spread
2025-03-17,Aden Gulf – Indian Ocean,Suezmax,29012.0,0.203,0.415,876.0,8.7,0.3,Regional Spread
2025-03-17,Aden Gulf – Indian Ocean,Aframax,19525.0,0.214,0.406,910.0,9.4,1.4,Regional Spread
2025-03-17,Aden Gulf – Indian Ocean,LNG Carrier,55535.0,0.19,0.39,902.0,8.9,0.3,Regional Spread
2025-03-17,Arabian Sea – South China Sea,VLCC,46364.0,0.176,0.426,866.0,9.3,0.6,Regional Spread
2025-03-17,Arabian Sea – South China Sea,Suezmax,33015.0,0.211,0.37,851.0,8.0,0.3,Regional Spread
2025-03-17,Arabian Sea – South China Sea,Aframax,21245.0,0.19,0.358,868.0,8.3,1.1,Regional Spread
2025-03-17,Arabian Sea – South China Sea,LNG Carrier,59640.0,0.181,0.415,817.0,8.6,0.2,Regional Spread
2025-03-24,Strait of Hormuz,VLCC,54400.0,0.482,0.555,850.0,2.3,5.4,Regional Spread
2025-03-24,Strait of Hormuz,Suezmax,34575.0,0.424,0.621,827.0,2.3,3.3,Regional Spread
2025-03-24,Strait of Hormuz,Aframax,24561.0,0.484,0.664,874.0,2.3,5.0,Regional Spread
2025-03-24,Strait of Hormuz,LNG Carrier,63574.0,0.465,0.625,917.0,2.4,5.6,Regional Spread
2025-03-24,Bab el-Mandeb / Red Sea,VLCC,46951.0,0.53,0.566,873.0,2.1,3.7,Regional Spread
2025-03-24,Bab el-Mandeb / Red Sea,Suezmax,32928.0,0.456,0.612,833.0,2.0,3.9,Regional Spread
2025-03-24,Bab el-Mandeb / Red Sea,Aframax,25519.0,0.473,0.64,850.0,2.0,2.1,Regional Spread
2025-03-24,Bab el-Mandeb / Red Sea,LNG Carrier,57969.0,0.481,0.61,880.0,2.1,2.6,Regional Spread
2025-03-24,Suez Canal,VLCC,57156.0,0.178,0.405,834.0,1.0,1.3,Regional Spread
2025-03-24,Suez Canal,Suezmax,40015.0,0.195,0.418,854.0,1.1,0.6,Regional Spread
2025-03-24,Suez Canal,Aframax,27827.0,0.209,0.41,844.0,1.1,0.5,Regional Spread
2025-03-24,Suez Canal,LNG Carrier,73064.0,0.202,0.405,851.0,1.1,1.2,Regional Spread
2025-03-24,Strait of Malacca,VLCC,32201.0,0.194,0.351,896.0,1.1,1.0,Regional Spread
2025-03-24,Strait of Malacca,Suezmax,23929.0,0.213,0.382,867.0,1.1,0.7,Regional Spread
2025-03-24,Strait of Malacca,Aframax,15888.0,0.194,0.38,865.0,1.1,0.2,Regional Spread
2025-03-24,Strait of Malacca,LNG Carrier,46959.0,0.171,0.378,866.0,1.1,1.0,Regional Spread
2025-03-24,Cape of Good Hope (reroute),VLCC,78131.0,0.185,0.381,829.0,15.0,0.4,Regional Spread
2025-03-24,Cape of Good Hope (reroute),Suezmax,50179.0,0.213,0.409,850.0,15.7,0.9,Regional Spread
2025-03-24,Cape of Good Hope (reroute),Aframax,39012.0,0.172,0.415,857.0,14.1,0.3,Regional Spread
2025-03-24,Cape of Good Hope (reroute),LNG Carrier,100629.0,0.202,0.396,835.0,14.1,1.2,Regional Spread
2025-03-24,Persian Gulf – East China Sea,VLCC,61694.0,0.19,0.36,878.0,8.4,1.3,Regional Spread
2025-03-24,Persian Gulf – East China Sea,Suezmax,41661.0,0.202,0.398,897.0,9.3,0.7,Regional Spread
2025-03-24,Persian Gulf – East China Sea,Aframax,28348.0,0.174,0.413,871.0,7.9,1.3,Regional Spread
2025-03-24,Persian Gulf – East China Sea,LNG Carrier,71650.0,0.203,0.413,846.0,8.3,0.8,Regional Spread
2025-03-24,Persian Gulf – Bay of Bengal,VLCC,40498.0,0.197,0.369,842.0,8.4,1.0,Regional Spread
2025-03-24,Persian Gulf – Bay of Bengal,Suezmax,30924.0,0.174,0.42,893.0,8.0,0.8,Regional Spread
2025-03-24,Persian Gulf – Bay of Bengal,Aframax,22286.0,0.178,0.417,897.0,8.3,0.6,Regional Spread
2025-03-24,Persian Gulf – Bay of Bengal,LNG Carrier,56269.0,0.195,0.367,896.0,8.9,1.0,Regional Spread
2025-03-24,Persian Gulf – Sea of Japan,VLCC,59521.0,0.205,0.387,901.0,8.8,1.0,Regional Spread
2025-03-24,Persian Gulf – Sea of Japan,Suezmax,41541.0,0.215,0.355,911.0,9.0,0.9,Regional Spread
2025-03-24,Persian Gulf – Sea of Japan,Aframax,30732.0,0.183,0.422,853.0,9.3,0.2,Regional Spread
2025-03-24,Persian Gulf – Sea of Japan,LNG Carrier,83844.0,0.188,0.428,902.0,8.3,1.3,Regional Spread
2025-03-24,Aden Gulf – Indian Ocean,VLCC,40216.0,0.19,0.424,834.0,9.3,1.4,Regional Spread
2025-03-24,Aden Gulf – Indian Ocean,Suezmax,26710.0,0.213,0.421,870.0,9.1,0.2,Regional Spread
2025-03-24,Aden Gulf – Indian Ocean,Aframax,19678.0,0.183,0.403,919.0,8.9,1.1,Regional Spread
2025-03-24,Aden Gulf – Indian Ocean,LNG Carrier,53019.0,0.197,0.39,838.0,9.0,0.9,Regional Spread
2025-03-24,Arabian Sea – South China Sea,VLCC,42207.0,0.189,0.36,877.0,8.3,0.7,Regional Spread
2025-03-24,Arabian Sea – South China Sea,Suezmax,31686.0,0.197,0.415,885.0,9.2,1.1,Regional Spread
2025-03-24,Arabian Sea – South China Sea,Aframax,22285.0,0.192,0.385,865.0,8.9,0.2,Regional Spread
2025-03-24,Arabian Sea – South China Sea,LNG Carrier,63588.0,0.181,0.361,876.0,8.4,1.3,Regional Spread
2025-03-31,Strait of Hormuz,VLCC,49807.0,0.494,0.599,825.0,2.3,1.0,Regional Spread
2025-03-31,Strait of Hormuz,Suezmax,36568.0,0.495,0.616,851.0,2.0,4.8,Regional Spread
2025-03-31,Strait of Hormuz,Aframax,26389.0,0.428,0.584,822.0,2.0,1.9,Regional Spread
2025-03-31,Strait of Hormuz,LNG Carrier,62011.0,0.515,0.606,887.0,2.0,4.0,Regional Spread
2025-03-31,Bab el-Mandeb / Red Sea,VLCC,44261.0,0.51,0.664,886.0,2.4,2.1,Regional Spread
2025-03-31,Bab el-Mandeb / Red Sea,Suezmax,32231.0,0.508,0.624,853.0,2.2,1.8,Regional Spread
2025-03-31,Bab el-Mandeb / Red Sea,Aframax,25216.0,0.52,0.596,906.0,2.2,3.6,Regional Spread
2025-03-31,Bab el-Mandeb / Red Sea,LNG Carrier,60827.0,0.504,0.651,870.0,2.1,4.2,Regional Spread
2025-03-31,Suez Canal,VLCC,55585.0,0.194,0.383,830.0,1.1,0.9,Regional Spread
2025-03-31,Suez Canal,Suezmax,40858.0,0.182,0.362,816.0,1.1,0.5,Regional Spread
2025-03-31,Suez Canal,Aframax,26590.0,0.213,0.408,896.0,1.1,0.6,Regional Spread
2025-03-31,Suez Canal,LNG Carrier,66454.0,0.214,0.384,857.0,1.1,0.6,Regional Spread
2025-03-31,Strait of Malacca,VLCC,35457.0,0.175,0.356,916.0,1.0,0.6,Regional Spread
2025-03-31,Strait of Malacca,Suezmax,25473.0,0.213,0.397,895.0,1.0,0.3,Regional Spread
2025-03-31,Strait of Malacca,Aframax,17871.0,0.197,0.355,906.0,1.1,0.3,Regional Spread
2025-03-31,Strait of Malacca,LNG Carrier,43112.0,0.214,0.407,920.0,1.0,1.4,Regional Spread
2025-03-31,Cape of Good Hope (reroute),VLCC,68300.0,0.181,0.384,854.0,16.1,0.8,Regional Spread
2025-03-31,Cape of Good Hope (reroute),Suezmax,52509.0,0.183,0.392,909.0,15.9,1.3,Regional Spread
2025-03-31,Cape of Good Hope (reroute),Aframax,39220.0,0.186,0.419,886.0,13.7,1.2,Regional Spread
2025-03-31,Cape of Good Hope (reroute),LNG Carrier,89215.0,0.192,0.354,898.0,15.6,1.1,Regional Spread
2025-03-31,Persian Gulf – East China Sea,VLCC,57946.0,0.2,0.408,856.0,8.5,1.0,Regional Spread
2025-03-31,Persian Gulf – East China Sea,Suezmax,38634.0,0.199,0.367,883.0,8.1,1.3,Regional Spread
2025-03-31,Persian Gulf – East China Sea,Aframax,28386.0,0.186,0.412,856.0,8.9,0.4,Regional Spread
2025-03-31,Persian Gulf – East China Sea,LNG Carrier,82531.0,0.196,0.415,893.0,9.1,0.3,Regional Spread
2025-03-31,Persian Gulf – Bay of Bengal,VLCC,46670.0,0.201,0.371,869.0,7.9,0.8,Regional Spread
2025-03-31,Persian Gulf – Bay of Bengal,Suezmax,31512.0,0.206,0.38,875.0,8.8,0.8,Regional Spread
2025-03-31,Persian Gulf – Bay of Bengal,Aframax,22906.0,0.213,0.386,837.0,8.3,1.1,Regional Spread
2025-03-31,Persian Gulf – Bay of Bengal,LNG Carrier,54400.0,0.173,0.426,916.0,9.4,0.6,Regional Spread
2025-03-31,Persian Gulf – Sea of Japan,VLCC,58989.0,0.185,0.386,855.0,9.5,1.1,Regional Spread
2025-03-31,Persian Gulf – Sea of Japan,Suezmax,41494.0,0.178,0.428,914.0,8.0,1.2,Regional Spread
2025-03-31,Persian Gulf – Sea of Japan,Aframax,31512.0,0.176,0.384,895.0,8.9,0.7,Regional Spread
2025-03-31,Persian Gulf – Sea of Japan,LNG Carrier,84525.0,0.17,0.394,860.0,9.1,1.3,Regional Spread
2025-03-31,Aden Gulf – Indian Ocean,VLCC,41690.0,0.198,0.373,869.0,8.8,1.3,Regional Spread
2025-03-31,Aden Gulf – Indian Ocean,Suezmax,26315.0,0.205,0.417,872.0,9.0,1.3,Regional Spread
2025-03-31,Aden Gulf – Indian Ocean,Aframax,18534.0,0.17,0.383,899.0,9.4,0.3,Regional Spread
2025-03-31,Aden Gulf – Indian Ocean,LNG Carrier,50176.0,0.174,0.4,853.0,8.9,0.5,Regional Spread
2025-03-31,Arabian Sea – South China Sea,VLCC,45694.0,0.209,0.393,830.0,8.5,0.8,Regional Spread
2025-03-31,Arabian Sea – South China Sea,Suezmax,33900.0,0.176,0.419,894.0,8.8,0.5,Regional Spread
2025-03-31,Arabian Sea – South China Sea,Aframax,24181.0,0.202,0.386,870.0,8.9,0.9,Regional Spread
2025-03-31,Arabian Sea – South China Sea,LNG Carrier,56814.0,0.171,0.418,844.0,8.5,1.1,Regional Spread
2025-04-07,Strait of Hormuz,VLCC,53011.0,1.069,0.961,1179.0,2.4,6.0,Maritime Blockade Threats
2025-04-07,Strait of Hormuz,Suezmax,37861.0,0.846,1.055,1087.0,2.5,9.7,Maritime Blockade Threats
2025-04-07,Strait of Hormuz,Aframax,26836.0,1.05,0.936,1137.0,2.2,6.6,Maritime Blockade Threats
2025-04-07,Strait of Hormuz,LNG Carrier,73837.0,0.976,0.931,1131.0,2.1,7.4,Maritime Blockade Threats
2025-04-07,Bab el-Mandeb / Red Sea,VLCC,52783.0,0.897,0.959,1163.0,2.5,8.5,Maritime Blockade Threats
2025-04-07,Bab el-Mandeb / Red Sea,Suezmax,38142.0,1.061,1.063,1107.0,2.1,7.4,Maritime Blockade Threats
2025-04-07,Bab el-Mandeb / Red Sea,Aframax,25311.0,1.005,1.02,1130.0,2.4,9.5,Maritime Blockade Threats
2025-04-07,Bab el-Mandeb / Red Sea,LNG Carrier,71849.0,0.999,1.02,1175.0,2.1,5.2,Maritime Blockade Threats
2025-04-07,Suez Canal,VLCC,57316.0,0.408,0.557,1122.0,1.1,1.2,Maritime Blockade Threats
2025-04-07,Suez Canal,Suezmax,45731.0,0.388,0.504,1177.0,1.1,2.6,Maritime Blockade Threats
2025-04-07,Suez Canal,Aframax,32213.0,0.38,0.564,1104.0,1.3,0.5,Maritime Blockade Threats
2025-04-07,Suez Canal,LNG Carrier,76175.0,0.347,0.575,1114.0,1.2,0.9,Maritime Blockade Threats
2025-04-07,Strait of Malacca,VLCC,38702.0,0.421,0.544,1151.0,1.2,0.5,Maritime Blockade Threats
2025-04-07,Strait of Malacca,Suezmax,28378.0,0.376,0.479,1056.0,1.2,2.6,Maritime Blockade Threats
2025-04-07,Strait of Malacca,Aframax,18825.0,0.399,0.573,1099.0,1.1,0.5,Maritime Blockade Threats
2025-04-07,Strait of Malacca,LNG Carrier,48534.0,0.373,0.543,1163.0,1.1,2.3,Maritime Blockade Threats
2025-04-07,Cape of Good Hope (reroute),VLCC,81487.0,0.349,0.576,1076.0,17.2,1.4,Maritime Blockade Threats
2025-04-07,Cape of Good Hope (reroute),Suezmax,58710.0,0.398,0.513,1076.0,17.0,0.9,Maritime Blockade Threats
2025-04-07,Cape of Good Hope (reroute),Aframax,42052.0,0.344,0.544,1092.0,15.1,1.0,Maritime Blockade Threats
2025-04-07,Cape of Good Hope (reroute),LNG Carrier,105341.0,0.344,0.567,1101.0,16.9,2.6,Maritime Blockade Threats
2025-04-07,Persian Gulf – East China Sea,VLCC,61549.0,0.392,0.576,1073.0,9.5,1.1,Maritime Blockade Threats
2025-04-07,Persian Gulf – East China Sea,Suezmax,46440.0,0.421,0.544,1098.0,8.5,2.5,Maritime Blockade Threats
2025-04-07,Persian Gulf – East China Sea,Aframax,33056.0,0.362,0.576,1132.0,10.1,2.4,Maritime Blockade Threats
2025-04-07,Persian Gulf – East China Sea,LNG Carrier,84748.0,0.342,0.55,1172.0,9.8,0.9,Maritime Blockade Threats
2025-04-07,Persian Gulf – Bay of Bengal,VLCC,45007.0,0.398,0.481,1062.0,8.7,1.7,Maritime Blockade Threats
2025-04-07,Persian Gulf – Bay of Bengal,Suezmax,33184.0,0.407,0.497,1122.0,9.6,1.8,Maritime Blockade Threats
2025-04-07,Persian Gulf – Bay of Bengal,Aframax,25789.0,0.398,0.543,1059.0,9.6,1.2,Maritime Blockade Threats
2025-04-07,Persian Gulf – Bay of Bengal,LNG Carrier,63853.0,0.414,0.477,1136.0,8.9,1.7,Maritime Blockade Threats
2025-04-07,Persian Gulf – Sea of Japan,VLCC,71545.0,0.387,0.557,1150.0,8.5,0.4,Maritime Blockade Threats
2025-04-07,Persian Gulf – Sea of Japan,Suezmax,47069.0,0.361,0.52,1104.0,9.8,1.0,Maritime Blockade Threats
2025-04-07,Persian Gulf – Sea of Japan,Aframax,35576.0,0.42,0.51,1062.0,9.6,1.8,Maritime Blockade Threats
2025-04-07,Persian Gulf – Sea of Japan,LNG Carrier,86815.0,0.389,0.552,1110.0,10.1,1.8,Maritime Blockade Threats
2025-04-07,Aden Gulf – Indian Ocean,VLCC,47466.0,0.403,0.497,1088.0,8.5,2.7,Maritime Blockade Threats
2025-04-07,Aden Gulf – Indian Ocean,Suezmax,32058.0,0.396,0.565,1079.0,8.4,2.5,Maritime Blockade Threats
2025-04-07,Aden Gulf – Indian Ocean,Aframax,22019.0,0.368,0.478,1101.0,8.5,0.9,Maritime Blockade Threats
2025-04-07,Aden Gulf – Indian Ocean,LNG Carrier,56330.0,0.339,0.492,1099.0,9.2,0.5,Maritime Blockade Threats
2025-04-07,Arabian Sea – South China Sea,VLCC,51478.0,0.356,0.492,1141.0,8.6,1.4,Maritime Blockade Threats
2025-04-07,Arabian Sea – South China Sea,Suezmax,36355.0,0.355,0.567,1152.0,8.4,2.6,Maritime Blockade Threats
2025-04-07,Arabian Sea – South China Sea,Aframax,25861.0,0.372,0.485,1157.0,9.7,1.6,Maritime Blockade Threats
2025-04-07,Arabian Sea – South China Sea,LNG Carrier,66128.0,0.416,0.507,1068.0,9.8,1.0,Maritime Blockade Threats
2025-04-14,Strait of Hormuz,VLCC,55993.0,0.862,1.008,1050.0,2.3,6.5,Maritime Blockade Threats
2025-04-14,Strait of Hormuz,Suezmax,41552.0,0.931,0.986,1058.0,2.1,2.1,Maritime Blockade Threats
2025-04-14,Strait of Hormuz,Aframax,29202.0,1.061,0.971,1050.0,2.4,10.2,Maritime Blockade Threats
2025-04-14,Strait of Hormuz,LNG Carrier,76984.0,1.064,0.873,1180.0,2.2,4.3,Maritime Blockade Threats
2025-04-14,Bab el-Mandeb / Red Sea,VLCC,57942.0,1.035,1.003,1116.0,2.4,9.7,Maritime Blockade Threats
2025-04-14,Bab el-Mandeb / Red Sea,Suezmax,37465.0,0.96,0.892,1100.0,2.2,3.7,Maritime Blockade Threats
2025-04-14,Bab el-Mandeb / Red Sea,Aframax,26850.0,0.898,1.024,1051.0,2.2,6.1,Maritime Blockade Threats
2025-04-14,Bab el-Mandeb / Red Sea,LNG Carrier,72175.0,0.941,0.891,1108.0,2.2,4.0,Maritime Blockade Threats
2025-04-14,Suez Canal,VLCC,62664.0,0.395,0.492,1067.0,1.1,0.9,Maritime Blockade Threats
2025-04-14,Suez Canal,Suezmax,42187.0,0.341,0.56,1110.0,1.0,1.8,Maritime Blockade Threats
2025-04-14,Suez Canal,Aframax,28595.0,0.409,0.507,1106.0,1.1,0.6,Maritime Blockade Threats
2025-04-14,Suez Canal,LNG Carrier,77864.0,0.398,0.538,1102.0,1.1,1.1,Maritime Blockade Threats
2025-04-14,Strait of Malacca,VLCC,39327.0,0.414,0.558,1160.0,1.1,1.8,Maritime Blockade Threats
2025-04-14,Strait of Malacca,Suezmax,25970.0,0.429,0.51,1116.0,1.3,2.2,Maritime Blockade Threats
2025-04-14,Strait of Malacca,Aframax,20619.0,0.403,0.576,1139.0,1.3,1.9,Maritime Blockade Threats
2025-04-14,Strait of Malacca,LNG Carrier,48184.0,0.406,0.578,1146.0,1.1,1.4,Maritime Blockade Threats
2025-04-14,Cape of Good Hope (reroute),VLCC,78332.0,0.411,0.505,1102.0,17.1,0.7,Maritime Blockade Threats
2025-04-14,Cape of Good Hope (reroute),Suezmax,53886.0,0.406,0.489,1087.0,15.9,0.9,Maritime Blockade Threats
2025-04-14,Cape of Good Hope (reroute),Aframax,41788.0,0.378,0.571,1068.0,17.6,1.3,Maritime Blockade Threats
2025-04-14,Cape of Good Hope (reroute),LNG Carrier,112379.0,0.344,0.493,1091.0,15.8,1.2,Maritime Blockade Threats
2025-04-14,Persian Gulf – East China Sea,VLCC,63964.0,0.344,0.565,1082.0,9.3,0.6,Maritime Blockade Threats
2025-04-14,Persian Gulf – East China Sea,Suezmax,43154.0,0.43,0.537,1148.0,10.1,1.1,Maritime Blockade Threats
2025-04-14,Persian Gulf – East China Sea,Aframax,32835.0,0.348,0.496,1108.0,10.2,1.4,Maritime Blockade Threats
2025-04-14,Persian Gulf – East China Sea,LNG Carrier,82514.0,0.412,0.539,1063.0,10.2,2.3,Maritime Blockade Threats
2025-04-14,Persian Gulf – Bay of Bengal,VLCC,47088.0,0.341,0.505,1091.0,9.8,1.2,Maritime Blockade Threats
2025-04-14,Persian Gulf – Bay of Bengal,Suezmax,35751.0,0.348,0.509,1084.0,9.2,2.0,Maritime Blockade Threats
2025-04-14,Persian Gulf – Bay of Bengal,Aframax,23466.0,0.357,0.568,1150.0,8.7,2.0,Maritime Blockade Threats
2025-04-14,Persian Gulf – Bay of Bengal,LNG Carrier,67192.0,0.372,0.477,1051.0,8.8,2.6,Maritime Blockade Threats
2025-04-14,Persian Gulf – Sea of Japan,VLCC,73975.0,0.419,0.535,1144.0,10.1,0.6,Maritime Blockade Threats
2025-04-14,Persian Gulf – Sea of Japan,Suezmax,49446.0,0.338,0.507,1162.0,9.5,1.8,Maritime Blockade Threats
2025-04-14,Persian Gulf – Sea of Japan,Aframax,32979.0,0.365,0.545,1121.0,9.4,2.4,Maritime Blockade Threats
2025-04-14,Persian Gulf – Sea of Japan,LNG Carrier,88298.0,0.363,0.544,1122.0,9.5,1.7,Maritime Blockade Threats
2025-04-14,Aden Gulf – Indian Ocean,VLCC,47339.0,0.38,0.544,1172.0,8.5,1.6,Maritime Blockade Threats
2025-04-14,Aden Gulf – Indian Ocean,Suezmax,33142.0,0.401,0.482,1087.0,9.4,2.2,Maritime Blockade Threats
2025-04-14,Aden Gulf – Indian Ocean,Aframax,21558.0,0.368,0.554,1181.0,10.2,1.6,Maritime Blockade Threats
2025-04-14,Aden Gulf – Indian Ocean,LNG Carrier,59378.0,0.414,0.484,1080.0,9.0,2.6,Maritime Blockade Threats
2025-04-14,Arabian Sea – South China Sea,VLCC,54715.0,0.382,0.523,1132.0,8.6,2.3,Maritime Blockade Threats
2025-04-14,Arabian Sea – South China Sea,Suezmax,33679.0,0.365,0.481,1092.0,9.2,1.1,Maritime Blockade Threats
2025-04-14,Arabian Sea – South China Sea,Aframax,24838.0,0.376,0.497,1161.0,9.1,0.5,Maritime Blockade Threats
2025-04-14,Arabian Sea – South China Sea,LNG Carrier,64158.0,0.366,0.495,1104.0,10.1,2.7,Maritime Blockade Threats
2025-04-21,Strait of Hormuz,VLCC,54593.0,1.015,1.009,1173.0,2.4,3.8,Maritime Blockade Threats
2025-04-21,Strait of Hormuz,Suezmax,40496.0,0.857,0.895,1103.0,2.4,11.0,Maritime Blockade Threats
2025-04-21,Strait of Hormuz,Aframax,29966.0,0.969,0.889,1120.0,2.5,6.0,Maritime Blockade Threats
2025-04-21,Strait of Hormuz,LNG Carrier,76913.0,0.999,0.93,1106.0,2.5,9.6,Maritime Blockade Threats
2025-04-21,Bab el-Mandeb / Red Sea,VLCC,51054.0,1.004,0.885,1157.0,2.5,1.8,Maritime Blockade Threats
2025-04-21,Bab el-Mandeb / Red Sea,Suezmax,34820.0,1.03,0.985,1056.0,2.4,7.4,Maritime Blockade Threats
2025-04-21,Bab el-Mandeb / Red Sea,Aframax,29025.0,0.852,0.968,1153.0,2.3,11.1,Maritime Blockade Threats
2025-04-21,Bab el-Mandeb / Red Sea,LNG Carrier,75419.0,0.876,0.912,1153.0,2.3,7.2,Maritime Blockade Threats
2025-04-21,Suez Canal,VLCC,65201.0,0.371,0.552,1137.0,1.2,0.6,Maritime Blockade Threats
2025-04-21,Suez Canal,Suezmax,41465.0,0.413,0.535,1062.0,1.2,2.7,Maritime Blockade Threats
2025-04-21,Suez Canal,Aframax,32456.0,0.381,0.555,1068.0,1.2,1.0,Maritime Blockade Threats
2025-04-21,Suez Canal,LNG Carrier,83658.0,0.426,0.492,1151.0,1.2,1.0,Maritime Blockade Threats
2025-04-21,Strait of Malacca,VLCC,40756.0,0.385,0.504,1140.0,1.1,2.3,Maritime Blockade Threats
2025-04-21,Strait of Malacca,Suezmax,26296.0,0.418,0.583,1066.0,1.2,0.6,Maritime Blockade Threats
2025-04-21,Strait of Malacca,Aframax,17736.0,0.361,0.522,1084.0,1.1,1.6,Maritime Blockade Threats
2025-04-21,Strait of Malacca,LNG Carrier,51568.0,0.363,0.513,1163.0,1.2,1.8,Maritime Blockade Threats
2025-04-21,Cape of Good Hope (reroute),VLCC,80146.0,0.41,0.505,1069.0,15.4,1.3,Maritime Blockade Threats
2025-04-21,Cape of Good Hope (reroute),Suezmax,53605.0,0.416,0.491,1080.0,15.5,0.8,Maritime Blockade Threats
2025-04-21,Cape of Good Hope (reroute),Aframax,40691.0,0.349,0.539,1064.0,14.8,2.5,Maritime Blockade Threats
2025-04-21,Cape of Good Hope (reroute),LNG Carrier,109241.0,0.386,0.559,1154.0,16.9,1.1,Maritime Blockade Threats
2025-04-21,Persian Gulf – East China Sea,VLCC,67346.0,0.413,0.513,1077.0,8.9,1.1,Maritime Blockade Threats
2025-04-21,Persian Gulf – East China Sea,Suezmax,44986.0,0.397,0.564,1109.0,9.6,1.0,Maritime Blockade Threats
2025-04-21,Persian Gulf – East China Sea,Aframax,34040.0,0.344,0.479,1175.0,8.4,1.4,Maritime Blockade Threats
2025-04-21,Persian Gulf – East China Sea,LNG Carrier,93376.0,0.41,0.502,1069.0,10.2,2.6,Maritime Blockade Threats
2025-04-21,Persian Gulf – Bay of Bengal,VLCC,45589.0,0.398,0.484,1138.0,8.7,2.2,Maritime Blockade Threats
2025-04-21,Persian Gulf – Bay of Bengal,Suezmax,36040.0,0.383,0.495,1135.0,9.6,0.9,Maritime Blockade Threats
2025-04-21,Persian Gulf – Bay of Bengal,Aframax,22651.0,0.394,0.565,1165.0,8.5,1.4,Maritime Blockade Threats
2025-04-21,Persian Gulf – Bay of Bengal,LNG Carrier,65494.0,0.422,0.488,1124.0,8.8,1.1,Maritime Blockade Threats
2025-04-21,Persian Gulf – Sea of Japan,VLCC,67224.0,0.388,0.548,1075.0,9.4,1.3,Maritime Blockade Threats
2025-04-21,Persian Gulf – Sea of Japan,Suezmax,51300.0,0.415,0.534,1182.0,9.8,1.9,Maritime Blockade Threats
2025-04-21,Persian Gulf – Sea of Japan,Aframax,36982.0,0.388,0.518,1116.0,8.6,1.0,Maritime Blockade Threats
2025-04-21,Persian Gulf – Sea of Japan,LNG Carrier,84264.0,0.395,0.522,1146.0,9.7,0.4,Maritime Blockade Threats
2025-04-21,Aden Gulf – Indian Ocean,VLCC,42789.0,0.35,0.493,1136.0,9.8,1.0,Maritime Blockade Threats
2025-04-21,Aden Gulf – Indian Ocean,Suezmax,30252.0,0.372,0.57,1129.0,9.5,2.1,Maritime Blockade Threats
2025-04-21,Aden Gulf – Indian Ocean,Aframax,23894.0,0.343,0.556,1149.0,9.4,1.6,Maritime Blockade Threats
2025-04-21,Aden Gulf – Indian Ocean,LNG Carrier,61679.0,0.352,0.55,1055.0,9.8,2.7,Maritime Blockade Threats
2025-04-21,Arabian Sea – South China Sea,VLCC,54834.0,0.426,0.539,1113.0,9.8,2.6,Maritime Blockade Threats
2025-04-21,Arabian Sea – South China Sea,Suezmax,35176.0,0.423,0.565,1169.0,9.9,1.7,Maritime Blockade Threats
2025-04-21,Arabian Sea – South China Sea,Aframax,23653.0,0.352,0.57,1117.0,9.0,1.9,Maritime Blockade Threats
2025-04-21,Arabian Sea – South China Sea,LNG Carrier,69266.0,0.356,0.504,1142.0,9.3,1.9,Maritime Blockade Threats
2025-04-28,Strait of Hormuz,VLCC,62008.0,0.878,0.937,1084.0,2.2,7.6,Maritime Blockade Threats
2025-04-28,Strait of Hormuz,Suezmax,41017.0,1.018,0.955,1145.0,2.5,9.9,Maritime Blockade Threats
2025-04-28,Strait of Hormuz,Aframax,29268.0,0.878,1.038,1061.0,2.4,7.5,Maritime Blockade Threats
2025-04-28,Strait of Hormuz,LNG Carrier,79371.0,1.013,1.063,1077.0,2.4,4.8,Maritime Blockade Threats
2025-04-28,Bab el-Mandeb / Red Sea,VLCC,54367.0,0.878,1.045,1109.0,2.2,3.2,Maritime Blockade Threats
2025-04-28,Bab el-Mandeb / Red Sea,Suezmax,40366.0,0.976,0.874,1104.0,2.3,9.8,Maritime Blockade Threats
2025-04-28,Bab el-Mandeb / Red Sea,Aframax,25123.0,0.862,1.062,1165.0,2.2,7.3,Maritime Blockade Threats
2025-04-28,Bab el-Mandeb / Red Sea,LNG Carrier,74172.0,0.887,0.98,1097.0,2.3,7.3,Maritime Blockade Threats
2025-04-28,Suez Canal,VLCC,65409.0,0.42,0.545,1145.0,1.1,1.2,Maritime Blockade Threats
2025-04-28,Suez Canal,Suezmax,43016.0,0.341,0.54,1088.0,1.2,2.0,Maritime Blockade Threats
2025-04-28,Suez Canal,Aframax,31545.0,0.376,0.514,1129.0,1.1,2.2,Maritime Blockade Threats
2025-04-28,Suez Canal,LNG Carrier,80023.0,0.414,0.545,1133.0,1.2,1.7,Maritime Blockade Threats
2025-04-28,Strait of Malacca,VLCC,37241.0,0.396,0.49,1097.0,1.1,1.6,Maritime Blockade Threats
2025-04-28,Strait of Malacca,Suezmax,28931.0,0.345,0.527,1068.0,1.1,1.7,Maritime Blockade Threats
2025-04-28,Strait of Malacca,Aframax,20443.0,0.38,0.536,1174.0,1.1,2.7,Maritime Blockade Threats
2025-04-28,Strait of Malacca,LNG Carrier,46655.0,0.37,0.519,1161.0,1.2,1.8,Maritime Blockade Threats
2025-04-28,Cape of Good Hope (reroute),VLCC,82746.0,0.418,0.48,1133.0,15.2,1.9,Maritime Blockade Threats
2025-04-28,Cape of Good Hope (reroute),Suezmax,54370.0,0.344,0.516,1088.0,15.6,0.5,Maritime Blockade Threats
2025-04-28,Cape of Good Hope (reroute),Aframax,43745.0,0.42,0.513,1131.0,16.9,2.6,Maritime Blockade Threats
2025-04-28,Cape of Good Hope (reroute),LNG Carrier,115646.0,0.425,0.576,1109.0,15.2,0.6,Maritime Blockade Threats
2025-04-28,Persian Gulf – East China Sea,VLCC,62555.0,0.387,0.58,1167.0,10.1,0.6,Maritime Blockade Threats
2025-04-28,Persian Gulf – East China Sea,Suezmax,49693.0,0.409,0.56,1126.0,9.6,0.8,Maritime Blockade Threats
2025-04-28,Persian Gulf – East China Sea,Aframax,30971.0,0.37,0.542,1159.0,10.0,2.1,Maritime Blockade Threats
2025-04-28,Persian Gulf – East China Sea,LNG Carrier,90906.0,0.381,0.536,1088.0,9.8,1.2,Maritime Blockade Threats
2025-04-28,Persian Gulf – Bay of Bengal,VLCC,49552.0,0.385,0.52,1118.0,9.9,1.4,Maritime Blockade Threats
2025-04-28,Persian Gulf – Bay of Bengal,Suezmax,32791.0,0.386,0.541,1155.0,9.3,0.6,Maritime Blockade Threats
2025-04-28,Persian Gulf – Bay of Bengal,Aframax,25838.0,0.38,0.54,1158.0,9.8,1.9,Maritime Blockade Threats
2025-04-28,Persian Gulf – Bay of Bengal,LNG Carrier,66514.0,0.404,0.483,1081.0,9.0,1.6,Maritime Blockade Threats
2025-04-28,Persian Gulf – Sea of Japan,VLCC,70383.0,0.399,0.527,1102.0,9.7,2.5,Maritime Blockade Threats
2025-04-28,Persian Gulf – Sea of Japan,Suezmax,49082.0,0.399,0.522,1055.0,9.2,1.7,Maritime Blockade Threats
2025-04-28,Persian Gulf – Sea of Japan,Aframax,34417.0,0.348,0.545,1096.0,10.0,2.4,Maritime Blockade Threats
2025-04-28,Persian Gulf – Sea of Japan,LNG Carrier,96546.0,0.351,0.487,1159.0,10.2,1.8,Maritime Blockade Threats
2025-04-28,Aden Gulf – Indian Ocean,VLCC,48331.0,0.358,0.526,1162.0,9.1,1.3,Maritime Blockade Threats
2025-04-28,Aden Gulf – Indian Ocean,Suezmax,29134.0,0.384,0.541,1056.0,8.5,0.8,Maritime Blockade Threats
2025-04-28,Aden Gulf – Indian Ocean,Aframax,22295.0,0.388,0.533,1096.0,9.1,1.4,Maritime Blockade Threats
2025-04-28,Aden Gulf – Indian Ocean,LNG Carrier,61386.0,0.362,0.502,1177.0,8.6,1.5,Maritime Blockade Threats
2025-04-28,Arabian Sea – South China Sea,VLCC,54428.0,0.376,0.517,1169.0,10.1,0.8,Maritime Blockade Threats
2025-04-28,Arabian Sea – South China Sea,Suezmax,35375.0,0.392,0.499,1173.0,8.6,1.9,Maritime Blockade Threats
2025-04-28,Arabian Sea – South China Sea,Aframax,25666.0,0.378,0.559,1169.0,9.4,1.6,Maritime Blockade Threats
2025-04-28,Arabian Sea – South China Sea,LNG Carrier,65344.0,0.426,0.575,1183.0,9.2,1.6,Maritime Blockade Threats
2025-05-05,Strait of Hormuz,VLCC,54792.0,0.859,1.018,1107.0,2.3,10.0,Maritime Blockade Threats
2025-05-05,Strait of Hormuz,Suezmax,38798.0,0.957,0.884,1170.0,2.2,9.2,Maritime Blockade Threats
2025-05-05,Strait of Hormuz,Aframax,30966.0,0.972,0.888,1173.0,2.3,9.5,Maritime Blockade Threats
2025-05-05,Strait of Hormuz,LNG Carrier,71586.0,0.941,1.035,1145.0,2.1,4.4,Maritime Blockade Threats
2025-05-05,Bab el-Mandeb / Red Sea,VLCC,54329.0,0.932,1.052,1144.0,2.4,2.0,Maritime Blockade Threats
2025-05-05,Bab el-Mandeb / Red Sea,Suezmax,38979.0,0.95,0.984,1182.0,2.5,3.3,Maritime Blockade Threats
2025-05-05,Bab el-Mandeb / Red Sea,Aframax,25105.0,0.945,1.043,1097.0,2.4,8.2,Maritime Blockade Threats
2025-05-05,Bab el-Mandeb / Red Sea,LNG Carrier,65970.0,0.852,0.919,1071.0,2.5,6.1,Maritime Blockade Threats
2025-05-05,Suez Canal,VLCC,60430.0,0.353,0.542,1070.0,1.3,2.2,Maritime Blockade Threats
2025-05-05,Suez Canal,Suezmax,40849.0,0.359,0.525,1180.0,1.2,0.7,Maritime Blockade Threats
2025-05-05,Suez Canal,Aframax,29448.0,0.426,0.51,1145.0,1.1,2.0,Maritime Blockade Threats
2025-05-05,Suez Canal,LNG Carrier,76544.0,0.363,0.562,1134.0,1.1,1.6,Maritime Blockade Threats
2025-05-05,Strait of Malacca,VLCC,37773.0,0.392,0.524,1077.0,1.1,0.5,Maritime Blockade Threats
2025-05-05,Strait of Malacca,Suezmax,25834.0,0.387,0.479,1051.0,1.2,2.7,Maritime Blockade Threats
2025-05-05,Strait of Malacca,Aframax,20305.0,0.364,0.495,1124.0,1.2,1.0,Maritime Blockade Threats
2025-05-05,Strait of Malacca,LNG Carrier,51618.0,0.422,0.53,1094.0,1.3,1.7,Maritime Blockade Threats
2025-05-05,Cape of Good Hope (reroute),VLCC,77603.0,0.36,0.49,1148.0,15.7,1.2,Maritime Blockade Threats
2025-05-05,Cape of Good Hope (reroute),Suezmax,60350.0,0.425,0.547,1100.0,17.6,1.4,Maritime Blockade Threats
2025-05-05,Cape of Good Hope (reroute),Aframax,44829.0,0.357,0.48,1054.0,15.8,2.1,Maritime Blockade Threats
2025-05-05,Cape of Good Hope (reroute),LNG Carrier,100554.0,0.359,0.569,1161.0,15.7,0.7,Maritime Blockade Threats
2025-05-05,Persian Gulf – East China Sea,VLCC,70362.0,0.401,0.56,1099.0,9.5,0.5,Maritime Blockade Threats
2025-05-05,Persian Gulf – East China Sea,Suezmax,48932.0,0.342,0.495,1156.0,10.2,0.7,Maritime Blockade Threats
2025-05-05,Persian Gulf – East China Sea,Aframax,32012.0,0.346,0.496,1096.0,9.2,1.9,Maritime Blockade Threats
2025-05-05,Persian Gulf – East China Sea,LNG Carrier,79681.0,0.396,0.517,1114.0,9.2,1.2,Maritime Blockade Threats
2025-05-05,Persian Gulf – Bay of Bengal,VLCC,45975.0,0.372,0.51,1149.0,10.0,2.1,Maritime Blockade Threats
2025-05-05,Persian Gulf – Bay of Bengal,Suezmax,32800.0,0.414,0.563,1117.0,9.1,1.4,Maritime Blockade Threats
2025-05-05,Persian Gulf – Bay of Bengal,Aframax,23994.0,0.377,0.535,1124.0,9.9,1.9,Maritime Blockade Threats
2025-05-05,Persian Gulf – Bay of Bengal,LNG Carrier,65594.0,0.339,0.578,1128.0,9.8,2.5,Maritime Blockade Threats
2025-05-05,Persian Gulf – Sea of Japan,VLCC,74795.0,0.39,0.561,1139.0,9.2,2.5,Maritime Blockade Threats
2025-05-05,Persian Gulf – Sea of Japan,Suezmax,46915.0,0.388,0.514,1137.0,9.1,1.8,Maritime Blockade Threats
2025-05-05,Persian Gulf – Sea of Japan,Aframax,34324.0,0.367,0.556,1060.0,9.4,0.6,Maritime Blockade Threats
2025-05-05,Persian Gulf – Sea of Japan,LNG Carrier,86068.0,0.406,0.512,1063.0,9.5,0.4,Maritime Blockade Threats
2025-05-05,Aden Gulf – Indian Ocean,VLCC,45522.0,0.413,0.515,1149.0,9.6,1.4,Maritime Blockade Threats
2025-05-05,Aden Gulf – Indian Ocean,Suezmax,29878.0,0.34,0.557,1118.0,9.8,2.7,Maritime Blockade Threats
2025-05-05,Aden Gulf – Indian Ocean,Aframax,23767.0,0.422,0.518,1083.0,8.6,1.2,Maritime Blockade Threats
2025-05-05,Aden Gulf – Indian Ocean,LNG Carrier,61631.0,0.428,0.577,1111.0,9.3,0.6,Maritime Blockade Threats
2025-05-05,Arabian Sea – South China Sea,VLCC,54718.0,0.376,0.524,1089.0,9.1,0.8,Maritime Blockade Threats
2025-05-05,Arabian Sea – South China Sea,Suezmax,33874.0,0.369,0.555,1165.0,8.5,2.8,Maritime Blockade Threats
2025-05-05,Arabian Sea – South China Sea,Aframax,27055.0,0.394,0.522,1117.0,9.9,1.0,Maritime Blockade Threats
2025-05-05,Arabian Sea – South China Sea,LNG Carrier,68881.0,0.338,0.534,1126.0,9.0,2.6,Maritime Blockade Threats
2025-05-12,Strait of Hormuz,VLCC,59870.0,0.934,0.966,1154.0,2.1,10.3,Maritime Blockade Threats
2025-05-12,Strait of Hormuz,Suezmax,38311.0,0.985,0.957,1174.0,2.4,8.1,Maritime Blockade Threats
2025-05-12,Strait of Hormuz,Aframax,28690.0,0.857,0.898,1106.0,2.3,2.8,Maritime Blockade Threats
2025-05-12,Strait of Hormuz,LNG Carrier,79407.0,0.923,0.928,1119.0,2.5,11.1,Maritime Blockade Threats
2025-05-12,Bab el-Mandeb / Red Sea,VLCC,54753.0,1.049,0.892,1160.0,2.1,6.9,Maritime Blockade Threats
2025-05-12,Bab el-Mandeb / Red Sea,Suezmax,40428.0,0.978,1.015,1088.0,2.5,9.2,Maritime Blockade Threats
2025-05-12,Bab el-Mandeb / Red Sea,Aframax,28245.0,0.849,1.02,1068.0,2.1,10.7,Maritime Blockade Threats
2025-05-12,Bab el-Mandeb / Red Sea,LNG Carrier,69402.0,0.848,0.962,1166.0,2.2,8.8,Maritime Blockade Threats
2025-05-12,Suez Canal,VLCC,63656.0,0.417,0.55,1174.0,1.1,1.1,Maritime Blockade Threats
2025-05-12,Suez Canal,Suezmax,42194.0,0.351,0.482,1142.0,1.2,2.7,Maritime Blockade Threats
2025-05-12,Suez Canal,Aframax,30805.0,0.424,0.556,1064.0,1.3,1.7,Maritime Blockade Threats
2025-05-12,Suez Canal,LNG Carrier,79673.0,0.366,0.521,1072.0,1.2,0.5,Maritime Blockade Threats
2025-05-12,Strait of Malacca,VLCC,37723.0,0.388,0.507,1057.0,1.1,2.3,Maritime Blockade Threats
2025-05-12,Strait of Malacca,Suezmax,27235.0,0.411,0.505,1057.0,1.2,0.8,Maritime Blockade Threats
2025-05-12,Strait of Malacca,Aframax,18838.0,0.401,0.582,1050.0,1.2,1.3,Maritime Blockade Threats
2025-05-12,Strait of Malacca,LNG Carrier,49268.0,0.362,0.583,1154.0,1.1,1.1,Maritime Blockade Threats
2025-05-12,Cape of Good Hope (reroute),VLCC,84889.0,0.409,0.548,1127.0,17.5,0.6,Maritime Blockade Threats
2025-05-12,Cape of Good Hope (reroute),Suezmax,61993.0,0.382,0.532,1134.0,15.9,1.7,Maritime Blockade Threats
2025-05-12,Cape of Good Hope (reroute),Aframax,38430.0,0.399,0.499,1111.0,15.1,2.4,Maritime Blockade Threats
2025-05-12,Cape of Good Hope (reroute),LNG Carrier,111358.0,0.409,0.553,1143.0,15.4,1.4,Maritime Blockade Threats
2025-05-12,Persian Gulf – East China Sea,VLCC,61631.0,0.414,0.575,1147.0,9.9,2.7,Maritime Blockade Threats
2025-05-12,Persian Gulf – East China Sea,Suezmax,48018.0,0.38,0.502,1162.0,9.6,2.1,Maritime Blockade Threats
2025-05-12,Persian Gulf – East China Sea,Aframax,32369.0,0.366,0.513,1080.0,9.4,2.4,Maritime Blockade Threats
2025-05-12,Persian Gulf – East China Sea,LNG Carrier,85159.0,0.365,0.518,1133.0,9.2,1.0,Maritime Blockade Threats
2025-05-12,Persian Gulf – Bay of Bengal,VLCC,46051.0,0.397,0.486,1118.0,9.2,1.8,Maritime Blockade Threats
2025-05-12,Persian Gulf – Bay of Bengal,Suezmax,33299.0,0.358,0.561,1156.0,9.8,2.1,Maritime Blockade Threats
2025-05-12,Persian Gulf – Bay of Bengal,Aframax,22873.0,0.371,0.491,1164.0,9.2,1.8,Maritime Blockade Threats
2025-05-12,Persian Gulf – Bay of Bengal,LNG Carrier,59670.0,0.369,0.564,1073.0,9.2,1.3,Maritime Blockade Threats
2025-05-12,Persian Gulf – Sea of Japan,VLCC,74717.0,0.362,0.551,1182.0,8.6,1.7,Maritime Blockade Threats
2025-05-12,Persian Gulf – Sea of Japan,Suezmax,49755.0,0.374,0.477,1148.0,8.4,2.4,Maritime Blockade Threats
2025-05-12,Persian Gulf – Sea of Japan,Aframax,36031.0,0.422,0.48,1055.0,8.9,1.6,Maritime Blockade Threats
2025-05-12,Persian Gulf – Sea of Japan,LNG Carrier,84968.0,0.357,0.502,1138.0,8.6,1.6,Maritime Blockade Threats
2025-05-12,Aden Gulf – Indian Ocean,VLCC,42579.0,0.394,0.54,1124.0,9.2,2.3,Maritime Blockade Threats
2025-05-12,Aden Gulf – Indian Ocean,Suezmax,33323.0,0.425,0.519,1179.0,9.7,2.8,Maritime Blockade Threats
2025-05-12,Aden Gulf – Indian Ocean,Aframax,22077.0,0.406,0.521,1081.0,9.4,2.6,Maritime Blockade Threats
2025-05-12,Aden Gulf – Indian Ocean,LNG Carrier,55409.0,0.359,0.569,1100.0,9.0,2.5,Maritime Blockade Threats
2025-05-12,Arabian Sea – South China Sea,VLCC,48359.0,0.385,0.511,1103.0,9.9,2.8,Maritime Blockade Threats
2025-05-12,Arabian Sea – South China Sea,Suezmax,38270.0,0.356,0.517,1108.0,9.6,2.2,Maritime Blockade Threats
2025-05-12,Arabian Sea – South China Sea,Aframax,23735.0,0.355,0.536,1129.0,8.5,1.4,Maritime Blockade Threats
2025-05-12,Arabian Sea – South China Sea,LNG Carrier,61346.0,0.401,0.553,1128.0,8.4,1.4,Maritime Blockade Threats
2025-05-19,Strait of Hormuz,VLCC,58731.0,0.881,1.007,1109.0,2.5,6.9,Maritime Blockade Threats
2025-05-19,Strait of Hormuz,Suezmax,42571.0,0.879,0.955,1086.0,2.4,8.3,Maritime Blockade Threats
2025-05-19,Strait of Hormuz,Aframax,28645.0,1.0,1.01,1125.0,2.5,7.9,Maritime Blockade Threats
2025-05-19,Strait of Hormuz,LNG Carrier,80705.0,1.03,0.933,1171.0,2.1,6.9,Maritime Blockade Threats
2025-05-19,Bab el-Mandeb / Red Sea,VLCC,55849.0,0.969,1.056,1121.0,2.3,6.4,Maritime Blockade Threats
2025-05-19,Bab el-Mandeb / Red Sea,Suezmax,37945.0,0.975,0.929,1062.0,2.4,8.1,Maritime Blockade Threats
2025-05-19,Bab el-Mandeb / Red Sea,Aframax,26614.0,0.946,1.022,1129.0,2.1,10.7,Maritime Blockade Threats
2025-05-19,Bab el-Mandeb / Red Sea,LNG Carrier,74081.0,0.895,0.961,1125.0,2.2,10.4,Maritime Blockade Threats
2025-05-19,Suez Canal,VLCC,64660.0,0.388,0.494,1069.0,1.1,0.7,Maritime Blockade Threats
2025-05-19,Suez Canal,Suezmax,39857.0,0.352,0.508,1054.0,1.1,0.5,Maritime Blockade Threats
2025-05-19,Suez Canal,Aframax,28837.0,0.422,0.477,1146.0,1.2,2.5,Maritime Blockade Threats
2025-05-19,Suez Canal,LNG Carrier,78709.0,0.341,0.529,1122.0,1.2,2.0,Maritime Blockade Threats
2025-05-19,Strait of Malacca,VLCC,35739.0,0.368,0.524,1158.0,1.1,2.0,Maritime Blockade Threats
2025-05-19,Strait of Malacca,Suezmax,26363.0,0.399,0.58,1167.0,1.2,0.9,Maritime Blockade Threats
2025-05-19,Strait of Malacca,Aframax,19852.0,0.403,0.535,1146.0,1.1,0.5,Maritime Blockade Threats
2025-05-19,Strait of Malacca,LNG Carrier,48647.0,0.392,0.507,1109.0,1.2,2.3,Maritime Blockade Threats
2025-05-19,Cape of Good Hope (reroute),VLCC,78208.0,0.372,0.582,1107.0,15.9,1.4,Maritime Blockade Threats
2025-05-19,Cape of Good Hope (reroute),Suezmax,62774.0,0.42,0.576,1099.0,14.6,1.3,Maritime Blockade Threats
2025-05-19,Cape of Good Hope (reroute),Aframax,43526.0,0.364,0.484,1154.0,15.3,2.5,Maritime Blockade Threats
2025-05-19,Cape of Good Hope (reroute),LNG Carrier,110700.0,0.429,0.57,1170.0,15.4,1.5,Maritime Blockade Threats
2025-05-19,Persian Gulf – East China Sea,VLCC,66097.0,0.403,0.551,1181.0,8.6,2.4,Maritime Blockade Threats
2025-05-19,Persian Gulf – East China Sea,Suezmax,49195.0,0.43,0.49,1179.0,9.3,2.3,Maritime Blockade Threats
2025-05-19,Persian Gulf – East China Sea,Aframax,34559.0,0.404,0.547,1153.0,9.9,0.7,Maritime Blockade Threats
2025-05-19,Persian Gulf – East China Sea,LNG Carrier,90339.0,0.395,0.494,1091.0,8.7,2.7,Maritime Blockade Threats
2025-05-19,Persian Gulf – Bay of Bengal,VLCC,48186.0,0.364,0.548,1112.0,9.9,0.8,Maritime Blockade Threats
2025-05-19,Persian Gulf – Bay of Bengal,Suezmax,33619.0,0.354,0.493,1118.0,10.2,0.7,Maritime Blockade Threats
2025-05-19,Persian Gulf – Bay of Bengal,Aframax,26142.0,0.42,0.557,1181.0,8.8,2.6,Maritime Blockade Threats
2025-05-19,Persian Gulf – Bay of Bengal,LNG Carrier,59708.0,0.421,0.576,1136.0,8.4,1.8,Maritime Blockade Threats
2025-05-19,Persian Gulf – Sea of Japan,VLCC,74843.0,0.364,0.55,1162.0,9.2,2.0,Maritime Blockade Threats
2025-05-19,Persian Gulf – Sea of Japan,Suezmax,47232.0,0.412,0.565,1052.0,8.7,1.2,Maritime Blockade Threats
2025-05-19,Persian Gulf – Sea of Japan,Aframax,34543.0,0.372,0.481,1138.0,9.9,0.6,Maritime Blockade Threats
2025-05-19,Persian Gulf – Sea of Japan,LNG Carrier,98687.0,0.386,0.499,1129.0,8.8,1.1,Maritime Blockade Threats
2025-05-19,Aden Gulf – Indian Ocean,VLCC,45873.0,0.41,0.572,1108.0,8.9,1.9,Maritime Blockade Threats
2025-05-19,Aden Gulf – Indian Ocean,Suezmax,32730.0,0.412,0.524,1176.0,9.9,2.7,Maritime Blockade Threats
2025-05-19,Aden Gulf – Indian Ocean,Aframax,21829.0,0.422,0.497,1112.0,9.1,1.4,Maritime Blockade Threats
2025-05-19,Aden Gulf – Indian Ocean,LNG Carrier,58299.0,0.375,0.525,1095.0,9.8,2.3,Maritime Blockade Threats
2025-05-19,Arabian Sea – South China Sea,VLCC,50595.0,0.339,0.486,1161.0,9.5,1.2,Maritime Blockade Threats
2025-05-19,Arabian Sea – South China Sea,Suezmax,35921.0,0.422,0.57,1084.0,8.5,2.0,Maritime Blockade Threats
2025-05-19,Arabian Sea – South China Sea,Aframax,26327.0,0.427,0.579,1072.0,9.4,2.3,Maritime Blockade Threats
2025-05-19,Arabian Sea – South China Sea,LNG Carrier,65749.0,0.387,0.53,1069.0,8.6,1.2,Maritime Blockade Threats
2025-05-26,Strait of Hormuz,VLCC,58167.0,1.031,0.888,1153.0,2.3,8.1,Maritime Blockade Threats
2025-05-26,Strait of Hormuz,Suezmax,38315.0,0.989,1.006,1136.0,2.3,4.5,Maritime Blockade Threats
2025-05-26,Strait of Hormuz,Aframax,26595.0,0.879,0.936,1124.0,2.4,7.0,Maritime Blockade Threats
2025-05-26,Strait of Hormuz,LNG Carrier,72210.0,1.066,1.017,1178.0,2.3,1.7,Maritime Blockade Threats
2025-05-26,Bab el-Mandeb / Red Sea,VLCC,50100.0,0.997,1.028,1077.0,2.5,2.4,Maritime Blockade Threats
2025-05-26,Bab el-Mandeb / Red Sea,Suezmax,35852.0,0.943,0.981,1074.0,2.4,7.5,Maritime Blockade Threats
2025-05-26,Bab el-Mandeb / Red Sea,Aframax,26427.0,0.855,0.931,1108.0,2.3,4.4,Maritime Blockade Threats
2025-05-26,Bab el-Mandeb / Red Sea,LNG Carrier,65789.0,0.988,0.932,1153.0,2.2,10.4,Maritime Blockade Threats
2025-05-26,Suez Canal,VLCC,66101.0,0.379,0.581,1085.0,1.1,2.4,Maritime Blockade Threats
2025-05-26,Suez Canal,Suezmax,44118.0,0.387,0.505,1125.0,1.3,0.6,Maritime Blockade Threats
2025-05-26,Suez Canal,Aframax,31440.0,0.429,0.554,1166.0,1.3,1.6,Maritime Blockade Threats
2025-05-26,Suez Canal,LNG Carrier,73512.0,0.424,0.558,1091.0,1.2,0.7,Maritime Blockade Threats
2025-05-26,Strait of Malacca,VLCC,40672.0,0.413,0.526,1115.0,1.1,1.2,Maritime Blockade Threats
2025-05-26,Strait of Malacca,Suezmax,28241.0,0.426,0.503,1119.0,1.1,1.2,Maritime Blockade Threats
2025-05-26,Strait of Malacca,Aframax,20123.0,0.421,0.485,1115.0,1.1,2.0,Maritime Blockade Threats
2025-05-26,Strait of Malacca,LNG Carrier,46085.0,0.405,0.567,1180.0,1.1,0.6,Maritime Blockade Threats
2025-05-26,Cape of Good Hope (reroute),VLCC,84175.0,0.389,0.487,1083.0,17.0,1.6,Maritime Blockade Threats
2025-05-26,Cape of Good Hope (reroute),Suezmax,60041.0,0.371,0.573,1174.0,16.1,2.3,Maritime Blockade Threats
2025-05-26,Cape of Good Hope (reroute),Aframax,44902.0,0.411,0.58,1053.0,16.6,2.8,Maritime Blockade Threats
2025-05-26,Cape of Good Hope (reroute),LNG Carrier,100202.0,0.34,0.55,1128.0,15.6,0.8,Maritime Blockade Threats
2025-05-26,Persian Gulf – East China Sea,VLCC,71394.0,0.392,0.542,1066.0,8.7,2.2,Maritime Blockade Threats
2025-05-26,Persian Gulf – East China Sea,Suezmax,48216.0,0.389,0.563,1138.0,9.3,2.1,Maritime Blockade Threats
2025-05-26,Persian Gulf – East China Sea,Aframax,32257.0,0.357,0.508,1090.0,8.4,1.8,Maritime Blockade Threats
2025-05-26,Persian Gulf – East China Sea,LNG Carrier,83260.0,0.341,0.565,1127.0,9.3,0.6,Maritime Blockade Threats
2025-05-26,Persian Gulf – Bay of Bengal,VLCC,51367.0,0.417,0.506,1156.0,8.5,2.0,Maritime Blockade Threats
2025-05-26,Persian Gulf – Bay of Bengal,Suezmax,31891.0,0.39,0.532,1079.0,8.4,1.4,Maritime Blockade Threats
2025-05-26,Persian Gulf – Bay of Bengal,Aframax,26220.0,0.417,0.524,1177.0,8.5,2.3,Maritime Blockade Threats
2025-05-26,Persian Gulf – Bay of Bengal,LNG Carrier,65960.0,0.41,0.572,1082.0,8.5,1.9,Maritime Blockade Threats
2025-05-26,Persian Gulf – Sea of Japan,VLCC,65820.0,0.419,0.58,1179.0,10.1,2.6,Maritime Blockade Threats
2025-05-26,Persian Gulf – Sea of Japan,Suezmax,48626.0,0.372,0.528,1142.0,10.0,2.3,Maritime Blockade Threats
2025-05-26,Persian Gulf – Sea of Japan,Aframax,32402.0,0.397,0.575,1061.0,10.1,0.6,Maritime Blockade Threats
2025-05-26,Persian Gulf – Sea of Japan,LNG Carrier,98149.0,0.393,0.552,1174.0,9.1,0.5,Maritime Blockade Threats
2025-05-26,Aden Gulf – Indian Ocean,VLCC,47770.0,0.371,0.54,1122.0,9.7,0.6,Maritime Blockade Threats
2025-05-26,Aden Gulf – Indian Ocean,Suezmax,31592.0,0.345,0.531,1099.0,8.7,1.4,Maritime Blockade Threats
2025-05-26,Aden Gulf – Indian Ocean,Aframax,21618.0,0.403,0.481,1182.0,9.8,0.6,Maritime Blockade Threats
2025-05-26,Aden Gulf – Indian Ocean,LNG Carrier,59271.0,0.373,0.479,1098.0,9.0,0.9,Maritime Blockade Threats
2025-05-26,Arabian Sea – South China Sea,VLCC,53749.0,0.399,0.484,1071.0,8.5,0.9,Maritime Blockade Threats
2025-05-26,Arabian Sea – South China Sea,Suezmax,36528.0,0.415,0.569,1179.0,8.4,1.5,Maritime Blockade Threats
2025-05-26,Arabian Sea – South China Sea,Aframax,24264.0,0.413,0.521,1106.0,9.6,0.9,Maritime Blockade Threats
2025-05-26,Arabian Sea – South China Sea,LNG Carrier,67378.0,0.361,0.53,1125.0,9.4,1.6,Maritime Blockade Threats
2025-06-02,Strait of Hormuz,VLCC,61192.0,0.855,1.053,1178.0,2.3,10.5,Maritime Blockade Threats
2025-06-02,Strait of Hormuz,Suezmax,38326.0,1.033,0.875,1074.0,2.2,6.3,Maritime Blockade Threats
2025-06-02,Strait of Hormuz,Aframax,30978.0,1.05,1.033,1080.0,2.4,5.8,Maritime Blockade Threats
2025-06-02,Strait of Hormuz,LNG Carrier,70167.0,0.883,0.965,1178.0,2.4,8.6,Maritime Blockade Threats
2025-06-02,Bab el-Mandeb / Red Sea,VLCC,50678.0,0.865,0.9,1097.0,2.2,7.1,Maritime Blockade Threats
2025-06-02,Bab el-Mandeb / Red Sea,Suezmax,40381.0,0.938,0.921,1073.0,2.1,3.5,Maritime Blockade Threats
2025-06-02,Bab el-Mandeb / Red Sea,Aframax,26638.0,0.937,0.971,1165.0,2.2,6.3,Maritime Blockade Threats
2025-06-02,Bab el-Mandeb / Red Sea,LNG Carrier,69006.0,0.907,1.0,1053.0,2.4,2.5,Maritime Blockade Threats
2025-06-02,Suez Canal,VLCC,65977.0,0.426,0.537,1168.0,1.2,2.6,Maritime Blockade Threats
2025-06-02,Suez Canal,Suezmax,40082.0,0.381,0.531,1068.0,1.2,1.7,Maritime Blockade Threats
2025-06-02,Suez Canal,Aframax,31662.0,0.406,0.532,1091.0,1.1,1.8,Maritime Blockade Threats
2025-06-02,Suez Canal,LNG Carrier,76353.0,0.388,0.553,1140.0,1.2,2.1,Maritime Blockade Threats
2025-06-02,Strait of Malacca,VLCC,40915.0,0.355,0.518,1102.0,1.2,2.1,Maritime Blockade Threats
2025-06-02,Strait of Malacca,Suezmax,28040.0,0.427,0.578,1096.0,1.2,0.4,Maritime Blockade Threats
2025-06-02,Strait of Malacca,Aframax,20155.0,0.361,0.559,1166.0,1.3,1.0,Maritime Blockade Threats
2025-06-02,Strait of Malacca,LNG Carrier,51057.0,0.42,0.531,1056.0,1.0,1.7,Maritime Blockade Threats
2025-06-02,Cape of Good Hope (reroute),VLCC,89203.0,0.361,0.575,1082.0,14.8,2.1,Maritime Blockade Threats
2025-06-02,Cape of Good Hope (reroute),Suezmax,56353.0,0.339,0.545,1083.0,16.5,1.5,Maritime Blockade Threats
2025-06-02,Cape of Good Hope (reroute),Aframax,39062.0,0.403,0.58,1152.0,17.3,1.1,Maritime Blockade Threats
2025-06-02,Cape of Good Hope (reroute),LNG Carrier,105784.0,0.426,0.513,1166.0,17.6,1.0,Maritime Blockade Threats
2025-06-02,Persian Gulf – East China Sea,VLCC,65543.0,0.359,0.576,1154.0,9.0,1.7,Maritime Blockade Threats
2025-06-02,Persian Gulf – East China Sea,Suezmax,43247.0,0.38,0.556,1057.0,8.8,1.2,Maritime Blockade Threats
2025-06-02,Persian Gulf – East China Sea,Aframax,32198.0,0.4,0.514,1171.0,9.0,1.1,Maritime Blockade Threats
2025-06-02,Persian Gulf – East China Sea,LNG Carrier,79864.0,0.416,0.503,1105.0,8.7,2.2,Maritime Blockade Threats
2025-06-02,Persian Gulf – Bay of Bengal,VLCC,48366.0,0.349,0.564,1176.0,10.0,2.5,Maritime Blockade Threats
2025-06-02,Persian Gulf – Bay of Bengal,Suezmax,31679.0,0.426,0.527,1057.0,9.7,1.9,Maritime Blockade Threats
2025-06-02,Persian Gulf – Bay of Bengal,Aframax,23060.0,0.387,0.531,1136.0,9.4,1.7,Maritime Blockade Threats
2025-06-02,Persian Gulf – Bay of Bengal,LNG Carrier,65207.0,0.383,0.501,1053.0,9.4,2.8,Maritime Blockade Threats
2025-06-02,Persian Gulf – Sea of Japan,VLCC,73575.0,0.347,0.494,1082.0,8.4,2.5,Maritime Blockade Threats
2025-06-02,Persian Gulf – Sea of Japan,Suezmax,45509.0,0.381,0.492,1159.0,9.2,0.5,Maritime Blockade Threats
2025-06-02,Persian Gulf – Sea of Japan,Aframax,35799.0,0.366,0.534,1066.0,9.3,1.2,Maritime Blockade Threats
2025-06-02,Persian Gulf – Sea of Japan,LNG Carrier,86961.0,0.429,0.53,1106.0,8.6,0.5,Maritime Blockade Threats
2025-06-02,Aden Gulf – Indian Ocean,VLCC,48056.0,0.34,0.482,1115.0,9.2,2.8,Maritime Blockade Threats
2025-06-02,Aden Gulf – Indian Ocean,Suezmax,30089.0,0.36,0.56,1070.0,9.1,2.1,Maritime Blockade Threats
2025-06-02,Aden Gulf – Indian Ocean,Aframax,23677.0,0.372,0.54,1101.0,8.9,0.9,Maritime Blockade Threats
2025-06-02,Aden Gulf – Indian Ocean,LNG Carrier,58483.0,0.349,0.54,1161.0,8.4,1.0,Maritime Blockade Threats
2025-06-02,Arabian Sea – South China Sea,VLCC,48838.0,0.374,0.567,1150.0,9.0,1.6,Maritime Blockade Threats
2025-06-02,Arabian Sea – South China Sea,Suezmax,36481.0,0.397,0.529,1108.0,9.0,1.5,Maritime Blockade Threats
2025-06-02,Arabian Sea – South China Sea,Aframax,25067.0,0.367,0.496,1060.0,9.0,2.3,Maritime Blockade Threats
2025-06-02,Arabian Sea – South China Sea,LNG Carrier,70044.0,0.344,0.551,1059.0,8.7,1.0,Maritime Blockade Threats
2025-06-09,Strait of Hormuz,VLCC,56151.0,0.852,0.897,1146.0,2.3,3.8,Maritime Blockade Threats
2025-06-09,Strait of Hormuz,Suezmax,38730.0,0.962,0.944,1078.0,2.1,6.0,Maritime Blockade Threats
2025-06-09,Strait of Hormuz,Aframax,30921.0,0.856,0.996,1087.0,2.3,9.2,Maritime Blockade Threats
2025-06-09,Strait of Hormuz,LNG Carrier,76705.0,0.856,1.058,1082.0,2.4,1.9,Maritime Blockade Threats
2025-06-09,Bab el-Mandeb / Red Sea,VLCC,50593.0,1.008,0.95,1161.0,2.3,3.8,Maritime Blockade Threats
2025-06-09,Bab el-Mandeb / Red Sea,Suezmax,37978.0,0.918,0.996,1159.0,2.3,5.8,Maritime Blockade Threats
2025-06-09,Bab el-Mandeb / Red Sea,Aframax,28239.0,1.038,0.963,1131.0,2.3,9.4,Maritime Blockade Threats
2025-06-09,Bab el-Mandeb / Red Sea,LNG Carrier,74873.0,0.93,1.067,1130.0,2.1,3.1,Maritime Blockade Threats
2025-06-09,Suez Canal,VLCC,57492.0,0.409,0.561,1093.0,1.1,1.5,Maritime Blockade Threats
2025-06-09,Suez Canal,Suezmax,42430.0,0.39,0.564,1175.0,1.1,2.0,Maritime Blockade Threats
2025-06-09,Suez Canal,Aframax,31839.0,0.393,0.492,1099.0,1.0,0.6,Maritime Blockade Threats
2025-06-09,Suez Canal,LNG Carrier,86106.0,0.429,0.536,1166.0,1.1,1.7,Maritime Blockade Threats
2025-06-09,Strait of Malacca,VLCC,36222.0,0.375,0.58,1117.0,1.2,1.7,Maritime Blockade Threats
2025-06-09,Strait of Malacca,Suezmax,28709.0,0.379,0.545,1136.0,1.1,1.8,Maritime Blockade Threats
2025-06-09,Strait of Malacca,Aframax,19579.0,0.42,0.477,1119.0,1.2,2.6,Maritime Blockade Threats
2025-06-09,Strait of Malacca,LNG Carrier,48700.0,0.419,0.541,1127.0,1.2,2.1,Maritime Blockade Threats
2025-06-09,Cape of Good Hope (reroute),VLCC,82472.0,0.43,0.543,1137.0,17.5,1.6,Maritime Blockade Threats
2025-06-09,Cape of Good Hope (reroute),Suezmax,59251.0,0.416,0.55,1086.0,16.9,0.7,Maritime Blockade Threats
2025-06-09,Cape of Good Hope (reroute),Aframax,39559.0,0.361,0.485,1057.0,15.2,2.4,Maritime Blockade Threats
2025-06-09,Cape of Good Hope (reroute),LNG Carrier,101434.0,0.418,0.489,1105.0,15.1,2.6,Maritime Blockade Threats
2025-06-09,Persian Gulf – East China Sea,VLCC,70424.0,0.424,0.538,1175.0,10.0,0.8,Maritime Blockade Threats
2025-06-09,Persian Gulf – East China Sea,Suezmax,50070.0,0.361,0.561,1052.0,9.1,0.8,Maritime Blockade Threats
2025-06-09,Persian Gulf – East China Sea,Aframax,33648.0,0.425,0.526,1136.0,8.8,1.8,Maritime Blockade Threats
2025-06-09,Persian Gulf – East China Sea,LNG Carrier,87607.0,0.394,0.563,1137.0,10.2,2.1,Maritime Blockade Threats
2025-06-09,Persian Gulf – Bay of Bengal,VLCC,50016.0,0.375,0.484,1180.0,8.8,2.4,Maritime Blockade Threats
2025-06-09,Persian Gulf – Bay of Bengal,Suezmax,35638.0,0.356,0.527,1127.0,8.9,0.8,Maritime Blockade Threats
2025-06-09,Persian Gulf – Bay of Bengal,Aframax,25199.0,0.412,0.487,1075.0,8.8,2.6,Maritime Blockade Threats
2025-06-09,Persian Gulf – Bay of Bengal,LNG Carrier,63553.0,0.41,0.5,1106.0,9.3,0.4,Maritime Blockade Threats
2025-06-09,Persian Gulf – Sea of Japan,VLCC,69294.0,0.402,0.551,1178.0,10.1,2.1,Maritime Blockade Threats
2025-06-09,Persian Gulf – Sea of Japan,Suezmax,52480.0,0.41,0.578,1148.0,9.8,2.1,Maritime Blockade Threats
2025-06-09,Persian Gulf – Sea of Japan,Aframax,34078.0,0.426,0.495,1181.0,8.8,2.0,Maritime Blockade Threats
2025-06-09,Persian Gulf – Sea of Japan,LNG Carrier,88020.0,0.424,0.542,1133.0,9.4,0.8,Maritime Blockade Threats
2025-06-09,Aden Gulf – Indian Ocean,VLCC,47686.0,0.419,0.549,1064.0,9.8,2.6,Maritime Blockade Threats
2025-06-09,Aden Gulf – Indian Ocean,Suezmax,30395.0,0.417,0.58,1120.0,8.6,1.2,Maritime Blockade Threats
2025-06-09,Aden Gulf – Indian Ocean,Aframax,22955.0,0.375,0.521,1179.0,9.9,2.1,Maritime Blockade Threats
2025-06-09,Aden Gulf – Indian Ocean,LNG Carrier,55689.0,0.343,0.546,1182.0,9.3,2.1,Maritime Blockade Threats
2025-06-09,Arabian Sea – South China Sea,VLCC,51487.0,0.387,0.552,1162.0,9.8,2.1,Maritime Blockade Threats
2025-06-09,Arabian Sea – South China Sea,Suezmax,37289.0,0.42,0.554,1074.0,9.0,0.4,Maritime Blockade Threats
2025-06-09,Arabian Sea – South China Sea,Aframax,24431.0,0.416,0.529,1088.0,8.4,2.0,Maritime Blockade Threats
2025-06-09,Arabian Sea – South China Sea,LNG Carrier,61871.0,0.383,0.493,1118.0,9.1,1.2,Maritime Blockade Threats
2025-06-16,Strait of Hormuz,VLCC,53975.0,0.988,0.895,1099.0,2.2,9.5,Maritime Blockade Threats
2025-06-16,Strait of Hormuz,Suezmax,40757.0,0.865,0.973,1107.0,2.1,9.4,Maritime Blockade Threats
2025-06-16,Strait of Hormuz,Aframax,30452.0,0.854,0.882,1056.0,2.5,10.4,Maritime Blockade Threats
2025-06-16,Strait of Hormuz,LNG Carrier,71659.0,0.958,0.903,1071.0,2.5,8.3,Maritime Blockade Threats
2025-06-16,Bab el-Mandeb / Red Sea,VLCC,55386.0,0.991,0.996,1148.0,2.5,6.6,Maritime Blockade Threats
2025-06-16,Bab el-Mandeb / Red Sea,Suezmax,38245.0,0.909,0.989,1115.0,2.4,8.6,Maritime Blockade Threats
2025-06-16,Bab el-Mandeb / Red Sea,Aframax,27596.0,1.004,0.939,1112.0,2.3,8.6,Maritime Blockade Threats
2025-06-16,Bab el-Mandeb / Red Sea,LNG Carrier,66771.0,1.025,0.874,1172.0,2.4,8.6,Maritime Blockade Threats
2025-06-16,Suez Canal,VLCC,64332.0,0.379,0.501,1052.0,1.1,2.5,Maritime Blockade Threats
2025-06-16,Suez Canal,Suezmax,45672.0,0.346,0.574,1073.0,1.2,0.5,Maritime Blockade Threats
2025-06-16,Suez Canal,Aframax,28848.0,0.343,0.529,1090.0,1.2,1.7,Maritime Blockade Threats
2025-06-16,Suez Canal,LNG Carrier,82198.0,0.353,0.515,1069.0,1.0,0.9,Maritime Blockade Threats
2025-06-16,Strait of Malacca,VLCC,38572.0,0.372,0.58,1098.0,1.1,2.6,Maritime Blockade Threats
2025-06-16,Strait of Malacca,Suezmax,24906.0,0.393,0.56,1137.0,1.3,2.3,Maritime Blockade Threats
2025-06-16,Strait of Malacca,Aframax,19201.0,0.386,0.557,1111.0,1.1,1.2,Maritime Blockade Threats
2025-06-16,Strait of Malacca,LNG Carrier,48595.0,0.353,0.525,1069.0,1.1,1.9,Maritime Blockade Threats
2025-06-16,Cape of Good Hope (reroute),VLCC,79984.0,0.427,0.534,1120.0,16.3,1.1,Maritime Blockade Threats
2025-06-16,Cape of Good Hope (reroute),Suezmax,56037.0,0.339,0.534,1104.0,14.8,1.1,Maritime Blockade Threats
2025-06-16,Cape of Good Hope (reroute),Aframax,40893.0,0.348,0.512,1166.0,16.2,0.8,Maritime Blockade Threats
2025-06-16,Cape of Good Hope (reroute),LNG Carrier,109790.0,0.38,0.536,1053.0,14.8,1.6,Maritime Blockade Threats
2025-06-16,Persian Gulf – East China Sea,VLCC,65521.0,0.375,0.478,1109.0,9.6,0.8,Maritime Blockade Threats
2025-06-16,Persian Gulf – East China Sea,Suezmax,48554.0,0.361,0.576,1050.0,9.2,0.4,Maritime Blockade Threats
2025-06-16,Persian Gulf – East China Sea,Aframax,35861.0,0.34,0.517,1069.0,8.5,1.6,Maritime Blockade Threats
2025-06-16,Persian Gulf – East China Sea,LNG Carrier,93432.0,0.353,0.513,1156.0,9.7,2.1,Maritime Blockade Threats
2025-06-16,Persian Gulf – Bay of Bengal,VLCC,50506.0,0.389,0.565,1059.0,9.2,2.3,Maritime Blockade Threats
2025-06-16,Persian Gulf – Bay of Bengal,Suezmax,31396.0,0.389,0.564,1111.0,8.4,1.6,Maritime Blockade Threats
2025-06-16,Persian Gulf – Bay of Bengal,Aframax,24811.0,0.411,0.536,1147.0,9.7,1.2,Maritime Blockade Threats
2025-06-16,Persian Gulf – Bay of Bengal,LNG Carrier,60987.0,0.376,0.516,1146.0,8.6,0.4,Maritime Blockade Threats
2025-06-16,Persian Gulf – Sea of Japan,VLCC,69180.0,0.368,0.499,1152.0,9.3,0.6,Maritime Blockade Threats
2025-06-16,Persian Gulf – Sea of Japan,Suezmax,47254.0,0.389,0.576,1093.0,8.6,0.5,Maritime Blockade Threats
2025-06-16,Persian Gulf – Sea of Japan,Aframax,37164.0,0.346,0.576,1081.0,9.6,2.4,Maritime Blockade Threats
2025-06-16,Persian Gulf – Sea of Japan,LNG Carrier,94059.0,0.41,0.566,1087.0,9.7,2.5,Maritime Blockade Threats
2025-06-16,Aden Gulf – Indian Ocean,VLCC,46767.0,0.381,0.529,1170.0,10.1,2.5,Maritime Blockade Threats
2025-06-16,Aden Gulf – Indian Ocean,Suezmax,31055.0,0.426,0.535,1098.0,8.9,1.7,Maritime Blockade Threats
2025-06-16,Aden Gulf – Indian Ocean,Aframax,23442.0,0.35,0.488,1148.0,9.1,1.8,Maritime Blockade Threats
2025-06-16,Aden Gulf – Indian Ocean,LNG Carrier,57854.0,0.42,0.545,1083.0,8.8,0.5,Maritime Blockade Threats
2025-06-16,Arabian Sea – South China Sea,VLCC,54417.0,0.358,0.578,1181.0,8.5,2.0,Maritime Blockade Threats
2025-06-16,Arabian Sea – South China Sea,Suezmax,34940.0,0.372,0.491,1065.0,9.2,1.3,Maritime Blockade Threats
2025-06-16,Arabian Sea – South China Sea,Aframax,25603.0,0.414,0.571,1057.0,9.0,0.5,Maritime Blockade Threats
2025-06-16,Arabian Sea – South China Sea,LNG Carrier,63984.0,0.37,0.553,1170.0,9.4,1.0,Maritime Blockade Threats
2025-06-23,Strait of Hormuz,VLCC,61451.0,1.005,0.987,1183.0,2.5,10.1,Maritime Blockade Threats
2025-06-23,Strait of Hormuz,Suezmax,41606.0,1.054,0.924,1116.0,2.3,2.6,Maritime Blockade Threats
2025-06-23,Strait of Hormuz,Aframax,27506.0,0.845,1.005,1051.0,2.5,3.9,Maritime Blockade Threats
2025-06-23,Strait of Hormuz,LNG Carrier,70091.0,0.859,0.884,1083.0,2.2,10.9,Maritime Blockade Threats
2025-06-23,Bab el-Mandeb / Red Sea,VLCC,49857.0,0.891,0.963,1056.0,2.3,7.6,Maritime Blockade Threats
2025-06-23,Bab el-Mandeb / Red Sea,Suezmax,39333.0,0.943,1.02,1052.0,2.4,2.5,Maritime Blockade Threats
2025-06-23,Bab el-Mandeb / Red Sea,Aframax,25146.0,0.957,0.928,1124.0,2.4,8.4,Maritime Blockade Threats
2025-06-23,Bab el-Mandeb / Red Sea,LNG Carrier,66578.0,0.964,0.972,1161.0,2.2,3.8,Maritime Blockade Threats
2025-06-23,Suez Canal,VLCC,60878.0,0.411,0.499,1089.0,1.2,2.1,Maritime Blockade Threats
2025-06-23,Suez Canal,Suezmax,39755.0,0.424,0.529,1176.0,1.1,1.4,Maritime Blockade Threats
2025-06-23,Suez Canal,Aframax,30246.0,0.347,0.549,1128.0,1.2,1.7,Maritime Blockade Threats
2025-06-23,Suez Canal,LNG Carrier,74119.0,0.369,0.553,1122.0,1.1,0.8,Maritime Blockade Threats
2025-06-23,Strait of Malacca,VLCC,39370.0,0.369,0.513,1094.0,1.2,2.0,Maritime Blockade Threats
2025-06-23,Strait of Malacca,Suezmax,25446.0,0.424,0.536,1053.0,1.2,1.0,Maritime Blockade Threats
2025-06-23,Strait of Malacca,Aframax,20045.0,0.352,0.48,1092.0,1.2,1.2,Maritime Blockade Threats
2025-06-23,Strait of Malacca,LNG Carrier,49835.0,0.368,0.546,1078.0,1.1,2.4,Maritime Blockade Threats
2025-06-23,Cape of Good Hope (reroute),VLCC,83271.0,0.352,0.544,1079.0,15.3,1.5,Maritime Blockade Threats
2025-06-23,Cape of Good Hope (reroute),Suezmax,56049.0,0.402,0.512,1075.0,17.2,1.5,Maritime Blockade Threats
2025-06-23,Cape of Good Hope (reroute),Aframax,39885.0,0.401,0.568,1163.0,16.1,1.6,Maritime Blockade Threats
2025-06-23,Cape of Good Hope (reroute),LNG Carrier,99811.0,0.382,0.539,1102.0,17.2,1.5,Maritime Blockade Threats
2025-06-23,Persian Gulf – East China Sea,VLCC,62023.0,0.373,0.576,1154.0,9.1,1.8,Maritime Blockade Threats
2025-06-23,Persian Gulf – East China Sea,Suezmax,46049.0,0.409,0.563,1094.0,9.9,1.6,Maritime Blockade Threats
2025-06-23,Persian Gulf – East China Sea,Aframax,33272.0,0.408,0.559,1141.0,9.1,1.8,Maritime Blockade Threats
2025-06-23,Persian Gulf – East China Sea,LNG Carrier,82559.0,0.382,0.505,1107.0,8.9,0.6,Maritime Blockade Threats
2025-06-23,Persian Gulf – Bay of Bengal,VLCC,52145.0,0.421,0.549,1138.0,9.3,1.6,Maritime Blockade Threats
2025-06-23,Persian Gulf – Bay of Bengal,Suezmax,34131.0,0.403,0.504,1133.0,9.8,0.7,Maritime Blockade Threats
2025-06-23,Persian Gulf – Bay of Bengal,Aframax,22898.0,0.375,0.569,1061.0,9.8,0.9,Maritime Blockade Threats
2025-06-23,Persian Gulf – Bay of Bengal,LNG Carrier,60484.0,0.343,0.561,1058.0,9.9,2.2,Maritime Blockade Threats
2025-06-23,Persian Gulf – Sea of Japan,VLCC,65080.0,0.418,0.535,1073.0,9.5,2.3,Maritime Blockade Threats
2025-06-23,Persian Gulf – Sea of Japan,Suezmax,46913.0,0.396,0.533,1178.0,8.8,2.7,Maritime Blockade Threats
2025-06-23,Persian Gulf – Sea of Japan,Aframax,33764.0,0.424,0.557,1059.0,9.3,0.8,Maritime Blockade Threats
2025-06-23,Persian Gulf – Sea of Japan,LNG Carrier,87076.0,0.34,0.495,1125.0,8.9,0.4,Maritime Blockade Threats
2025-06-23,Aden Gulf – Indian Ocean,VLCC,42269.0,0.344,0.569,1153.0,8.4,1.6,Maritime Blockade Threats
2025-06-23,Aden Gulf – Indian Ocean,Suezmax,31586.0,0.395,0.506,1091.0,8.9,1.8,Maritime Blockade Threats
2025-06-23,Aden Gulf – Indian Ocean,Aframax,23348.0,0.406,0.572,1144.0,10.1,1.3,Maritime Blockade Threats
2025-06-23,Aden Gulf – Indian Ocean,LNG Carrier,59455.0,0.368,0.572,1113.0,9.8,0.7,Maritime Blockade Threats
2025-06-23,Arabian Sea – South China Sea,VLCC,49161.0,0.369,0.548,1130.0,10.2,1.1,Maritime Blockade Threats
2025-06-23,Arabian Sea – South China Sea,Suezmax,37776.0,0.429,0.58,1097.0,10.2,2.5,Maritime Blockade Threats
2025-06-23,Arabian Sea – South China Sea,Aframax,25338.0,0.382,0.551,1171.0,9.3,0.5,Maritime Blockade Threats
2025-06-23,Arabian Sea – South China Sea,LNG Carrier,64113.0,0.379,0.482,1153.0,9.2,0.7,Maritime Blockade Threats
2025-06-30,Strait of Hormuz,VLCC,55063.0,0.951,0.99,1104.0,2.5,9.2,Maritime Blockade Threats
2025-06-30,Strait of Hormuz,Suezmax,41318.0,1.049,0.898,1075.0,2.3,3.1,Maritime Blockade Threats
2025-06-30,Strait of Hormuz,Aframax,27191.0,1.049,1.022,1096.0,2.1,3.8,Maritime Blockade Threats
2025-06-30,Strait of Hormuz,LNG Carrier,69163.0,1.068,0.993,1111.0,2.4,3.8,Maritime Blockade Threats
2025-06-30,Bab el-Mandeb / Red Sea,VLCC,57929.0,1.072,0.884,1082.0,2.4,6.3,Maritime Blockade Threats
2025-06-30,Bab el-Mandeb / Red Sea,Suezmax,36016.0,0.944,0.949,1182.0,2.3,7.4,Maritime Blockade Threats
2025-06-30,Bab el-Mandeb / Red Sea,Aframax,27086.0,0.984,0.934,1148.0,2.5,4.8,Maritime Blockade Threats
2025-06-30,Bab el-Mandeb / Red Sea,LNG Carrier,70049.0,0.993,0.909,1076.0,2.3,8.9,Maritime Blockade Threats
2025-06-30,Suez Canal,VLCC,59773.0,0.409,0.509,1120.0,1.1,0.8,Maritime Blockade Threats
2025-06-30,Suez Canal,Suezmax,42102.0,0.34,0.482,1179.0,1.1,0.8,Maritime Blockade Threats
2025-06-30,Suez Canal,Aframax,31320.0,0.428,0.496,1053.0,1.2,1.6,Maritime Blockade Threats
2025-06-30,Suez Canal,LNG Carrier,84049.0,0.421,0.497,1097.0,1.1,1.8,Maritime Blockade Threats
2025-06-30,Strait of Malacca,VLCC,39565.0,0.344,0.487,1059.0,1.2,0.4,Maritime Blockade Threats
2025-06-30,Strait of Malacca,Suezmax,28183.0,0.362,0.565,1170.0,1.2,0.9,Maritime Blockade Threats
2025-06-30,Strait of Malacca,Aframax,20687.0,0.347,0.503,1163.0,1.2,0.8,Maritime Blockade Threats
2025-06-30,Strait of Malacca,LNG Carrier,45990.0,0.4,0.503,1081.0,1.2,1.6,Maritime Blockade Threats
2025-06-30,Cape of Good Hope (reroute),VLCC,81560.0,0.384,0.488,1110.0,15.6,1.3,Maritime Blockade Threats
2025-06-30,Cape of Good Hope (reroute),Suezmax,58288.0,0.402,0.522,1150.0,14.8,2.1,Maritime Blockade Threats
2025-06-30,Cape of Good Hope (reroute),Aframax,41850.0,0.365,0.575,1068.0,16.6,0.8,Maritime Blockade Threats
2025-06-30,Cape of Good Hope (reroute),LNG Carrier,116651.0,0.365,0.498,1174.0,15.5,1.3,Maritime Blockade Threats
2025-06-30,Persian Gulf – East China Sea,VLCC,65578.0,0.376,0.555,1098.0,8.7,2.2,Maritime Blockade Threats
2025-06-30,Persian Gulf – East China Sea,Suezmax,48525.0,0.424,0.486,1179.0,9.1,2.1,Maritime Blockade Threats
2025-06-30,Persian Gulf – East China Sea,Aframax,35938.0,0.352,0.502,1152.0,9.4,1.5,Maritime Blockade Threats
2025-06-30,Persian Gulf – East China Sea,LNG Carrier,79980.0,0.384,0.572,1122.0,9.0,1.5,Maritime Blockade Threats
2025-06-30,Persian Gulf – Bay of Bengal,VLCC,51950.0,0.401,0.491,1175.0,9.9,2.3,Maritime Blockade Threats
2025-06-30,Persian Gulf – Bay of Bengal,Suezmax,35605.0,0.398,0.54,1183.0,8.6,2.2,Maritime Blockade Threats
2025-06-30,Persian Gulf – Bay of Bengal,Aframax,23758.0,0.387,0.546,1114.0,9.6,2.6,Maritime Blockade Threats
2025-06-30,Persian Gulf – Bay of Bengal,LNG Carrier,59408.0,0.363,0.545,1149.0,8.9,1.8,Maritime Blockade Threats
2025-06-30,Persian Gulf – Sea of Japan,VLCC,69982.0,0.367,0.498,1088.0,9.7,1.7,Maritime Blockade Threats
2025-06-30,Persian Gulf – Sea of Japan,Suezmax,46011.0,0.367,0.565,1144.0,9.6,2.4,Maritime Blockade Threats
2025-06-30,Persian Gulf – Sea of Japan,Aframax,35927.0,0.356,0.485,1090.0,8.5,0.8,Maritime Blockade Threats
2025-06-30,Persian Gulf – Sea of Japan,LNG Carrier,92731.0,0.406,0.528,1166.0,8.8,1.1,Maritime Blockade Threats
2025-06-30,Aden Gulf – Indian Ocean,VLCC,46044.0,0.352,0.517,1139.0,9.1,1.8,Maritime Blockade Threats
2025-06-30,Aden Gulf – Indian Ocean,Suezmax,31536.0,0.356,0.572,1109.0,8.8,2.4,Maritime Blockade Threats
2025-06-30,Aden Gulf – Indian Ocean,Aframax,23039.0,0.403,0.499,1064.0,10.2,2.7,Maritime Blockade Threats
2025-06-30,Aden Gulf – Indian Ocean,LNG Carrier,57735.0,0.368,0.581,1081.0,8.6,1.8,Maritime Blockade Threats
2025-06-30,Arabian Sea – South China Sea,VLCC,54326.0,0.42,0.485,1105.0,10.0,1.7,Maritime Blockade Threats
2025-06-30,Arabian Sea – South China Sea,Suezmax,38153.0,0.354,0.501,1146.0,9.4,2.7,Maritime Blockade Threats
2025-06-30,Arabian Sea – South China Sea,Aframax,26859.0,0.398,0.575,1075.0,9.4,0.5,Maritime Blockade Threats
2025-06-30,Arabian Sea – South China Sea,LNG Carrier,64473.0,0.356,0.574,1086.0,10.0,1.4,Maritime Blockade Threats
2025-07-07,Strait of Hormuz,VLCC,58919.0,1.291,1.274,1333.0,2.5,3.8,Peak Disruption
2025-07-07,Strait of Hormuz,Suezmax,46230.0,1.322,1.393,1326.0,2.6,8.5,Peak Disruption
2025-07-07,Strait of Hormuz,Aframax,31428.0,1.314,1.197,1309.0,2.4,11.9,Peak Disruption
2025-07-07,Strait of Hormuz,LNG Carrier,87330.0,1.595,1.316,1363.0,2.5,5.1,Peak Disruption
2025-07-07,Bab el-Mandeb / Red Sea,VLCC,60362.0,1.277,1.46,1393.0,2.4,11.0,Peak Disruption
2025-07-07,Bab el-Mandeb / Red Sea,Suezmax,38507.0,1.518,1.435,1379.0,2.4,14.8,Peak Disruption
2025-07-07,Bab el-Mandeb / Red Sea,Aframax,31257.0,1.591,1.419,1403.0,2.5,15.1,Peak Disruption
2025-07-07,Bab el-Mandeb / Red Sea,LNG Carrier,81817.0,1.531,1.333,1364.0,2.6,9.0,Peak Disruption
2025-07-07,Suez Canal,VLCC,72858.0,0.639,0.62,1398.0,1.2,3.8,Peak Disruption
2025-07-07,Suez Canal,Suezmax,44057.0,0.588,0.609,1443.0,1.3,3.5,Peak Disruption
2025-07-07,Suez Canal,Aframax,34743.0,0.554,0.729,1403.0,1.3,4.2,Peak Disruption
2025-07-07,Suez Canal,LNG Carrier,85054.0,0.597,0.691,1325.0,1.3,1.4,Peak Disruption
2025-07-07,Strait of Malacca,VLCC,42741.0,0.53,0.696,1433.0,1.2,2.7,Peak Disruption
2025-07-07,Strait of Malacca,Suezmax,32164.0,0.592,0.683,1362.0,1.3,0.9,Peak Disruption
2025-07-07,Strait of Malacca,Aframax,22989.0,0.556,0.678,1365.0,1.3,1.9,Peak Disruption
2025-07-07,Strait of Malacca,LNG Carrier,54552.0,0.616,0.689,1353.0,1.2,1.3,Peak Disruption
2025-07-07,Cape of Good Hope (reroute),VLCC,95093.0,0.642,0.607,1378.0,17.4,2.2,Peak Disruption
2025-07-07,Cape of Good Hope (reroute),Suezmax,64881.0,0.557,0.606,1336.0,16.3,3.3,Peak Disruption
2025-07-07,Cape of Good Hope (reroute),Aframax,46983.0,0.618,0.619,1434.0,17.3,3.9,Peak Disruption
2025-07-07,Cape of Good Hope (reroute),LNG Carrier,118942.0,0.594,0.711,1419.0,16.4,2.1,Peak Disruption
2025-07-07,Persian Gulf – East China Sea,VLCC,68009.0,0.593,0.68,1359.0,9.2,3.2,Peak Disruption
2025-07-07,Persian Gulf – East China Sea,Suezmax,55075.0,0.529,0.653,1283.0,9.5,0.6,Peak Disruption
2025-07-07,Persian Gulf – East China Sea,Aframax,35523.0,0.519,0.633,1336.0,9.4,3.7,Peak Disruption
2025-07-07,Persian Gulf – East China Sea,LNG Carrier,103649.0,0.55,0.605,1284.0,9.9,3.1,Peak Disruption
2025-07-07,Persian Gulf – Bay of Bengal,VLCC,54297.0,0.626,0.734,1296.0,9.7,2.0,Peak Disruption
2025-07-07,Persian Gulf – Bay of Bengal,Suezmax,40222.0,0.551,0.729,1399.0,10.7,2.2,Peak Disruption
2025-07-07,Persian Gulf – Bay of Bengal,Aframax,25079.0,0.522,0.675,1372.0,9.4,3.2,Peak Disruption
2025-07-07,Persian Gulf – Bay of Bengal,LNG Carrier,66969.0,0.597,0.73,1374.0,10.7,0.7,Peak Disruption
2025-07-07,Persian Gulf – Sea of Japan,VLCC,77231.0,0.55,0.733,1317.0,9.8,3.2,Peak Disruption
2025-07-07,Persian Gulf – Sea of Japan,Suezmax,52334.0,0.534,0.723,1346.0,10.7,0.6,Peak Disruption
2025-07-07,Persian Gulf – Sea of Japan,Aframax,42140.0,0.6,0.659,1384.0,10.5,3.8,Peak Disruption
2025-07-07,Persian Gulf – Sea of Japan,LNG Carrier,97751.0,0.611,0.728,1360.0,9.1,1.4,Peak Disruption
2025-07-07,Aden Gulf – Indian Ocean,VLCC,50774.0,0.562,0.648,1351.0,10.1,2.9,Peak Disruption
2025-07-07,Aden Gulf – Indian Ocean,Suezmax,33993.0,0.611,0.651,1291.0,10.7,0.9,Peak Disruption
2025-07-07,Aden Gulf – Indian Ocean,Aframax,23242.0,0.596,0.665,1402.0,9.5,3.3,Peak Disruption
2025-07-07,Aden Gulf – Indian Ocean,LNG Carrier,64252.0,0.509,0.728,1370.0,9.2,1.1,Peak Disruption
2025-07-07,Arabian Sea – South China Sea,VLCC,56919.0,0.525,0.677,1292.0,10.5,3.8,Peak Disruption
2025-07-07,Arabian Sea – South China Sea,Suezmax,42125.0,0.565,0.626,1390.0,9.0,1.9,Peak Disruption
2025-07-07,Arabian Sea – South China Sea,Aframax,30094.0,0.579,0.639,1408.0,10.5,1.2,Peak Disruption
2025-07-07,Arabian Sea – South China Sea,LNG Carrier,70135.0,0.521,0.628,1362.0,10.3,3.8,Peak Disruption
2025-07-14,Strait of Hormuz,VLCC,64357.0,1.454,1.381,1438.0,2.4,4.4,Peak Disruption
2025-07-14,Strait of Hormuz,Suezmax,43505.0,1.27,1.312,1334.0,2.7,12.9,Peak Disruption
2025-07-14,Strait of Hormuz,Aframax,31713.0,1.405,1.225,1308.0,2.2,10.9,Peak Disruption
2025-07-14,Strait of Hormuz,LNG Carrier,79956.0,1.504,1.413,1304.0,2.7,4.9,Peak Disruption
2025-07-14,Bab el-Mandeb / Red Sea,VLCC,55423.0,1.457,1.411,1377.0,2.4,16.2,Peak Disruption
2025-07-14,Bab el-Mandeb / Red Sea,Suezmax,38476.0,1.423,1.405,1311.0,2.5,6.6,Peak Disruption
2025-07-14,Bab el-Mandeb / Red Sea,Aframax,30738.0,1.465,1.222,1318.0,2.7,15.8,Peak Disruption
2025-07-14,Bab el-Mandeb / Red Sea,LNG Carrier,72562.0,1.35,1.421,1311.0,2.3,4.5,Peak Disruption
2025-07-14,Suez Canal,VLCC,68497.0,0.617,0.69,1394.0,1.3,1.7,Peak Disruption
2025-07-14,Suez Canal,Suezmax,44036.0,0.53,0.699,1310.0,1.4,3.9,Peak Disruption
2025-07-14,Suez Canal,Aframax,35280.0,0.591,0.627,1355.0,1.1,1.7,Peak Disruption
2025-07-14,Suez Canal,LNG Carrier,88877.0,0.585,0.623,1427.0,1.4,3.7,Peak Disruption
2025-07-14,Strait of Malacca,VLCC,43478.0,0.549,0.625,1402.0,1.4,1.9,Peak Disruption
2025-07-14,Strait of Malacca,Suezmax,31104.0,0.543,0.612,1367.0,1.3,2.9,Peak Disruption
2025-07-14,Strait of Malacca,Aframax,21430.0,0.614,0.701,1398.0,1.2,2.3,Peak Disruption
2025-07-14,Strait of Malacca,LNG Carrier,54682.0,0.543,0.637,1373.0,1.1,3.9,Peak Disruption
2025-07-14,Cape of Good Hope (reroute),VLCC,94782.0,0.545,0.726,1294.0,18.6,3.7,Peak Disruption
2025-07-14,Cape of Good Hope (reroute),Suezmax,68044.0,0.526,0.64,1443.0,17.3,1.5,Peak Disruption
2025-07-14,Cape of Good Hope (reroute),Aframax,49128.0,0.62,0.736,1293.0,16.6,1.0,Peak Disruption
2025-07-14,Cape of Good Hope (reroute),LNG Carrier,111199.0,0.637,0.726,1297.0,18.1,3.7,Peak Disruption
2025-07-14,Persian Gulf – East China Sea,VLCC,75639.0,0.559,0.729,1344.0,9.5,1.2,Peak Disruption
2025-07-14,Persian Gulf – East China Sea,Suezmax,53329.0,0.537,0.722,1374.0,9.6,2.0,Peak Disruption
2025-07-14,Persian Gulf – East China Sea,Aframax,39520.0,0.518,0.709,1288.0,10.2,2.4,Peak Disruption
2025-07-14,Persian Gulf – East China Sea,LNG Carrier,101388.0,0.585,0.705,1374.0,9.5,1.6,Peak Disruption
2025-07-14,Persian Gulf – Bay of Bengal,VLCC,55572.0,0.589,0.67,1323.0,10.3,2.7,Peak Disruption
2025-07-14,Persian Gulf – Bay of Bengal,Suezmax,35953.0,0.603,0.664,1314.0,10.5,4.0,Peak Disruption
2025-07-14,Persian Gulf – Bay of Bengal,Aframax,26711.0,0.532,0.695,1328.0,9.5,0.9,Peak Disruption
2025-07-14,Persian Gulf – Bay of Bengal,LNG Carrier,67096.0,0.635,0.712,1384.0,9.6,3.3,Peak Disruption
2025-07-14,Persian Gulf – Sea of Japan,VLCC,82316.0,0.642,0.603,1391.0,10.7,3.0,Peak Disruption
2025-07-14,Persian Gulf – Sea of Japan,Suezmax,51141.0,0.638,0.611,1323.0,9.1,1.6,Peak Disruption
2025-07-14,Persian Gulf – Sea of Japan,Aframax,36290.0,0.522,0.724,1368.0,10.6,1.8,Peak Disruption
2025-07-14,Persian Gulf – Sea of Japan,LNG Carrier,108407.0,0.586,0.604,1300.0,9.2,3.0,Peak Disruption
2025-07-14,Aden Gulf – Indian Ocean,VLCC,52862.0,0.616,0.727,1296.0,8.9,3.8,Peak Disruption
2025-07-14,Aden Gulf – Indian Ocean,Suezmax,34663.0,0.555,0.623,1401.0,9.1,2.5,Peak Disruption
2025-07-14,Aden Gulf – Indian Ocean,Aframax,23027.0,0.618,0.672,1300.0,10.0,3.2,Peak Disruption
2025-07-14,Aden Gulf – Indian Ocean,LNG Carrier,60646.0,0.59,0.663,1394.0,9.8,2.6,Peak Disruption
2025-07-14,Arabian Sea – South China Sea,VLCC,53118.0,0.583,0.611,1410.0,9.8,3.7,Peak Disruption
2025-07-14,Arabian Sea – South China Sea,Suezmax,42572.0,0.553,0.603,1324.0,9.8,1.5,Peak Disruption
2025-07-14,Arabian Sea – South China Sea,Aframax,28145.0,0.594,0.629,1336.0,9.6,3.4,Peak Disruption
2025-07-14,Arabian Sea – South China Sea,LNG Carrier,73839.0,0.556,0.692,1301.0,9.4,1.7,Peak Disruption
2025-07-21,Strait of Hormuz,VLCC,65830.0,1.445,1.219,1296.0,2.5,14.7,Peak Disruption
2025-07-21,Strait of Hormuz,Suezmax,47064.0,1.603,1.424,1353.0,2.4,5.1,Peak Disruption
2025-07-21,Strait of Hormuz,Aframax,32212.0,1.494,1.263,1345.0,2.5,7.0,Peak Disruption
2025-07-21,Strait of Hormuz,LNG Carrier,87807.0,1.472,1.43,1437.0,2.3,15.0,Peak Disruption
2025-07-21,Bab el-Mandeb / Red Sea,VLCC,56792.0,1.408,1.374,1415.0,2.6,12.1,Peak Disruption
2025-07-21,Bab el-Mandeb / Red Sea,Suezmax,41238.0,1.433,1.292,1305.0,2.3,9.8,Peak Disruption
2025-07-21,Bab el-Mandeb / Red Sea,Aframax,30154.0,1.336,1.445,1414.0,2.7,12.6,Peak Disruption
2025-07-21,Bab el-Mandeb / Red Sea,LNG Carrier,75633.0,1.407,1.397,1337.0,2.3,3.5,Peak Disruption
2025-07-21,Suez Canal,VLCC,70288.0,0.621,0.7,1330.0,1.3,3.6,Peak Disruption
2025-07-21,Suez Canal,Suezmax,44666.0,0.538,0.657,1402.0,1.1,1.6,Peak Disruption
2025-07-21,Suez Canal,Aframax,33340.0,0.633,0.734,1372.0,1.2,2.2,Peak Disruption
2025-07-21,Suez Canal,LNG Carrier,89361.0,0.578,0.729,1409.0,1.1,2.9,Peak Disruption
2025-07-21,Strait of Malacca,VLCC,40276.0,0.592,0.636,1326.0,1.3,2.9,Peak Disruption
2025-07-21,Strait of Malacca,Suezmax,29501.0,0.562,0.679,1389.0,1.2,1.9,Peak Disruption
2025-07-21,Strait of Malacca,Aframax,22002.0,0.569,0.721,1371.0,1.1,1.1,Peak Disruption
2025-07-21,Strait of Malacca,LNG Carrier,51818.0,0.621,0.705,1323.0,1.3,2.5,Peak Disruption
2025-07-21,Cape of Good Hope (reroute),VLCC,94042.0,0.605,0.704,1294.0,16.9,3.1,Peak Disruption
2025-07-21,Cape of Good Hope (reroute),Suezmax,61119.0,0.602,0.638,1285.0,18.4,1.1,Peak Disruption
2025-07-21,Cape of Good Hope (reroute),Aframax,45385.0,0.613,0.684,1326.0,16.4,3.6,Peak Disruption
2025-07-21,Cape of Good Hope (reroute),LNG Carrier,114309.0,0.634,0.605,1436.0,19.1,1.0,Peak Disruption
2025-07-21,Persian Gulf – East China Sea,VLCC,71653.0,0.54,0.606,1313.0,10.3,0.9,Peak Disruption
2025-07-21,Persian Gulf – East China Sea,Suezmax,55643.0,0.605,0.654,1424.0,10.9,4.2,Peak Disruption
2025-07-21,Persian Gulf – East China Sea,Aframax,38858.0,0.518,0.657,1389.0,9.8,2.0,Peak Disruption
2025-07-21,Persian Gulf – East China Sea,LNG Carrier,93564.0,0.617,0.719,1358.0,9.9,1.8,Peak Disruption
2025-07-21,Persian Gulf – Bay of Bengal,VLCC,57910.0,0.572,0.64,1333.0,10.3,2.0,Peak Disruption
2025-07-21,Persian Gulf – Bay of Bengal,Suezmax,38694.0,0.537,0.636,1426.0,10.6,3.6,Peak Disruption
2025-07-21,Persian Gulf – Bay of Bengal,Aframax,28594.0,0.611,0.725,1310.0,9.7,1.1,Peak Disruption
2025-07-21,Persian Gulf – Bay of Bengal,LNG Carrier,68568.0,0.569,0.642,1437.0,10.0,3.9,Peak Disruption
2025-07-21,Persian Gulf – Sea of Japan,VLCC,73925.0,0.57,0.653,1335.0,9.7,2.9,Peak Disruption
2025-07-21,Persian Gulf – Sea of Japan,Suezmax,58200.0,0.611,0.723,1303.0,9.0,3.7,Peak Disruption
2025-07-21,Persian Gulf – Sea of Japan,Aframax,37958.0,0.615,0.71,1409.0,9.9,3.5,Peak Disruption
2025-07-21,Persian Gulf – Sea of Japan,LNG Carrier,99882.0,0.521,0.606,1331.0,9.1,1.0,Peak Disruption
2025-07-21,Aden Gulf – Indian Ocean,VLCC,53213.0,0.61,0.645,1345.0,9.9,2.9,Peak Disruption
2025-07-21,Aden Gulf – Indian Ocean,Suezmax,35100.0,0.616,0.611,1340.0,10.2,2.5,Peak Disruption
2025-07-21,Aden Gulf – Indian Ocean,Aframax,22895.0,0.583,0.673,1405.0,9.3,3.9,Peak Disruption
2025-07-21,Aden Gulf – Indian Ocean,LNG Carrier,62329.0,0.638,0.636,1391.0,9.7,1.2,Peak Disruption
2025-07-21,Arabian Sea – South China Sea,VLCC,54703.0,0.581,0.651,1442.0,10.7,1.4,Peak Disruption
2025-07-21,Arabian Sea – South China Sea,Suezmax,41838.0,0.569,0.603,1369.0,10.1,1.8,Peak Disruption
2025-07-21,Arabian Sea – South China Sea,Aframax,28149.0,0.631,0.652,1421.0,9.1,1.8,Peak Disruption
2025-07-21,Arabian Sea – South China Sea,LNG Carrier,70407.0,0.592,0.68,1376.0,10.6,2.5,Peak Disruption
2025-07-28,Strait of Hormuz,VLCC,66647.0,1.443,1.345,1401.0,2.2,16.6,Peak Disruption
2025-07-28,Strait of Hormuz,Suezmax,43619.0,1.373,1.41,1362.0,2.6,10.9,Peak Disruption
2025-07-28,Strait of Hormuz,Aframax,34287.0,1.373,1.247,1373.0,2.5,10.2,Peak Disruption
2025-07-28,Strait of Hormuz,LNG Carrier,83621.0,1.569,1.42,1339.0,2.2,9.6,Peak Disruption
2025-07-28,Bab el-Mandeb / Red Sea,VLCC,59574.0,1.276,1.366,1433.0,2.3,9.2,Peak Disruption
2025-07-28,Bab el-Mandeb / Red Sea,Suezmax,43727.0,1.608,1.405,1366.0,2.4,9.6,Peak Disruption
2025-07-28,Bab el-Mandeb / Red Sea,Aframax,31123.0,1.289,1.378,1294.0,2.4,15.3,Peak Disruption
2025-07-28,Bab el-Mandeb / Red Sea,LNG Carrier,75253.0,1.606,1.278,1322.0,2.4,4.4,Peak Disruption
2025-07-28,Suez Canal,VLCC,67202.0,0.583,0.729,1397.0,1.3,1.9,Peak Disruption
2025-07-28,Suez Canal,Suezmax,45380.0,0.525,0.636,1383.0,1.1,3.0,Peak Disruption
2025-07-28,Suez Canal,Aframax,31804.0,0.515,0.623,1353.0,1.3,3.7,Peak Disruption
2025-07-28,Suez Canal,LNG Carrier,87628.0,0.543,0.728,1341.0,1.3,3.9,Peak Disruption
2025-07-28,Strait of Malacca,VLCC,40009.0,0.528,0.621,1359.0,1.2,1.3,Peak Disruption
2025-07-28,Strait of Malacca,Suezmax,31326.0,0.605,0.64,1284.0,1.3,3.9,Peak Disruption
2025-07-28,Strait of Malacca,Aframax,22263.0,0.565,0.719,1385.0,1.2,3.9,Peak Disruption
2025-07-28,Strait of Malacca,LNG Carrier,56011.0,0.594,0.702,1294.0,1.3,4.1,Peak Disruption
2025-07-28,Cape of Good Hope (reroute),VLCC,99623.0,0.61,0.67,1306.0,17.6,2.1,Peak Disruption
2025-07-28,Cape of Good Hope (reroute),Suezmax,62481.0,0.575,0.713,1438.0,16.0,3.1,Peak Disruption
2025-07-28,Cape of Good Hope (reroute),Aframax,44696.0,0.625,0.704,1310.0,17.9,2.7,Peak Disruption
2025-07-28,Cape of Good Hope (reroute),LNG Carrier,115770.0,0.593,0.709,1363.0,17.6,4.2,Peak Disruption
2025-07-28,Persian Gulf – East China Sea,VLCC,70504.0,0.517,0.715,1357.0,9.1,1.6,Peak Disruption
2025-07-28,Persian Gulf – East China Sea,Suezmax,50397.0,0.533,0.686,1343.0,9.0,1.1,Peak Disruption
2025-07-28,Persian Gulf – East China Sea,Aframax,38579.0,0.514,0.607,1349.0,9.0,3.0,Peak Disruption
2025-07-28,Persian Gulf – East China Sea,LNG Carrier,92002.0,0.613,0.735,1385.0,9.7,2.8,Peak Disruption
2025-07-28,Persian Gulf – Bay of Bengal,VLCC,49648.0,0.523,0.659,1310.0,9.5,3.4,Peak Disruption
2025-07-28,Persian Gulf – Bay of Bengal,Suezmax,39800.0,0.631,0.719,1326.0,9.0,2.5,Peak Disruption
2025-07-28,Persian Gulf – Bay of Bengal,Aframax,27701.0,0.579,0.717,1359.0,9.6,2.5,Peak Disruption
2025-07-28,Persian Gulf – Bay of Bengal,LNG Carrier,65235.0,0.576,0.641,1426.0,9.0,2.3,Peak Disruption
2025-07-28,Persian Gulf – Sea of Japan,VLCC,82059.0,0.605,0.664,1303.0,8.9,3.9,Peak Disruption
2025-07-28,Persian Gulf – Sea of Japan,Suezmax,58018.0,0.536,0.633,1404.0,10.9,0.9,Peak Disruption
2025-07-28,Persian Gulf – Sea of Japan,Aframax,38131.0,0.573,0.629,1384.0,9.3,4.1,Peak Disruption
2025-07-28,Persian Gulf – Sea of Japan,LNG Carrier,98721.0,0.568,0.626,1345.0,10.1,1.3,Peak Disruption
2025-07-28,Aden Gulf – Indian Ocean,VLCC,48199.0,0.622,0.649,1419.0,9.2,1.6,Peak Disruption
2025-07-28,Aden Gulf – Indian Ocean,Suezmax,34760.0,0.508,0.607,1428.0,9.0,2.4,Peak Disruption
2025-07-28,Aden Gulf – Indian Ocean,Aframax,23806.0,0.573,0.664,1301.0,10.9,0.9,Peak Disruption
2025-07-28,Aden Gulf – Indian Ocean,LNG Carrier,60995.0,0.542,0.675,1328.0,9.1,1.2,Peak Disruption
2025-07-28,Arabian Sea – South China Sea,VLCC,55019.0,0.588,0.649,1415.0,10.6,3.7,Peak Disruption
2025-07-28,Arabian Sea – South China Sea,Suezmax,41850.0,0.543,0.619,1307.0,10.7,4.1,Peak Disruption
2025-07-28,Arabian Sea – South China Sea,Aframax,28279.0,0.54,0.616,1377.0,10.6,1.4,Peak Disruption
2025-07-28,Arabian Sea – South China Sea,LNG Carrier,69591.0,0.562,0.605,1340.0,10.2,2.7,Peak Disruption
2025-08-04,Strait of Hormuz,VLCC,63749.0,1.433,1.339,1379.0,2.7,3.7,Peak Disruption
2025-08-04,Strait of Hormuz,Suezmax,44067.0,1.359,1.26,1335.0,2.6,13.5,Peak Disruption
2025-08-04,Strait of Hormuz,Aframax,33904.0,1.505,1.372,1415.0,2.7,9.7,Peak Disruption
2025-08-04,Strait of Hormuz,LNG Carrier,76858.0,1.555,1.312,1319.0,2.5,5.1,Peak Disruption
2025-08-04,Bab el-Mandeb / Red Sea,VLCC,62760.0,1.551,1.297,1332.0,2.6,10.7,Peak Disruption
2025-08-04,Bab el-Mandeb / Red Sea,Suezmax,42879.0,1.41,1.461,1416.0,2.6,14.1,Peak Disruption
2025-08-04,Bab el-Mandeb / Red Sea,Aframax,30168.0,1.385,1.388,1326.0,2.6,6.3,Peak Disruption
2025-08-04,Bab el-Mandeb / Red Sea,LNG Carrier,80934.0,1.345,1.315,1362.0,2.2,8.5,Peak Disruption
2025-08-04,Suez Canal,VLCC,73591.0,0.564,0.736,1290.0,1.4,3.7,Peak Disruption
2025-08-04,Suez Canal,Suezmax,47577.0,0.557,0.608,1341.0,1.2,3.2,Peak Disruption
2025-08-04,Suez Canal,Aframax,32545.0,0.543,0.613,1283.0,1.2,3.6,Peak Disruption
2025-08-04,Suez Canal,LNG Carrier,86849.0,0.63,0.725,1395.0,1.1,3.7,Peak Disruption
2025-08-04,Strait of Malacca,VLCC,43938.0,0.625,0.733,1303.0,1.1,3.8,Peak Disruption
2025-08-04,Strait of Malacca,Suezmax,28964.0,0.624,0.669,1327.0,1.3,1.6,Peak Disruption
2025-08-04,Strait of Malacca,Aframax,20293.0,0.561,0.714,1288.0,1.3,1.8,Peak Disruption
2025-08-04,Strait of Malacca,LNG Carrier,51427.0,0.509,0.656,1411.0,1.3,4.0,Peak Disruption
2025-08-04,Cape of Good Hope (reroute),VLCC,91813.0,0.532,0.732,1389.0,17.1,1.2,Peak Disruption
2025-08-04,Cape of Good Hope (reroute),Suezmax,66692.0,0.581,0.65,1307.0,17.0,3.4,Peak Disruption
2025-08-04,Cape of Good Hope (reroute),Aframax,48774.0,0.631,0.702,1367.0,17.5,4.1,Peak Disruption
2025-08-04,Cape of Good Hope (reroute),LNG Carrier,114389.0,0.54,0.678,1381.0,18.0,1.2,Peak Disruption
2025-08-04,Persian Gulf – East China Sea,VLCC,72271.0,0.63,0.621,1396.0,10.9,3.3,Peak Disruption
2025-08-04,Persian Gulf – East China Sea,Suezmax,49674.0,0.608,0.625,1313.0,9.4,1.1,Peak Disruption
2025-08-04,Persian Gulf – East China Sea,Aframax,39278.0,0.605,0.673,1297.0,9.7,3.8,Peak Disruption
2025-08-04,Persian Gulf – East China Sea,LNG Carrier,101748.0,0.603,0.725,1411.0,10.2,3.4,Peak Disruption
2025-08-04,Persian Gulf – Bay of Bengal,VLCC,56760.0,0.581,0.725,1345.0,9.0,1.8,Peak Disruption
2025-08-04,Persian Gulf – Bay of Bengal,Suezmax,37136.0,0.593,0.736,1358.0,9.2,4.1,Peak Disruption
2025-08-04,Persian Gulf – Bay of Bengal,Aframax,26927.0,0.512,0.67,1299.0,9.7,1.2,Peak Disruption
2025-08-04,Persian Gulf – Bay of Bengal,LNG Carrier,70473.0,0.585,0.647,1299.0,9.9,1.1,Peak Disruption
2025-08-04,Persian Gulf – Sea of Japan,VLCC,73936.0,0.538,0.646,1370.0,9.5,3.0,Peak Disruption
2025-08-04,Persian Gulf – Sea of Japan,Suezmax,54089.0,0.51,0.641,1398.0,9.3,3.4,Peak Disruption
2025-08-04,Persian Gulf – Sea of Japan,Aframax,39732.0,0.63,0.723,1427.0,10.6,4.0,Peak Disruption
2025-08-04,Persian Gulf – Sea of Japan,LNG Carrier,108619.0,0.623,0.7,1389.0,10.5,1.7,Peak Disruption
2025-08-04,Aden Gulf – Indian Ocean,VLCC,46629.0,0.596,0.659,1332.0,10.1,2.4,Peak Disruption
2025-08-04,Aden Gulf – Indian Ocean,Suezmax,32518.0,0.598,0.704,1331.0,9.5,1.5,Peak Disruption
2025-08-04,Aden Gulf – Indian Ocean,Aframax,24820.0,0.518,0.605,1434.0,9.6,3.2,Peak Disruption
2025-08-04,Aden Gulf – Indian Ocean,LNG Carrier,63379.0,0.643,0.716,1428.0,9.4,2.7,Peak Disruption
2025-08-04,Arabian Sea – South China Sea,VLCC,59957.0,0.51,0.624,1330.0,9.0,3.9,Peak Disruption
2025-08-04,Arabian Sea – South China Sea,Suezmax,42322.0,0.587,0.612,1293.0,10.5,1.5,Peak Disruption
2025-08-04,Arabian Sea – South China Sea,Aframax,27925.0,0.589,0.614,1342.0,10.9,1.0,Peak Disruption
2025-08-04,Arabian Sea – South China Sea,LNG Carrier,72115.0,0.578,0.632,1344.0,9.0,4.2,Peak Disruption
2025-08-11,Strait of Hormuz,VLCC,65210.0,1.603,1.439,1357.0,2.4,8.2,Peak Disruption
2025-08-11,Strait of Hormuz,Suezmax,46137.0,1.586,1.209,1384.0,2.6,11.7,Peak Disruption
2025-08-11,Strait of Hormuz,Aframax,30444.0,1.39,1.283,1436.0,2.5,14.0,Peak Disruption
2025-08-11,Strait of Hormuz,LNG Carrier,84529.0,1.557,1.282,1432.0,2.3,11.5,Peak Disruption
2025-08-11,Bab el-Mandeb / Red Sea,VLCC,60891.0,1.546,1.286,1302.0,2.3,15.0,Peak Disruption
2025-08-11,Bab el-Mandeb / Red Sea,Suezmax,39232.0,1.485,1.337,1282.0,2.6,12.1,Peak Disruption
2025-08-11,Bab el-Mandeb / Red Sea,Aframax,31460.0,1.444,1.391,1332.0,2.3,14.4,Peak Disruption
2025-08-11,Bab el-Mandeb / Red Sea,LNG Carrier,79658.0,1.565,1.298,1358.0,2.6,13.7,Peak Disruption
2025-08-11,Suez Canal,VLCC,69157.0,0.567,0.605,1391.0,1.3,0.8,Peak Disruption
2025-08-11,Suez Canal,Suezmax,45788.0,0.593,0.68,1399.0,1.2,3.2,Peak Disruption
2025-08-11,Suez Canal,Aframax,33051.0,0.627,0.63,1424.0,1.1,1.1,Peak Disruption
2025-08-11,Suez Canal,LNG Carrier,86800.0,0.59,0.72,1381.0,1.2,3.0,Peak Disruption
2025-08-11,Strait of Malacca,VLCC,45730.0,0.516,0.677,1415.0,1.1,2.0,Peak Disruption
2025-08-11,Strait of Malacca,Suezmax,28106.0,0.61,0.657,1308.0,1.2,2.2,Peak Disruption
2025-08-11,Strait of Malacca,Aframax,20681.0,0.636,0.611,1371.0,1.2,1.6,Peak Disruption
2025-08-11,Strait of Malacca,LNG Carrier,53391.0,0.607,0.623,1380.0,1.4,1.6,Peak Disruption
2025-08-11,Cape of Good Hope (reroute),VLCC,98436.0,0.531,0.683,1292.0,15.7,2.5,Peak Disruption
2025-08-11,Cape of Good Hope (reroute),Suezmax,66741.0,0.607,0.676,1325.0,16.6,1.8,Peak Disruption
2025-08-11,Cape of Good Hope (reroute),Aframax,46311.0,0.588,0.636,1422.0,18.0,2.2,Peak Disruption
2025-08-11,Cape of Good Hope (reroute),LNG Carrier,113437.0,0.552,0.692,1323.0,16.9,2.8,Peak Disruption
2025-08-11,Persian Gulf – East China Sea,VLCC,68286.0,0.606,0.722,1416.0,9.9,2.4,Peak Disruption
2025-08-11,Persian Gulf – East China Sea,Suezmax,52687.0,0.642,0.63,1433.0,10.5,2.7,Peak Disruption
2025-08-11,Persian Gulf – East China Sea,Aframax,39691.0,0.545,0.733,1410.0,9.4,2.4,Peak Disruption
2025-08-11,Persian Gulf – East China Sea,LNG Carrier,100713.0,0.615,0.615,1344.0,9.3,1.9,Peak Disruption
2025-08-11,Persian Gulf – Bay of Bengal,VLCC,57738.0,0.52,0.703,1352.0,9.2,2.2,Peak Disruption
2025-08-11,Persian Gulf – Bay of Bengal,Suezmax,38215.0,0.622,0.641,1382.0,10.3,3.7,Peak Disruption
2025-08-11,Persian Gulf – Bay of Bengal,Aframax,27226.0,0.547,0.66,1442.0,10.9,4.1,Peak Disruption
2025-08-11,Persian Gulf – Bay of Bengal,LNG Carrier,71709.0,0.591,0.659,1287.0,9.7,4.0,Peak Disruption
2025-08-11,Persian Gulf – Sea of Japan,VLCC,74929.0,0.511,0.638,1388.0,10.0,3.5,Peak Disruption
2025-08-11,Persian Gulf – Sea of Japan,Suezmax,53569.0,0.519,0.615,1441.0,9.5,1.1,Peak Disruption
2025-08-11,Persian Gulf – Sea of Japan,Aframax,40580.0,0.542,0.642,1423.0,9.1,1.9,Peak Disruption
2025-08-11,Persian Gulf – Sea of Japan,LNG Carrier,104501.0,0.623,0.67,1425.0,9.9,1.2,Peak Disruption
2025-08-11,Aden Gulf – Indian Ocean,VLCC,46011.0,0.591,0.617,1405.0,10.5,3.7,Peak Disruption
2025-08-11,Aden Gulf – Indian Ocean,Suezmax,36408.0,0.611,0.713,1343.0,9.1,3.7,Peak Disruption
2025-08-11,Aden Gulf – Indian Ocean,Aframax,26738.0,0.562,0.735,1345.0,9.8,1.0,Peak Disruption
2025-08-11,Aden Gulf – Indian Ocean,LNG Carrier,67894.0,0.641,0.679,1384.0,10.5,2.0,Peak Disruption
2025-08-11,Arabian Sea – South China Sea,VLCC,56215.0,0.632,0.735,1347.0,10.2,0.7,Peak Disruption
2025-08-11,Arabian Sea – South China Sea,Suezmax,40268.0,0.634,0.694,1319.0,9.7,3.4,Peak Disruption
2025-08-11,Arabian Sea – South China Sea,Aframax,28285.0,0.616,0.643,1422.0,9.5,2.6,Peak Disruption
2025-08-11,Arabian Sea – South China Sea,LNG Carrier,75616.0,0.509,0.678,1385.0,9.7,3.9,Peak Disruption
2025-08-18,Strait of Hormuz,VLCC,61430.0,1.597,1.287,1374.0,2.6,7.2,Peak Disruption
2025-08-18,Strait of Hormuz,Suezmax,44402.0,1.293,1.367,1377.0,2.7,9.5,Peak Disruption
2025-08-18,Strait of Hormuz,Aframax,30743.0,1.462,1.346,1395.0,2.4,15.3,Peak Disruption
2025-08-18,Strait of Hormuz,LNG Carrier,78678.0,1.513,1.259,1294.0,2.7,13.5,Peak Disruption
2025-08-18,Bab el-Mandeb / Red Sea,VLCC,58402.0,1.582,1.38,1296.0,2.6,7.7,Peak Disruption
2025-08-18,Bab el-Mandeb / Red Sea,Suezmax,40580.0,1.563,1.409,1314.0,2.5,13.9,Peak Disruption
2025-08-18,Bab el-Mandeb / Red Sea,Aframax,28279.0,1.347,1.3,1406.0,2.6,2.5,Peak Disruption
2025-08-18,Bab el-Mandeb / Red Sea,LNG Carrier,80271.0,1.585,1.408,1377.0,2.3,14.5,Peak Disruption
2025-08-18,Suez Canal,VLCC,66955.0,0.608,0.687,1341.0,1.3,3.9,Peak Disruption
2025-08-18,Suez Canal,Suezmax,45992.0,0.538,0.685,1387.0,1.4,0.8,Peak Disruption
2025-08-18,Suez Canal,Aframax,32861.0,0.531,0.634,1376.0,1.3,0.9,Peak Disruption
2025-08-18,Suez Canal,LNG Carrier,83625.0,0.591,0.73,1287.0,1.1,3.2,Peak Disruption
2025-08-18,Strait of Malacca,VLCC,42323.0,0.59,0.679,1419.0,1.1,1.9,Peak Disruption
2025-08-18,Strait of Malacca,Suezmax,31611.0,0.583,0.613,1322.0,1.1,4.0,Peak Disruption
2025-08-18,Strait of Malacca,Aframax,22138.0,0.574,0.608,1349.0,1.2,1.5,Peak Disruption
2025-08-18,Strait of Malacca,LNG Carrier,55610.0,0.588,0.696,1385.0,1.1,1.6,Peak Disruption
2025-08-18,Cape of Good Hope (reroute),VLCC,94704.0,0.519,0.641,1351.0,17.7,2.5,Peak Disruption
2025-08-18,Cape of Good Hope (reroute),Suezmax,68720.0,0.522,0.665,1311.0,17.4,2.0,Peak Disruption
2025-08-18,Cape of Good Hope (reroute),Aframax,44831.0,0.607,0.709,1377.0,18.8,2.0,Peak Disruption
2025-08-18,Cape of Good Hope (reroute),LNG Carrier,111038.0,0.52,0.696,1375.0,18.9,0.8,Peak Disruption
2025-08-18,Persian Gulf – East China Sea,VLCC,71015.0,0.521,0.66,1351.0,9.6,3.4,Peak Disruption
2025-08-18,Persian Gulf – East China Sea,Suezmax,50564.0,0.622,0.702,1385.0,10.4,2.5,Peak Disruption
2025-08-18,Persian Gulf – East China Sea,Aframax,35474.0,0.565,0.653,1412.0,9.4,1.9,Peak Disruption
2025-08-18,Persian Gulf – East China Sea,LNG Carrier,99604.0,0.522,0.632,1374.0,9.7,3.3,Peak Disruption
2025-08-18,Persian Gulf – Bay of Bengal,VLCC,53457.0,0.539,0.645,1350.0,10.0,2.0,Peak Disruption
2025-08-18,Persian Gulf – Bay of Bengal,Suezmax,36191.0,0.545,0.625,1289.0,9.8,2.9,Peak Disruption
2025-08-18,Persian Gulf – Bay of Bengal,Aframax,28801.0,0.555,0.605,1424.0,10.1,1.4,Peak Disruption
2025-08-18,Persian Gulf – Bay of Bengal,LNG Carrier,68233.0,0.557,0.71,1440.0,9.6,0.6,Peak Disruption
2025-08-18,Persian Gulf – Sea of Japan,VLCC,72211.0,0.515,0.728,1393.0,9.2,2.2,Peak Disruption
2025-08-18,Persian Gulf – Sea of Japan,Suezmax,53656.0,0.531,0.646,1292.0,9.1,2.3,Peak Disruption
2025-08-18,Persian Gulf – Sea of Japan,Aframax,38948.0,0.621,0.714,1397.0,10.1,1.6,Peak Disruption
2025-08-18,Persian Gulf – Sea of Japan,LNG Carrier,95148.0,0.547,0.677,1392.0,9.9,2.9,Peak Disruption
2025-08-18,Aden Gulf – Indian Ocean,VLCC,47899.0,0.545,0.691,1357.0,10.0,0.7,Peak Disruption
2025-08-18,Aden Gulf – Indian Ocean,Suezmax,36050.0,0.639,0.728,1418.0,10.6,2.1,Peak Disruption
2025-08-18,Aden Gulf – Indian Ocean,Aframax,25971.0,0.629,0.652,1410.0,9.5,3.0,Peak Disruption
2025-08-18,Aden Gulf – Indian Ocean,LNG Carrier,62925.0,0.545,0.706,1359.0,9.0,0.8,Peak Disruption
2025-08-18,Arabian Sea – South China Sea,VLCC,59827.0,0.582,0.662,1403.0,9.5,3.0,Peak Disruption
2025-08-18,Arabian Sea – South China Sea,Suezmax,42085.0,0.514,0.673,1380.0,10.3,0.6,Peak Disruption
2025-08-18,Arabian Sea – South China Sea,Aframax,30087.0,0.549,0.681,1407.0,8.9,3.1,Peak Disruption
2025-08-18,Arabian Sea – South China Sea,LNG Carrier,72758.0,0.625,0.667,1387.0,9.4,2.7,Peak Disruption
2025-08-25,Strait of Hormuz,VLCC,61713.0,1.458,1.244,1383.0,2.6,16.2,Peak Disruption
2025-08-25,Strait of Hormuz,Suezmax,45254.0,1.372,1.39,1388.0,2.3,15.8,Peak Disruption
2025-08-25,Strait of Hormuz,Aframax,29504.0,1.31,1.45,1286.0,2.3,13.1,Peak Disruption
2025-08-25,Strait of Hormuz,LNG Carrier,89482.0,1.341,1.305,1436.0,2.5,13.6,Peak Disruption
2025-08-25,Bab el-Mandeb / Red Sea,VLCC,57742.0,1.523,1.347,1424.0,2.5,12.5,Peak Disruption
2025-08-25,Bab el-Mandeb / Red Sea,Suezmax,38666.0,1.275,1.36,1440.0,2.6,15.8,Peak Disruption
2025-08-25,Bab el-Mandeb / Red Sea,Aframax,28500.0,1.271,1.291,1315.0,2.3,5.6,Peak Disruption
2025-08-25,Bab el-Mandeb / Red Sea,LNG Carrier,80332.0,1.319,1.455,1393.0,2.3,9.7,Peak Disruption
2025-08-25,Suez Canal,VLCC,69271.0,0.569,0.704,1396.0,1.3,3.4,Peak Disruption
2025-08-25,Suez Canal,Suezmax,49512.0,0.642,0.72,1285.0,1.2,1.0,Peak Disruption
2025-08-25,Suez Canal,Aframax,32110.0,0.557,0.693,1403.0,1.2,2.3,Peak Disruption
2025-08-25,Suez Canal,LNG Carrier,84914.0,0.513,0.691,1401.0,1.4,0.9,Peak Disruption
2025-08-25,Strait of Malacca,VLCC,41512.0,0.624,0.719,1301.0,1.2,1.0,Peak Disruption
2025-08-25,Strait of Malacca,Suezmax,30952.0,0.539,0.706,1395.0,1.2,3.2,Peak Disruption
2025-08-25,Strait of Malacca,Aframax,21800.0,0.526,0.671,1310.0,1.3,1.6,Peak Disruption
2025-08-25,Strait of Malacca,LNG Carrier,53790.0,0.587,0.687,1347.0,1.2,2.8,Peak Disruption
2025-08-25,Cape of Good Hope (reroute),VLCC,88381.0,0.619,0.694,1391.0,18.7,3.8,Peak Disruption
2025-08-25,Cape of Good Hope (reroute),Suezmax,69020.0,0.592,0.669,1369.0,17.6,1.5,Peak Disruption
2025-08-25,Cape of Good Hope (reroute),Aframax,43263.0,0.545,0.659,1373.0,17.0,2.2,Peak Disruption
2025-08-25,Cape of Good Hope (reroute),LNG Carrier,122746.0,0.595,0.642,1387.0,17.4,1.5,Peak Disruption
2025-08-25,Persian Gulf – East China Sea,VLCC,72833.0,0.509,0.637,1307.0,9.7,3.5,Peak Disruption
2025-08-25,Persian Gulf – East China Sea,Suezmax,54522.0,0.574,0.673,1304.0,10.6,1.8,Peak Disruption
2025-08-25,Persian Gulf – East China Sea,Aframax,34077.0,0.575,0.722,1353.0,10.4,3.9,Peak Disruption
2025-08-25,Persian Gulf – East China Sea,LNG Carrier,99810.0,0.53,0.629,1304.0,9.2,3.5,Peak Disruption
2025-08-25,Persian Gulf – Bay of Bengal,VLCC,57297.0,0.527,0.731,1365.0,10.2,3.4,Peak Disruption
2025-08-25,Persian Gulf – Bay of Bengal,Suezmax,36989.0,0.563,0.682,1311.0,9.5,3.5,Peak Disruption
2025-08-25,Persian Gulf – Bay of Bengal,Aframax,28075.0,0.559,0.677,1399.0,9.4,4.1,Peak Disruption
2025-08-25,Persian Gulf – Bay of Bengal,LNG Carrier,75486.0,0.56,0.731,1320.0,10.4,1.6,Peak Disruption
2025-08-25,Persian Gulf – Sea of Japan,VLCC,77018.0,0.512,0.647,1382.0,10.9,4.1,Peak Disruption
2025-08-25,Persian Gulf – Sea of Japan,Suezmax,51754.0,0.582,0.69,1444.0,10.9,2.6,Peak Disruption
2025-08-25,Persian Gulf – Sea of Japan,Aframax,35994.0,0.545,0.678,1399.0,10.1,3.6,Peak Disruption
2025-08-25,Persian Gulf – Sea of Japan,LNG Carrier,95733.0,0.528,0.623,1415.0,9.6,3.1,Peak Disruption
2025-08-25,Aden Gulf – Indian Ocean,VLCC,48951.0,0.634,0.676,1344.0,10.0,2.4,Peak Disruption
2025-08-25,Aden Gulf – Indian Ocean,Suezmax,33273.0,0.524,0.649,1374.0,8.9,3.2,Peak Disruption
2025-08-25,Aden Gulf – Indian Ocean,Aframax,26035.0,0.554,0.725,1295.0,10.1,1.1,Peak Disruption
2025-08-25,Aden Gulf – Indian Ocean,LNG Carrier,67928.0,0.602,0.658,1325.0,9.3,1.4,Peak Disruption
2025-08-25,Arabian Sea – South China Sea,VLCC,53012.0,0.628,0.641,1316.0,9.0,3.1,Peak Disruption
2025-08-25,Arabian Sea – South China Sea,Suezmax,37512.0,0.597,0.735,1315.0,9.7,2.0,Peak Disruption
2025-08-25,Arabian Sea – South China Sea,Aframax,30299.0,0.508,0.661,1409.0,9.4,2.7,Peak Disruption
2025-08-25,Arabian Sea – South China Sea,LNG Carrier,79519.0,0.563,0.639,1358.0,9.9,1.2,Peak Disruption
2025-09-01,Strait of Hormuz,VLCC,60229.0,1.441,1.26,1364.0,2.4,7.8,Peak Disruption
2025-09-01,Strait of Hormuz,Suezmax,46622.0,1.603,1.318,1347.0,2.4,5.7,Peak Disruption
2025-09-01,Strait of Hormuz,Aframax,33187.0,1.603,1.359,1444.0,2.7,5.0,Peak Disruption
2025-09-01,Strait of Hormuz,LNG Carrier,87925.0,1.455,1.29,1425.0,2.6,9.8,Peak Disruption
2025-09-01,Bab el-Mandeb / Red Sea,VLCC,60234.0,1.591,1.201,1335.0,2.7,16.0,Peak Disruption
2025-09-01,Bab el-Mandeb / Red Sea,Suezmax,38415.0,1.387,1.313,1386.0,2.5,5.8,Peak Disruption
2025-09-01,Bab el-Mandeb / Red Sea,Aframax,31635.0,1.553,1.212,1349.0,2.6,10.1,Peak Disruption
2025-09-01,Bab el-Mandeb / Red Sea,LNG Carrier,72415.0,1.586,1.284,1433.0,2.4,14.1,Peak Disruption
2025-09-01,Suez Canal,VLCC,67684.0,0.602,0.66,1431.0,1.2,1.9,Peak Disruption
2025-09-01,Suez Canal,Suezmax,51402.0,0.515,0.696,1307.0,1.2,1.9,Peak Disruption
2025-09-01,Suez Canal,Aframax,32963.0,0.594,0.644,1334.0,1.3,3.0,Peak Disruption
2025-09-01,Suez Canal,LNG Carrier,91066.0,0.61,0.711,1375.0,1.2,1.6,Peak Disruption
2025-09-01,Strait of Malacca,VLCC,45162.0,0.633,0.667,1386.0,1.1,0.6,Peak Disruption
2025-09-01,Strait of Malacca,Suezmax,31259.0,0.548,0.692,1344.0,1.3,0.7,Peak Disruption
2025-09-01,Strait of Malacca,Aframax,21570.0,0.606,0.611,1378.0,1.3,2.1,Peak Disruption
2025-09-01,Strait of Malacca,LNG Carrier,57672.0,0.634,0.698,1307.0,1.3,1.8,Peak Disruption
2025-09-01,Cape of Good Hope (reroute),VLCC,86475.0,0.511,0.686,1396.0,17.8,3.4,Peak Disruption
2025-09-01,Cape of Good Hope (reroute),Suezmax,64967.0,0.589,0.64,1419.0,18.8,3.8,Peak Disruption
2025-09-01,Cape of Good Hope (reroute),Aframax,49701.0,0.534,0.666,1282.0,17.7,3.7,Peak Disruption
2025-09-01,Cape of Good Hope (reroute),LNG Carrier,122919.0,0.527,0.69,1379.0,18.7,2.9,Peak Disruption
2025-09-01,Persian Gulf – East China Sea,VLCC,73783.0,0.538,0.716,1312.0,9.9,2.7,Peak Disruption
2025-09-01,Persian Gulf – East China Sea,Suezmax,49623.0,0.641,0.731,1351.0,9.1,1.8,Peak Disruption
2025-09-01,Persian Gulf – East China Sea,Aframax,36957.0,0.54,0.662,1359.0,10.2,3.4,Peak Disruption
2025-09-01,Persian Gulf – East China Sea,LNG Carrier,88830.0,0.545,0.693,1309.0,10.7,1.4,Peak Disruption
2025-09-01,Persian Gulf – Bay of Bengal,VLCC,50299.0,0.514,0.652,1445.0,9.0,1.7,Peak Disruption
2025-09-01,Persian Gulf – Bay of Bengal,Suezmax,39912.0,0.549,0.684,1434.0,9.0,2.2,Peak Disruption
2025-09-01,Persian Gulf – Bay of Bengal,Aframax,28132.0,0.565,0.648,1439.0,10.0,1.6,Peak Disruption
2025-09-01,Persian Gulf – Bay of Bengal,LNG Carrier,71509.0,0.576,0.729,1371.0,10.8,0.7,Peak Disruption
2025-09-01,Persian Gulf – Sea of Japan,VLCC,80377.0,0.558,0.667,1358.0,10.3,0.9,Peak Disruption
2025-09-01,Persian Gulf – Sea of Japan,Suezmax,54635.0,0.544,0.621,1409.0,10.0,1.8,Peak Disruption
2025-09-01,Persian Gulf – Sea of Japan,Aframax,40798.0,0.611,0.669,1293.0,9.8,3.2,Peak Disruption
2025-09-01,Persian Gulf – Sea of Japan,LNG Carrier,102159.0,0.58,0.616,1331.0,10.5,0.8,Peak Disruption
2025-09-01,Aden Gulf – Indian Ocean,VLCC,51662.0,0.612,0.616,1405.0,9.7,0.7,Peak Disruption
2025-09-01,Aden Gulf – Indian Ocean,Suezmax,32363.0,0.583,0.73,1358.0,10.4,2.4,Peak Disruption
2025-09-01,Aden Gulf – Indian Ocean,Aframax,23380.0,0.623,0.652,1407.0,9.2,3.9,Peak Disruption
2025-09-01,Aden Gulf – Indian Ocean,LNG Carrier,60578.0,0.522,0.631,1287.0,9.6,1.8,Peak Disruption
2025-09-01,Arabian Sea – South China Sea,VLCC,56533.0,0.55,0.627,1356.0,9.0,3.9,Peak Disruption
2025-09-01,Arabian Sea – South China Sea,Suezmax,37318.0,0.54,0.635,1296.0,9.9,0.9,Peak Disruption
2025-09-01,Arabian Sea – South China Sea,Aframax,26444.0,0.562,0.665,1302.0,9.5,1.3,Peak Disruption
2025-09-01,Arabian Sea – South China Sea,LNG Carrier,72208.0,0.549,0.611,1444.0,9.1,0.9,Peak Disruption
2025-09-08,Strait of Hormuz,VLCC,59362.0,1.609,1.414,1403.0,2.5,14.3,Peak Disruption
2025-09-08,Strait of Hormuz,Suezmax,47503.0,1.475,1.361,1306.0,2.5,4.3,Peak Disruption
2025-09-08,Strait of Hormuz,Aframax,31885.0,1.595,1.204,1381.0,2.6,11.9,Peak Disruption
2025-09-08,Strait of Hormuz,LNG Carrier,85938.0,1.509,1.376,1308.0,2.5,8.0,Peak Disruption
2025-09-08,Bab el-Mandeb / Red Sea,VLCC,63549.0,1.518,1.289,1355.0,2.6,9.5,Peak Disruption
2025-09-08,Bab el-Mandeb / Red Sea,Suezmax,39660.0,1.403,1.375,1432.0,2.5,14.8,Peak Disruption
2025-09-08,Bab el-Mandeb / Red Sea,Aframax,29576.0,1.274,1.221,1365.0,2.7,5.7,Peak Disruption
2025-09-08,Bab el-Mandeb / Red Sea,LNG Carrier,80432.0,1.288,1.385,1369.0,2.6,10.3,Peak Disruption
2025-09-08,Suez Canal,VLCC,73031.0,0.582,0.648,1350.0,1.1,0.9,Peak Disruption
2025-09-08,Suez Canal,Suezmax,47100.0,0.509,0.636,1409.0,1.2,4.0,Peak Disruption
2025-09-08,Suez Canal,Aframax,36618.0,0.567,0.608,1363.0,1.3,1.7,Peak Disruption
2025-09-08,Suez Canal,LNG Carrier,94638.0,0.594,0.644,1373.0,1.3,4.0,Peak Disruption
2025-09-08,Strait of Malacca,VLCC,42495.0,0.546,0.673,1397.0,1.2,1.9,Peak Disruption
2025-09-08,Strait of Malacca,Suezmax,30486.0,0.605,0.626,1284.0,1.2,1.9,Peak Disruption
2025-09-08,Strait of Malacca,Aframax,21885.0,0.603,0.643,1443.0,1.2,2.6,Peak Disruption
2025-09-08,Strait of Malacca,LNG Carrier,58125.0,0.518,0.622,1357.0,1.1,1.4,Peak Disruption
2025-09-08,Cape of Good Hope (reroute),VLCC,87449.0,0.61,0.647,1350.0,19.1,3.9,Peak Disruption
2025-09-08,Cape of Good Hope (reroute),Suezmax,66873.0,0.572,0.686,1308.0,18.0,3.7,Peak Disruption
2025-09-08,Cape of Good Hope (reroute),Aframax,43405.0,0.559,0.624,1345.0,16.9,3.3,Peak Disruption
2025-09-08,Cape of Good Hope (reroute),LNG Carrier,119239.0,0.54,0.644,1423.0,18.5,4.1,Peak Disruption
2025-09-08,Persian Gulf – East China Sea,VLCC,73874.0,0.509,0.711,1346.0,9.8,3.5,Peak Disruption
2025-09-08,Persian Gulf – East China Sea,Suezmax,55185.0,0.616,0.629,1429.0,10.7,3.3,Peak Disruption
2025-09-08,Persian Gulf – East China Sea,Aframax,36760.0,0.63,0.64,1374.0,10.8,2.8,Peak Disruption
2025-09-08,Persian Gulf – East China Sea,LNG Carrier,97623.0,0.593,0.672,1307.0,10.1,1.0,Peak Disruption
2025-09-08,Persian Gulf – Bay of Bengal,VLCC,55500.0,0.578,0.7,1340.0,9.9,1.7,Peak Disruption
2025-09-08,Persian Gulf – Bay of Bengal,Suezmax,39707.0,0.637,0.605,1316.0,9.4,1.3,Peak Disruption
2025-09-08,Persian Gulf – Bay of Bengal,Aframax,27262.0,0.613,0.67,1364.0,10.9,1.6,Peak Disruption
2025-09-08,Persian Gulf – Bay of Bengal,LNG Carrier,65312.0,0.55,0.654,1303.0,10.1,3.6,Peak Disruption
2025-09-08,Persian Gulf – Sea of Japan,VLCC,73614.0,0.593,0.693,1377.0,9.3,1.7,Peak Disruption
2025-09-08,Persian Gulf – Sea of Japan,Suezmax,55173.0,0.538,0.697,1285.0,10.5,3.8,Peak Disruption
2025-09-08,Persian Gulf – Sea of Japan,Aframax,39135.0,0.517,0.662,1423.0,9.3,2.7,Peak Disruption
2025-09-08,Persian Gulf – Sea of Japan,LNG Carrier,100365.0,0.561,0.699,1391.0,9.7,1.8,Peak Disruption
2025-09-08,Aden Gulf – Indian Ocean,VLCC,50382.0,0.512,0.643,1443.0,10.8,3.9,Peak Disruption
2025-09-08,Aden Gulf – Indian Ocean,Suezmax,32529.0,0.519,0.665,1399.0,10.0,1.0,Peak Disruption
2025-09-08,Aden Gulf – Indian Ocean,Aframax,26724.0,0.51,0.618,1442.0,10.3,3.9,Peak Disruption
2025-09-08,Aden Gulf – Indian Ocean,LNG Carrier,64503.0,0.55,0.623,1392.0,10.7,2.7,Peak Disruption
2025-09-08,Arabian Sea – South China Sea,VLCC,58089.0,0.611,0.708,1423.0,9.5,3.6,Peak Disruption
2025-09-08,Arabian Sea – South China Sea,Suezmax,36738.0,0.54,0.703,1362.0,10.9,1.5,Peak Disruption
2025-09-08,Arabian Sea – South China Sea,Aframax,27092.0,0.617,0.678,1380.0,9.7,3.3,Peak Disruption
2025-09-08,Arabian Sea – South China Sea,LNG Carrier,70097.0,0.523,0.631,1289.0,10.6,3.3,Peak Disruption
2025-09-15,Strait of Hormuz,VLCC,64719.0,1.574,1.29,1284.0,2.3,7.9,Peak Disruption
2025-09-15,Strait of Hormuz,Suezmax,45240.0,1.271,1.214,1363.0,2.5,7.7,Peak Disruption
2025-09-15,Strait of Hormuz,Aframax,31643.0,1.349,1.228,1364.0,2.4,16.4,Peak Disruption
2025-09-15,Strait of Hormuz,LNG Carrier,81920.0,1.378,1.306,1362.0,2.6,6.2,Peak Disruption
2025-09-15,Bab el-Mandeb / Red Sea,VLCC,63399.0,1.343,1.412,1315.0,2.2,15.2,Peak Disruption
2025-09-15,Bab el-Mandeb / Red Sea,Suezmax,41748.0,1.349,1.275,1305.0,2.3,11.2,Peak Disruption
2025-09-15,Bab el-Mandeb / Red Sea,Aframax,31662.0,1.359,1.357,1431.0,2.6,4.1,Peak Disruption
2025-09-15,Bab el-Mandeb / Red Sea,LNG Carrier,82068.0,1.507,1.27,1338.0,2.5,5.3,Peak Disruption
2025-09-15,Suez Canal,VLCC,68906.0,0.537,0.652,1399.0,1.2,2.7,Peak Disruption
2025-09-15,Suez Canal,Suezmax,47170.0,0.615,0.709,1291.0,1.3,3.8,Peak Disruption
2025-09-15,Suez Canal,Aframax,33321.0,0.52,0.614,1431.0,1.2,3.5,Peak Disruption
2025-09-15,Suez Canal,LNG Carrier,94472.0,0.574,0.718,1438.0,1.1,1.4,Peak Disruption
2025-09-15,Strait of Malacca,VLCC,44414.0,0.609,0.613,1297.0,1.2,3.0,Peak Disruption
2025-09-15,Strait of Malacca,Suezmax,31255.0,0.53,0.694,1408.0,1.2,3.4,Peak Disruption
2025-09-15,Strait of Malacca,Aframax,21178.0,0.542,0.616,1302.0,1.2,1.7,Peak Disruption
2025-09-15,Strait of Malacca,LNG Carrier,55592.0,0.595,0.611,1392.0,1.3,2.2,Peak Disruption
2025-09-15,Cape of Good Hope (reroute),VLCC,98233.0,0.518,0.668,1427.0,17.3,3.4,Peak Disruption
2025-09-15,Cape of Good Hope (reroute),Suezmax,62180.0,0.591,0.699,1302.0,15.6,3.9,Peak Disruption
2025-09-15,Cape of Good Hope (reroute),Aframax,49244.0,0.518,0.669,1378.0,18.0,3.1,Peak Disruption
2025-09-15,Cape of Good Hope (reroute),LNG Carrier,115774.0,0.628,0.695,1331.0,17.2,3.8,Peak Disruption
2025-09-15,Persian Gulf – East China Sea,VLCC,73668.0,0.524,0.621,1365.0,10.3,3.3,Peak Disruption
2025-09-15,Persian Gulf – East China Sea,Suezmax,53040.0,0.616,0.688,1412.0,10.3,0.6,Peak Disruption
2025-09-15,Persian Gulf – East China Sea,Aframax,35104.0,0.584,0.663,1307.0,10.6,2.9,Peak Disruption
2025-09-15,Persian Gulf – East China Sea,LNG Carrier,96240.0,0.629,0.717,1344.0,10.1,2.5,Peak Disruption
2025-09-15,Persian Gulf – Bay of Bengal,VLCC,56808.0,0.626,0.649,1401.0,10.0,3.0,Peak Disruption
2025-09-15,Persian Gulf – Bay of Bengal,Suezmax,34790.0,0.581,0.627,1378.0,9.6,2.5,Peak Disruption
2025-09-15,Persian Gulf – Bay of Bengal,Aframax,27396.0,0.532,0.619,1343.0,10.1,3.8,Peak Disruption
2025-09-15,Persian Gulf – Bay of Bengal,LNG Carrier,67082.0,0.64,0.636,1380.0,9.5,2.3,Peak Disruption
2025-09-15,Persian Gulf – Sea of Japan,VLCC,72729.0,0.644,0.63,1389.0,10.7,1.8,Peak Disruption
2025-09-15,Persian Gulf – Sea of Japan,Suezmax,50790.0,0.561,0.629,1421.0,10.0,1.7,Peak Disruption
2025-09-15,Persian Gulf – Sea of Japan,Aframax,39831.0,0.589,0.693,1293.0,10.0,1.9,Peak Disruption
2025-09-15,Persian Gulf – Sea of Japan,LNG Carrier,96206.0,0.596,0.664,1363.0,9.4,3.8,Peak Disruption
2025-09-15,Aden Gulf – Indian Ocean,VLCC,47030.0,0.599,0.643,1376.0,9.2,4.0,Peak Disruption
2025-09-15,Aden Gulf – Indian Ocean,Suezmax,32929.0,0.631,0.657,1431.0,10.6,3.0,Peak Disruption
2025-09-15,Aden Gulf – Indian Ocean,Aframax,25920.0,0.537,0.638,1328.0,9.9,0.9,Peak Disruption
2025-09-15,Aden Gulf – Indian Ocean,LNG Carrier,68093.0,0.618,0.678,1391.0,8.9,1.8,Peak Disruption
2025-09-15,Arabian Sea – South China Sea,VLCC,58166.0,0.525,0.661,1301.0,9.6,2.7,Peak Disruption
2025-09-15,Arabian Sea – South China Sea,Suezmax,37684.0,0.569,0.66,1328.0,8.9,3.9,Peak Disruption
2025-09-15,Arabian Sea – South China Sea,Aframax,28068.0,0.529,0.651,1373.0,10.8,3.6,Peak Disruption
2025-09-15,Arabian Sea – South China Sea,LNG Carrier,79640.0,0.58,0.691,1395.0,10.2,2.0,Peak Disruption
2025-09-22,Strait of Hormuz,VLCC,66598.0,1.435,1.393,1421.0,2.5,15.9,Peak Disruption
2025-09-22,Strait of Hormuz,Suezmax,43994.0,1.27,1.351,1300.0,2.3,7.1,Peak Disruption
2025-09-22,Strait of Hormuz,Aframax,33739.0,1.392,1.353,1303.0,2.5,9.6,Peak Disruption
2025-09-22,Strait of Hormuz,LNG Carrier,86481.0,1.516,1.412,1366.0,2.7,6.9,Peak Disruption
2025-09-22,Bab el-Mandeb / Red Sea,VLCC,59007.0,1.605,1.278,1387.0,2.6,16.4,Peak Disruption
2025-09-22,Bab el-Mandeb / Red Sea,Suezmax,41991.0,1.458,1.284,1417.0,2.6,8.4,Peak Disruption
2025-09-22,Bab el-Mandeb / Red Sea,Aframax,30632.0,1.281,1.231,1393.0,2.5,13.6,Peak Disruption
2025-09-22,Bab el-Mandeb / Red Sea,LNG Carrier,76470.0,1.309,1.408,1419.0,2.3,5.5,Peak Disruption
2025-09-22,Suez Canal,VLCC,67928.0,0.517,0.714,1297.0,1.3,2.6,Peak Disruption
2025-09-22,Suez Canal,Suezmax,51429.0,0.574,0.693,1406.0,1.1,0.9,Peak Disruption
2025-09-22,Suez Canal,Aframax,33524.0,0.633,0.606,1392.0,1.3,0.9,Peak Disruption
2025-09-22,Suez Canal,LNG Carrier,86879.0,0.509,0.685,1365.0,1.2,3.4,Peak Disruption
2025-09-22,Strait of Malacca,VLCC,40067.0,0.524,0.712,1293.0,1.2,2.4,Peak Disruption
2025-09-22,Strait of Malacca,Suezmax,30247.0,0.621,0.693,1407.0,1.2,0.9,Peak Disruption
2025-09-22,Strait of Malacca,Aframax,21888.0,0.627,0.722,1413.0,1.2,3.7,Peak Disruption
2025-09-22,Strait of Malacca,LNG Carrier,59798.0,0.594,0.677,1328.0,1.2,2.9,Peak Disruption
2025-09-22,Cape of Good Hope (reroute),VLCC,91251.0,0.579,0.692,1296.0,15.8,1.8,Peak Disruption
2025-09-22,Cape of Good Hope (reroute),Suezmax,62201.0,0.623,0.637,1320.0,15.7,1.6,Peak Disruption
2025-09-22,Cape of Good Hope (reroute),Aframax,48389.0,0.561,0.715,1349.0,15.7,2.8,Peak Disruption
2025-09-22,Cape of Good Hope (reroute),LNG Carrier,112070.0,0.512,0.677,1308.0,18.4,3.4,Peak Disruption
2025-09-22,Persian Gulf – East China Sea,VLCC,78794.0,0.581,0.615,1363.0,9.1,2.9,Peak Disruption
2025-09-22,Persian Gulf – East China Sea,Suezmax,48688.0,0.627,0.641,1434.0,10.3,1.9,Peak Disruption
2025-09-22,Persian Gulf – East China Sea,Aframax,35325.0,0.616,0.667,1365.0,9.9,4.1,Peak Disruption
2025-09-22,Persian Gulf – East China Sea,LNG Carrier,100564.0,0.612,0.629,1390.0,9.1,2.2,Peak Disruption
2025-09-22,Persian Gulf – Bay of Bengal,VLCC,58082.0,0.546,0.673,1328.0,9.2,1.4,Peak Disruption
2025-09-22,Persian Gulf – Bay of Bengal,Suezmax,36128.0,0.529,0.664,1327.0,9.3,3.6,Peak Disruption
2025-09-22,Persian Gulf – Bay of Bengal,Aframax,25409.0,0.607,0.68,1401.0,10.9,4.0,Peak Disruption
2025-09-22,Persian Gulf – Bay of Bengal,LNG Carrier,73208.0,0.54,0.695,1424.0,10.1,0.7,Peak Disruption
2025-09-22,Persian Gulf – Sea of Japan,VLCC,80576.0,0.578,0.632,1407.0,10.7,1.2,Peak Disruption
2025-09-22,Persian Gulf – Sea of Japan,Suezmax,51006.0,0.616,0.729,1283.0,9.2,3.9,Peak Disruption
2025-09-22,Persian Gulf – Sea of Japan,Aframax,39853.0,0.625,0.697,1445.0,10.0,1.3,Peak Disruption
2025-09-22,Persian Gulf – Sea of Japan,LNG Carrier,94717.0,0.632,0.656,1324.0,10.6,2.3,Peak Disruption
2025-09-22,Aden Gulf – Indian Ocean,VLCC,45733.0,0.61,0.697,1408.0,10.1,3.8,Peak Disruption
2025-09-22,Aden Gulf – Indian Ocean,Suezmax,32641.0,0.565,0.666,1433.0,9.4,2.3,Peak Disruption
2025-09-22,Aden Gulf – Indian Ocean,Aframax,24206.0,0.635,0.646,1305.0,9.1,3.3,Peak Disruption
2025-09-22,Aden Gulf – Indian Ocean,LNG Carrier,68381.0,0.611,0.662,1316.0,10.3,1.3,Peak Disruption
2025-09-22,Arabian Sea – South China Sea,VLCC,56808.0,0.613,0.672,1429.0,10.1,1.0,Peak Disruption
2025-09-22,Arabian Sea – South China Sea,Suezmax,39900.0,0.578,0.62,1356.0,10.4,0.6,Peak Disruption
2025-09-22,Arabian Sea – South China Sea,Aframax,28443.0,0.527,0.723,1320.0,9.4,0.7,Peak Disruption
2025-09-22,Arabian Sea – South China Sea,LNG Carrier,76340.0,0.555,0.633,1335.0,10.7,3.0,Peak Disruption
2025-09-29,Strait of Hormuz,VLCC,60034.0,1.391,1.272,1345.0,2.4,12.6,Peak Disruption
2025-09-29,Strait of Hormuz,Suezmax,44781.0,1.475,1.438,1393.0,2.6,16.6,Peak Disruption
2025-09-29,Strait of Hormuz,Aframax,34084.0,1.457,1.342,1397.0,2.4,5.5,Peak Disruption
2025-09-29,Strait of Hormuz,LNG Carrier,89141.0,1.519,1.426,1343.0,2.6,2.5,Peak Disruption
2025-09-29,Bab el-Mandeb / Red Sea,VLCC,58898.0,1.52,1.366,1364.0,2.4,14.3,Peak Disruption
2025-09-29,Bab el-Mandeb / Red Sea,Suezmax,42220.0,1.506,1.407,1441.0,2.5,6.7,Peak Disruption
2025-09-29,Bab el-Mandeb / Red Sea,Aframax,28745.0,1.405,1.346,1311.0,2.3,6.6,Peak Disruption
2025-09-29,Bab el-Mandeb / Red Sea,LNG Carrier,75758.0,1.509,1.253,1354.0,2.7,2.5,Peak Disruption
2025-09-29,Suez Canal,VLCC,68737.0,0.556,0.691,1316.0,1.2,1.0,Peak Disruption
2025-09-29,Suez Canal,Suezmax,47883.0,0.613,0.669,1425.0,1.3,1.3,Peak Disruption
2025-09-29,Suez Canal,Aframax,31959.0,0.621,0.668,1334.0,1.3,2.6,Peak Disruption
2025-09-29,Suez Canal,LNG Carrier,91030.0,0.546,0.693,1341.0,1.2,0.8,Peak Disruption
2025-09-29,Strait of Malacca,VLCC,45751.0,0.561,0.659,1425.0,1.2,2.5,Peak Disruption
2025-09-29,Strait of Malacca,Suezmax,31369.0,0.549,0.638,1407.0,1.2,4.2,Peak Disruption
2025-09-29,Strait of Malacca,Aframax,21801.0,0.576,0.665,1308.0,1.3,2.1,Peak Disruption
2025-09-29,Strait of Malacca,LNG Carrier,58180.0,0.535,0.666,1429.0,1.2,4.2,Peak Disruption
2025-09-29,Cape of Good Hope (reroute),VLCC,96558.0,0.509,0.662,1409.0,16.9,0.7,Peak Disruption
2025-09-29,Cape of Good Hope (reroute),Suezmax,62883.0,0.51,0.656,1416.0,18.9,3.4,Peak Disruption
2025-09-29,Cape of Good Hope (reroute),Aframax,42597.0,0.636,0.617,1433.0,19.1,2.4,Peak Disruption
2025-09-29,Cape of Good Hope (reroute),LNG Carrier,112230.0,0.596,0.677,1300.0,17.9,3.3,Peak Disruption
2025-09-29,Persian Gulf – East China Sea,VLCC,76797.0,0.6,0.708,1419.0,9.9,0.8,Peak Disruption
2025-09-29,Persian Gulf – East China Sea,Suezmax,52828.0,0.512,0.7,1327.0,9.0,0.9,Peak Disruption
2025-09-29,Persian Gulf – East China Sea,Aframax,36728.0,0.554,0.693,1321.0,9.8,2.7,Peak Disruption
2025-09-29,Persian Gulf – East China Sea,LNG Carrier,93933.0,0.508,0.672,1400.0,10.8,3.6,Peak Disruption
2025-09-29,Persian Gulf – Bay of Bengal,VLCC,50269.0,0.604,0.733,1438.0,9.3,2.0,Peak Disruption
2025-09-29,Persian Gulf – Bay of Bengal,Suezmax,37087.0,0.526,0.69,1288.0,9.7,1.7,Peak Disruption
2025-09-29,Persian Gulf – Bay of Bengal,Aframax,29110.0,0.558,0.709,1369.0,10.4,0.9,Peak Disruption
2025-09-29,Persian Gulf – Bay of Bengal,LNG Carrier,74060.0,0.571,0.651,1437.0,10.6,2.0,Peak Disruption
2025-09-29,Persian Gulf – Sea of Japan,VLCC,73616.0,0.596,0.628,1290.0,9.5,2.8,Peak Disruption
2025-09-29,Persian Gulf – Sea of Japan,Suezmax,51647.0,0.566,0.664,1361.0,9.5,1.0,Peak Disruption
2025-09-29,Persian Gulf – Sea of Japan,Aframax,41255.0,0.536,0.64,1286.0,10.9,1.1,Peak Disruption
2025-09-29,Persian Gulf – Sea of Japan,LNG Carrier,102673.0,0.603,0.685,1349.0,9.3,2.3,Peak Disruption
2025-09-29,Aden Gulf – Indian Ocean,VLCC,50464.0,0.523,0.67,1426.0,8.9,3.8,Peak Disruption
2025-09-29,Aden Gulf – Indian Ocean,Suezmax,33112.0,0.581,0.624,1320.0,10.3,1.1,Peak Disruption
2025-09-29,Aden Gulf – Indian Ocean,Aframax,23284.0,0.514,0.661,1364.0,10.7,2.0,Peak Disruption
2025-09-29,Aden Gulf – Indian Ocean,LNG Carrier,65195.0,0.578,0.657,1389.0,10.9,3.2,Peak Disruption
2025-09-29,Arabian Sea – South China Sea,VLCC,57257.0,0.628,0.694,1299.0,9.6,4.1,Peak Disruption
2025-09-29,Arabian Sea – South China Sea,Suezmax,42309.0,0.632,0.642,1382.0,10.1,4.1,Peak Disruption
2025-09-29,Arabian Sea – South China Sea,Aframax,26647.0,0.508,0.61,1411.0,10.7,1.2,Peak Disruption
2025-09-29,Arabian Sea – South China Sea,LNG Carrier,73433.0,0.561,0.62,1304.0,10.4,2.4,Peak Disruption
2025-10-06,Strait of Hormuz,VLCC,54928.0,0.638,0.732,940.0,2.4,4.4,Fragile Stabilisation
2025-10-06,Strait of Hormuz,Suezmax,37872.0,0.717,0.799,1007.0,2.4,4.7,Fragile Stabilisation
2025-10-06,Strait of Hormuz,Aframax,27815.0,0.651,0.814,1026.0,2.2,7.8,Fragile Stabilisation
2025-10-06,Strait of Hormuz,LNG Carrier,74388.0,0.738,0.734,939.0,2.1,3.3,Fragile Stabilisation
2025-10-06,Bab el-Mandeb / Red Sea,VLCC,48735.0,0.787,0.85,1050.0,2.3,7.0,Fragile Stabilisation
2025-10-06,Bab el-Mandeb / Red Sea,Suezmax,37696.0,0.753,0.841,1006.0,2.1,8.2,Fragile Stabilisation
2025-10-06,Bab el-Mandeb / Red Sea,Aframax,23768.0,0.697,0.815,993.0,2.1,2.1,Fragile Stabilisation
2025-10-06,Bab el-Mandeb / Red Sea,LNG Carrier,70471.0,0.719,0.79,1007.0,2.2,1.4,Fragile Stabilisation
2025-10-06,Suez Canal,VLCC,61975.0,0.269,0.43,1040.0,1.1,1.9,Fragile Stabilisation
2025-10-06,Suez Canal,Suezmax,43685.0,0.258,0.49,1015.0,1.0,2.0,Fragile Stabilisation
2025-10-06,Suez Canal,Aframax,29118.0,0.271,0.424,991.0,1.0,1.7,Fragile Stabilisation
2025-10-06,Suez Canal,LNG Carrier,78580.0,0.305,0.48,1033.0,1.0,1.5,Fragile Stabilisation
2025-10-06,Strait of Malacca,VLCC,34532.0,0.293,0.504,947.0,1.0,1.7,Fragile Stabilisation
2025-10-06,Strait of Malacca,Suezmax,25490.0,0.3,0.498,1000.0,1.0,1.6,Fragile Stabilisation
2025-10-06,Strait of Malacca,Aframax,19179.0,0.296,0.469,978.0,1.2,0.9,Fragile Stabilisation
2025-10-06,Strait of Malacca,LNG Carrier,47102.0,0.3,0.447,935.0,1.2,1.9,Fragile Stabilisation
2025-10-06,Cape of Good Hope (reroute),VLCC,83344.0,0.303,0.453,1033.0,16.2,1.3,Fragile Stabilisation
2025-10-06,Cape of Good Hope (reroute),Suezmax,57613.0,0.257,0.415,1048.0,16.3,2.0,Fragile Stabilisation
2025-10-06,Cape of Good Hope (reroute),Aframax,38302.0,0.284,0.417,978.0,16.4,0.6,Fragile Stabilisation
2025-10-06,Cape of Good Hope (reroute),LNG Carrier,96229.0,0.262,0.482,1042.0,14.5,0.6,Fragile Stabilisation
2025-10-06,Persian Gulf – East China Sea,VLCC,60672.0,0.32,0.425,1006.0,9.7,1.4,Fragile Stabilisation
2025-10-06,Persian Gulf – East China Sea,Suezmax,46016.0,0.277,0.483,993.0,9.3,1.5,Fragile Stabilisation
2025-10-06,Persian Gulf – East China Sea,Aframax,33506.0,0.306,0.458,1026.0,8.3,1.2,Fragile Stabilisation
2025-10-06,Persian Gulf – East China Sea,LNG Carrier,78834.0,0.264,0.451,1048.0,9.3,0.9,Fragile Stabilisation
2025-10-06,Persian Gulf – Bay of Bengal,VLCC,44779.0,0.283,0.481,939.0,9.2,0.8,Fragile Stabilisation
2025-10-06,Persian Gulf – Bay of Bengal,Suezmax,34360.0,0.267,0.432,1002.0,9.5,1.3,Fragile Stabilisation
2025-10-06,Persian Gulf – Bay of Bengal,Aframax,24808.0,0.301,0.436,1007.0,8.7,0.5,Fragile Stabilisation
2025-10-06,Persian Gulf – Bay of Bengal,LNG Carrier,57559.0,0.273,0.502,942.0,9.5,1.6,Fragile Stabilisation
2025-10-06,Persian Gulf – Sea of Japan,VLCC,70111.0,0.301,0.486,1017.0,8.8,1.3,Fragile Stabilisation
2025-10-06,Persian Gulf – Sea of Japan,Suezmax,48466.0,0.299,0.492,995.0,9.5,1.5,Fragile Stabilisation
2025-10-06,Persian Gulf – Sea of Japan,Aframax,30719.0,0.263,0.475,1003.0,8.4,1.1,Fragile Stabilisation
2025-10-06,Persian Gulf – Sea of Japan,LNG Carrier,84642.0,0.322,0.473,1006.0,9.3,2.1,Fragile Stabilisation
2025-10-06,Aden Gulf – Indian Ocean,VLCC,41379.0,0.315,0.472,982.0,9.8,0.9,Fragile Stabilisation
2025-10-06,Aden Gulf – Indian Ocean,Suezmax,31992.0,0.289,0.497,1050.0,9.1,0.6,Fragile Stabilisation
2025-10-06,Aden Gulf – Indian Ocean,Aframax,22333.0,0.281,0.422,1045.0,8.5,1.5,Fragile Stabilisation
2025-10-06,Aden Gulf – Indian Ocean,LNG Carrier,57193.0,0.306,0.466,976.0,9.9,1.1,Fragile Stabilisation
2025-10-06,Arabian Sea – South China Sea,VLCC,46292.0,0.307,0.466,1050.0,8.7,0.8,Fragile Stabilisation
2025-10-06,Arabian Sea – South China Sea,Suezmax,32486.0,0.269,0.474,940.0,8.6,1.2,Fragile Stabilisation
2025-10-06,Arabian Sea – South China Sea,Aframax,22767.0,0.286,0.468,986.0,8.5,0.5,Fragile Stabilisation
2025-10-06,Arabian Sea – South China Sea,LNG Carrier,64451.0,0.298,0.456,982.0,8.4,0.5,Fragile Stabilisation
2025-10-13,Strait of Hormuz,VLCC,58102.0,0.648,0.79,1012.0,2.2,1.6,Fragile Stabilisation
2025-10-13,Strait of Hormuz,Suezmax,37482.0,0.728,0.823,1043.0,2.3,1.3,Fragile Stabilisation
2025-10-13,Strait of Hormuz,Aframax,27582.0,0.761,0.85,964.0,2.2,3.0,Fragile Stabilisation
2025-10-13,Strait of Hormuz,LNG Carrier,72933.0,0.8,0.827,963.0,2.1,1.9,Fragile Stabilisation
2025-10-13,Bab el-Mandeb / Red Sea,VLCC,50002.0,0.691,0.83,1048.0,2.3,7.4,Fragile Stabilisation
2025-10-13,Bab el-Mandeb / Red Sea,Suezmax,32834.0,0.806,0.868,944.0,2.0,8.4,Fragile Stabilisation
2025-10-13,Bab el-Mandeb / Red Sea,Aframax,24930.0,0.754,0.763,986.0,2.3,4.3,Fragile Stabilisation
2025-10-13,Bab el-Mandeb / Red Sea,LNG Carrier,64391.0,0.748,0.826,987.0,2.1,1.5,Fragile Stabilisation
2025-10-13,Suez Canal,VLCC,57947.0,0.307,0.5,961.0,1.0,2.0,Fragile Stabilisation
2025-10-13,Suez Canal,Suezmax,38839.0,0.268,0.5,1027.0,1.1,1.1,Fragile Stabilisation
2025-10-13,Suez Canal,Aframax,30934.0,0.295,0.425,1038.0,1.1,2.0,Fragile Stabilisation
2025-10-13,Suez Canal,LNG Carrier,75644.0,0.279,0.499,1014.0,1.1,1.8,Fragile Stabilisation
2025-10-13,Strait of Malacca,VLCC,38610.0,0.308,0.479,1013.0,1.2,0.4,Fragile Stabilisation
2025-10-13,Strait of Malacca,Suezmax,23999.0,0.265,0.49,998.0,1.1,1.2,Fragile Stabilisation
2025-10-13,Strait of Malacca,Aframax,16830.0,0.291,0.438,941.0,1.2,1.6,Fragile Stabilisation
2025-10-13,Strait of Malacca,LNG Carrier,50173.0,0.258,0.469,955.0,1.1,0.7,Fragile Stabilisation
2025-10-13,Cape of Good Hope (reroute),VLCC,78972.0,0.276,0.471,957.0,15.0,0.4,Fragile Stabilisation
2025-10-13,Cape of Good Hope (reroute),Suezmax,59312.0,0.28,0.454,1044.0,15.4,2.1,Fragile Stabilisation
2025-10-13,Cape of Good Hope (reroute),Aframax,39122.0,0.259,0.464,1047.0,16.3,1.3,Fragile Stabilisation
2025-10-13,Cape of Good Hope (reroute),LNG Carrier,102370.0,0.285,0.447,1027.0,16.2,2.0,Fragile Stabilisation
2025-10-13,Persian Gulf – East China Sea,VLCC,60658.0,0.292,0.483,986.0,9.0,2.0,Fragile Stabilisation
2025-10-13,Persian Gulf – East China Sea,Suezmax,43827.0,0.315,0.423,1019.0,8.1,0.7,Fragile Stabilisation
2025-10-13,Persian Gulf – East China Sea,Aframax,31021.0,0.267,0.47,935.0,9.5,1.9,Fragile Stabilisation
2025-10-13,Persian Gulf – East China Sea,LNG Carrier,82640.0,0.288,0.446,939.0,9.0,0.3,Fragile Stabilisation
2025-10-13,Persian Gulf – Bay of Bengal,VLCC,48854.0,0.294,0.433,1030.0,9.4,1.6,Fragile Stabilisation
2025-10-13,Persian Gulf – Bay of Bengal,Suezmax,31201.0,0.275,0.429,1035.0,8.8,1.5,Fragile Stabilisation
2025-10-13,Persian Gulf – Bay of Bengal,Aframax,24123.0,0.294,0.474,1016.0,9.8,0.5,Fragile Stabilisation
2025-10-13,Persian Gulf – Bay of Bengal,LNG Carrier,60747.0,0.299,0.485,964.0,9.0,1.3,Fragile Stabilisation
2025-10-13,Persian Gulf – Sea of Japan,VLCC,65080.0,0.276,0.456,991.0,9.8,1.3,Fragile Stabilisation
2025-10-13,Persian Gulf – Sea of Japan,Suezmax,49142.0,0.313,0.419,966.0,9.0,0.7,Fragile Stabilisation
2025-10-13,Persian Gulf – Sea of Japan,Aframax,34435.0,0.261,0.498,969.0,8.5,0.9,Fragile Stabilisation
2025-10-13,Persian Gulf – Sea of Japan,LNG Carrier,84177.0,0.303,0.424,981.0,9.8,0.5,Fragile Stabilisation
2025-10-13,Aden Gulf – Indian Ocean,VLCC,41911.0,0.299,0.452,996.0,9.7,1.9,Fragile Stabilisation
2025-10-13,Aden Gulf – Indian Ocean,Suezmax,27709.0,0.272,0.466,1032.0,8.6,0.9,Fragile Stabilisation
2025-10-13,Aden Gulf – Indian Ocean,Aframax,19632.0,0.299,0.435,989.0,8.3,1.0,Fragile Stabilisation
2025-10-13,Aden Gulf – Indian Ocean,LNG Carrier,56513.0,0.3,0.486,982.0,9.2,1.1,Fragile Stabilisation
2025-10-13,Arabian Sea – South China Sea,VLCC,51556.0,0.32,0.485,946.0,9.1,0.9,Fragile Stabilisation
2025-10-13,Arabian Sea – South China Sea,Suezmax,32801.0,0.274,0.487,1031.0,8.2,1.5,Fragile Stabilisation
2025-10-13,Arabian Sea – South China Sea,Aframax,25872.0,0.286,0.474,961.0,8.3,1.6,Fragile Stabilisation
2025-10-13,Arabian Sea – South China Sea,LNG Carrier,63257.0,0.28,0.473,1017.0,9.7,1.4,Fragile Stabilisation
2025-10-20,Strait of Hormuz,VLCC,58533.0,0.75,0.741,998.0,2.0,7.8,Fragile Stabilisation
2025-10-20,Strait of Hormuz,Suezmax,36732.0,0.657,0.81,1036.0,2.3,8.2,Fragile Stabilisation
2025-10-20,Strait of Hormuz,Aframax,25658.0,0.793,0.754,943.0,2.3,6.7,Fragile Stabilisation
2025-10-20,Strait of Hormuz,LNG Carrier,74195.0,0.699,0.809,953.0,2.4,5.8,Fragile Stabilisation
2025-10-20,Bab el-Mandeb / Red Sea,VLCC,51350.0,0.731,0.833,1051.0,2.1,7.4,Fragile Stabilisation
2025-10-20,Bab el-Mandeb / Red Sea,Suezmax,35105.0,0.741,0.779,944.0,2.4,4.9,Fragile Stabilisation
2025-10-20,Bab el-Mandeb / Red Sea,Aframax,25642.0,0.754,0.817,940.0,2.3,6.5,Fragile Stabilisation
2025-10-20,Bab el-Mandeb / Red Sea,LNG Carrier,68339.0,0.771,0.74,985.0,2.0,4.9,Fragile Stabilisation
2025-10-20,Suez Canal,VLCC,62578.0,0.304,0.486,1043.0,1.1,2.0,Fragile Stabilisation
2025-10-20,Suez Canal,Suezmax,43162.0,0.301,0.422,952.0,1.1,0.4,Fragile Stabilisation
2025-10-20,Suez Canal,Aframax,26968.0,0.316,0.472,955.0,1.1,1.5,Fragile Stabilisation
2025-10-20,Suez Canal,LNG Carrier,76275.0,0.255,0.45,953.0,1.1,1.0,Fragile Stabilisation
2025-10-20,Strait of Malacca,VLCC,38975.0,0.312,0.466,980.0,1.0,1.2,Fragile Stabilisation
2025-10-20,Strait of Malacca,Suezmax,23705.0,0.276,0.505,936.0,1.1,1.7,Fragile Stabilisation
2025-10-20,Strait of Malacca,Aframax,19274.0,0.298,0.423,1018.0,1.2,1.6,Fragile Stabilisation
2025-10-20,Strait of Malacca,LNG Carrier,49955.0,0.296,0.415,971.0,1.2,1.4,Fragile Stabilisation
2025-10-20,Cape of Good Hope (reroute),VLCC,82658.0,0.311,0.47,996.0,14.5,1.6,Fragile Stabilisation
2025-10-20,Cape of Good Hope (reroute),Suezmax,55201.0,0.299,0.425,946.0,14.9,1.9,Fragile Stabilisation
2025-10-20,Cape of Good Hope (reroute),Aframax,41105.0,0.281,0.429,953.0,15.3,0.6,Fragile Stabilisation
2025-10-20,Cape of Good Hope (reroute),LNG Carrier,106686.0,0.259,0.424,1039.0,15.1,1.2,Fragile Stabilisation
2025-10-20,Persian Gulf – East China Sea,VLCC,66072.0,0.312,0.488,1048.0,9.1,1.4,Fragile Stabilisation
2025-10-20,Persian Gulf – East China Sea,Suezmax,40611.0,0.296,0.417,952.0,8.2,2.0,Fragile Stabilisation
2025-10-20,Persian Gulf – East China Sea,Aframax,32142.0,0.27,0.482,1019.0,9.6,1.6,Fragile Stabilisation
2025-10-20,Persian Gulf – East China Sea,LNG Carrier,86964.0,0.281,0.478,992.0,9.0,1.9,Fragile Stabilisation
2025-10-20,Persian Gulf – Bay of Bengal,VLCC,43610.0,0.291,0.477,1009.0,9.7,0.7,Fragile Stabilisation
2025-10-20,Persian Gulf – Bay of Bengal,Suezmax,31504.0,0.255,0.439,998.0,8.4,1.5,Fragile Stabilisation
2025-10-20,Persian Gulf – Bay of Bengal,Aframax,23289.0,0.281,0.481,972.0,9.5,1.7,Fragile Stabilisation
2025-10-20,Persian Gulf – Bay of Bengal,LNG Carrier,58528.0,0.304,0.49,933.0,9.0,2.0,Fragile Stabilisation
2025-10-20,Persian Gulf – Sea of Japan,VLCC,69107.0,0.267,0.422,966.0,8.5,1.1,Fragile Stabilisation
2025-10-20,Persian Gulf – Sea of Japan,Suezmax,47482.0,0.292,0.473,966.0,8.4,0.6,Fragile Stabilisation
2025-10-20,Persian Gulf – Sea of Japan,Aframax,34319.0,0.297,0.439,980.0,8.5,0.4,Fragile Stabilisation
2025-10-20,Persian Gulf – Sea of Japan,LNG Carrier,88122.0,0.294,0.415,1005.0,8.1,2.0,Fragile Stabilisation
2025-10-20,Aden Gulf – Indian Ocean,VLCC,42500.0,0.321,0.436,1020.0,8.8,0.6,Fragile Stabilisation
2025-10-20,Aden Gulf – Indian Ocean,Suezmax,30705.0,0.312,0.481,962.0,8.2,0.7,Fragile Stabilisation
2025-10-20,Aden Gulf – Indian Ocean,Aframax,22727.0,0.299,0.422,1047.0,8.8,1.0,Fragile Stabilisation
2025-10-20,Aden Gulf – Indian Ocean,LNG Carrier,55197.0,0.307,0.42,995.0,9.8,1.0,Fragile Stabilisation
2025-10-20,Arabian Sea – South China Sea,VLCC,49170.0,0.302,0.461,939.0,9.5,1.6,Fragile Stabilisation
2025-10-20,Arabian Sea – South China Sea,Suezmax,32099.0,0.265,0.482,1010.0,9.5,1.0,Fragile Stabilisation
2025-10-20,Arabian Sea – South China Sea,Aframax,24824.0,0.274,0.502,1008.0,8.5,0.5,Fragile Stabilisation
2025-10-20,Arabian Sea – South China Sea,LNG Carrier,61678.0,0.282,0.463,1018.0,9.0,0.3,Fragile Stabilisation
2025-10-27,Strait of Hormuz,VLCC,56601.0,0.69,0.796,977.0,2.2,5.2,Fragile Stabilisation
2025-10-27,Strait of Hormuz,Suezmax,35621.0,0.75,0.795,1035.0,2.4,1.9,Fragile Stabilisation
2025-10-27,Strait of Hormuz,Aframax,29018.0,0.685,0.718,970.0,2.1,6.2,Fragile Stabilisation
2025-10-27,Strait of Hormuz,LNG Carrier,67664.0,0.685,0.809,983.0,2.4,7.3,Fragile Stabilisation
2025-10-27,Bab el-Mandeb / Red Sea,VLCC,50846.0,0.763,0.722,1007.0,2.0,6.0,Fragile Stabilisation
2025-10-27,Bab el-Mandeb / Red Sea,Suezmax,33172.0,0.662,0.74,1044.0,2.3,4.5,Fragile Stabilisation
2025-10-27,Bab el-Mandeb / Red Sea,Aframax,25205.0,0.634,0.714,987.0,2.2,7.6,Fragile Stabilisation
2025-10-27,Bab el-Mandeb / Red Sea,LNG Carrier,69587.0,0.683,0.749,1018.0,2.3,6.0,Fragile Stabilisation
2025-10-27,Suez Canal,VLCC,61806.0,0.279,0.419,966.0,1.2,1.2,Fragile Stabilisation
2025-10-27,Suez Canal,Suezmax,40225.0,0.262,0.447,1029.0,1.1,1.7,Fragile Stabilisation
2025-10-27,Suez Canal,Aframax,26850.0,0.259,0.475,1021.0,1.2,0.6,Fragile Stabilisation
2025-10-27,Suez Canal,LNG Carrier,79279.0,0.302,0.462,1017.0,1.1,1.4,Fragile Stabilisation
2025-10-27,Strait of Malacca,VLCC,36719.0,0.263,0.498,1002.0,1.0,2.0,Fragile Stabilisation
2025-10-27,Strait of Malacca,Suezmax,23400.0,0.32,0.448,966.0,1.0,0.6,Fragile Stabilisation
2025-10-27,Strait of Malacca,Aframax,17180.0,0.288,0.481,938.0,1.1,0.9,Fragile Stabilisation
2025-10-27,Strait of Malacca,LNG Carrier,49853.0,0.302,0.419,984.0,1.2,1.4,Fragile Stabilisation
2025-10-27,Cape of Good Hope (reroute),VLCC,81561.0,0.271,0.504,948.0,16.3,1.7,Fragile Stabilisation
2025-10-27,Cape of Good Hope (reroute),Suezmax,51532.0,0.302,0.47,955.0,15.8,0.4,Fragile Stabilisation
2025-10-27,Cape of Good Hope (reroute),Aframax,38414.0,0.273,0.427,992.0,15.0,1.5,Fragile Stabilisation
2025-10-27,Cape of Good Hope (reroute),LNG Carrier,100049.0,0.283,0.419,979.0,17.1,1.9,Fragile Stabilisation
2025-10-27,Persian Gulf – East China Sea,VLCC,67897.0,0.288,0.47,1021.0,9.2,1.3,Fragile Stabilisation
2025-10-27,Persian Gulf – East China Sea,Suezmax,43125.0,0.269,0.489,1023.0,8.9,0.9,Fragile Stabilisation
2025-10-27,Persian Gulf – East China Sea,Aframax,31357.0,0.259,0.478,1026.0,8.3,0.6,Fragile Stabilisation
2025-10-27,Persian Gulf – East China Sea,LNG Carrier,86725.0,0.272,0.43,992.0,9.8,1.9,Fragile Stabilisation
2025-10-27,Persian Gulf – Bay of Bengal,VLCC,48016.0,0.313,0.489,965.0,8.8,0.4,Fragile Stabilisation
2025-10-27,Persian Gulf – Bay of Bengal,Suezmax,30841.0,0.28,0.455,976.0,9.8,1.8,Fragile Stabilisation
2025-10-27,Persian Gulf – Bay of Bengal,Aframax,22742.0,0.268,0.504,1029.0,8.7,1.5,Fragile Stabilisation
2025-10-27,Persian Gulf – Bay of Bengal,LNG Carrier,56484.0,0.303,0.493,1019.0,8.6,2.0,Fragile Stabilisation
2025-10-27,Persian Gulf – Sea of Japan,VLCC,69377.0,0.308,0.472,954.0,9.4,1.3,Fragile Stabilisation
2025-10-27,Persian Gulf – Sea of Japan,Suezmax,43868.0,0.274,0.504,1013.0,9.4,1.2,Fragile Stabilisation
2025-10-27,Persian Gulf – Sea of Japan,Aframax,34004.0,0.282,0.502,1045.0,9.7,1.5,Fragile Stabilisation
2025-10-27,Persian Gulf – Sea of Japan,LNG Carrier,80924.0,0.257,0.492,949.0,8.3,2.0,Fragile Stabilisation
2025-10-27,Aden Gulf – Indian Ocean,VLCC,39560.0,0.27,0.453,1040.0,8.2,1.5,Fragile Stabilisation
2025-10-27,Aden Gulf – Indian Ocean,Suezmax,31432.0,0.276,0.447,953.0,9.6,1.6,Fragile Stabilisation
2025-10-27,Aden Gulf – Indian Ocean,Aframax,20795.0,0.303,0.435,1045.0,8.9,1.3,Fragile Stabilisation
2025-10-27,Aden Gulf – Indian Ocean,LNG Carrier,55955.0,0.27,0.47,1014.0,8.6,0.9,Fragile Stabilisation
2025-10-27,Arabian Sea – South China Sea,VLCC,45359.0,0.301,0.498,1010.0,9.4,1.5,Fragile Stabilisation
2025-10-27,Arabian Sea – South China Sea,Suezmax,33235.0,0.26,0.461,1007.0,9.5,1.2,Fragile Stabilisation
2025-10-27,Arabian Sea – South China Sea,Aframax,24835.0,0.296,0.427,956.0,8.5,1.8,Fragile Stabilisation
2025-10-27,Arabian Sea – South China Sea,LNG Carrier,58333.0,0.257,0.468,1007.0,9.1,0.3,Fragile Stabilisation
2025-11-03,Strait of Hormuz,VLCC,52316.0,0.697,0.819,1045.0,2.3,2.6,Fragile Stabilisation
2025-11-03,Strait of Hormuz,Suezmax,36098.0,0.657,0.722,1000.0,2.4,3.3,Fragile Stabilisation
2025-11-03,Strait of Hormuz,Aframax,28408.0,0.716,0.85,987.0,2.1,4.1,Fragile Stabilisation
2025-11-03,Strait of Hormuz,LNG Carrier,66118.0,0.765,0.724,1039.0,2.1,5.2,Fragile Stabilisation
2025-11-03,Bab el-Mandeb / Red Sea,VLCC,53030.0,0.658,0.836,969.0,2.1,5.0,Fragile Stabilisation
2025-11-03,Bab el-Mandeb / Red Sea,Suezmax,38101.0,0.634,0.721,954.0,2.3,3.5,Fragile Stabilisation
2025-11-03,Bab el-Mandeb / Red Sea,Aframax,25133.0,0.741,0.731,957.0,2.3,4.0,Fragile Stabilisation
2025-11-03,Bab el-Mandeb / Red Sea,LNG Carrier,64081.0,0.716,0.735,961.0,2.3,5.2,Fragile Stabilisation
2025-11-03,Suez Canal,VLCC,55721.0,0.315,0.433,936.0,1.1,0.5,Fragile Stabilisation
2025-11-03,Suez Canal,Suezmax,39111.0,0.32,0.458,988.0,1.2,1.5,Fragile Stabilisation
2025-11-03,Suez Canal,Aframax,31132.0,0.321,0.445,949.0,1.2,0.8,Fragile Stabilisation
2025-11-03,Suez Canal,LNG Carrier,71602.0,0.305,0.423,960.0,1.2,0.6,Fragile Stabilisation
2025-11-03,Strait of Malacca,VLCC,36055.0,0.272,0.48,1011.0,1.1,0.4,Fragile Stabilisation
2025-11-03,Strait of Malacca,Suezmax,25506.0,0.317,0.488,945.0,1.0,1.1,Fragile Stabilisation
2025-11-03,Strait of Malacca,Aframax,18088.0,0.291,0.428,943.0,1.1,2.0,Fragile Stabilisation
2025-11-03,Strait of Malacca,LNG Carrier,44981.0,0.305,0.431,946.0,1.0,1.7,Fragile Stabilisation
2025-11-03,Cape of Good Hope (reroute),VLCC,82365.0,0.318,0.48,1005.0,15.2,1.9,Fragile Stabilisation
2025-11-03,Cape of Good Hope (reroute),Suezmax,53559.0,0.306,0.501,1029.0,17.0,1.2,Fragile Stabilisation
2025-11-03,Cape of Good Hope (reroute),Aframax,40402.0,0.317,0.419,1050.0,15.1,1.6,Fragile Stabilisation
2025-11-03,Cape of Good Hope (reroute),LNG Carrier,102561.0,0.258,0.479,1004.0,16.6,0.5,Fragile Stabilisation
2025-11-03,Persian Gulf – East China Sea,VLCC,60615.0,0.276,0.457,951.0,9.0,0.9,Fragile Stabilisation
2025-11-03,Persian Gulf – East China Sea,Suezmax,40977.0,0.314,0.468,1020.0,9.7,0.8,Fragile Stabilisation
2025-11-03,Persian Gulf – East China Sea,Aframax,29819.0,0.27,0.416,974.0,9.8,0.5,Fragile Stabilisation
2025-11-03,Persian Gulf – East China Sea,LNG Carrier,79580.0,0.298,0.417,1004.0,9.4,0.6,Fragile Stabilisation
2025-11-03,Persian Gulf – Bay of Bengal,VLCC,44438.0,0.314,0.489,962.0,9.7,0.3,Fragile Stabilisation
2025-11-03,Persian Gulf – Bay of Bengal,Suezmax,30924.0,0.262,0.442,1047.0,8.5,1.7,Fragile Stabilisation
2025-11-03,Persian Gulf – Bay of Bengal,Aframax,22955.0,0.271,0.456,1008.0,9.3,0.9,Fragile Stabilisation
2025-11-03,Persian Gulf – Bay of Bengal,LNG Carrier,57994.0,0.275,0.496,991.0,8.4,1.0,Fragile Stabilisation
2025-11-03,Persian Gulf – Sea of Japan,VLCC,68351.0,0.276,0.493,1044.0,8.3,1.3,Fragile Stabilisation
2025-11-03,Persian Gulf – Sea of Japan,Suezmax,50217.0,0.264,0.427,998.0,9.3,2.0,Fragile Stabilisation
2025-11-03,Persian Gulf – Sea of Japan,Aframax,35269.0,0.27,0.498,1009.0,9.1,0.7,Fragile Stabilisation
2025-11-03,Persian Gulf – Sea of Japan,LNG Carrier,80202.0,0.308,0.473,962.0,9.7,2.1,Fragile Stabilisation
2025-11-03,Aden Gulf – Indian Ocean,VLCC,41370.0,0.313,0.489,981.0,8.2,0.7,Fragile Stabilisation
2025-11-03,Aden Gulf – Indian Ocean,Suezmax,30642.0,0.282,0.452,1005.0,9.2,0.8,Fragile Stabilisation
2025-11-03,Aden Gulf – Indian Ocean,Aframax,20905.0,0.282,0.504,1031.0,8.9,0.6,Fragile Stabilisation
2025-11-03,Aden Gulf – Indian Ocean,LNG Carrier,58951.0,0.255,0.429,1014.0,9.8,1.7,Fragile Stabilisation
2025-11-03,Arabian Sea – South China Sea,VLCC,52039.0,0.281,0.476,1021.0,8.2,1.8,Fragile Stabilisation
2025-11-03,Arabian Sea – South China Sea,Suezmax,32025.0,0.311,0.502,1033.0,8.2,1.0,Fragile Stabilisation
2025-11-03,Arabian Sea – South China Sea,Aframax,24117.0,0.307,0.418,953.0,8.8,1.6,Fragile Stabilisation
2025-11-03,Arabian Sea – South China Sea,LNG Carrier,67449.0,0.256,0.434,989.0,8.4,0.4,Fragile Stabilisation
2025-11-10,Strait of Hormuz,VLCC,53136.0,0.654,0.832,1018.0,2.0,1.9,Fragile Stabilisation
2025-11-10,Strait of Hormuz,Suezmax,38727.0,0.646,0.826,1007.0,2.1,5.8,Fragile Stabilisation
2025-11-10,Strait of Hormuz,Aframax,26740.0,0.713,0.723,1012.0,2.4,7.5,Fragile Stabilisation
2025-11-10,Strait of Hormuz,LNG Carrier,74117.0,0.652,0.719,990.0,2.3,6.4,Fragile Stabilisation
2025-11-10,Bab el-Mandeb / Red Sea,VLCC,48050.0,0.672,0.816,997.0,2.3,8.3,Fragile Stabilisation
2025-11-10,Bab el-Mandeb / Red Sea,Suezmax,37451.0,0.655,0.729,1005.0,2.0,5.1,Fragile Stabilisation
2025-11-10,Bab el-Mandeb / Red Sea,Aframax,23966.0,0.752,0.734,1021.0,2.2,1.2,Fragile Stabilisation
2025-11-10,Bab el-Mandeb / Red Sea,LNG Carrier,67168.0,0.778,0.823,956.0,2.1,1.6,Fragile Stabilisation
2025-11-10,Suez Canal,VLCC,59081.0,0.269,0.465,940.0,1.2,1.5,Fragile Stabilisation
2025-11-10,Suez Canal,Suezmax,38005.0,0.276,0.488,933.0,1.2,1.2,Fragile Stabilisation
2025-11-10,Suez Canal,Aframax,29641.0,0.262,0.473,942.0,1.2,0.4,Fragile Stabilisation
2025-11-10,Suez Canal,LNG Carrier,79840.0,0.274,0.432,1025.0,1.2,0.5,Fragile Stabilisation
2025-11-10,Strait of Malacca,VLCC,36678.0,0.317,0.427,965.0,1.1,1.5,Fragile Stabilisation
2025-11-10,Strait of Malacca,Suezmax,24293.0,0.294,0.433,975.0,1.1,1.2,Fragile Stabilisation
2025-11-10,Strait of Malacca,Aframax,18337.0,0.262,0.432,981.0,1.2,0.6,Fragile Stabilisation
2025-11-10,Strait of Malacca,LNG Carrier,44073.0,0.319,0.469,1014.0,1.2,0.6,Fragile Stabilisation
2025-11-10,Cape of Good Hope (reroute),VLCC,76658.0,0.263,0.439,934.0,15.4,0.4,Fragile Stabilisation
2025-11-10,Cape of Good Hope (reroute),Suezmax,57963.0,0.255,0.417,976.0,14.3,1.5,Fragile Stabilisation
2025-11-10,Cape of Good Hope (reroute),Aframax,37469.0,0.312,0.46,975.0,15.1,0.8,Fragile Stabilisation
2025-11-10,Cape of Good Hope (reroute),LNG Carrier,99517.0,0.316,0.502,1018.0,15.8,1.3,Fragile Stabilisation
2025-11-10,Persian Gulf – East China Sea,VLCC,62632.0,0.304,0.467,1039.0,8.4,0.3,Fragile Stabilisation
2025-11-10,Persian Gulf – East China Sea,Suezmax,40944.0,0.303,0.474,951.0,8.2,2.0,Fragile Stabilisation
2025-11-10,Persian Gulf – East China Sea,Aframax,33486.0,0.26,0.474,950.0,9.0,0.8,Fragile Stabilisation
2025-11-10,Persian Gulf – East China Sea,LNG Carrier,77738.0,0.294,0.473,1051.0,9.7,0.3,Fragile Stabilisation
2025-11-10,Persian Gulf – Bay of Bengal,VLCC,45639.0,0.266,0.494,989.0,9.6,1.9,Fragile Stabilisation
2025-11-10,Persian Gulf – Bay of Bengal,Suezmax,30134.0,0.312,0.433,968.0,8.8,1.4,Fragile Stabilisation
2025-11-10,Persian Gulf – Bay of Bengal,Aframax,24643.0,0.289,0.417,945.0,9.0,0.6,Fragile Stabilisation
2025-11-10,Persian Gulf – Bay of Bengal,LNG Carrier,63134.0,0.312,0.491,961.0,9.6,1.2,Fragile Stabilisation
2025-11-10,Persian Gulf – Sea of Japan,VLCC,70738.0,0.272,0.439,1040.0,9.7,0.6,Fragile Stabilisation
2025-11-10,Persian Gulf – Sea of Japan,Suezmax,46193.0,0.265,0.464,1001.0,8.7,1.4,Fragile Stabilisation
2025-11-10,Persian Gulf – Sea of Japan,Aframax,34787.0,0.316,0.457,1017.0,8.8,0.5,Fragile Stabilisation
2025-11-10,Persian Gulf – Sea of Japan,LNG Carrier,93204.0,0.264,0.492,934.0,9.2,0.5,Fragile Stabilisation
2025-11-10,Aden Gulf – Indian Ocean,VLCC,43688.0,0.317,0.428,1005.0,9.7,1.7,Fragile Stabilisation
2025-11-10,Aden Gulf – Indian Ocean,Suezmax,28276.0,0.301,0.421,964.0,9.4,1.4,Fragile Stabilisation
2025-11-10,Aden Gulf – Indian Ocean,Aframax,20240.0,0.304,0.418,1027.0,9.7,1.6,Fragile Stabilisation
2025-11-10,Aden Gulf – Indian Ocean,LNG Carrier,52055.0,0.319,0.472,1000.0,9.8,0.3,Fragile Stabilisation
2025-11-10,Arabian Sea – South China Sea,VLCC,44655.0,0.277,0.48,1051.0,9.3,0.4,Fragile Stabilisation
2025-11-10,Arabian Sea – South China Sea,Suezmax,31762.0,0.307,0.431,987.0,9.8,1.2,Fragile Stabilisation
2025-11-10,Arabian Sea – South China Sea,Aframax,22729.0,0.273,0.486,1033.0,9.7,0.5,Fragile Stabilisation
2025-11-10,Arabian Sea – South China Sea,LNG Carrier,58300.0,0.285,0.506,978.0,8.3,1.1,Fragile Stabilisation
2025-11-17,Strait of Hormuz,VLCC,52213.0,0.653,0.869,1046.0,2.5,7.0,Fragile Stabilisation
2025-11-17,Strait of Hormuz,Suezmax,38683.0,0.747,0.819,933.0,2.1,5.1,Fragile Stabilisation
2025-11-17,Strait of Hormuz,Aframax,28222.0,0.743,0.822,952.0,2.2,4.5,Fragile Stabilisation
2025-11-17,Strait of Hormuz,LNG Carrier,70324.0,0.641,0.842,1028.0,2.2,5.4,Fragile Stabilisation
2025-11-17,Bab el-Mandeb / Red Sea,VLCC,51239.0,0.657,0.715,1004.0,2.1,6.2,Fragile Stabilisation
2025-11-17,Bab el-Mandeb / Red Sea,Suezmax,34336.0,0.634,0.825,995.0,2.3,5.4,Fragile Stabilisation
2025-11-17,Bab el-Mandeb / Red Sea,Aframax,26245.0,0.746,0.826,998.0,2.2,4.1,Fragile Stabilisation
2025-11-17,Bab el-Mandeb / Red Sea,LNG Carrier,64563.0,0.764,0.834,1041.0,2.2,7.0,Fragile Stabilisation
2025-11-17,Suez Canal,VLCC,59986.0,0.266,0.457,1016.0,1.2,1.7,Fragile Stabilisation
2025-11-17,Suez Canal,Suezmax,39684.0,0.32,0.488,935.0,1.0,2.1,Fragile Stabilisation
2025-11-17,Suez Canal,Aframax,28481.0,0.27,0.456,1020.0,1.1,1.5,Fragile Stabilisation
2025-11-17,Suez Canal,LNG Carrier,77130.0,0.29,0.475,969.0,1.1,1.9,Fragile Stabilisation
2025-11-17,Strait of Malacca,VLCC,38431.0,0.304,0.462,1025.0,1.2,1.9,Fragile Stabilisation
2025-11-17,Strait of Malacca,Suezmax,23884.0,0.278,0.469,993.0,1.0,1.0,Fragile Stabilisation
2025-11-17,Strait of Malacca,Aframax,17096.0,0.309,0.457,971.0,1.2,0.8,Fragile Stabilisation
2025-11-17,Strait of Malacca,LNG Carrier,49802.0,0.287,0.465,948.0,1.1,1.4,Fragile Stabilisation
2025-11-17,Cape of Good Hope (reroute),VLCC,84391.0,0.27,0.46,995.0,14.4,1.3,Fragile Stabilisation
2025-11-17,Cape of Good Hope (reroute),Suezmax,58852.0,0.255,0.484,965.0,17.0,1.9,Fragile Stabilisation
2025-11-17,Cape of Good Hope (reroute),Aframax,38320.0,0.264,0.479,1009.0,15.6,1.4,Fragile Stabilisation
2025-11-17,Cape of Good Hope (reroute),LNG Carrier,100436.0,0.309,0.462,1049.0,14.4,1.9,Fragile Stabilisation
2025-11-17,Persian Gulf – East China Sea,VLCC,66138.0,0.313,0.424,998.0,9.4,0.9,Fragile Stabilisation
2025-11-17,Persian Gulf – East China Sea,Suezmax,46969.0,0.274,0.489,1044.0,9.5,1.6,Fragile Stabilisation
2025-11-17,Persian Gulf – East China Sea,Aframax,29552.0,0.271,0.432,966.0,8.2,0.5,Fragile Stabilisation
2025-11-17,Persian Gulf – East China Sea,LNG Carrier,82307.0,0.269,0.468,958.0,8.4,0.7,Fragile Stabilisation
2025-11-17,Persian Gulf – Bay of Bengal,VLCC,48068.0,0.267,0.477,992.0,9.0,0.3,Fragile Stabilisation
2025-11-17,Persian Gulf – Bay of Bengal,Suezmax,33514.0,0.262,0.5,940.0,9.8,0.9,Fragile Stabilisation
2025-11-17,Persian Gulf – Bay of Bengal,Aframax,21737.0,0.3,0.444,1012.0,9.0,1.5,Fragile Stabilisation
2025-11-17,Persian Gulf – Bay of Bengal,LNG Carrier,56418.0,0.288,0.462,987.0,9.0,0.9,Fragile Stabilisation
2025-11-17,Persian Gulf – Sea of Japan,VLCC,63027.0,0.321,0.445,1038.0,9.4,1.3,Fragile Stabilisation
2025-11-17,Persian Gulf – Sea of Japan,Suezmax,50287.0,0.263,0.448,989.0,8.7,1.4,Fragile Stabilisation
2025-11-17,Persian Gulf – Sea of Japan,Aframax,30816.0,0.263,0.462,983.0,9.5,0.8,Fragile Stabilisation
2025-11-17,Persian Gulf – Sea of Japan,LNG Carrier,87615.0,0.275,0.466,1033.0,9.3,0.8,Fragile Stabilisation
2025-11-17,Aden Gulf – Indian Ocean,VLCC,42862.0,0.28,0.429,974.0,9.5,1.4,Fragile Stabilisation
2025-11-17,Aden Gulf – Indian Ocean,Suezmax,29827.0,0.295,0.488,1035.0,9.2,1.6,Fragile Stabilisation
2025-11-17,Aden Gulf – Indian Ocean,Aframax,20448.0,0.307,0.486,1003.0,8.2,1.8,Fragile Stabilisation
2025-11-17,Aden Gulf – Indian Ocean,LNG Carrier,54954.0,0.29,0.428,983.0,9.7,1.1,Fragile Stabilisation
2025-11-17,Arabian Sea – South China Sea,VLCC,46465.0,0.309,0.47,975.0,9.5,0.9,Fragile Stabilisation
2025-11-17,Arabian Sea – South China Sea,Suezmax,32107.0,0.306,0.428,995.0,9.5,0.7,Fragile Stabilisation
2025-11-17,Arabian Sea – South China Sea,Aframax,22895.0,0.276,0.415,956.0,9.6,0.8,Fragile Stabilisation
2025-11-17,Arabian Sea – South China Sea,LNG Carrier,62460.0,0.305,0.505,941.0,8.9,1.3,Fragile Stabilisation
2025-11-24,Strait of Hormuz,VLCC,52723.0,0.776,0.755,1029.0,2.3,6.5,Fragile Stabilisation
2025-11-24,Strait of Hormuz,Suezmax,35496.0,0.674,0.828,1032.0,2.2,4.8,Fragile Stabilisation
2025-11-24,Strait of Hormuz,Aframax,28345.0,0.772,0.845,1050.0,2.4,6.3,Fragile Stabilisation
2025-11-24,Strait of Hormuz,LNG Carrier,70775.0,0.733,0.86,975.0,2.0,7.8,Fragile Stabilisation
2025-11-24,Bab el-Mandeb / Red Sea,VLCC,48698.0,0.66,0.794,1012.0,2.3,5.9,Fragile Stabilisation
2025-11-24,Bab el-Mandeb / Red Sea,Suezmax,34663.0,0.774,0.751,977.0,2.3,5.6,Fragile Stabilisation
2025-11-24,Bab el-Mandeb / Red Sea,Aframax,27281.0,0.732,0.841,969.0,2.3,4.3,Fragile Stabilisation
2025-11-24,Bab el-Mandeb / Red Sea,LNG Carrier,68123.0,0.684,0.718,943.0,2.1,6.2,Fragile Stabilisation
2025-11-24,Suez Canal,VLCC,60976.0,0.274,0.451,1037.0,1.0,1.6,Fragile Stabilisation
2025-11-24,Suez Canal,Suezmax,43021.0,0.267,0.49,1001.0,1.1,0.6,Fragile Stabilisation
2025-11-24,Suez Canal,Aframax,29628.0,0.322,0.452,995.0,1.1,2.1,Fragile Stabilisation
2025-11-24,Suez Canal,LNG Carrier,70905.0,0.303,0.419,966.0,1.2,1.3,Fragile Stabilisation
2025-11-24,Strait of Malacca,VLCC,36750.0,0.283,0.43,1045.0,1.2,0.4,Fragile Stabilisation
2025-11-24,Strait of Malacca,Suezmax,25496.0,0.262,0.43,988.0,1.1,1.4,Fragile Stabilisation
2025-11-24,Strait of Malacca,Aframax,16867.0,0.261,0.505,997.0,1.1,1.7,Fragile Stabilisation
2025-11-24,Strait of Malacca,LNG Carrier,46197.0,0.264,0.42,1040.0,1.1,1.0,Fragile Stabilisation
2025-11-24,Cape of Good Hope (reroute),VLCC,78109.0,0.268,0.472,1030.0,15.6,0.6,Fragile Stabilisation
2025-11-24,Cape of Good Hope (reroute),Suezmax,56351.0,0.3,0.483,989.0,16.1,1.1,Fragile Stabilisation
2025-11-24,Cape of Good Hope (reroute),Aframax,38308.0,0.305,0.458,996.0,16.9,1.1,Fragile Stabilisation
2025-11-24,Cape of Good Hope (reroute),LNG Carrier,94688.0,0.269,0.463,939.0,15.0,1.6,Fragile Stabilisation
2025-11-24,Persian Gulf – East China Sea,VLCC,64370.0,0.279,0.423,935.0,8.1,1.6,Fragile Stabilisation
2025-11-24,Persian Gulf – East China Sea,Suezmax,42771.0,0.255,0.482,948.0,9.7,0.8,Fragile Stabilisation
2025-11-24,Persian Gulf – East China Sea,Aframax,32356.0,0.321,0.44,1004.0,9.8,2.1,Fragile Stabilisation
2025-11-24,Persian Gulf – East China Sea,LNG Carrier,78273.0,0.305,0.49,960.0,8.7,1.2,Fragile Stabilisation
2025-11-24,Persian Gulf – Bay of Bengal,VLCC,47154.0,0.288,0.482,950.0,9.8,2.0,Fragile Stabilisation
2025-11-24,Persian Gulf – Bay of Bengal,Suezmax,32696.0,0.279,0.453,953.0,8.1,0.3,Fragile Stabilisation
2025-11-24,Persian Gulf – Bay of Bengal,Aframax,22940.0,0.308,0.502,964.0,8.3,1.6,Fragile Stabilisation
2025-11-24,Persian Gulf – Bay of Bengal,LNG Carrier,62127.0,0.312,0.482,978.0,8.2,0.7,Fragile Stabilisation
2025-11-24,Persian Gulf – Sea of Japan,VLCC,67533.0,0.278,0.482,1011.0,8.6,1.1,Fragile Stabilisation
2025-11-24,Persian Gulf – Sea of Japan,Suezmax,43876.0,0.267,0.416,1026.0,9.8,0.7,Fragile Stabilisation
2025-11-24,Persian Gulf – Sea of Japan,Aframax,34160.0,0.278,0.419,982.0,9.0,0.9,Fragile Stabilisation
2025-11-24,Persian Gulf – Sea of Japan,LNG Carrier,90156.0,0.305,0.421,982.0,8.5,1.9,Fragile Stabilisation
2025-11-24,Aden Gulf – Indian Ocean,VLCC,44876.0,0.285,0.463,961.0,9.7,1.8,Fragile Stabilisation
2025-11-24,Aden Gulf – Indian Ocean,Suezmax,31853.0,0.283,0.455,981.0,8.6,0.6,Fragile Stabilisation
2025-11-24,Aden Gulf – Indian Ocean,Aframax,22830.0,0.276,0.415,965.0,8.7,0.6,Fragile Stabilisation
2025-11-24,Aden Gulf – Indian Ocean,LNG Carrier,52598.0,0.289,0.432,995.0,8.5,1.7,Fragile Stabilisation
2025-11-24,Arabian Sea – South China Sea,VLCC,49194.0,0.319,0.493,964.0,8.7,0.9,Fragile Stabilisation
2025-11-24,Arabian Sea – South China Sea,Suezmax,34138.0,0.281,0.466,939.0,8.2,1.9,Fragile Stabilisation
2025-11-24,Arabian Sea – South China Sea,Aframax,25612.0,0.257,0.441,1031.0,9.2,1.0,Fragile Stabilisation
2025-11-24,Arabian Sea – South China Sea,LNG Carrier,66507.0,0.304,0.484,952.0,9.0,1.1,Fragile Stabilisation
2025-12-01,Strait of Hormuz,VLCC,52547.0,0.64,0.732,989.0,2.4,3.3,Fragile Stabilisation
2025-12-01,Strait of Hormuz,Suezmax,36514.0,0.663,0.738,996.0,2.4,1.4,Fragile Stabilisation
2025-12-01,Strait of Hormuz,Aframax,27587.0,0.715,0.74,947.0,2.2,1.5,Fragile Stabilisation
2025-12-01,Strait of Hormuz,LNG Carrier,71272.0,0.782,0.764,988.0,2.3,3.4,Fragile Stabilisation
2025-12-01,Bab el-Mandeb / Red Sea,VLCC,48010.0,0.797,0.774,949.0,2.0,8.2,Fragile Stabilisation
2025-12-01,Bab el-Mandeb / Red Sea,Suezmax,34308.0,0.774,0.809,1005.0,2.3,6.9,Fragile Stabilisation
2025-12-01,Bab el-Mandeb / Red Sea,Aframax,25415.0,0.663,0.854,964.0,2.1,1.5,Fragile Stabilisation
2025-12-01,Bab el-Mandeb / Red Sea,LNG Carrier,70514.0,0.74,0.767,1043.0,2.1,7.6,Fragile Stabilisation
2025-12-01,Suez Canal,VLCC,61777.0,0.312,0.493,987.0,1.1,1.7,Fragile Stabilisation
2025-12-01,Suez Canal,Suezmax,40055.0,0.287,0.503,1023.0,1.2,1.8,Fragile Stabilisation
2025-12-01,Suez Canal,Aframax,27051.0,0.268,0.459,1023.0,1.2,1.3,Fragile Stabilisation
2025-12-01,Suez Canal,LNG Carrier,75971.0,0.28,0.42,1013.0,1.1,1.3,Fragile Stabilisation
2025-12-01,Strait of Malacca,VLCC,36589.0,0.265,0.442,942.0,1.1,0.4,Fragile Stabilisation
2025-12-01,Strait of Malacca,Suezmax,25787.0,0.317,0.419,1032.0,1.2,1.9,Fragile Stabilisation
2025-12-01,Strait of Malacca,Aframax,16941.0,0.3,0.455,981.0,1.2,0.6,Fragile Stabilisation
2025-12-01,Strait of Malacca,LNG Carrier,46890.0,0.273,0.484,1019.0,1.1,2.0,Fragile Stabilisation
2025-12-01,Cape of Good Hope (reroute),VLCC,78617.0,0.282,0.493,964.0,14.9,1.9,Fragile Stabilisation
2025-12-01,Cape of Good Hope (reroute),Suezmax,52596.0,0.306,0.495,934.0,14.5,1.2,Fragile Stabilisation
2025-12-01,Cape of Good Hope (reroute),Aframax,41285.0,0.26,0.447,987.0,15.4,1.2,Fragile Stabilisation
2025-12-01,Cape of Good Hope (reroute),LNG Carrier,100102.0,0.266,0.503,1028.0,15.6,1.0,Fragile Stabilisation
2025-12-01,Persian Gulf – East China Sea,VLCC,60749.0,0.263,0.455,1041.0,8.1,1.0,Fragile Stabilisation
2025-12-01,Persian Gulf – East China Sea,Suezmax,46383.0,0.297,0.505,978.0,9.8,1.6,Fragile Stabilisation
2025-12-01,Persian Gulf – East China Sea,Aframax,30583.0,0.256,0.475,933.0,8.1,0.9,Fragile Stabilisation
2025-12-01,Persian Gulf – East China Sea,LNG Carrier,80604.0,0.285,0.473,1028.0,8.7,0.6,Fragile Stabilisation
2025-12-01,Persian Gulf – Bay of Bengal,VLCC,45680.0,0.299,0.447,1017.0,9.8,1.7,Fragile Stabilisation
2025-12-01,Persian Gulf – Bay of Bengal,Suezmax,29812.0,0.275,0.478,965.0,9.4,0.5,Fragile Stabilisation
2025-12-01,Persian Gulf – Bay of Bengal,Aframax,22007.0,0.319,0.43,1005.0,9.5,1.8,Fragile Stabilisation
2025-12-01,Persian Gulf – Bay of Bengal,LNG Carrier,64154.0,0.289,0.466,972.0,9.7,1.3,Fragile Stabilisation
2025-12-01,Persian Gulf – Sea of Japan,VLCC,69629.0,0.285,0.416,959.0,8.3,1.8,Fragile Stabilisation
2025-12-01,Persian Gulf – Sea of Japan,Suezmax,43858.0,0.321,0.475,1011.0,9.2,0.5,Fragile Stabilisation
2025-12-01,Persian Gulf – Sea of Japan,Aframax,33402.0,0.263,0.422,1031.0,8.2,2.0,Fragile Stabilisation
2025-12-01,Persian Gulf – Sea of Japan,LNG Carrier,86870.0,0.286,0.496,1011.0,9.8,1.3,Fragile Stabilisation
2025-12-01,Aden Gulf – Indian Ocean,VLCC,43922.0,0.311,0.487,1026.0,8.7,2.1,Fragile Stabilisation
2025-12-01,Aden Gulf – Indian Ocean,Suezmax,27515.0,0.269,0.457,1036.0,9.2,0.3,Fragile Stabilisation
2025-12-01,Aden Gulf – Indian Ocean,Aframax,21159.0,0.296,0.42,965.0,9.7,1.7,Fragile Stabilisation
2025-12-01,Aden Gulf – Indian Ocean,LNG Carrier,53466.0,0.308,0.428,1037.0,9.6,1.7,Fragile Stabilisation
2025-12-01,Arabian Sea – South China Sea,VLCC,50089.0,0.268,0.48,983.0,9.4,0.6,Fragile Stabilisation
2025-12-01,Arabian Sea – South China Sea,Suezmax,31867.0,0.312,0.428,990.0,9.2,1.3,Fragile Stabilisation
2025-12-01,Arabian Sea – South China Sea,Aframax,24416.0,0.279,0.45,948.0,8.6,1.1,Fragile Stabilisation
2025-12-01,Arabian Sea – South China Sea,LNG Carrier,66097.0,0.261,0.478,941.0,9.4,0.9,Fragile Stabilisation
2025-12-08,Strait of Hormuz,VLCC,53082.0,0.643,0.835,985.0,2.1,6.5,Fragile Stabilisation
2025-12-08,Strait of Hormuz,Suezmax,40541.0,0.655,0.815,1043.0,2.2,5.1,Fragile Stabilisation
2025-12-08,Strait of Hormuz,Aframax,28346.0,0.744,0.747,1020.0,2.2,4.2,Fragile Stabilisation
2025-12-08,Strait of Hormuz,LNG Carrier,65647.0,0.758,0.784,1016.0,2.1,6.0,Fragile Stabilisation
2025-12-08,Bab el-Mandeb / Red Sea,VLCC,52981.0,0.648,0.856,1049.0,2.0,7.8,Fragile Stabilisation
2025-12-08,Bab el-Mandeb / Red Sea,Suezmax,34626.0,0.663,0.772,1037.0,2.4,3.0,Fragile Stabilisation
2025-12-08,Bab el-Mandeb / Red Sea,Aframax,23494.0,0.668,0.826,948.0,2.2,5.9,Fragile Stabilisation
2025-12-08,Bab el-Mandeb / Red Sea,LNG Carrier,61720.0,0.71,0.753,1004.0,2.4,4.8,Fragile Stabilisation
2025-12-08,Suez Canal,VLCC,59044.0,0.285,0.469,1045.0,1.2,1.5,Fragile Stabilisation
2025-12-08,Suez Canal,Suezmax,41095.0,0.317,0.441,977.0,1.1,1.2,Fragile Stabilisation
2025-12-08,Suez Canal,Aframax,27582.0,0.307,0.49,936.0,1.0,1.3,Fragile Stabilisation
2025-12-08,Suez Canal,LNG Carrier,72472.0,0.255,0.472,1002.0,1.2,1.5,Fragile Stabilisation
2025-12-08,Strait of Malacca,VLCC,36060.0,0.282,0.417,998.0,1.1,1.6,Fragile Stabilisation
2025-12-08,Strait of Malacca,Suezmax,24029.0,0.311,0.492,1051.0,1.2,1.0,Fragile Stabilisation
2025-12-08,Strait of Malacca,Aframax,17659.0,0.271,0.493,1024.0,1.2,2.1,Fragile Stabilisation
2025-12-08,Strait of Malacca,LNG Carrier,49087.0,0.291,0.469,938.0,1.1,1.5,Fragile Stabilisation
2025-12-08,Cape of Good Hope (reroute),VLCC,80169.0,0.315,0.42,969.0,15.1,1.4,Fragile Stabilisation
2025-12-08,Cape of Good Hope (reroute),Suezmax,53370.0,0.309,0.482,986.0,15.6,2.1,Fragile Stabilisation
2025-12-08,Cape of Good Hope (reroute),Aframax,38640.0,0.255,0.481,1036.0,14.6,2.1,Fragile Stabilisation
2025-12-08,Cape of Good Hope (reroute),LNG Carrier,109798.0,0.296,0.452,984.0,16.5,1.0,Fragile Stabilisation
2025-12-08,Persian Gulf – East China Sea,VLCC,66950.0,0.295,0.484,1023.0,9.0,1.1,Fragile Stabilisation
2025-12-08,Persian Gulf – East China Sea,Suezmax,40689.0,0.286,0.481,979.0,9.6,1.9,Fragile Stabilisation
2025-12-08,Persian Gulf – East China Sea,Aframax,31875.0,0.26,0.5,1040.0,8.9,1.4,Fragile Stabilisation
2025-12-08,Persian Gulf – East China Sea,LNG Carrier,76405.0,0.273,0.491,986.0,8.9,0.8,Fragile Stabilisation
2025-12-08,Persian Gulf – Bay of Bengal,VLCC,49566.0,0.271,0.496,969.0,8.9,0.6,Fragile Stabilisation
2025-12-08,Persian Gulf – Bay of Bengal,Suezmax,33961.0,0.258,0.422,1015.0,9.0,0.4,Fragile Stabilisation
2025-12-08,Persian Gulf – Bay of Bengal,Aframax,23086.0,0.301,0.426,1022.0,8.8,1.6,Fragile Stabilisation
2025-12-08,Persian Gulf – Bay of Bengal,LNG Carrier,55842.0,0.255,0.491,1015.0,8.2,1.3,Fragile Stabilisation
2025-12-08,Persian Gulf – Sea of Japan,VLCC,62974.0,0.297,0.462,937.0,8.7,1.2,Fragile Stabilisation
2025-12-08,Persian Gulf – Sea of Japan,Suezmax,43577.0,0.26,0.443,1003.0,8.3,1.9,Fragile Stabilisation
2025-12-08,Persian Gulf – Sea of Japan,Aframax,35898.0,0.319,0.435,934.0,8.3,1.6,Fragile Stabilisation
2025-12-08,Persian Gulf – Sea of Japan,LNG Carrier,82460.0,0.287,0.453,1026.0,9.5,1.2,Fragile Stabilisation
2025-12-08,Aden Gulf – Indian Ocean,VLCC,42490.0,0.319,0.494,976.0,8.3,0.5,Fragile Stabilisation
2025-12-08,Aden Gulf – Indian Ocean,Suezmax,31389.0,0.263,0.423,1030.0,8.3,1.9,Fragile Stabilisation
2025-12-08,Aden Gulf – Indian Ocean,Aframax,20752.0,0.282,0.492,1039.0,9.8,0.8,Fragile Stabilisation
2025-12-08,Aden Gulf – Indian Ocean,LNG Carrier,53893.0,0.31,0.505,992.0,9.8,0.4,Fragile Stabilisation
2025-12-08,Arabian Sea – South China Sea,VLCC,51711.0,0.311,0.467,982.0,9.7,0.9,Fragile Stabilisation
2025-12-08,Arabian Sea – South China Sea,Suezmax,33065.0,0.273,0.432,994.0,8.8,0.5,Fragile Stabilisation
2025-12-08,Arabian Sea – South China Sea,Aframax,26099.0,0.321,0.469,1041.0,9.1,0.4,Fragile Stabilisation
2025-12-08,Arabian Sea – South China Sea,LNG Carrier,63559.0,0.302,0.469,992.0,8.2,2.1,Fragile Stabilisation
2025-12-15,Strait of Hormuz,VLCC,53747.0,0.678,0.861,1036.0,2.3,6.0,Fragile Stabilisation
2025-12-15,Strait of Hormuz,Suezmax,40168.0,0.728,0.829,1011.0,2.4,1.9,Fragile Stabilisation
2025-12-15,Strait of Hormuz,Aframax,27396.0,0.687,0.724,1004.0,2.4,4.4,Fragile Stabilisation
2025-12-15,Strait of Hormuz,LNG Carrier,74134.0,0.752,0.762,1050.0,2.4,4.1,Fragile Stabilisation
2025-12-15,Bab el-Mandeb / Red Sea,VLCC,48129.0,0.79,0.736,963.0,2.2,2.6,Fragile Stabilisation
2025-12-15,Bab el-Mandeb / Red Sea,Suezmax,37154.0,0.662,0.84,943.0,2.0,3.7,Fragile Stabilisation
2025-12-15,Bab el-Mandeb / Red Sea,Aframax,26173.0,0.764,0.789,998.0,2.2,5.6,Fragile Stabilisation
2025-12-15,Bab el-Mandeb / Red Sea,LNG Carrier,61416.0,0.756,0.752,1008.0,2.4,2.0,Fragile Stabilisation
2025-12-15,Suez Canal,VLCC,56314.0,0.28,0.415,1016.0,1.2,1.0,Fragile Stabilisation
2025-12-15,Suez Canal,Suezmax,38064.0,0.294,0.426,964.0,1.1,0.3,Fragile Stabilisation
2025-12-15,Suez Canal,Aframax,29172.0,0.316,0.473,946.0,1.0,1.4,Fragile Stabilisation
2025-12-15,Suez Canal,LNG Carrier,75685.0,0.286,0.459,986.0,1.2,0.9,Fragile Stabilisation
2025-12-15,Strait of Malacca,VLCC,36284.0,0.265,0.502,1047.0,1.1,1.5,Fragile Stabilisation
2025-12-15,Strait of Malacca,Suezmax,26207.0,0.271,0.47,1027.0,1.1,0.5,Fragile Stabilisation
2025-12-15,Strait of Malacca,Aframax,17990.0,0.322,0.495,948.0,1.2,1.7,Fragile Stabilisation
2025-12-15,Strait of Malacca,LNG Carrier,44146.0,0.306,0.499,948.0,1.2,1.6,Fragile Stabilisation
2025-12-15,Cape of Good Hope (reroute),VLCC,75589.0,0.29,0.481,985.0,15.3,1.5,Fragile Stabilisation
2025-12-15,Cape of Good Hope (reroute),Suezmax,56353.0,0.258,0.438,976.0,16.8,0.6,Fragile Stabilisation
2025-12-15,Cape of Good Hope (reroute),Aframax,38377.0,0.29,0.447,977.0,14.7,1.1,Fragile Stabilisation
2025-12-15,Cape of Good Hope (reroute),LNG Carrier,97431.0,0.29,0.415,985.0,14.3,1.2,Fragile Stabilisation
2025-12-15,Persian Gulf – East China Sea,VLCC,59901.0,0.291,0.477,1035.0,9.4,1.9,Fragile Stabilisation
2025-12-15,Persian Gulf – East China Sea,Suezmax,41975.0,0.319,0.474,1026.0,8.2,0.7,Fragile Stabilisation
2025-12-15,Persian Gulf – East China Sea,Aframax,32159.0,0.265,0.487,995.0,8.7,1.6,Fragile Stabilisation
2025-12-15,Persian Gulf – East China Sea,LNG Carrier,82740.0,0.263,0.454,983.0,9.2,0.3,Fragile Stabilisation
2025-12-15,Persian Gulf – Bay of Bengal,VLCC,48826.0,0.277,0.464,945.0,9.2,1.5,Fragile Stabilisation
2025-12-15,Persian Gulf – Bay of Bengal,Suezmax,32033.0,0.286,0.42,960.0,9.6,1.8,Fragile Stabilisation
2025-12-15,Persian Gulf – Bay of Bengal,Aframax,23533.0,0.305,0.471,1029.0,8.6,0.8,Fragile Stabilisation
2025-12-15,Persian Gulf – Bay of Bengal,LNG Carrier,58996.0,0.266,0.487,946.0,8.9,0.9,Fragile Stabilisation
2025-12-15,Persian Gulf – Sea of Japan,VLCC,65966.0,0.274,0.497,997.0,9.1,1.6,Fragile Stabilisation
2025-12-15,Persian Gulf – Sea of Japan,Suezmax,47455.0,0.317,0.468,1001.0,9.8,0.4,Fragile Stabilisation
2025-12-15,Persian Gulf – Sea of Japan,Aframax,33131.0,0.268,0.473,942.0,9.7,1.5,Fragile Stabilisation
2025-12-15,Persian Gulf – Sea of Japan,LNG Carrier,87153.0,0.278,0.472,935.0,9.6,0.7,Fragile Stabilisation
2025-12-15,Aden Gulf – Indian Ocean,VLCC,39755.0,0.305,0.499,1039.0,9.3,0.5,Fragile Stabilisation
2025-12-15,Aden Gulf – Indian Ocean,Suezmax,28599.0,0.258,0.415,962.0,8.4,1.7,Fragile Stabilisation
2025-12-15,Aden Gulf – Indian Ocean,Aframax,20650.0,0.254,0.455,985.0,8.2,0.4,Fragile Stabilisation
2025-12-15,Aden Gulf – Indian Ocean,LNG Carrier,54678.0,0.294,0.424,1023.0,9.5,1.1,Fragile Stabilisation
2025-12-15,Arabian Sea – South China Sea,VLCC,45893.0,0.276,0.476,956.0,8.7,1.0,Fragile Stabilisation
2025-12-15,Arabian Sea – South China Sea,Suezmax,35748.0,0.311,0.491,1032.0,9.0,1.1,Fragile Stabilisation
2025-12-15,Arabian Sea – South China Sea,Aframax,22314.0,0.318,0.458,948.0,9.2,1.6,Fragile Stabilisation
2025-12-15,Arabian Sea – South China Sea,LNG Carrier,67116.0,0.286,0.469,975.0,8.4,1.1,Fragile Stabilisation
2025-12-22,Strait of Hormuz,VLCC,57998.0,0.678,0.853,994.0,2.4,2.4,Fragile Stabilisation
2025-12-22,Strait of Hormuz,Suezmax,37877.0,0.654,0.843,959.0,2.0,5.5,Fragile Stabilisation
2025-12-22,Strait of Hormuz,Aframax,25818.0,0.726,0.855,936.0,2.1,3.2,Fragile Stabilisation
2025-12-22,Strait of Hormuz,LNG Carrier,75120.0,0.751,0.716,956.0,2.2,5.2,Fragile Stabilisation
2025-12-22,Bab el-Mandeb / Red Sea,VLCC,48429.0,0.68,0.848,956.0,2.2,6.5,Fragile Stabilisation
2025-12-22,Bab el-Mandeb / Red Sea,Suezmax,35223.0,0.795,0.729,1006.0,2.2,3.4,Fragile Stabilisation
2025-12-22,Bab el-Mandeb / Red Sea,Aframax,26343.0,0.772,0.75,1042.0,2.2,2.5,Fragile Stabilisation
2025-12-22,Bab el-Mandeb / Red Sea,LNG Carrier,68635.0,0.643,0.848,949.0,2.3,1.9,Fragile Stabilisation
2025-12-22,Suez Canal,VLCC,57711.0,0.307,0.488,1038.0,1.2,1.5,Fragile Stabilisation
2025-12-22,Suez Canal,Suezmax,40934.0,0.291,0.473,956.0,1.1,1.4,Fragile Stabilisation
2025-12-22,Suez Canal,Aframax,28559.0,0.318,0.449,1040.0,1.1,1.7,Fragile Stabilisation
2025-12-22,Suez Canal,LNG Carrier,78627.0,0.321,0.445,958.0,1.0,1.5,Fragile Stabilisation
2025-12-22,Strait of Malacca,VLCC,37355.0,0.317,0.456,1040.0,1.0,1.7,Fragile Stabilisation
2025-12-22,Strait of Malacca,Suezmax,24768.0,0.294,0.424,1037.0,1.1,1.5,Fragile Stabilisation
2025-12-22,Strait of Malacca,Aframax,16810.0,0.308,0.451,933.0,1.1,1.4,Fragile Stabilisation
2025-12-22,Strait of Malacca,LNG Carrier,45204.0,0.312,0.502,1024.0,1.1,0.8,Fragile Stabilisation
2025-12-22,Cape of Good Hope (reroute),VLCC,72733.0,0.299,0.506,1032.0,15.7,0.9,Fragile Stabilisation
2025-12-22,Cape of Good Hope (reroute),Suezmax,54216.0,0.286,0.487,1026.0,14.5,0.5,Fragile Stabilisation
2025-12-22,Cape of Good Hope (reroute),Aframax,42162.0,0.268,0.461,1032.0,14.9,1.9,Fragile Stabilisation
2025-12-22,Cape of Good Hope (reroute),LNG Carrier,98279.0,0.291,0.496,968.0,15.4,0.9,Fragile Stabilisation
2025-12-22,Persian Gulf – East China Sea,VLCC,60842.0,0.277,0.48,1040.0,9.7,1.5,Fragile Stabilisation
2025-12-22,Persian Gulf – East China Sea,Suezmax,41062.0,0.267,0.451,955.0,9.7,0.7,Fragile Stabilisation
2025-12-22,Persian Gulf – East China Sea,Aframax,32639.0,0.291,0.49,993.0,8.4,0.5,Fragile Stabilisation
2025-12-22,Persian Gulf – East China Sea,LNG Carrier,78460.0,0.303,0.471,980.0,8.5,2.0,Fragile Stabilisation
2025-12-22,Persian Gulf – Bay of Bengal,VLCC,46765.0,0.315,0.428,1005.0,9.3,0.5,Fragile Stabilisation
2025-12-22,Persian Gulf – Bay of Bengal,Suezmax,30544.0,0.284,0.434,933.0,8.4,0.7,Fragile Stabilisation
2025-12-22,Persian Gulf – Bay of Bengal,Aframax,22271.0,0.291,0.503,956.0,9.0,1.3,Fragile Stabilisation
2025-12-22,Persian Gulf – Bay of Bengal,LNG Carrier,63061.0,0.281,0.425,1035.0,9.8,1.7,Fragile Stabilisation
2025-12-22,Persian Gulf – Sea of Japan,VLCC,62422.0,0.275,0.493,982.0,9.0,2.1,Fragile Stabilisation
2025-12-22,Persian Gulf – Sea of Japan,Suezmax,46416.0,0.264,0.442,1020.0,9.1,0.6,Fragile Stabilisation
2025-12-22,Persian Gulf – Sea of Japan,Aframax,35741.0,0.291,0.457,953.0,8.8,0.9,Fragile Stabilisation
2025-12-22,Persian Gulf – Sea of Japan,LNG Carrier,87278.0,0.31,0.435,991.0,9.3,0.8,Fragile Stabilisation
2025-12-22,Aden Gulf – Indian Ocean,VLCC,39390.0,0.278,0.44,1000.0,8.5,0.8,Fragile Stabilisation
2025-12-22,Aden Gulf – Indian Ocean,Suezmax,29857.0,0.301,0.477,968.0,9.6,2.0,Fragile Stabilisation
2025-12-22,Aden Gulf – Indian Ocean,Aframax,20015.0,0.299,0.452,952.0,8.3,0.4,Fragile Stabilisation
2025-12-22,Aden Gulf – Indian Ocean,LNG Carrier,58457.0,0.265,0.416,1026.0,8.2,1.3,Fragile Stabilisation
2025-12-22,Arabian Sea – South China Sea,VLCC,49382.0,0.318,0.499,1011.0,8.2,1.0,Fragile Stabilisation
2025-12-22,Arabian Sea – South China Sea,Suezmax,32252.0,0.294,0.479,1039.0,9.5,1.4,Fragile Stabilisation
2025-12-22,Arabian Sea – South China Sea,Aframax,22687.0,0.286,0.457,972.0,8.6,1.1,Fragile Stabilisation
2025-12-22,Arabian Sea – South China Sea,LNG Carrier,60842.0,0.275,0.429,960.0,9.5,2.0,Fragile Stabilisation
2025-12-29,Strait of Hormuz,VLCC,51995.0,0.774,0.825,960.0,2.4,3.2,Fragile Stabilisation
2025-12-29,Strait of Hormuz,Suezmax,37409.0,0.733,0.799,968.0,2.0,4.9,Fragile Stabilisation
2025-12-29,Strait of Hormuz,Aframax,27035.0,0.648,0.844,969.0,2.2,6.0,Fragile Stabilisation
2025-12-29,Strait of Hormuz,LNG Carrier,69219.0,0.645,0.745,1041.0,2.2,2.2,Fragile Stabilisation
2025-12-29,Bab el-Mandeb / Red Sea,VLCC,50386.0,0.681,0.727,1015.0,2.3,8.1,Fragile Stabilisation
2025-12-29,Bab el-Mandeb / Red Sea,Suezmax,38333.0,0.637,0.867,947.0,2.4,3.2,Fragile Stabilisation
2025-12-29,Bab el-Mandeb / Red Sea,Aframax,23481.0,0.803,0.755,961.0,2.3,4.4,Fragile Stabilisation
2025-12-29,Bab el-Mandeb / Red Sea,LNG Carrier,66784.0,0.685,0.809,969.0,2.2,3.0,Fragile Stabilisation
2025-12-29,Suez Canal,VLCC,56684.0,0.265,0.428,1005.0,1.1,0.7,Fragile Stabilisation
2025-12-29,Suez Canal,Suezmax,41748.0,0.276,0.447,947.0,1.1,1.7,Fragile Stabilisation
2025-12-29,Suez Canal,Aframax,28266.0,0.27,0.487,991.0,1.0,1.6,Fragile Stabilisation
2025-12-29,Suez Canal,LNG Carrier,75422.0,0.283,0.429,963.0,1.1,0.5,Fragile Stabilisation
2025-12-29,Strait of Malacca,VLCC,37628.0,0.307,0.471,992.0,1.1,1.4,Fragile Stabilisation
2025-12-29,Strait of Malacca,Suezmax,24323.0,0.255,0.43,934.0,1.1,2.1,Fragile Stabilisation
2025-12-29,Strait of Malacca,Aframax,17777.0,0.274,0.479,969.0,1.0,1.1,Fragile Stabilisation
2025-12-29,Strait of Malacca,LNG Carrier,46260.0,0.28,0.452,979.0,1.2,1.2,Fragile Stabilisation
2025-12-29,Cape of Good Hope (reroute),VLCC,78075.0,0.296,0.424,974.0,16.5,0.4,Fragile Stabilisation
2025-12-29,Cape of Good Hope (reroute),Suezmax,52568.0,0.291,0.428,1028.0,16.9,1.1,Fragile Stabilisation
2025-12-29,Cape of Good Hope (reroute),Aframax,40448.0,0.294,0.477,1012.0,15.2,0.4,Fragile Stabilisation
2025-12-29,Cape of Good Hope (reroute),LNG Carrier,107112.0,0.308,0.487,982.0,15.1,1.2,Fragile Stabilisation
2025-12-29,Persian Gulf – East China Sea,VLCC,64520.0,0.266,0.46,959.0,9.8,1.0,Fragile Stabilisation
2025-12-29,Persian Gulf – East China Sea,Suezmax,42879.0,0.264,0.417,1049.0,9.2,0.7,Fragile Stabilisation
2025-12-29,Persian Gulf – East China Sea,Aframax,32836.0,0.318,0.444,1002.0,9.6,1.8,Fragile Stabilisation
2025-12-29,Persian Gulf – East China Sea,LNG Carrier,77919.0,0.298,0.46,1032.0,8.1,1.8,Fragile Stabilisation
2025-12-29,Persian Gulf – Bay of Bengal,VLCC,42386.0,0.269,0.456,988.0,9.2,0.6,Fragile Stabilisation
2025-12-29,Persian Gulf – Bay of Bengal,Suezmax,30847.0,0.317,0.423,996.0,9.2,1.3,Fragile Stabilisation
2025-12-29,Persian Gulf – Bay of Bengal,Aframax,21182.0,0.308,0.476,981.0,8.4,1.5,Fragile Stabilisation
2025-12-29,Persian Gulf – Bay of Bengal,LNG Carrier,58485.0,0.295,0.495,1037.0,8.2,1.8,Fragile Stabilisation
2025-12-29,Persian Gulf – Sea of Japan,VLCC,70973.0,0.303,0.42,957.0,9.0,0.8,Fragile Stabilisation
2025-12-29,Persian Gulf – Sea of Japan,Suezmax,45939.0,0.258,0.495,1005.0,9.7,2.0,Fragile Stabilisation
2025-12-29,Persian Gulf – Sea of Japan,Aframax,34612.0,0.26,0.481,1013.0,9.6,2.1,Fragile Stabilisation
2025-12-29,Persian Gulf – Sea of Japan,LNG Carrier,84931.0,0.255,0.457,953.0,9.4,0.4,Fragile Stabilisation
2025-12-29,Aden Gulf – Indian Ocean,VLCC,43017.0,0.319,0.449,1022.0,8.2,0.9,Fragile Stabilisation
2025-12-29,Aden Gulf – Indian Ocean,Suezmax,28840.0,0.281,0.465,1028.0,8.1,0.9,Fragile Stabilisation
2025-12-29,Aden Gulf – Indian Ocean,Aframax,20321.0,0.322,0.49,940.0,9.1,1.8,Fragile Stabilisation
2025-12-29,Aden Gulf – Indian Ocean,LNG Carrier,52057.0,0.282,0.434,1000.0,8.4,1.1,Fragile Stabilisation
2025-12-29,Arabian Sea – South China Sea,VLCC,49690.0,0.287,0.491,1037.0,8.4,0.7,Fragile Stabilisation
2025-12-29,Arabian Sea – South China Sea,Suezmax,35266.0,0.308,0.45,939.0,8.9,0.4,Fragile Stabilisation
2025-12-29,Arabian Sea – South China Sea,Aframax,23513.0,0.254,0.5,1021.0,9.6,2.1,Fragile Stabilisation
2025-12-29,Arabian Sea – South China Sea,LNG Carrier,64112.0,0.26,0.48,941.0,9.2,0.8,Fragile Stabilisation
2026-01-05,Strait of Hormuz,VLCC,46223.0,0.398,0.561,763.0,2.2,3.6,Ongoing Uncertainty
2026-01-05,Strait of Hormuz,Suezmax,32697.0,0.387,0.528,774.0,2.3,1.9,Ongoing Uncertainty
2026-01-05,Strait of Hormuz,Aframax,24462.0,0.384,0.528,825.0,1.9,2.9,Ongoing Uncertainty
2026-01-05,Strait of Hormuz,LNG Carrier,65844.0,0.397,0.569,810.0,2.2,3.4,Ongoing Uncertainty
2026-01-05,Bab el-Mandeb / Red Sea,VLCC,46215.0,0.336,0.497,758.0,2.3,3.2,Ongoing Uncertainty
2026-01-05,Bab el-Mandeb / Red Sea,Suezmax,30205.0,0.324,0.504,815.0,2.2,3.9,Ongoing Uncertainty
2026-01-05,Bab el-Mandeb / Red Sea,Aframax,21698.0,0.319,0.544,833.0,2.3,1.8,Ongoing Uncertainty
2026-01-05,Bab el-Mandeb / Red Sea,LNG Carrier,58278.0,0.402,0.474,770.0,1.9,3.0,Ongoing Uncertainty
2026-01-05,Suez Canal,VLCC,56133.0,0.149,0.372,787.0,1.0,0.9,Ongoing Uncertainty
2026-01-05,Suez Canal,Suezmax,39133.0,0.158,0.385,823.0,1.0,0.5,Ongoing Uncertainty
2026-01-05,Suez Canal,Aframax,25613.0,0.133,0.385,827.0,1.0,0.2,Ongoing Uncertainty
2026-01-05,Suez Canal,LNG Carrier,64147.0,0.128,0.358,850.0,1.1,0.8,Ongoing Uncertainty
2026-01-05,Strait of Malacca,VLCC,33467.0,0.14,0.356,796.0,1.0,0.4,Ongoing Uncertainty
2026-01-05,Strait of Malacca,Suezmax,24504.0,0.149,0.334,842.0,1.1,0.7,Ongoing Uncertainty
2026-01-05,Strait of Malacca,Aframax,17319.0,0.155,0.355,817.0,1.1,0.9,Ongoing Uncertainty
2026-01-05,Strait of Malacca,LNG Carrier,41496.0,0.138,0.331,850.0,1.0,0.3,Ongoing Uncertainty
2026-01-05,Cape of Good Hope (reroute),VLCC,74078.0,0.135,0.367,827.0,14.2,0.7,Ongoing Uncertainty
2026-01-05,Cape of Good Hope (reroute),Suezmax,51186.0,0.158,0.329,760.0,15.8,0.8,Ongoing Uncertainty
2026-01-05,Cape of Good Hope (reroute),Aframax,33941.0,0.154,0.336,804.0,14.5,0.4,Ongoing Uncertainty
2026-01-05,Cape of Good Hope (reroute),LNG Carrier,86944.0,0.142,0.348,803.0,15.0,0.2,Ongoing Uncertainty
2026-01-05,Persian Gulf – East China Sea,VLCC,59599.0,0.128,0.364,854.0,8.7,0.7,Ongoing Uncertainty
2026-01-05,Persian Gulf – East China Sea,Suezmax,39276.0,0.145,0.381,844.0,8.4,0.5,Ongoing Uncertainty
2026-01-05,Persian Gulf – East China Sea,Aframax,26452.0,0.158,0.36,774.0,8.4,0.3,Ongoing Uncertainty
2026-01-05,Persian Gulf – East China Sea,LNG Carrier,76114.0,0.127,0.373,824.0,8.5,0.5,Ongoing Uncertainty
2026-01-05,Persian Gulf – Bay of Bengal,VLCC,39910.0,0.131,0.389,847.0,7.9,0.5,Ongoing Uncertainty
2026-01-05,Persian Gulf – Bay of Bengal,Suezmax,29802.0,0.148,0.32,845.0,8.6,0.8,Ongoing Uncertainty
2026-01-05,Persian Gulf – Bay of Bengal,Aframax,21255.0,0.16,0.333,806.0,8.6,1.0,Ongoing Uncertainty
2026-01-05,Persian Gulf – Bay of Bengal,LNG Carrier,50917.0,0.15,0.344,820.0,9.1,0.8,Ongoing Uncertainty
2026-01-05,Persian Gulf – Sea of Japan,VLCC,56090.0,0.13,0.38,785.0,8.9,0.5,Ongoing Uncertainty
2026-01-05,Persian Gulf – Sea of Japan,Suezmax,44774.0,0.141,0.364,802.0,8.2,0.6,Ongoing Uncertainty
2026-01-05,Persian Gulf – Sea of Japan,Aframax,32260.0,0.14,0.379,810.0,7.7,0.8,Ongoing Uncertainty
2026-01-05,Persian Gulf – Sea of Japan,LNG Carrier,75856.0,0.153,0.387,780.0,7.9,0.3,Ongoing Uncertainty
2026-01-05,Aden Gulf – Indian Ocean,VLCC,39444.0,0.14,0.335,852.0,8.6,0.2,Ongoing Uncertainty
2026-01-05,Aden Gulf – Indian Ocean,Suezmax,27032.0,0.156,0.37,781.0,8.6,0.7,Ongoing Uncertainty
2026-01-05,Aden Gulf – Indian Ocean,Aframax,18726.0,0.129,0.368,848.0,8.1,0.4,Ongoing Uncertainty
2026-01-05,Aden Gulf – Indian Ocean,LNG Carrier,46360.0,0.129,0.369,804.0,9.0,0.4,Ongoing Uncertainty
2026-01-05,Arabian Sea – South China Sea,VLCC,42372.0,0.148,0.34,783.0,9.3,0.9,Ongoing Uncertainty
2026-01-05,Arabian Sea – South China Sea,Suezmax,29204.0,0.131,0.361,853.0,9.2,0.7,Ongoing Uncertainty
2026-01-05,Arabian Sea – South China Sea,Aframax,21397.0,0.13,0.388,847.0,7.7,0.2,Ongoing Uncertainty
2026-01-05,Arabian Sea – South China Sea,LNG Carrier,54939.0,0.149,0.361,766.0,9.0,0.2,Ongoing Uncertainty
2026-01-12,Strait of Hormuz,VLCC,47521.0,0.382,0.57,775.0,2.3,3.3,Ongoing Uncertainty
2026-01-12,Strait of Hormuz,Suezmax,32895.0,0.376,0.542,807.0,2.1,2.2,Ongoing Uncertainty
2026-01-12,Strait of Hormuz,Aframax,25121.0,0.386,0.522,829.0,1.9,3.0,Ongoing Uncertainty
2026-01-12,Strait of Hormuz,LNG Carrier,64919.0,0.318,0.506,848.0,2.1,2.7,Ongoing Uncertainty
2026-01-12,Bab el-Mandeb / Red Sea,VLCC,47628.0,0.328,0.496,818.0,2.1,3.0,Ongoing Uncertainty
2026-01-12,Bab el-Mandeb / Red Sea,Suezmax,33681.0,0.327,0.567,787.0,2.2,2.8,Ongoing Uncertainty
2026-01-12,Bab el-Mandeb / Red Sea,Aframax,23053.0,0.341,0.545,788.0,2.2,3.7,Ongoing Uncertainty
2026-01-12,Bab el-Mandeb / Red Sea,LNG Carrier,64056.0,0.367,0.534,822.0,2.3,2.5,Ongoing Uncertainty
2026-01-12,Suez Canal,VLCC,52404.0,0.143,0.357,818.0,1.1,0.5,Ongoing Uncertainty
2026-01-12,Suez Canal,Suezmax,35600.0,0.144,0.38,781.0,1.1,0.5,Ongoing Uncertainty
2026-01-12,Suez Canal,Aframax,26351.0,0.161,0.331,786.0,1.0,0.5,Ongoing Uncertainty
2026-01-12,Suez Canal,LNG Carrier,71888.0,0.154,0.34,836.0,1.1,0.4,Ongoing Uncertainty
2026-01-12,Strait of Malacca,VLCC,34594.0,0.136,0.389,807.0,1.1,0.2,Ongoing Uncertainty
2026-01-12,Strait of Malacca,Suezmax,22161.0,0.159,0.376,832.0,1.1,0.5,Ongoing Uncertainty
2026-01-12,Strait of Malacca,Aframax,16809.0,0.143,0.339,793.0,1.0,0.4,Ongoing Uncertainty
2026-01-12,Strait of Malacca,LNG Carrier,42641.0,0.142,0.364,768.0,1.0,0.9,Ongoing Uncertainty
2026-01-12,Cape of Good Hope (reroute),VLCC,77007.0,0.142,0.373,823.0,15.3,0.9,Ongoing Uncertainty
2026-01-12,Cape of Good Hope (reroute),Suezmax,51207.0,0.154,0.367,783.0,13.5,0.9,Ongoing Uncertainty
2026-01-12,Cape of Good Hope (reroute),Aframax,35032.0,0.158,0.321,854.0,13.6,0.4,Ongoing Uncertainty
2026-01-12,Cape of Good Hope (reroute),LNG Carrier,96041.0,0.149,0.365,823.0,14.9,0.8,Ongoing Uncertainty
2026-01-12,Persian Gulf – East China Sea,VLCC,57239.0,0.154,0.327,834.0,9.0,0.9,Ongoing Uncertainty
2026-01-12,Persian Gulf – East China Sea,Suezmax,42938.0,0.155,0.368,830.0,8.7,0.8,Ongoing Uncertainty
2026-01-12,Persian Gulf – East China Sea,Aframax,26436.0,0.128,0.389,818.0,9.0,0.4,Ongoing Uncertainty
2026-01-12,Persian Gulf – East China Sea,LNG Carrier,78965.0,0.131,0.37,827.0,8.6,0.8,Ongoing Uncertainty
2026-01-12,Persian Gulf – Bay of Bengal,VLCC,41816.0,0.156,0.335,842.0,8.1,0.8,Ongoing Uncertainty
2026-01-12,Persian Gulf – Bay of Bengal,Suezmax,31225.0,0.152,0.322,816.0,7.7,0.9,Ongoing Uncertainty
2026-01-12,Persian Gulf – Bay of Bengal,Aframax,20621.0,0.159,0.354,791.0,9.2,0.8,Ongoing Uncertainty
2026-01-12,Persian Gulf – Bay of Bengal,LNG Carrier,58870.0,0.151,0.345,805.0,9.3,0.9,Ongoing Uncertainty
2026-01-12,Persian Gulf – Sea of Japan,VLCC,56735.0,0.153,0.356,783.0,8.4,0.7,Ongoing Uncertainty
2026-01-12,Persian Gulf – Sea of Japan,Suezmax,43384.0,0.148,0.372,790.0,9.1,1.0,Ongoing Uncertainty
2026-01-12,Persian Gulf – Sea of Japan,Aframax,30605.0,0.14,0.33,803.0,8.2,0.3,Ongoing Uncertainty
2026-01-12,Persian Gulf – Sea of Japan,LNG Carrier,77111.0,0.153,0.341,821.0,8.3,0.2,Ongoing Uncertainty
2026-01-12,Aden Gulf – Indian Ocean,VLCC,36949.0,0.159,0.388,798.0,8.7,0.6,Ongoing Uncertainty
2026-01-12,Aden Gulf – Indian Ocean,Suezmax,25130.0,0.158,0.331,849.0,7.8,0.9,Ongoing Uncertainty
2026-01-12,Aden Gulf – Indian Ocean,Aframax,20456.0,0.146,0.378,778.0,9.1,0.6,Ongoing Uncertainty
2026-01-12,Aden Gulf – Indian Ocean,LNG Carrier,50693.0,0.158,0.39,810.0,8.5,0.4,Ongoing Uncertainty
2026-01-12,Arabian Sea – South China Sea,VLCC,41394.0,0.141,0.344,808.0,7.6,0.6,Ongoing Uncertainty
2026-01-12,Arabian Sea – South China Sea,Suezmax,31129.0,0.157,0.376,759.0,8.5,0.5,Ongoing Uncertainty
2026-01-12,Arabian Sea – South China Sea,Aframax,20363.0,0.159,0.367,792.0,9.0,0.4,Ongoing Uncertainty
2026-01-12,Arabian Sea – South China Sea,LNG Carrier,52881.0,0.145,0.342,839.0,8.1,0.8,Ongoing Uncertainty
2026-01-19,Strait of Hormuz,VLCC,51814.0,0.398,0.493,790.0,2.0,1.8,Ongoing Uncertainty
2026-01-19,Strait of Hormuz,Suezmax,32411.0,0.326,0.544,796.0,2.1,3.5,Ongoing Uncertainty
2026-01-19,Strait of Hormuz,Aframax,26565.0,0.386,0.553,761.0,2.2,0.9,Ongoing Uncertainty
2026-01-19,Strait of Hormuz,LNG Carrier,64577.0,0.373,0.529,793.0,2.0,0.8,Ongoing Uncertainty
2026-01-19,Bab el-Mandeb / Red Sea,VLCC,47352.0,0.355,0.55,781.0,2.1,1.9,Ongoing Uncertainty
2026-01-19,Bab el-Mandeb / Red Sea,Suezmax,31007.0,0.388,0.515,822.0,2.1,2.5,Ongoing Uncertainty
2026-01-19,Bab el-Mandeb / Red Sea,Aframax,21384.0,0.369,0.487,830.0,2.1,1.5,Ongoing Uncertainty
2026-01-19,Bab el-Mandeb / Red Sea,LNG Carrier,62693.0,0.403,0.51,851.0,2.2,1.5,Ongoing Uncertainty
2026-01-19,Suez Canal,VLCC,50137.0,0.135,0.345,842.0,1.0,0.5,Ongoing Uncertainty
2026-01-19,Suez Canal,Suezmax,39264.0,0.16,0.385,835.0,1.0,0.3,Ongoing Uncertainty
2026-01-19,Suez Canal,Aframax,24526.0,0.127,0.328,792.0,1.0,0.2,Ongoing Uncertainty
2026-01-19,Suez Canal,LNG Carrier,74270.0,0.135,0.333,792.0,1.0,0.4,Ongoing Uncertainty
2026-01-19,Strait of Malacca,VLCC,31951.0,0.161,0.353,802.0,1.1,0.9,Ongoing Uncertainty
2026-01-19,Strait of Malacca,Suezmax,24540.0,0.153,0.371,813.0,1.1,0.4,Ongoing Uncertainty
2026-01-19,Strait of Malacca,Aframax,16535.0,0.141,0.361,770.0,1.2,0.4,Ongoing Uncertainty
2026-01-19,Strait of Malacca,LNG Carrier,44421.0,0.146,0.364,788.0,1.0,0.4,Ongoing Uncertainty
2026-01-19,Cape of Good Hope (reroute),VLCC,67207.0,0.154,0.333,817.0,16.3,0.3,Ongoing Uncertainty
2026-01-19,Cape of Good Hope (reroute),Suezmax,50431.0,0.145,0.371,829.0,15.5,0.3,Ongoing Uncertainty
2026-01-19,Cape of Good Hope (reroute),Aframax,35787.0,0.137,0.332,809.0,15.8,0.5,Ongoing Uncertainty
2026-01-19,Cape of Good Hope (reroute),LNG Carrier,96208.0,0.127,0.367,783.0,13.8,0.6,Ongoing Uncertainty
2026-01-19,Persian Gulf – East China Sea,VLCC,60317.0,0.15,0.347,773.0,8.8,0.3,Ongoing Uncertainty
2026-01-19,Persian Gulf – East China Sea,Suezmax,42051.0,0.154,0.321,829.0,8.1,0.7,Ongoing Uncertainty
2026-01-19,Persian Gulf – East China Sea,Aframax,27607.0,0.143,0.334,778.0,9.2,0.8,Ongoing Uncertainty
2026-01-19,Persian Gulf – East China Sea,LNG Carrier,69351.0,0.155,0.333,788.0,8.6,0.6,Ongoing Uncertainty
2026-01-19,Persian Gulf – Bay of Bengal,VLCC,39545.0,0.144,0.325,780.0,8.4,0.5,Ongoing Uncertainty
2026-01-19,Persian Gulf – Bay of Bengal,Suezmax,30515.0,0.143,0.369,774.0,7.7,0.3,Ongoing Uncertainty
2026-01-19,Persian Gulf – Bay of Bengal,Aframax,22566.0,0.127,0.329,765.0,8.1,0.6,Ongoing Uncertainty
2026-01-19,Persian Gulf – Bay of Bengal,LNG Carrier,55982.0,0.136,0.378,773.0,9.0,0.9,Ongoing Uncertainty
2026-01-19,Persian Gulf – Sea of Japan,VLCC,60669.0,0.132,0.351,806.0,9.0,0.4,Ongoing Uncertainty
2026-01-19,Persian Gulf – Sea of Japan,Suezmax,40950.0,0.139,0.386,761.0,9.1,0.9,Ongoing Uncertainty
2026-01-19,Persian Gulf – Sea of Japan,Aframax,28369.0,0.156,0.332,839.0,7.9,0.3,Ongoing Uncertainty
2026-01-19,Persian Gulf – Sea of Japan,LNG Carrier,81732.0,0.157,0.326,844.0,9.0,0.4,Ongoing Uncertainty
2026-01-19,Aden Gulf – Indian Ocean,VLCC,40328.0,0.151,0.33,805.0,8.6,0.6,Ongoing Uncertainty
2026-01-19,Aden Gulf – Indian Ocean,Suezmax,26820.0,0.157,0.352,773.0,8.6,0.2,Ongoing Uncertainty
2026-01-19,Aden Gulf – Indian Ocean,Aframax,20690.0,0.154,0.352,777.0,8.5,0.6,Ongoing Uncertainty
2026-01-19,Aden Gulf – Indian Ocean,LNG Carrier,48753.0,0.141,0.354,766.0,8.7,0.7,Ongoing Uncertainty
2026-01-19,Arabian Sea – South China Sea,VLCC,43357.0,0.139,0.387,770.0,7.7,0.3,Ongoing Uncertainty
2026-01-19,Arabian Sea – South China Sea,Suezmax,30585.0,0.155,0.338,789.0,9.2,0.8,Ongoing Uncertainty
2026-01-19,Arabian Sea – South China Sea,Aframax,22604.0,0.155,0.386,772.0,7.9,0.8,Ongoing Uncertainty
2026-01-19,Arabian Sea – South China Sea,LNG Carrier,58518.0,0.147,0.351,780.0,7.7,0.7,Ongoing Uncertainty
2026-01-26,Strait of Hormuz,VLCC,48800.0,0.349,0.522,839.0,2.2,3.9,Ongoing Uncertainty
2026-01-26,Strait of Hormuz,Suezmax,34402.0,0.373,0.568,814.0,2.0,4.1,Ongoing Uncertainty
2026-01-26,Strait of Hormuz,Aframax,23274.0,0.352,0.508,758.0,2.2,1.9,Ongoing Uncertainty
2026-01-26,Strait of Hormuz,LNG Carrier,69787.0,0.341,0.504,798.0,2.0,2.2,Ongoing Uncertainty
2026-01-26,Bab el-Mandeb / Red Sea,VLCC,47260.0,0.369,0.469,803.0,2.3,1.8,Ongoing Uncertainty
2026-01-26,Bab el-Mandeb / Red Sea,Suezmax,31470.0,0.318,0.506,852.0,2.3,0.9,Ongoing Uncertainty
2026-01-26,Bab el-Mandeb / Red Sea,Aframax,24598.0,0.358,0.499,800.0,1.9,3.3,Ongoing Uncertainty
2026-01-26,Bab el-Mandeb / Red Sea,LNG Carrier,58448.0,0.361,0.565,783.0,2.2,1.1,Ongoing Uncertainty
2026-01-26,Suez Canal,VLCC,52711.0,0.149,0.332,811.0,1.0,0.2,Ongoing Uncertainty
2026-01-26,Suez Canal,Suezmax,36451.0,0.135,0.33,781.0,1.1,0.7,Ongoing Uncertainty
2026-01-26,Suez Canal,Aframax,27739.0,0.135,0.374,843.0,1.1,1.0,Ongoing Uncertainty
2026-01-26,Suez Canal,LNG Carrier,69050.0,0.143,0.351,769.0,1.0,1.0,Ongoing Uncertainty
2026-01-26,Strait of Malacca,VLCC,33308.0,0.129,0.331,808.0,1.0,0.7,Ongoing Uncertainty
2026-01-26,Strait of Malacca,Suezmax,24868.0,0.144,0.324,762.0,1.0,1.0,Ongoing Uncertainty
2026-01-26,Strait of Malacca,Aframax,17419.0,0.143,0.38,771.0,1.1,0.5,Ongoing Uncertainty
2026-01-26,Strait of Malacca,LNG Carrier,42916.0,0.134,0.34,834.0,1.1,0.4,Ongoing Uncertainty
2026-01-26,Cape of Good Hope (reroute),VLCC,76358.0,0.129,0.381,814.0,15.8,0.5,Ongoing Uncertainty
2026-01-26,Cape of Good Hope (reroute),Suezmax,48130.0,0.14,0.373,844.0,14.0,0.2,Ongoing Uncertainty
2026-01-26,Cape of Good Hope (reroute),Aframax,33247.0,0.131,0.322,854.0,15.4,0.5,Ongoing Uncertainty
2026-01-26,Cape of Good Hope (reroute),LNG Carrier,97412.0,0.129,0.382,844.0,15.2,0.3,Ongoing Uncertainty
2026-01-26,Persian Gulf – East China Sea,VLCC,53889.0,0.127,0.382,833.0,9.0,0.7,Ongoing Uncertainty
2026-01-26,Persian Gulf – East China Sea,Suezmax,42374.0,0.147,0.365,822.0,9.2,0.6,Ongoing Uncertainty
2026-01-26,Persian Gulf – East China Sea,Aframax,28133.0,0.145,0.36,787.0,9.0,0.8,Ongoing Uncertainty
2026-01-26,Persian Gulf – East China Sea,LNG Carrier,70024.0,0.143,0.373,830.0,9.3,0.5,Ongoing Uncertainty
2026-01-26,Persian Gulf – Bay of Bengal,VLCC,45245.0,0.143,0.323,839.0,9.0,0.9,Ongoing Uncertainty
2026-01-26,Persian Gulf – Bay of Bengal,Suezmax,27968.0,0.15,0.328,826.0,7.8,0.6,Ongoing Uncertainty
2026-01-26,Persian Gulf – Bay of Bengal,Aframax,22624.0,0.146,0.371,837.0,8.2,0.2,Ongoing Uncertainty
2026-01-26,Persian Gulf – Bay of Bengal,LNG Carrier,58737.0,0.159,0.385,843.0,8.8,1.0,Ongoing Uncertainty
2026-01-26,Persian Gulf – Sea of Japan,VLCC,61450.0,0.158,0.386,778.0,9.0,0.6,Ongoing Uncertainty
2026-01-26,Persian Gulf – Sea of Japan,Suezmax,44782.0,0.149,0.381,788.0,7.7,0.9,Ongoing Uncertainty
2026-01-26,Persian Gulf – Sea of Japan,Aframax,29250.0,0.145,0.346,782.0,8.9,0.7,Ongoing Uncertainty
2026-01-26,Persian Gulf – Sea of Japan,LNG Carrier,73665.0,0.149,0.34,841.0,8.5,0.4,Ongoing Uncertainty
2026-01-26,Aden Gulf – Indian Ocean,VLCC,36515.0,0.16,0.374,808.0,8.6,1.0,Ongoing Uncertainty
2026-01-26,Aden Gulf – Indian Ocean,Suezmax,29148.0,0.161,0.39,774.0,8.5,0.6,Ongoing Uncertainty
2026-01-26,Aden Gulf – Indian Ocean,Aframax,19475.0,0.154,0.368,827.0,8.0,0.4,Ongoing Uncertainty
2026-01-26,Aden Gulf – Indian Ocean,LNG Carrier,49237.0,0.142,0.339,798.0,8.0,0.7,Ongoing Uncertainty
2026-01-26,Arabian Sea – South China Sea,VLCC,43062.0,0.153,0.328,776.0,8.5,0.4,Ongoing Uncertainty
2026-01-26,Arabian Sea – South China Sea,Suezmax,30150.0,0.159,0.346,774.0,8.1,0.4,Ongoing Uncertainty
2026-01-26,Arabian Sea – South China Sea,Aframax,22134.0,0.135,0.387,806.0,8.3,0.3,Ongoing Uncertainty
2026-01-26,Arabian Sea – South China Sea,LNG Carrier,56549.0,0.155,0.356,767.0,8.2,0.8,Ongoing Uncertainty
2026-02-02,Strait of Hormuz,VLCC,53628.0,0.368,0.571,768.0,2.3,4.0,Ongoing Uncertainty
2026-02-02,Strait of Hormuz,Suezmax,33462.0,0.333,0.526,770.0,1.9,3.0,Ongoing Uncertainty
2026-02-02,Strait of Hormuz,Aframax,25362.0,0.35,0.502,822.0,2.1,1.7,Ongoing Uncertainty
2026-02-02,Strait of Hormuz,LNG Carrier,67626.0,0.325,0.561,831.0,2.2,1.0,Ongoing Uncertainty
2026-02-02,Bab el-Mandeb / Red Sea,VLCC,46877.0,0.358,0.557,769.0,2.1,3.0,Ongoing Uncertainty
2026-02-02,Bab el-Mandeb / Red Sea,Suezmax,30500.0,0.318,0.472,833.0,2.3,3.9,Ongoing Uncertainty
2026-02-02,Bab el-Mandeb / Red Sea,Aframax,21962.0,0.377,0.522,801.0,2.1,1.6,Ongoing Uncertainty
2026-02-02,Bab el-Mandeb / Red Sea,LNG Carrier,57755.0,0.323,0.515,793.0,2.1,1.2,Ongoing Uncertainty
2026-02-02,Suez Canal,VLCC,56828.0,0.145,0.355,842.0,1.0,0.7,Ongoing Uncertainty
2026-02-02,Suez Canal,Suezmax,39318.0,0.135,0.342,818.0,1.1,0.3,Ongoing Uncertainty
2026-02-02,Suez Canal,Aframax,28578.0,0.161,0.343,808.0,1.0,0.3,Ongoing Uncertainty
2026-02-02,Suez Canal,LNG Carrier,73432.0,0.136,0.332,760.0,1.1,0.7,Ongoing Uncertainty
2026-02-02,Strait of Malacca,VLCC,31489.0,0.145,0.364,853.0,1.1,0.8,Ongoing Uncertainty
2026-02-02,Strait of Malacca,Suezmax,22448.0,0.141,0.387,786.0,1.1,0.6,Ongoing Uncertainty
2026-02-02,Strait of Malacca,Aframax,17051.0,0.145,0.354,826.0,1.2,0.5,Ongoing Uncertainty
2026-02-02,Strait of Malacca,LNG Carrier,46326.0,0.134,0.333,842.0,1.0,1.0,Ongoing Uncertainty
2026-02-02,Cape of Good Hope (reroute),VLCC,68789.0,0.14,0.342,809.0,16.3,0.9,Ongoing Uncertainty
2026-02-02,Cape of Good Hope (reroute),Suezmax,50654.0,0.148,0.351,828.0,14.0,1.0,Ongoing Uncertainty
2026-02-02,Cape of Good Hope (reroute),Aframax,37715.0,0.135,0.382,838.0,15.1,0.3,Ongoing Uncertainty
2026-02-02,Cape of Good Hope (reroute),LNG Carrier,93080.0,0.152,0.353,790.0,16.3,1.0,Ongoing Uncertainty
2026-02-02,Persian Gulf – East China Sea,VLCC,56658.0,0.132,0.361,790.0,7.9,0.4,Ongoing Uncertainty
2026-02-02,Persian Gulf – East China Sea,Suezmax,41054.0,0.161,0.328,798.0,9.1,0.4,Ongoing Uncertainty
2026-02-02,Persian Gulf – East China Sea,Aframax,26538.0,0.14,0.333,793.0,9.0,0.6,Ongoing Uncertainty
2026-02-02,Persian Gulf – East China Sea,LNG Carrier,80032.0,0.148,0.368,769.0,8.2,0.9,Ongoing Uncertainty
2026-02-02,Persian Gulf – Bay of Bengal,VLCC,39304.0,0.147,0.358,805.0,9.3,0.4,Ongoing Uncertainty
2026-02-02,Persian Gulf – Bay of Bengal,Suezmax,29001.0,0.142,0.37,833.0,8.3,0.9,Ongoing Uncertainty
2026-02-02,Persian Gulf – Bay of Bengal,Aframax,21882.0,0.137,0.367,827.0,9.1,0.8,Ongoing Uncertainty
2026-02-02,Persian Gulf – Bay of Bengal,LNG Carrier,53832.0,0.161,0.364,765.0,7.8,0.4,Ongoing Uncertainty
2026-02-02,Persian Gulf – Sea of Japan,VLCC,61425.0,0.161,0.333,795.0,8.4,0.4,Ongoing Uncertainty
2026-02-02,Persian Gulf – Sea of Japan,Suezmax,43744.0,0.156,0.32,851.0,8.1,0.7,Ongoing Uncertainty
2026-02-02,Persian Gulf – Sea of Japan,Aframax,32332.0,0.155,0.371,762.0,8.3,0.5,Ongoing Uncertainty
2026-02-02,Persian Gulf – Sea of Japan,LNG Carrier,74971.0,0.135,0.343,808.0,7.9,0.7,Ongoing Uncertainty
2026-02-02,Aden Gulf – Indian Ocean,VLCC,38537.0,0.128,0.388,849.0,8.8,0.2,Ongoing Uncertainty
2026-02-02,Aden Gulf – Indian Ocean,Suezmax,24999.0,0.142,0.366,772.0,9.3,0.4,Ongoing Uncertainty
2026-02-02,Aden Gulf – Indian Ocean,Aframax,20051.0,0.138,0.355,853.0,8.9,0.6,Ongoing Uncertainty
2026-02-02,Aden Gulf – Indian Ocean,LNG Carrier,47821.0,0.139,0.384,813.0,7.9,0.8,Ongoing Uncertainty
2026-02-02,Arabian Sea – South China Sea,VLCC,42048.0,0.149,0.326,845.0,8.6,0.6,Ongoing Uncertainty
2026-02-02,Arabian Sea – South China Sea,Suezmax,32483.0,0.132,0.371,809.0,8.4,0.2,Ongoing Uncertainty
2026-02-02,Arabian Sea – South China Sea,Aframax,20829.0,0.16,0.339,806.0,9.0,0.4,Ongoing Uncertainty
2026-02-02,Arabian Sea – South China Sea,LNG Carrier,61390.0,0.153,0.381,835.0,7.9,0.9,Ongoing Uncertainty
2026-02-09,Strait of Hormuz,VLCC,48627.0,0.374,0.517,761.0,2.3,4.2,Ongoing Uncertainty
2026-02-09,Strait of Hormuz,Suezmax,34232.0,0.328,0.481,794.0,2.3,0.7,Ongoing Uncertainty
2026-02-09,Strait of Hormuz,Aframax,25953.0,0.359,0.508,823.0,2.2,2.2,Ongoing Uncertainty
2026-02-09,Strait of Hormuz,LNG Carrier,68592.0,0.318,0.509,835.0,2.1,0.8,Ongoing Uncertainty
2026-02-09,Bab el-Mandeb / Red Sea,VLCC,47481.0,0.363,0.503,817.0,2.3,2.4,Ongoing Uncertainty
2026-02-09,Bab el-Mandeb / Red Sea,Suezmax,32828.0,0.375,0.566,851.0,1.9,1.0,Ongoing Uncertainty
2026-02-09,Bab el-Mandeb / Red Sea,Aframax,22140.0,0.385,0.491,798.0,2.2,3.5,Ongoing Uncertainty
2026-02-09,Bab el-Mandeb / Red Sea,LNG Carrier,56616.0,0.385,0.475,788.0,2.2,0.9,Ongoing Uncertainty
2026-02-09,Suez Canal,VLCC,48950.0,0.13,0.388,790.0,1.1,0.9,Ongoing Uncertainty
2026-02-09,Suez Canal,Suezmax,35015.0,0.134,0.351,804.0,1.0,0.7,Ongoing Uncertainty
2026-02-09,Suez Canal,Aframax,25275.0,0.127,0.385,820.0,1.0,0.5,Ongoing Uncertainty
2026-02-09,Suez Canal,LNG Carrier,70212.0,0.147,0.38,817.0,1.0,0.5,Ongoing Uncertainty
2026-02-09,Strait of Malacca,VLCC,31048.0,0.154,0.376,801.0,1.1,0.9,Ongoing Uncertainty
2026-02-09,Strait of Malacca,Suezmax,23308.0,0.154,0.332,834.0,1.0,0.6,Ongoing Uncertainty
2026-02-09,Strait of Malacca,Aframax,15419.0,0.143,0.344,831.0,1.0,0.4,Ongoing Uncertainty
2026-02-09,Strait of Malacca,LNG Carrier,41849.0,0.157,0.381,838.0,1.0,0.8,Ongoing Uncertainty
2026-02-09,Cape of Good Hope (reroute),VLCC,70059.0,0.14,0.36,796.0,16.0,0.7,Ongoing Uncertainty
2026-02-09,Cape of Good Hope (reroute),Suezmax,50105.0,0.138,0.382,773.0,16.0,0.8,Ongoing Uncertainty
2026-02-09,Cape of Good Hope (reroute),Aframax,36795.0,0.132,0.337,817.0,15.7,0.9,Ongoing Uncertainty
2026-02-09,Cape of Good Hope (reroute),LNG Carrier,98169.0,0.15,0.357,817.0,15.7,0.2,Ongoing Uncertainty
2026-02-09,Persian Gulf – East China Sea,VLCC,59481.0,0.158,0.331,778.0,7.7,0.2,Ongoing Uncertainty
2026-02-09,Persian Gulf – East China Sea,Suezmax,39212.0,0.156,0.338,763.0,8.6,0.6,Ongoing Uncertainty
2026-02-09,Persian Gulf – East China Sea,Aframax,29064.0,0.15,0.352,761.0,8.2,0.7,Ongoing Uncertainty
2026-02-09,Persian Gulf – East China Sea,LNG Carrier,74246.0,0.141,0.344,760.0,8.8,0.5,Ongoing Uncertainty
2026-02-09,Persian Gulf – Bay of Bengal,VLCC,39693.0,0.154,0.324,821.0,8.0,0.7,Ongoing Uncertainty
2026-02-09,Persian Gulf – Bay of Bengal,Suezmax,29299.0,0.154,0.388,765.0,8.8,0.5,Ongoing Uncertainty
2026-02-09,Persian Gulf – Bay of Bengal,Aframax,19879.0,0.141,0.36,811.0,9.2,0.6,Ongoing Uncertainty
2026-02-09,Persian Gulf – Bay of Bengal,LNG Carrier,58778.0,0.154,0.329,791.0,8.1,0.7,Ongoing Uncertainty
2026-02-09,Persian Gulf – Sea of Japan,VLCC,62212.0,0.13,0.371,850.0,8.9,0.2,Ongoing Uncertainty
2026-02-09,Persian Gulf – Sea of Japan,Suezmax,43710.0,0.133,0.383,817.0,9.2,0.7,Ongoing Uncertainty
2026-02-09,Persian Gulf – Sea of Japan,Aframax,32012.0,0.138,0.381,805.0,8.1,0.9,Ongoing Uncertainty
2026-02-09,Persian Gulf – Sea of Japan,LNG Carrier,75668.0,0.148,0.39,811.0,9.1,0.2,Ongoing Uncertainty
2026-02-09,Aden Gulf – Indian Ocean,VLCC,38817.0,0.135,0.384,784.0,9.0,0.3,Ongoing Uncertainty
2026-02-09,Aden Gulf – Indian Ocean,Suezmax,29057.0,0.128,0.32,852.0,8.6,1.0,Ongoing Uncertainty
2026-02-09,Aden Gulf – Indian Ocean,Aframax,20877.0,0.135,0.358,839.0,8.0,0.2,Ongoing Uncertainty
2026-02-09,Aden Gulf – Indian Ocean,LNG Carrier,50448.0,0.139,0.364,848.0,7.8,0.3,Ongoing Uncertainty
2026-02-09,Arabian Sea – South China Sea,VLCC,43971.0,0.149,0.341,819.0,7.6,0.5,Ongoing Uncertainty
2026-02-09,Arabian Sea – South China Sea,Suezmax,30333.0,0.128,0.382,825.0,8.2,1.0,Ongoing Uncertainty
2026-02-09,Arabian Sea – South China Sea,Aframax,21774.0,0.148,0.323,795.0,8.0,0.7,Ongoing Uncertainty
2026-02-09,Arabian Sea – South China Sea,LNG Carrier,61633.0,0.149,0.362,841.0,7.6,0.5,Ongoing Uncertainty
2026-02-16,Strait of Hormuz,VLCC,47875.0,0.365,0.547,784.0,2.1,3.0,Ongoing Uncertainty
2026-02-16,Strait of Hormuz,Suezmax,33790.0,0.349,0.477,790.0,2.1,0.7,Ongoing Uncertainty
2026-02-16,Strait of Hormuz,Aframax,25151.0,0.347,0.558,806.0,2.3,1.8,Ongoing Uncertainty
2026-02-16,Strait of Hormuz,LNG Carrier,60263.0,0.335,0.563,766.0,1.9,2.8,Ongoing Uncertainty
2026-02-16,Bab el-Mandeb / Red Sea,VLCC,47062.0,0.358,0.538,801.0,2.0,2.3,Ongoing Uncertainty
2026-02-16,Bab el-Mandeb / Red Sea,Suezmax,31247.0,0.349,0.479,793.0,2.1,3.8,Ongoing Uncertainty
2026-02-16,Bab el-Mandeb / Red Sea,Aframax,23534.0,0.33,0.57,828.0,2.3,3.8,Ongoing Uncertainty
2026-02-16,Bab el-Mandeb / Red Sea,LNG Carrier,61894.0,0.397,0.513,771.0,2.1,1.4,Ongoing Uncertainty
2026-02-16,Suez Canal,VLCC,52655.0,0.14,0.39,788.0,1.0,0.8,Ongoing Uncertainty
2026-02-16,Suez Canal,Suezmax,38685.0,0.136,0.384,789.0,1.1,0.6,Ongoing Uncertainty
2026-02-16,Suez Canal,Aframax,25007.0,0.127,0.379,832.0,1.1,0.7,Ongoing Uncertainty
2026-02-16,Suez Canal,LNG Carrier,70371.0,0.155,0.327,788.0,1.0,0.9,Ongoing Uncertainty
2026-02-16,Strait of Malacca,VLCC,33673.0,0.156,0.325,797.0,1.0,0.2,Ongoing Uncertainty
2026-02-16,Strait of Malacca,Suezmax,21733.0,0.138,0.343,795.0,1.0,0.9,Ongoing Uncertainty
2026-02-16,Strait of Malacca,Aframax,17095.0,0.133,0.349,854.0,1.1,0.5,Ongoing Uncertainty
2026-02-16,Strait of Malacca,LNG Carrier,45649.0,0.152,0.338,761.0,1.0,0.9,Ongoing Uncertainty
2026-02-16,Cape of Good Hope (reroute),VLCC,70014.0,0.161,0.372,844.0,15.5,0.2,Ongoing Uncertainty
2026-02-16,Cape of Good Hope (reroute),Suezmax,51782.0,0.143,0.347,764.0,13.6,1.0,Ongoing Uncertainty
2026-02-16,Cape of Good Hope (reroute),Aframax,33168.0,0.143,0.37,832.0,14.6,0.3,Ongoing Uncertainty
2026-02-16,Cape of Good Hope (reroute),LNG Carrier,95993.0,0.128,0.355,815.0,13.8,0.5,Ongoing Uncertainty
2026-02-16,Persian Gulf – East China Sea,VLCC,53636.0,0.153,0.377,795.0,7.6,0.8,Ongoing Uncertainty
2026-02-16,Persian Gulf – East China Sea,Suezmax,39797.0,0.129,0.348,777.0,8.3,0.6,Ongoing Uncertainty
2026-02-16,Persian Gulf – East China Sea,Aframax,28018.0,0.137,0.387,854.0,8.3,0.8,Ongoing Uncertainty
2026-02-16,Persian Gulf – East China Sea,LNG Carrier,73458.0,0.14,0.382,781.0,8.8,0.7,Ongoing Uncertainty
2026-02-16,Persian Gulf – Bay of Bengal,VLCC,44510.0,0.132,0.36,759.0,9.2,0.2,Ongoing Uncertainty
2026-02-16,Persian Gulf – Bay of Bengal,Suezmax,29433.0,0.152,0.36,782.0,8.6,0.6,Ongoing Uncertainty
2026-02-16,Persian Gulf – Bay of Bengal,Aframax,20412.0,0.128,0.33,827.0,9.0,0.4,Ongoing Uncertainty
2026-02-16,Persian Gulf – Bay of Bengal,LNG Carrier,56405.0,0.13,0.378,820.0,8.9,0.7,Ongoing Uncertainty
2026-02-16,Persian Gulf – Sea of Japan,VLCC,57571.0,0.141,0.331,807.0,8.2,0.8,Ongoing Uncertainty
2026-02-16,Persian Gulf – Sea of Japan,Suezmax,40524.0,0.157,0.371,818.0,7.7,0.4,Ongoing Uncertainty
2026-02-16,Persian Gulf – Sea of Japan,Aframax,29564.0,0.154,0.385,840.0,8.7,0.4,Ongoing Uncertainty
2026-02-16,Persian Gulf – Sea of Japan,LNG Carrier,75041.0,0.135,0.375,814.0,8.6,0.8,Ongoing Uncertainty
2026-02-16,Aden Gulf – Indian Ocean,VLCC,40578.0,0.139,0.346,820.0,8.6,0.6,Ongoing Uncertainty
2026-02-16,Aden Gulf – Indian Ocean,Suezmax,28327.0,0.149,0.339,814.0,7.8,0.5,Ongoing Uncertainty
2026-02-16,Aden Gulf – Indian Ocean,Aframax,20767.0,0.151,0.381,793.0,7.7,0.9,Ongoing Uncertainty
2026-02-16,Aden Gulf – Indian Ocean,LNG Carrier,54296.0,0.127,0.374,791.0,8.9,0.3,Ongoing Uncertainty
2026-02-16,Arabian Sea – South China Sea,VLCC,43842.0,0.148,0.386,805.0,8.8,0.2,Ongoing Uncertainty
2026-02-16,Arabian Sea – South China Sea,Suezmax,31036.0,0.128,0.338,829.0,8.8,0.8,Ongoing Uncertainty
2026-02-16,Arabian Sea – South China Sea,Aframax,22363.0,0.144,0.35,827.0,9.2,0.8,Ongoing Uncertainty
2026-02-16,Arabian Sea – South China Sea,LNG Carrier,57987.0,0.133,0.322,814.0,7.6,1.0,Ongoing Uncertainty
2026-02-23,Strait of Hormuz,VLCC,49198.0,0.4,0.474,824.0,1.9,3.0,Ongoing Uncertainty
2026-02-23,Strait of Hormuz,Suezmax,35919.0,0.389,0.53,759.0,2.3,3.4,Ongoing Uncertainty
2026-02-23,Strait of Hormuz,Aframax,24161.0,0.361,0.492,839.0,2.1,1.1,Ongoing Uncertainty
2026-02-23,Strait of Hormuz,LNG Carrier,63309.0,0.356,0.47,837.0,2.3,2.3,Ongoing Uncertainty
2026-02-23,Bab el-Mandeb / Red Sea,VLCC,49300.0,0.378,0.517,832.0,2.3,2.9,Ongoing Uncertainty
2026-02-23,Bab el-Mandeb / Red Sea,Suezmax,32539.0,0.348,0.512,801.0,2.1,1.7,Ongoing Uncertainty
2026-02-23,Bab el-Mandeb / Red Sea,Aframax,23222.0,0.319,0.48,825.0,2.3,3.3,Ongoing Uncertainty
2026-02-23,Bab el-Mandeb / Red Sea,LNG Carrier,58855.0,0.366,0.497,798.0,2.3,0.9,Ongoing Uncertainty
2026-02-23,Suez Canal,VLCC,57224.0,0.137,0.368,768.0,1.0,0.7,Ongoing Uncertainty
2026-02-23,Suez Canal,Suezmax,38916.0,0.149,0.356,807.0,1.1,0.8,Ongoing Uncertainty
2026-02-23,Suez Canal,Aframax,26639.0,0.131,0.352,766.0,1.2,0.5,Ongoing Uncertainty
2026-02-23,Suez Canal,LNG Carrier,72423.0,0.158,0.35,780.0,1.0,0.9,Ongoing Uncertainty
2026-02-23,Strait of Malacca,VLCC,33481.0,0.143,0.365,779.0,1.0,0.2,Ongoing Uncertainty
2026-02-23,Strait of Malacca,Suezmax,22992.0,0.149,0.386,789.0,1.1,0.9,Ongoing Uncertainty
2026-02-23,Strait of Malacca,Aframax,16567.0,0.146,0.328,853.0,1.1,0.4,Ongoing Uncertainty
2026-02-23,Strait of Malacca,LNG Carrier,45371.0,0.146,0.373,807.0,1.1,0.4,Ongoing Uncertainty
2026-02-23,Cape of Good Hope (reroute),VLCC,68985.0,0.128,0.37,810.0,13.4,0.6,Ongoing Uncertainty
2026-02-23,Cape of Good Hope (reroute),Suezmax,47071.0,0.153,0.327,815.0,15.2,0.7,Ongoing Uncertainty
2026-02-23,Cape of Good Hope (reroute),Aframax,36713.0,0.134,0.325,843.0,13.4,0.8,Ongoing Uncertainty
2026-02-23,Cape of Good Hope (reroute),LNG Carrier,93015.0,0.134,0.389,833.0,15.1,0.3,Ongoing Uncertainty
2026-02-23,Persian Gulf – East China Sea,VLCC,57773.0,0.135,0.385,771.0,8.8,0.5,Ongoing Uncertainty
2026-02-23,Persian Gulf – East China Sea,Suezmax,43290.0,0.147,0.35,825.0,8.4,0.5,Ongoing Uncertainty
2026-02-23,Persian Gulf – East China Sea,Aframax,27396.0,0.157,0.355,773.0,8.2,1.0,Ongoing Uncertainty
2026-02-23,Persian Gulf – East China Sea,LNG Carrier,71256.0,0.147,0.348,829.0,8.8,0.9,Ongoing Uncertainty
2026-02-23,Persian Gulf – Bay of Bengal,VLCC,44159.0,0.139,0.335,834.0,8.6,0.8,Ongoing Uncertainty
2026-02-23,Persian Gulf – Bay of Bengal,Suezmax,27984.0,0.135,0.376,788.0,8.8,0.9,Ongoing Uncertainty
2026-02-23,Persian Gulf – Bay of Bengal,Aframax,22209.0,0.138,0.343,771.0,9.2,0.3,Ongoing Uncertainty
2026-02-23,Persian Gulf – Bay of Bengal,LNG Carrier,52548.0,0.145,0.349,854.0,9.2,0.8,Ongoing Uncertainty
2026-02-23,Persian Gulf – Sea of Japan,VLCC,61274.0,0.14,0.369,807.0,8.2,0.5,Ongoing Uncertainty
2026-02-23,Persian Gulf – Sea of Japan,Suezmax,39220.0,0.144,0.348,851.0,8.5,0.3,Ongoing Uncertainty
2026-02-23,Persian Gulf – Sea of Japan,Aframax,31645.0,0.161,0.34,830.0,8.2,1.0,Ongoing Uncertainty
2026-02-23,Persian Gulf – Sea of Japan,LNG Carrier,76645.0,0.131,0.356,786.0,8.4,0.5,Ongoing Uncertainty
2026-02-23,Aden Gulf – Indian Ocean,VLCC,39786.0,0.137,0.355,808.0,8.2,0.7,Ongoing Uncertainty
2026-02-23,Aden Gulf – Indian Ocean,Suezmax,27455.0,0.156,0.373,773.0,9.2,0.2,Ongoing Uncertainty
2026-02-23,Aden Gulf – Indian Ocean,Aframax,19339.0,0.138,0.352,843.0,8.8,0.5,Ongoing Uncertainty
2026-02-23,Aden Gulf – Indian Ocean,LNG Carrier,48576.0,0.129,0.324,778.0,8.6,0.7,Ongoing Uncertainty
2026-02-23,Arabian Sea – South China Sea,VLCC,41778.0,0.151,0.372,850.0,8.0,1.0,Ongoing Uncertainty
2026-02-23,Arabian Sea – South China Sea,Suezmax,32621.0,0.136,0.382,775.0,8.8,0.2,Ongoing Uncertainty
2026-02-23,Arabian Sea – South China Sea,Aframax,21388.0,0.158,0.386,767.0,9.0,0.6,Ongoing Uncertainty
2026-02-23,Arabian Sea – South China Sea,LNG Carrier,61327.0,0.155,0.37,765.0,9.1,0.6,Ongoing Uncertainty
2026-03-02,Strait of Hormuz,VLCC,48575.0,0.333,0.541,758.0,2.3,2.8,Ongoing Uncertainty
2026-03-02,Strait of Hormuz,Suezmax,34715.0,0.402,0.565,840.0,2.1,0.7,Ongoing Uncertainty
2026-03-02,Strait of Hormuz,Aframax,23459.0,0.358,0.495,774.0,2.0,0.9,Ongoing Uncertainty
2026-03-02,Strait of Hormuz,LNG Carrier,61505.0,0.328,0.5,839.0,2.1,2.9,Ongoing Uncertainty
2026-03-02,Bab el-Mandeb / Red Sea,VLCC,43070.0,0.354,0.556,830.0,1.9,0.7,Ongoing Uncertainty
2026-03-02,Bab el-Mandeb / Red Sea,Suezmax,30055.0,0.321,0.475,845.0,2.0,1.8,Ongoing Uncertainty
2026-03-02,Bab el-Mandeb / Red Sea,Aframax,21610.0,0.387,0.518,770.0,2.3,1.6,Ongoing Uncertainty
2026-03-02,Bab el-Mandeb / Red Sea,LNG Carrier,57631.0,0.376,0.489,832.0,2.0,2.2,Ongoing Uncertainty
2026-03-02,Suez Canal,VLCC,51012.0,0.133,0.384,821.0,1.0,0.4,Ongoing Uncertainty
2026-03-02,Suez Canal,Suezmax,37772.0,0.131,0.364,776.0,1.0,0.2,Ongoing Uncertainty
2026-03-02,Suez Canal,Aframax,24870.0,0.151,0.387,849.0,1.2,0.9,Ongoing Uncertainty
2026-03-02,Suez Canal,LNG Carrier,68933.0,0.141,0.352,802.0,1.1,1.0,Ongoing Uncertainty
2026-03-02,Strait of Malacca,VLCC,33037.0,0.138,0.375,773.0,1.1,0.9,Ongoing Uncertainty
2026-03-02,Strait of Malacca,Suezmax,21762.0,0.142,0.346,848.0,1.0,0.8,Ongoing Uncertainty
2026-03-02,Strait of Malacca,Aframax,15857.0,0.149,0.331,795.0,1.0,0.7,Ongoing Uncertainty
2026-03-02,Strait of Malacca,LNG Carrier,44731.0,0.143,0.38,815.0,1.1,0.4,Ongoing Uncertainty
2026-03-02,Cape of Good Hope (reroute),VLCC,77001.0,0.159,0.342,758.0,15.9,0.8,Ongoing Uncertainty
2026-03-02,Cape of Good Hope (reroute),Suezmax,47585.0,0.135,0.371,831.0,14.3,1.0,Ongoing Uncertainty
2026-03-02,Cape of Good Hope (reroute),Aframax,37768.0,0.152,0.37,840.0,16.2,0.9,Ongoing Uncertainty
2026-03-02,Cape of Good Hope (reroute),LNG Carrier,97800.0,0.153,0.344,836.0,13.8,0.3,Ongoing Uncertainty
2026-03-02,Persian Gulf – East China Sea,VLCC,57529.0,0.131,0.349,781.0,7.9,0.6,Ongoing Uncertainty
2026-03-02,Persian Gulf – East China Sea,Suezmax,38635.0,0.133,0.367,762.0,8.8,0.9,Ongoing Uncertainty
2026-03-02,Persian Gulf – East China Sea,Aframax,27075.0,0.132,0.351,806.0,8.4,0.7,Ongoing Uncertainty
2026-03-02,Persian Gulf – East China Sea,LNG Carrier,69319.0,0.13,0.343,787.0,8.2,1.0,Ongoing Uncertainty
2026-03-02,Persian Gulf – Bay of Bengal,VLCC,43491.0,0.138,0.352,829.0,8.2,0.5,Ongoing Uncertainty
2026-03-02,Persian Gulf – Bay of Bengal,Suezmax,28746.0,0.142,0.332,839.0,7.7,0.6,Ongoing Uncertainty
2026-03-02,Persian Gulf – Bay of Bengal,Aframax,19899.0,0.134,0.337,771.0,8.8,1.0,Ongoing Uncertainty
2026-03-02,Persian Gulf – Bay of Bengal,LNG Carrier,51460.0,0.144,0.369,854.0,8.4,1.0,Ongoing Uncertainty
2026-03-02,Persian Gulf – Sea of Japan,VLCC,60069.0,0.145,0.327,799.0,8.8,0.7,Ongoing Uncertainty
2026-03-02,Persian Gulf – Sea of Japan,Suezmax,40694.0,0.144,0.355,837.0,7.8,0.6,Ongoing Uncertainty
2026-03-02,Persian Gulf – Sea of Japan,Aframax,31938.0,0.155,0.379,778.0,9.2,0.4,Ongoing Uncertainty
2026-03-02,Persian Gulf – Sea of Japan,LNG Carrier,79124.0,0.127,0.368,794.0,7.6,0.9,Ongoing Uncertainty
2026-03-02,Aden Gulf – Indian Ocean,VLCC,40719.0,0.153,0.359,763.0,8.9,0.2,Ongoing Uncertainty
2026-03-02,Aden Gulf – Indian Ocean,Suezmax,27333.0,0.145,0.358,780.0,8.0,0.4,Ongoing Uncertainty
2026-03-02,Aden Gulf – Indian Ocean,Aframax,19194.0,0.134,0.329,824.0,8.6,0.4,Ongoing Uncertainty
2026-03-02,Aden Gulf – Indian Ocean,LNG Carrier,49317.0,0.154,0.352,810.0,8.7,0.2,Ongoing Uncertainty
2026-03-02,Arabian Sea – South China Sea,VLCC,43440.0,0.161,0.337,844.0,8.6,0.2,Ongoing Uncertainty
2026-03-02,Arabian Sea – South China Sea,Suezmax,29358.0,0.134,0.324,773.0,7.8,0.8,Ongoing Uncertainty
2026-03-02,Arabian Sea – South China Sea,Aframax,21103.0,0.131,0.388,844.0,8.7,0.7,Ongoing Uncertainty
2026-03-02,Arabian Sea – South China Sea,LNG Carrier,61239.0,0.134,0.338,840.0,7.8,0.3,Ongoing Uncertainty
2026-03-09,Strait of Hormuz,VLCC,49215.0,0.387,0.52,789.0,2.1,2.6,Ongoing Uncertainty
2026-03-09,Strait of Hormuz,Suezmax,33778.0,0.318,0.558,833.0,2.0,1.2,Ongoing Uncertainty
2026-03-09,Strait of Hormuz,Aframax,24291.0,0.348,0.551,788.0,2.1,1.3,Ongoing Uncertainty
2026-03-09,Strait of Hormuz,LNG Carrier,63770.0,0.337,0.53,795.0,2.0,1.6,Ongoing Uncertainty
2026-03-09,Bab el-Mandeb / Red Sea,VLCC,48715.0,0.378,0.479,817.0,2.0,1.1,Ongoing Uncertainty
2026-03-09,Bab el-Mandeb / Red Sea,Suezmax,34079.0,0.393,0.544,837.0,1.9,3.9,Ongoing Uncertainty
2026-03-09,Bab el-Mandeb / Red Sea,Aframax,21692.0,0.337,0.544,806.0,2.3,3.6,Ongoing Uncertainty
2026-03-09,Bab el-Mandeb / Red Sea,LNG Carrier,61696.0,0.317,0.571,787.0,2.0,1.9,Ongoing Uncertainty
2026-03-09,Suez Canal,VLCC,51088.0,0.127,0.352,813.0,1.1,1.0,Ongoing Uncertainty
2026-03-09,Suez Canal,Suezmax,35408.0,0.159,0.34,768.0,1.0,0.2,Ongoing Uncertainty
2026-03-09,Suez Canal,Aframax,27510.0,0.159,0.363,812.0,1.1,0.8,Ongoing Uncertainty
2026-03-09,Suez Canal,LNG Carrier,73249.0,0.131,0.385,775.0,1.0,0.2,Ongoing Uncertainty
2026-03-09,Strait of Malacca,VLCC,33777.0,0.148,0.37,792.0,1.0,1.0,Ongoing Uncertainty
2026-03-09,Strait of Malacca,Suezmax,25003.0,0.14,0.35,780.0,1.0,0.6,Ongoing Uncertainty
2026-03-09,Strait of Malacca,Aframax,17251.0,0.14,0.356,843.0,1.0,1.0,Ongoing Uncertainty
2026-03-09,Strait of Malacca,LNG Carrier,42405.0,0.156,0.331,853.0,1.0,0.3,Ongoing Uncertainty
2026-03-09,Cape of Good Hope (reroute),VLCC,76740.0,0.131,0.329,804.0,14.3,1.0,Ongoing Uncertainty
2026-03-09,Cape of Good Hope (reroute),Suezmax,49073.0,0.128,0.355,805.0,14.0,0.7,Ongoing Uncertainty
2026-03-09,Cape of Good Hope (reroute),Aframax,35603.0,0.142,0.351,794.0,15.3,0.5,Ongoing Uncertainty
2026-03-09,Cape of Good Hope (reroute),LNG Carrier,99357.0,0.16,0.381,774.0,14.6,0.5,Ongoing Uncertainty
2026-03-09,Persian Gulf – East China Sea,VLCC,61554.0,0.13,0.387,842.0,8.6,1.0,Ongoing Uncertainty
2026-03-09,Persian Gulf – East China Sea,Suezmax,40577.0,0.151,0.356,803.0,8.3,1.0,Ongoing Uncertainty
2026-03-09,Persian Gulf – East China Sea,Aframax,28622.0,0.135,0.325,849.0,8.9,0.9,Ongoing Uncertainty
2026-03-09,Persian Gulf – East China Sea,LNG Carrier,72351.0,0.152,0.34,822.0,8.6,0.3,Ongoing Uncertainty
2026-03-09,Persian Gulf – Bay of Bengal,VLCC,45253.0,0.14,0.358,778.0,9.1,0.9,Ongoing Uncertainty
2026-03-09,Persian Gulf – Bay of Bengal,Suezmax,30758.0,0.157,0.37,771.0,7.7,0.9,Ongoing Uncertainty
2026-03-09,Persian Gulf – Bay of Bengal,Aframax,21747.0,0.152,0.342,841.0,8.2,0.6,Ongoing Uncertainty
2026-03-09,Persian Gulf – Bay of Bengal,LNG Carrier,51007.0,0.156,0.373,783.0,8.0,0.7,Ongoing Uncertainty
2026-03-09,Persian Gulf – Sea of Japan,VLCC,60907.0,0.151,0.359,787.0,7.7,0.8,Ongoing Uncertainty
2026-03-09,Persian Gulf – Sea of Japan,Suezmax,40498.0,0.14,0.385,809.0,9.0,0.8,Ongoing Uncertainty
2026-03-09,Persian Gulf – Sea of Japan,Aframax,32108.0,0.128,0.386,793.0,8.2,0.8,Ongoing Uncertainty
2026-03-09,Persian Gulf – Sea of Japan,LNG Carrier,78569.0,0.132,0.346,768.0,7.7,0.2,Ongoing Uncertainty
2026-03-09,Aden Gulf – Indian Ocean,VLCC,39268.0,0.127,0.351,814.0,8.0,0.2,Ongoing Uncertainty
2026-03-09,Aden Gulf – Indian Ocean,Suezmax,26329.0,0.133,0.341,833.0,9.1,0.5,Ongoing Uncertainty
2026-03-09,Aden Gulf – Indian Ocean,Aframax,18375.0,0.161,0.35,780.0,9.2,0.5,Ongoing Uncertainty
2026-03-09,Aden Gulf – Indian Ocean,LNG Carrier,49970.0,0.14,0.386,765.0,9.2,1.0,Ongoing Uncertainty
2026-03-09,Arabian Sea – South China Sea,VLCC,42592.0,0.143,0.38,772.0,8.6,1.0,Ongoing Uncertainty
2026-03-09,Arabian Sea – South China Sea,Suezmax,32421.0,0.152,0.344,762.0,8.7,0.2,Ongoing Uncertainty
2026-03-09,Arabian Sea – South China Sea,Aframax,21120.0,0.134,0.339,764.0,7.7,0.2,Ongoing Uncertainty
2026-03-09,Arabian Sea – South China Sea,LNG Carrier,60308.0,0.145,0.38,791.0,8.6,0.5,Ongoing Uncertainty
2026-03-16,Strait of Hormuz,VLCC,46204.0,0.391,0.495,777.0,2.0,1.6,Ongoing Uncertainty
2026-03-16,Strait of Hormuz,Suezmax,32459.0,0.4,0.493,759.0,2.3,3.1,Ongoing Uncertainty
2026-03-16,Strait of Hormuz,Aframax,24026.0,0.392,0.5,778.0,2.0,1.8,Ongoing Uncertainty
2026-03-16,Strait of Hormuz,LNG Carrier,61232.0,0.377,0.504,851.0,2.3,4.0,Ongoing Uncertainty
2026-03-16,Bab el-Mandeb / Red Sea,VLCC,48754.0,0.382,0.481,783.0,2.1,2.7,Ongoing Uncertainty
2026-03-16,Bab el-Mandeb / Red Sea,Suezmax,33842.0,0.38,0.491,789.0,2.3,2.5,Ongoing Uncertainty
2026-03-16,Bab el-Mandeb / Red Sea,Aframax,23618.0,0.343,0.528,801.0,1.9,2.4,Ongoing Uncertainty
2026-03-16,Bab el-Mandeb / Red Sea,LNG Carrier,61907.0,0.388,0.557,800.0,1.9,3.6,Ongoing Uncertainty
2026-03-16,Suez Canal,VLCC,54261.0,0.131,0.36,762.0,1.1,0.4,Ongoing Uncertainty
2026-03-16,Suez Canal,Suezmax,34679.0,0.137,0.321,854.0,1.1,0.8,Ongoing Uncertainty
2026-03-16,Suez Canal,Aframax,28416.0,0.131,0.347,847.0,1.0,0.6,Ongoing Uncertainty
2026-03-16,Suez Canal,LNG Carrier,73438.0,0.142,0.348,805.0,1.1,0.8,Ongoing Uncertainty
2026-03-16,Strait of Malacca,VLCC,35066.0,0.136,0.38,816.0,1.2,0.2,Ongoing Uncertainty
2026-03-16,Strait of Malacca,Suezmax,23092.0,0.138,0.34,822.0,1.1,0.4,Ongoing Uncertainty
2026-03-16,Strait of Malacca,Aframax,17419.0,0.15,0.351,799.0,1.1,0.2,Ongoing Uncertainty
2026-03-16,Strait of Malacca,LNG Carrier,41607.0,0.145,0.373,813.0,1.1,1.0,Ongoing Uncertainty
2026-03-16,Cape of Good Hope (reroute),VLCC,74243.0,0.155,0.338,843.0,14.7,1.0,Ongoing Uncertainty
2026-03-16,Cape of Good Hope (reroute),Suezmax,50293.0,0.147,0.385,824.0,16.0,0.6,Ongoing Uncertainty
2026-03-16,Cape of Good Hope (reroute),Aframax,36466.0,0.136,0.353,844.0,15.8,0.8,Ongoing Uncertainty
2026-03-16,Cape of Good Hope (reroute),LNG Carrier,98757.0,0.148,0.384,792.0,14.2,1.0,Ongoing Uncertainty
2026-03-16,Persian Gulf – East China Sea,VLCC,55065.0,0.137,0.381,806.0,8.5,0.9,Ongoing Uncertainty
2026-03-16,Persian Gulf – East China Sea,Suezmax,43085.0,0.158,0.322,804.0,7.9,0.8,Ongoing Uncertainty
2026-03-16,Persian Gulf – East China Sea,Aframax,28115.0,0.155,0.343,765.0,8.3,0.9,Ongoing Uncertainty
2026-03-16,Persian Gulf – East China Sea,LNG Carrier,71781.0,0.137,0.387,791.0,8.9,0.5,Ongoing Uncertainty
2026-03-16,Persian Gulf – Bay of Bengal,VLCC,41645.0,0.13,0.352,814.0,8.8,1.0,Ongoing Uncertainty
2026-03-16,Persian Gulf – Bay of Bengal,Suezmax,27368.0,0.133,0.373,799.0,8.3,0.3,Ongoing Uncertainty
2026-03-16,Persian Gulf – Bay of Bengal,Aframax,21680.0,0.161,0.366,795.0,9.0,0.8,Ongoing Uncertainty
2026-03-16,Persian Gulf – Bay of Bengal,LNG Carrier,50266.0,0.138,0.321,808.0,8.6,0.6,Ongoing Uncertainty
2026-03-16,Persian Gulf – Sea of Japan,VLCC,62238.0,0.127,0.342,763.0,7.7,0.2,Ongoing Uncertainty
2026-03-16,Persian Gulf – Sea of Japan,Suezmax,39625.0,0.158,0.36,816.0,8.7,0.9,Ongoing Uncertainty
2026-03-16,Persian Gulf – Sea of Japan,Aframax,31757.0,0.156,0.323,822.0,8.7,0.4,Ongoing Uncertainty
2026-03-16,Persian Gulf – Sea of Japan,LNG Carrier,81122.0,0.149,0.346,846.0,8.9,0.5,Ongoing Uncertainty
2026-03-16,Aden Gulf – Indian Ocean,VLCC,38592.0,0.146,0.365,813.0,9.3,0.4,Ongoing Uncertainty
2026-03-16,Aden Gulf – Indian Ocean,Suezmax,28478.0,0.147,0.343,789.0,7.7,0.8,Ongoing Uncertainty
2026-03-16,Aden Gulf – Indian Ocean,Aframax,20766.0,0.146,0.366,843.0,9.1,0.8,Ongoing Uncertainty
2026-03-16,Aden Gulf – Indian Ocean,LNG Carrier,48046.0,0.155,0.321,763.0,8.2,0.3,Ongoing Uncertainty
2026-03-16,Arabian Sea – South China Sea,VLCC,45818.0,0.161,0.382,813.0,8.2,0.7,Ongoing Uncertainty
2026-03-16,Arabian Sea – South China Sea,Suezmax,31278.0,0.128,0.383,786.0,8.2,0.7,Ongoing Uncertainty
2026-03-16,Arabian Sea – South China Sea,Aframax,22622.0,0.143,0.371,828.0,8.1,0.4,Ongoing Uncertainty
2026-03-16,Arabian Sea – South China Sea,LNG Carrier,61569.0,0.156,0.349,853.0,9.1,0.8,Ongoing Uncertainty
2026-03-23,Strait of Hormuz,VLCC,49922.0,0.358,0.557,825.0,2.2,3.7,Ongoing Uncertainty
2026-03-23,Strait of Hormuz,Suezmax,37155.0,0.349,0.54,770.0,2.2,0.8,Ongoing Uncertainty
2026-03-23,Strait of Hormuz,Aframax,23301.0,0.346,0.558,770.0,2.3,0.8,Ongoing Uncertainty
2026-03-23,Strait of Hormuz,LNG Carrier,62729.0,0.355,0.552,801.0,2.0,1.2,Ongoing Uncertainty
2026-03-23,Bab el-Mandeb / Red Sea,VLCC,44072.0,0.35,0.485,854.0,2.2,4.1,Ongoing Uncertainty
2026-03-23,Bab el-Mandeb / Red Sea,Suezmax,31082.0,0.38,0.53,838.0,2.1,0.7,Ongoing Uncertainty
2026-03-23,Bab el-Mandeb / Red Sea,Aframax,22956.0,0.362,0.494,804.0,1.9,3.0,Ongoing Uncertainty
2026-03-23,Bab el-Mandeb / Red Sea,LNG Carrier,64298.0,0.355,0.468,849.0,2.2,3.8,Ongoing Uncertainty
2026-03-23,Suez Canal,VLCC,55551.0,0.151,0.33,772.0,1.1,0.7,Ongoing Uncertainty
2026-03-23,Suez Canal,Suezmax,35629.0,0.133,0.332,797.0,1.0,0.9,Ongoing Uncertainty
2026-03-23,Suez Canal,Aframax,27442.0,0.161,0.376,840.0,1.0,0.2,Ongoing Uncertainty
2026-03-23,Suez Canal,LNG Carrier,64813.0,0.128,0.373,782.0,1.2,0.2,Ongoing Uncertainty
2026-03-23,Strait of Malacca,VLCC,32449.0,0.16,0.341,808.0,1.0,0.9,Ongoing Uncertainty
2026-03-23,Strait of Malacca,Suezmax,22531.0,0.159,0.377,758.0,1.1,0.5,Ongoing Uncertainty
2026-03-23,Strait of Malacca,Aframax,17074.0,0.132,0.362,849.0,1.0,0.8,Ongoing Uncertainty
2026-03-23,Strait of Malacca,LNG Carrier,40827.0,0.129,0.331,803.0,1.1,0.7,Ongoing Uncertainty
2026-03-23,Cape of Good Hope (reroute),VLCC,69837.0,0.128,0.36,774.0,16.3,0.2,Ongoing Uncertainty
2026-03-23,Cape of Good Hope (reroute),Suezmax,50164.0,0.151,0.329,829.0,15.7,0.8,Ongoing Uncertainty
2026-03-23,Cape of Good Hope (reroute),Aframax,37056.0,0.127,0.372,805.0,14.4,0.3,Ongoing Uncertainty
2026-03-23,Cape of Good Hope (reroute),LNG Carrier,99755.0,0.148,0.372,804.0,16.2,0.8,Ongoing Uncertainty
2026-03-23,Persian Gulf – East China Sea,VLCC,52943.0,0.161,0.337,778.0,9.0,0.2,Ongoing Uncertainty
2026-03-23,Persian Gulf – East China Sea,Suezmax,39802.0,0.138,0.376,785.0,8.8,0.8,Ongoing Uncertainty
2026-03-23,Persian Gulf – East China Sea,Aframax,30998.0,0.133,0.322,783.0,9.2,0.2,Ongoing Uncertainty
2026-03-23,Persian Gulf – East China Sea,LNG Carrier,69954.0,0.136,0.323,777.0,7.9,0.5,Ongoing Uncertainty
2026-03-23,Persian Gulf – Bay of Bengal,VLCC,38937.0,0.155,0.341,821.0,8.5,0.8,Ongoing Uncertainty
2026-03-23,Persian Gulf – Bay of Bengal,Suezmax,31331.0,0.13,0.381,780.0,8.2,0.4,Ongoing Uncertainty
2026-03-23,Persian Gulf – Bay of Bengal,Aframax,21259.0,0.136,0.355,768.0,7.9,0.7,Ongoing Uncertainty
2026-03-23,Persian Gulf – Bay of Bengal,LNG Carrier,52214.0,0.143,0.348,823.0,8.1,0.8,Ongoing Uncertainty
2026-03-23,Persian Gulf – Sea of Japan,VLCC,62176.0,0.138,0.329,782.0,9.1,0.7,Ongoing Uncertainty
2026-03-23,Persian Gulf – Sea of Japan,Suezmax,43071.0,0.138,0.339,843.0,8.1,0.2,Ongoing Uncertainty
2026-03-23,Persian Gulf – Sea of Japan,Aframax,29438.0,0.158,0.39,818.0,9.0,0.4,Ongoing Uncertainty
2026-03-23,Persian Gulf – Sea of Japan,LNG Carrier,79272.0,0.161,0.324,784.0,8.2,0.9,Ongoing Uncertainty
2026-03-23,Aden Gulf – Indian Ocean,VLCC,38625.0,0.148,0.324,849.0,9.0,0.8,Ongoing Uncertainty
2026-03-23,Aden Gulf – Indian Ocean,Suezmax,27933.0,0.156,0.35,772.0,7.7,0.2,Ongoing Uncertainty
2026-03-23,Aden Gulf – Indian Ocean,Aframax,19496.0,0.135,0.369,759.0,8.8,0.5,Ongoing Uncertainty
2026-03-23,Aden Gulf – Indian Ocean,LNG Carrier,47900.0,0.145,0.357,762.0,8.2,0.9,Ongoing Uncertainty
2026-03-23,Arabian Sea – South China Sea,VLCC,44594.0,0.131,0.37,819.0,8.2,0.5,Ongoing Uncertainty
2026-03-23,Arabian Sea – South China Sea,Suezmax,30798.0,0.137,0.333,839.0,7.7,0.3,Ongoing Uncertainty
2026-03-23,Arabian Sea – South China Sea,Aframax,23816.0,0.135,0.383,843.0,8.2,1.0,Ongoing Uncertainty
2026-03-23,Arabian Sea – South China Sea,LNG Carrier,55318.0,0.133,0.323,790.0,8.2,0.5,Ongoing Uncertainty
