Event_ID,Date,Route,Incident_Type,Severity,Vessel_Type_Affected,Flag_State,Estimated_Delay_Hours,Cargo_Volume_Impacted_KT,Lat,Lon,Reroute_Required,Conflict_Phase
EVT-00001,2024-10-05,Strait of Hormuz,Port Closure (Military),Moderate,Suezmax,Singapore,11.9,44.0,26.6907,56.2587,False,Initial Escalation
EVT-00002,2024-10-05,Suez Canal,Maritime Corridor Suspension,Moderate,Bulk Carrier,China,19.4,56.0,31.2592,31.9837,False,Initial Escalation
EVT-00003,2024-10-06,Strait of Hormuz,Houthi Anti-Ship Missile,Minor,Suezmax,Greece,0.4,154.0,26.7593,55.3378,True,Initial Escalation
EVT-00004,2024-10-06,Persian Gulf – Bay of Bengal,IRGC Fast-Boat Harassment,Moderate,LNG Carrier,Bahamas,24.7,99.0,18.719,103.0955,False,Initial Escalation
EVT-00005,2024-10-07,Aden Gulf – Indian Ocean,Coalition Naval Escort Delay,Critical,Product Tanker,Japan,269.6,515.0,9.8326,60.9242,True,Initial Escalation
EVT-00006,2024-10-08,Suez Canal,Drone Strike Near Vessel,Severe,LPG Carrier,Hong Kong,19.1,262.0,30.4453,32.8425,True,Initial Escalation
EVT-00007,2024-10-09,Bab el-Mandeb / Red Sea,Oil Spill from Damaged Tanker,Severe,LPG Carrier,Panama,0.3,434.0,12.4199,42.6067,True,Initial Escalation
EVT-00008,2024-10-09,Persian Gulf – East China Sea,Insurance No-Go Zone Declaration,Moderate,Product Tanker,Liberia,3.8,415.0,30.4795,39.6054,False,Initial Escalation
EVT-00009,2024-10-10,Suez Canal,Drone Strike Near Vessel,Moderate,Product Tanker,Japan,7.3,47.0,30.8843,31.4345,False,Initial Escalation
EVT-00010,2024-10-11,Persian Gulf – Bay of Bengal,Piracy / Armed Boarding,Severe,LPG Carrier,Bahamas,127.2,1319.0,19.6635,46.0073,True,Initial Escalation
EVT-00011,2024-10-12,Suez Canal,Port Closure (Military),Critical,VLCC,China,502.0,465.0,30.472,32.4016,True,Initial Escalation
EVT-00012,2024-10-12,Strait of Hormuz,Missile Attack on Tanker,Minor,Suezmax,China,5.8,6.0,25.5677,56.079,False,Initial Escalation
EVT-00013,2024-10-12,Strait of Hormuz,Unexploded Ordnance Discovery,Severe,Suezmax,Greece,125.6,1674.0,25.6634,55.6646,True,Initial Escalation
EVT-00014,2024-10-12,Strait of Malacca,Port Closure (Military),Severe,LPG Carrier,Japan,34.7,2289.0,2.0332,101.9196,True,Initial Escalation
EVT-00015,2024-10-12,Bab el-Mandeb / Red Sea,Port Closure (Military),Critical,Bulk Carrier,Bahamas,137.8,475.0,12.4093,42.403,True,Initial Escalation
EVT-00016,2024-10-13,Bab el-Mandeb / Red Sea,Houthi Anti-Ship Missile,Minor,VLCC,Panama,1.4,109.0,13.7802,42.4055,True,Initial Escalation
EVT-00017,2024-10-14,Persian Gulf – Bay of Bengal,Coalition Naval Escort Delay,Critical,Bulk Carrier,Malta,174.6,800.0,4.8896,39.3763,True,Initial Escalation
EVT-00018,2024-10-14,Persian Gulf – Sea of Japan,Insurance No-Go Zone Declaration,Minor,Bulk Carrier,Japan,2.4,108.0,7.9087,105.8541,False,Initial Escalation
EVT-00019,2024-10-16,Bab el-Mandeb / Red Sea,Cyber-Attack on Port Systems,Moderate,VLCC,Hong Kong,56.1,934.0,12.5138,44.1725,False,Initial Escalation
EVT-00020,2024-10-18,Persian Gulf – Sea of Japan,Oil Spill from Damaged Tanker,Minor,LPG Carrier,Greece,5.2,92.0,19.0035,101.2943,False,Initial Escalation
EVT-00021,2024-10-18,Strait of Hormuz,Oil Spill from Damaged Tanker,Moderate,Bulk Carrier,Liberia,45.8,66.0,26.4226,56.1805,False,Initial Escalation
EVT-00022,2024-10-19,Persian Gulf – Bay of Bengal,Military Blockade Enforcement,Moderate,Product Tanker,Marshall Islands,5.0,169.0,20.743,90.2875,False,Initial Escalation
EVT-00023,2024-10-20,Strait of Hormuz,Maritime Corridor Suspension,Minor,Suezmax,China,1.4,4.0,25.9065,56.8005,False,Initial Escalation
EVT-00024,2024-10-21,Strait of Hormuz,Coalition Naval Escort Delay,Moderate,LPG Carrier,Malta,57.5,1178.0,27.2322,57.1555,True,Initial Escalation
EVT-00025,2024-10-21,Bab el-Mandeb / Red Sea,Coalition Naval Escort Delay,Moderate,Bulk Carrier,Marshall Islands,73.6,402.0,12.5668,43.0228,False,Initial Escalation
EVT-00026,2024-10-23,Bab el-Mandeb / Red Sea,Maritime Corridor Suspension,Minor,LPG Carrier,Liberia,1.2,59.0,12.7084,43.2604,False,Initial Escalation
EVT-00027,2024-10-26,Strait of Hormuz,Coalition Naval Escort Delay,Minor,LPG Carrier,Japan,2.0,4.0,27.1483,56.2545,False,Initial Escalation
EVT-00028,2024-10-26,Persian Gulf – East China Sea,Military Blockade Enforcement,Moderate,Product Tanker,Panama,11.7,22.0,10.7958,106.9909,False,Initial Escalation
EVT-00029,2024-10-26,Bab el-Mandeb / Red Sea,Unexploded Ordnance Discovery,Minor,Container Ship,Malta,4.9,9.0,13.109,44.1496,False,Initial Escalation
EVT-00030,2024-10-26,Persian Gulf – Sea of Japan,Insurance No-Go Zone Declaration,Minor,Container Ship,Hong Kong,21.0,43.0,23.0032,54.3301,False,Initial Escalation
EVT-00031,2024-10-27,Persian Gulf – Sea of Japan,Insurance No-Go Zone Declaration,Moderate,Aframax,Marshall Islands,4.0,168.0,32.8228,68.7854,False,Initial Escalation
EVT-00032,2024-10-28,Strait of Hormuz,Insurance No-Go Zone Declaration,Moderate,LNG Carrier,Liberia,57.4,234.0,27.2052,56.9799,False,Initial Escalation
EVT-00033,2024-10-28,Strait of Hormuz,Naval Mine Detonation,Moderate,VLCC,Japan,16.4,112.0,27.2635,55.5535,False,Initial Escalation
EVT-00034,2024-10-29,Strait of Hormuz,Cyber-Attack on Port Systems,Severe,LNG Carrier,Greece,22.9,1465.0,25.5594,56.0212,True,Initial Escalation
EVT-00035,2024-10-31,Strait of Malacca,Naval Mine Detonation,Severe,LNG Carrier,Japan,7.1,866.0,3.4245,101.8944,True,Initial Escalation
EVT-00036,2024-11-01,Persian Gulf – Bay of Bengal,Cyber-Attack on Port Systems,Minor,Aframax,Bahamas,1.0,43.0,19.4983,88.3269,False,Initial Escalation
EVT-00037,2024-11-01,Bab el-Mandeb / Red Sea,Piracy / Armed Boarding,Severe,LPG Carrier,Marshall Islands,17.9,605.0,12.7584,44.0713,True,Initial Escalation
EVT-00038,2024-11-02,Bab el-Mandeb / Red Sea,Insurance No-Go Zone Declaration,Minor,Product Tanker,Hong Kong,8.0,13.0,12.7677,42.4533,False,Initial Escalation
EVT-00039,2024-11-03,Bab el-Mandeb / Red Sea,Drone Strike Near Vessel,Moderate,LPG Carrier,Liberia,0.6,274.0,12.7256,43.1509,False,Initial Escalation
EVT-00040,2024-11-03,Strait of Hormuz,GPS Spoofing / Jamming Incident,Critical,Bulk Carrier,Malta,12.6,452.0,26.7154,56.9621,True,Initial Escalation
EVT-00041,2024-11-05,Bab el-Mandeb / Red Sea,Unexploded Ordnance Discovery,Severe,Aframax,Panama,5.0,129.0,12.9064,42.6645,True,Initial Escalation
EVT-00042,2024-11-05,Bab el-Mandeb / Red Sea,Port Closure (Military),Minor,LNG Carrier,Liberia,10.8,21.0,12.1139,44.0698,False,Initial Escalation
EVT-00043,2024-11-06,Bab el-Mandeb / Red Sea,Oil Spill from Damaged Tanker,Severe,LNG Carrier,China,32.2,1273.0,12.5357,42.535,True,Initial Escalation
EVT-00044,2024-11-06,Bab el-Mandeb / Red Sea,Port Closure (Military),Minor,Aframax,Liberia,11.3,187.0,11.8327,43.6215,False,Initial Escalation
EVT-00045,2024-11-06,Strait of Hormuz,Drone Strike Near Vessel,Moderate,VLCC,Malta,17.3,243.0,27.2381,55.5183,False,Initial Escalation
EVT-00046,2024-11-06,Strait of Hormuz,Port Closure (Military),Moderate,Container Ship,Hong Kong,50.2,92.0,26.8741,56.7563,False,Initial Escalation
EVT-00047,2024-11-07,Strait of Hormuz,Naval Mine Detonation,Critical,LPG Carrier,Hong Kong,436.4,370.0,26.1985,56.0092,True,Initial Escalation
EVT-00048,2024-11-07,Strait of Hormuz,GPS Spoofing / Jamming Incident,Moderate,LPG Carrier,Bahamas,17.0,35.0,26.7061,55.3221,False,Initial Escalation
EVT-00049,2024-11-07,Strait of Hormuz,Houthi Anti-Ship Missile,Minor,Suezmax,Liberia,3.4,15.0,25.5008,56.9185,False,Initial Escalation
EVT-00050,2024-11-07,Suez Canal,IRGC Fast-Boat Harassment,Critical,Container Ship,Greece,826.0,116.0,30.5629,32.8889,True,Initial Escalation
EVT-00051,2024-11-07,Suez Canal,Maritime Corridor Suspension,Severe,VLCC,Bahamas,84.3,583.0,31.4727,31.9601,True,Initial Escalation
EVT-00052,2024-11-08,Bab el-Mandeb / Red Sea,Insurance No-Go Zone Declaration,Minor,Product Tanker,Liberia,7.7,12.0,13.606,43.494,False,Initial Escalation
EVT-00053,2024-11-11,Persian Gulf – Bay of Bengal,GPS Spoofing / Jamming Incident,Severe,LPG Carrier,Bahamas,56.5,434.0,21.7298,47.7022,True,Initial Escalation
EVT-00054,2024-11-11,Bab el-Mandeb / Red Sea,Missile Attack on Tanker,Severe,Product Tanker,Panama,45.5,1098.0,12.6932,44.1387,True,Initial Escalation
EVT-00055,2024-11-11,Bab el-Mandeb / Red Sea,Oil Spill from Damaged Tanker,Moderate,Suezmax,Hong Kong,55.4,24.0,13.2553,43.6975,False,Initial Escalation
EVT-00056,2024-11-12,Bab el-Mandeb / Red Sea,Port Closure (Military),Critical,Container Ship,Singapore,37.2,315.0,13.1397,43.9669,True,Initial Escalation
EVT-00057,2024-11-14,Suez Canal,Drone Strike Near Vessel,Severe,Aframax,China,2.8,650.0,31.3561,32.372,True,Initial Escalation
EVT-00058,2024-11-15,Strait of Hormuz,Port Closure (Military),Minor,Container Ship,China,3.0,56.0,27.3853,56.8267,False,Initial Escalation
EVT-00059,2024-11-16,Suez Canal,Maritime Corridor Suspension,Minor,Aframax,Malta,5.9,21.0,29.7654,32.6248,False,Initial Escalation
EVT-00060,2024-11-16,Bab el-Mandeb / Red Sea,Cyber-Attack on Port Systems,Severe,LNG Carrier,Marshall Islands,0.9,204.0,12.8355,43.4621,True,Initial Escalation
EVT-00061,2024-11-17,Strait of Hormuz,Oil Spill from Damaged Tanker,Minor,Product Tanker,Hong Kong,1.2,106.0,27.3703,57.2596,False,Initial Escalation
EVT-00062,2024-11-18,Strait of Hormuz,Port Closure (Military),Minor,Bulk Carrier,Bahamas,3.6,78.0,26.0843,56.2202,False,Initial Escalation
EVT-00063,2024-11-18,Bab el-Mandeb / Red Sea,Maritime Corridor Suspension,Critical,Suezmax,Marshall Islands,105.3,159.0,13.6246,42.3033,True,Initial Escalation
EVT-00064,2024-11-18,Suez Canal,Unexploded Ordnance Discovery,Severe,LPG Carrier,Malta,52.6,1483.0,30.2732,32.6942,True,Initial Escalation
EVT-00065,2024-11-21,Suez Canal,IRGC Fast-Boat Harassment,Severe,VLCC,Panama,218.7,795.0,31.4779,33.1726,True,Initial Escalation
EVT-00066,2024-11-21,Suez Canal,Missile Attack on Tanker,Minor,LNG Carrier,Japan,2.2,45.0,30.0675,32.2832,False,Initial Escalation
EVT-00067,2024-11-21,Persian Gulf – Sea of Japan,Piracy / Armed Boarding,Critical,Container Ship,Singapore,21.6,166.0,7.3015,90.023,True,Initial Escalation
EVT-00068,2024-11-21,Suez Canal,Unexploded Ordnance Discovery,Minor,LNG Carrier,Malta,1.6,6.0,30.1768,33.0083,False,Initial Escalation
EVT-00069,2024-11-22,Suez Canal,Insurance No-Go Zone Declaration,Moderate,LPG Carrier,Singapore,15.1,308.0,29.5596,32.57,True,Initial Escalation
EVT-00070,2024-11-22,Bab el-Mandeb / Red Sea,Missile Attack on Tanker,Moderate,Container Ship,Japan,7.6,37.0,12.5214,42.3819,False,Initial Escalation
EVT-00071,2024-11-23,Cape of Good Hope (reroute),Drone Strike Near Vessel,Moderate,LPG Carrier,Malta,43.9,71.0,-34.8761,18.5155,False,Initial Escalation
EVT-00072,2024-11-23,Bab el-Mandeb / Red Sea,Drone Strike Near Vessel,Severe,VLCC,Japan,48.4,1357.0,13.2904,42.8241,True,Initial Escalation
EVT-00073,2024-11-23,Strait of Hormuz,Maritime Corridor Suspension,Severe,LPG Carrier,China,158.2,50.0,26.6429,56.0681,True,Initial Escalation
EVT-00074,2024-11-23,Strait of Hormuz,Port Closure (Military),Moderate,Aframax,Japan,10.6,126.0,26.792,56.1148,True,Initial Escalation
EVT-00075,2024-11-23,Strait of Hormuz,Port Closure (Military),Moderate,LPG Carrier,Hong Kong,39.0,36.0,27.4812,56.9609,True,Initial Escalation
EVT-00076,2024-11-23,Suez Canal,Naval Mine Detonation,Severe,LPG Carrier,Hong Kong,9.8,469.0,30.1196,32.0675,True,Initial Escalation
EVT-00077,2024-11-23,Bab el-Mandeb / Red Sea,Piracy / Armed Boarding,Moderate,LNG Carrier,Panama,4.0,355.0,12.5293,43.3341,False,Initial Escalation
EVT-00078,2024-11-24,Suez Canal,IRGC Fast-Boat Harassment,Critical,Aframax,Japan,73.1,134.0,31.1613,31.4583,True,Initial Escalation
EVT-00079,2024-11-24,Strait of Hormuz,Naval Mine Detonation,Moderate,Aframax,Panama,18.3,84.0,26.2645,56.4641,False,Initial Escalation
EVT-00080,2024-11-25,Bab el-Mandeb / Red Sea,Cyber-Attack on Port Systems,Severe,VLCC,Malta,57.9,151.0,13.1696,43.8695,True,Initial Escalation
EVT-00081,2024-11-25,Strait of Hormuz,Port Closure (Military),Moderate,Aframax,China,5.5,48.0,26.7861,57.2612,False,Initial Escalation
EVT-00082,2024-11-26,Strait of Hormuz,Insurance No-Go Zone Declaration,Critical,Suezmax,Liberia,248.3,214.0,26.8583,56.2581,True,Initial Escalation
EVT-00083,2024-11-27,Bab el-Mandeb / Red Sea,Cyber-Attack on Port Systems,Moderate,Suezmax,Malta,29.8,478.0,13.1324,43.8746,False,Initial Escalation
EVT-00084,2024-11-28,Bab el-Mandeb / Red Sea,Military Blockade Enforcement,Moderate,Container Ship,Greece,10.7,115.0,13.083,43.4696,False,Initial Escalation
EVT-00085,2024-11-28,Bab el-Mandeb / Red Sea,Drone Strike Near Vessel,Minor,Bulk Carrier,Hong Kong,5.7,43.0,11.9507,43.0807,False,Initial Escalation
EVT-00086,2024-11-30,Suez Canal,Piracy / Armed Boarding,Minor,Container Ship,Malta,10.9,59.0,30.0173,32.1453,False,Initial Escalation
EVT-00087,2024-12-02,Cape of Good Hope (reroute),Piracy / Armed Boarding,Severe,Container Ship,Marshall Islands,5.1,599.0,-33.5845,18.1823,True,Initial Escalation
EVT-00088,2024-12-05,Strait of Hormuz,Unexploded Ordnance Discovery,Moderate,Container Ship,Malta,0.7,458.0,27.2906,55.6126,False,Initial Escalation
EVT-00089,2024-12-06,Persian Gulf – East China Sea,Naval Mine Detonation,Moderate,Bulk Carrier,China,51.7,465.0,21.4198,94.8561,False,Initial Escalation
EVT-00090,2024-12-08,Strait of Hormuz,Unexploded Ordnance Discovery,Minor,Suezmax,Malta,5.9,14.0,25.9024,57.2896,False,Initial Escalation
EVT-00091,2024-12-09,Persian Gulf – Bay of Bengal,Port Closure (Military),Minor,LPG Carrier,Singapore,8.4,69.0,27.2818,81.1223,False,Initial Escalation
EVT-00092,2024-12-10,Strait of Hormuz,Houthi Anti-Ship Missile,Severe,LPG Carrier,China,139.1,599.0,26.3401,56.8114,True,Initial Escalation
EVT-00093,2024-12-10,Bab el-Mandeb / Red Sea,Missile Attack on Tanker,Moderate,Container Ship,Bahamas,11.4,17.0,13.3015,43.0486,False,Initial Escalation
EVT-00094,2024-12-11,Strait of Malacca,GPS Spoofing / Jamming Incident,Critical,LNG Carrier,Bahamas,36.9,142.0,2.6135,102.6708,True,Initial Escalation
EVT-00095,2024-12-11,Bab el-Mandeb / Red Sea,GPS Spoofing / Jamming Incident,Moderate,Product Tanker,Marshall Islands,2.8,213.0,12.0824,43.766,True,Initial Escalation
EVT-00096,2024-12-11,Suez Canal,IRGC Fast-Boat Harassment,Minor,Product Tanker,Greece,0.8,11.0,29.6651,32.927,False,Initial Escalation
EVT-00097,2024-12-11,Bab el-Mandeb / Red Sea,Coalition Naval Escort Delay,Minor,LNG Carrier,Liberia,2.8,3.0,12.7104,42.3385,False,Initial Escalation
EVT-00098,2024-12-11,Persian Gulf – Sea of Japan,Coalition Naval Escort Delay,Moderate,LNG Carrier,Greece,31.5,221.0,17.3497,78.0855,False,Initial Escalation
EVT-00099,2024-12-13,Suez Canal,Port Closure (Military),Moderate,LNG Carrier,Japan,9.7,14.0,29.8597,32.8054,False,Initial Escalation
EVT-00100,2024-12-13,Arabian Sea – South China Sea,Military Blockade Enforcement,Minor,Bulk Carrier,Singapore,7.2,60.0,19.3095,73.4391,False,Initial Escalation
EVT-00101,2024-12-13,Strait of Hormuz,Maritime Corridor Suspension,Moderate,Product Tanker,Japan,6.7,111.0,26.1328,56.5302,False,Initial Escalation
EVT-00102,2024-12-16,Suez Canal,Houthi Anti-Ship Missile,Minor,Product Tanker,Panama,3.7,31.0,29.6234,31.5325,True,Initial Escalation
EVT-00103,2024-12-17,Cape of Good Hope (reroute),GPS Spoofing / Jamming Incident,Critical,Bulk Carrier,Malta,81.2,2645.0,-34.9289,18.4177,True,Initial Escalation
EVT-00104,2024-12-18,Bab el-Mandeb / Red Sea,Insurance No-Go Zone Declaration,Moderate,LPG Carrier,Greece,52.2,413.0,13.4666,42.3837,False,Initial Escalation
EVT-00105,2024-12-19,Persian Gulf – East China Sea,Insurance No-Go Zone Declaration,Minor,Aframax,Panama,5.5,72.0,27.9666,95.4573,False,Initial Escalation
EVT-00106,2024-12-19,Bab el-Mandeb / Red Sea,Insurance No-Go Zone Declaration,Severe,LNG Carrier,Malta,62.9,380.0,13.3926,43.3919,True,Initial Escalation
EVT-00107,2024-12-20,Bab el-Mandeb / Red Sea,Piracy / Armed Boarding,Severe,LPG Carrier,Singapore,38.2,384.0,13.6164,42.9519,True,Initial Escalation
EVT-00108,2024-12-20,Suez Canal,Unexploded Ordnance Discovery,Severe,Suezmax,Japan,61.7,181.0,31.2727,31.3076,True,Initial Escalation
EVT-00109,2024-12-21,Strait of Malacca,Houthi Anti-Ship Missile,Severe,Bulk Carrier,China,32.8,45.0,3.3478,102.1093,True,Initial Escalation
EVT-00110,2024-12-21,Strait of Hormuz,Port Closure (Military),Moderate,Container Ship,Greece,8.6,203.0,26.5255,56.7862,False,Initial Escalation
EVT-00111,2024-12-21,Bab el-Mandeb / Red Sea,Port Closure (Military),Minor,Aframax,Hong Kong,4.3,15.0,13.7654,43.9546,False,Initial Escalation
EVT-00112,2024-12-22,Aden Gulf – Indian Ocean,Unexploded Ordnance Discovery,Moderate,Product Tanker,Liberia,36.5,65.0,15.8566,69.1859,False,Initial Escalation
EVT-00113,2024-12-22,Aden Gulf – Indian Ocean,Military Blockade Enforcement,Minor,LNG Carrier,Bahamas,10.8,78.0,9.7208,101.0644,False,Initial Escalation
EVT-00114,2024-12-24,Bab el-Mandeb / Red Sea,Coalition Naval Escort Delay,Moderate,LPG Carrier,Greece,45.4,326.0,11.978,42.5425,True,Initial Escalation
EVT-00115,2024-12-24,Strait of Malacca,IRGC Fast-Boat Harassment,Severe,Product Tanker,Japan,65.9,227.0,3.4934,101.6184,True,Initial Escalation
EVT-00116,2024-12-27,Suez Canal,Naval Mine Detonation,Moderate,Aframax,Marshall Islands,47.5,13.0,30.0122,32.1075,True,Initial Escalation
EVT-00117,2024-12-27,Persian Gulf – East China Sea,Missile Attack on Tanker,Severe,VLCC,Hong Kong,5.3,635.0,9.3939,101.6332,True,Initial Escalation
EVT-00118,2024-12-28,Cape of Good Hope (reroute),Naval Mine Detonation,Critical,Aframax,Hong Kong,25.4,1832.0,-34.0883,19.282,True,Initial Escalation
EVT-00119,2024-12-29,Aden Gulf – Indian Ocean,Naval Mine Detonation,Severe,Bulk Carrier,Marshall Islands,12.0,291.0,4.7886,108.0822,True,Initial Escalation
EVT-00120,2024-12-30,Strait of Hormuz,Naval Mine Detonation,Minor,Aframax,Bahamas,3.0,70.0,27.1481,57.1064,False,Initial Escalation
EVT-00121,2024-12-30,Bab el-Mandeb / Red Sea,Missile Attack on Tanker,Moderate,LPG Carrier,Singapore,12.7,32.0,12.5711,43.5192,False,Initial Escalation
EVT-00122,2024-12-31,Persian Gulf – Bay of Bengal,Cyber-Attack on Port Systems,Minor,Product Tanker,Marshall Islands,1.6,11.0,31.9762,81.7997,False,Initial Escalation
EVT-00123,2024-12-31,Strait of Hormuz,Insurance No-Go Zone Declaration,Moderate,VLCC,Panama,34.3,503.0,26.5762,56.505,True,Initial Escalation
EVT-00124,2025-01-01,Suez Canal,Unexploded Ordnance Discovery,Severe,LPG Carrier,Malta,76.9,872.0,30.6182,31.8948,True,Regional Spread
EVT-00125,2025-01-03,Cape of Good Hope (reroute),Military Blockade Enforcement,Minor,Suezmax,Bahamas,20.2,23.0,-33.9603,19.0198,False,Regional Spread
EVT-00126,2025-01-04,Strait of Hormuz,Military Blockade Enforcement,Severe,LNG Carrier,Greece,18.7,218.0,26.6563,55.4417,True,Regional Spread
EVT-00127,2025-01-04,Strait of Hormuz,Unexploded Ordnance Discovery,Minor,Product Tanker,Bahamas,2.5,93.0,25.8536,57.1012,False,Regional Spread
EVT-00128,2025-01-04,Bab el-Mandeb / Red Sea,Houthi Anti-Ship Missile,Minor,Bulk Carrier,Japan,3.7,1.0,12.9103,43.0276,False,Regional Spread
EVT-00129,2025-01-05,Strait of Hormuz,Oil Spill from Damaged Tanker,Severe,LNG Carrier,Liberia,26.8,429.0,26.3287,56.6791,True,Regional Spread
EVT-00130,2025-01-05,Cape of Good Hope (reroute),Cyber-Attack on Port Systems,Moderate,Aframax,Liberia,11.3,65.0,-33.5062,18.4047,True,Regional Spread
EVT-00131,2025-01-05,Suez Canal,Piracy / Armed Boarding,Minor,VLCC,Japan,5.8,104.0,30.4413,32.1164,False,Regional Spread
EVT-00132,2025-01-06,Suez Canal,Coalition Naval Escort Delay,Critical,LPG Carrier,Hong Kong,153.4,127.0,31.1305,32.9659,True,Regional Spread
EVT-00133,2025-01-07,Cape of Good Hope (reroute),Insurance No-Go Zone Declaration,Moderate,Bulk Carrier,Hong Kong,48.5,154.0,-33.664,17.8358,False,Regional Spread
EVT-00134,2025-01-07,Bab el-Mandeb / Red Sea,Coalition Naval Escort Delay,Minor,Aframax,Japan,5.2,5.0,12.2631,43.1056,False,Regional Spread
EVT-00135,2025-01-07,Bab el-Mandeb / Red Sea,Cyber-Attack on Port Systems,Moderate,VLCC,Japan,12.9,29.0,11.9689,43.5855,False,Regional Spread
EVT-00136,2025-01-07,Bab el-Mandeb / Red Sea,Insurance No-Go Zone Declaration,Severe,Bulk Carrier,Malta,133.0,280.0,12.4916,42.3234,True,Regional Spread
EVT-00137,2025-01-08,Bab el-Mandeb / Red Sea,Unexploded Ordnance Discovery,Severe,Suezmax,Hong Kong,32.1,2972.0,13.7963,42.4753,True,Regional Spread
EVT-00138,2025-01-09,Bab el-Mandeb / Red Sea,Missile Attack on Tanker,Minor,Suezmax,Japan,6.0,91.0,12.5423,44.0708,False,Regional Spread
EVT-00139,2025-01-09,Suez Canal,Cyber-Attack on Port Systems,Moderate,Bulk Carrier,China,2.6,65.0,29.9019,31.6734,False,Regional Spread
EVT-00140,2025-01-09,Strait of Hormuz,Naval Mine Detonation,Severe,VLCC,Liberia,25.2,51.0,25.6027,55.7211,True,Regional Spread
EVT-00141,2025-01-10,Bab el-Mandeb / Red Sea,Unexploded Ordnance Discovery,Minor,LPG Carrier,Panama,0.1,69.0,12.4535,42.6716,False,Regional Spread
EVT-00142,2025-01-11,Cape of Good Hope (reroute),Maritime Corridor Suspension,Minor,Suezmax,Malta,18.1,58.0,-35.1201,18.3194,False,Regional Spread
EVT-00143,2025-01-11,Bab el-Mandeb / Red Sea,IRGC Fast-Boat Harassment,Moderate,Bulk Carrier,Singapore,7.7,239.0,12.2261,42.8222,False,Regional Spread
EVT-00144,2025-01-12,Bab el-Mandeb / Red Sea,Piracy / Armed Boarding,Severe,VLCC,Greece,16.6,225.0,13.2425,43.9037,True,Regional Spread
EVT-00145,2025-01-12,Strait of Hormuz,Military Blockade Enforcement,Minor,Suezmax,China,4.4,26.0,26.7755,55.57,False,Regional Spread
EVT-00146,2025-01-12,Bab el-Mandeb / Red Sea,Insurance No-Go Zone Declaration,Moderate,LNG Carrier,Bahamas,22.2,16.0,13.1203,43.4897,False,Regional Spread
EVT-00147,2025-01-12,Bab el-Mandeb / Red Sea,Houthi Anti-Ship Missile,Severe,LNG Carrier,Japan,38.5,579.0,13.3138,43.8457,True,Regional Spread
EVT-00148,2025-01-13,Bab el-Mandeb / Red Sea,Unexploded Ordnance Discovery,Severe,VLCC,Malta,69.5,648.0,13.6984,42.8204,True,Regional Spread
EVT-00149,2025-01-13,Suez Canal,Port Closure (Military),Moderate,Suezmax,China,9.3,27.0,29.6542,32.4033,False,Regional Spread
EVT-00150,2025-01-15,Strait of Hormuz,Naval Mine Detonation,Minor,Bulk Carrier,Bahamas,0.3,46.0,26.4291,56.5614,False,Regional Spread
EVT-00151,2025-01-15,Persian Gulf – East China Sea,Piracy / Armed Boarding,Severe,Product Tanker,Panama,9.7,1346.0,26.6605,43.4899,True,Regional Spread
EVT-00152,2025-01-15,Strait of Hormuz,Coalition Naval Escort Delay,Minor,Aframax,Japan,4.3,14.0,26.3594,55.837,False,Regional Spread
EVT-00153,2025-01-15,Bab el-Mandeb / Red Sea,GPS Spoofing / Jamming Incident,Minor,VLCC,Singapore,22.8,14.0,12.8365,43.3572,False,Regional Spread
EVT-00154,2025-01-16,Suez Canal,Drone Strike Near Vessel,Severe,Bulk Carrier,Japan,17.1,5024.0,30.6986,33.2399,True,Regional Spread
EVT-00155,2025-01-17,Suez Canal,GPS Spoofing / Jamming Incident,Moderate,Bulk Carrier,Japan,0.5,44.0,30.1796,32.1928,False,Regional Spread
EVT-00156,2025-01-18,Strait of Hormuz,Unexploded Ordnance Discovery,Critical,LNG Carrier,Greece,108.4,2.0,26.945,56.7661,True,Regional Spread
EVT-00157,2025-01-20,Strait of Hormuz,Cyber-Attack on Port Systems,Minor,Suezmax,Hong Kong,2.7,35.0,27.2612,57.1964,False,Regional Spread
EVT-00158,2025-01-20,Bab el-Mandeb / Red Sea,Insurance No-Go Zone Declaration,Moderate,LPG Carrier,Liberia,35.7,2.0,12.1729,42.3239,False,Regional Spread
EVT-00159,2025-01-20,Cape of Good Hope (reroute),Cyber-Attack on Port Systems,Minor,LNG Carrier,Greece,4.8,14.0,-33.9291,17.6004,False,Regional Spread
EVT-00160,2025-01-21,Bab el-Mandeb / Red Sea,Piracy / Armed Boarding,Minor,Bulk Carrier,Liberia,10.3,4.0,12.2815,43.8985,False,Regional Spread
EVT-00161,2025-01-21,Strait of Hormuz,Drone Strike Near Vessel,Moderate,Bulk Carrier,China,46.7,349.0,26.5081,55.3969,True,Regional Spread
EVT-00162,2025-01-21,Strait of Hormuz,Port Closure (Military),Moderate,Container Ship,Bahamas,5.0,493.0,26.6855,55.6769,False,Regional Spread
EVT-00163,2025-01-22,Suez Canal,Drone Strike Near Vessel,Minor,VLCC,Malta,4.6,22.0,31.4403,31.9792,True,Regional Spread
EVT-00164,2025-01-23,Cape of Good Hope (reroute),Maritime Corridor Suspension,Critical,LNG Carrier,Greece,3.8,151.0,-34.0068,17.7156,True,Regional Spread
EVT-00165,2025-01-24,Persian Gulf – Bay of Bengal,Coalition Naval Escort Delay,Minor,Container Ship,Marshall Islands,2.1,35.0,29.0913,62.1694,False,Regional Spread
EVT-00166,2025-01-25,Strait of Hormuz,Piracy / Armed Boarding,Minor,Suezmax,Greece,13.6,113.0,26.1458,56.4479,False,Regional Spread
EVT-00167,2025-01-25,Strait of Malacca,IRGC Fast-Boat Harassment,Moderate,Suezmax,China,16.2,156.0,2.4708,102.5249,True,Regional Spread
EVT-00168,2025-01-26,Bab el-Mandeb / Red Sea,GPS Spoofing / Jamming Incident,Minor,LNG Carrier,Hong Kong,0.5,33.0,13.5179,43.0779,False,Regional Spread
EVT-00169,2025-01-28,Suez Canal,Naval Mine Detonation,Critical,LPG Carrier,Japan,2.5,1276.0,31.1568,31.3155,True,Regional Spread
EVT-00170,2025-01-29,Strait of Hormuz,GPS Spoofing / Jamming Incident,Minor,Aframax,Greece,5.6,23.0,27.1128,57.1105,False,Regional Spread
EVT-00171,2025-01-30,Strait of Hormuz,Naval Mine Detonation,Moderate,Bulk Carrier,Liberia,42.6,48.0,27.3281,55.5305,True,Regional Spread
EVT-00172,2025-01-30,Strait of Hormuz,Naval Mine Detonation,Moderate,Product Tanker,Hong Kong,30.8,64.0,27.2842,56.44,True,Regional Spread
EVT-00173,2025-01-31,Suez Canal,Piracy / Armed Boarding,Critical,VLCC,Greece,548.8,793.0,30.7468,32.4383,True,Regional Spread
EVT-00174,2025-01-31,Suez Canal,Unexploded Ordnance Discovery,Minor,Container Ship,Greece,5.8,72.0,30.9215,32.0164,False,Regional Spread
EVT-00175,2025-02-01,Persian Gulf – East China Sea,Insurance No-Go Zone Declaration,Critical,Bulk Carrier,Hong Kong,145.5,3498.0,20.4794,119.8197,True,Regional Spread
EVT-00176,2025-02-01,Bab el-Mandeb / Red Sea,Piracy / Armed Boarding,Severe,Bulk Carrier,Hong Kong,34.9,107.0,12.8396,43.6958,True,Regional Spread
EVT-00177,2025-02-01,Persian Gulf – Bay of Bengal,Drone Strike Near Vessel,Severe,VLCC,Singapore,127.6,61.0,26.196,116.1505,True,Regional Spread
EVT-00178,2025-02-01,Strait of Hormuz,Oil Spill from Damaged Tanker,Severe,Product Tanker,Singapore,60.0,166.0,26.7759,55.9268,True,Regional Spread
EVT-00179,2025-02-02,Persian Gulf – Bay of Bengal,Naval Mine Detonation,Severe,Suezmax,Singapore,54.7,98.0,19.8592,49.379,True,Regional Spread
EVT-00180,2025-02-03,Bab el-Mandeb / Red Sea,Cyber-Attack on Port Systems,Moderate,Product Tanker,Singapore,16.1,357.0,12.5485,43.218,False,Regional Spread
EVT-00181,2025-02-03,Bab el-Mandeb / Red Sea,Piracy / Armed Boarding,Moderate,LPG Carrier,Malta,2.8,209.0,12.7667,42.8897,False,Regional Spread
EVT-00182,2025-02-04,Bab el-Mandeb / Red Sea,Houthi Anti-Ship Missile,Minor,VLCC,China,1.9,27.0,13.4971,44.0677,False,Regional Spread
EVT-00183,2025-02-05,Bab el-Mandeb / Red Sea,Cyber-Attack on Port Systems,Severe,Aframax,Greece,41.3,353.0,13.0261,43.4871,True,Regional Spread
EVT-00184,2025-02-06,Arabian Sea – South China Sea,Cyber-Attack on Port Systems,Moderate,VLCC,China,53.2,163.0,22.4653,53.8719,False,Regional Spread
EVT-00185,2025-02-06,Strait of Hormuz,IRGC Fast-Boat Harassment,Moderate,LPG Carrier,Bahamas,13.4,277.0,26.0095,56.1672,False,Regional Spread
EVT-00186,2025-02-06,Strait of Malacca,GPS Spoofing / Jamming Incident,Severe,LPG Carrier,China,94.7,813.0,2.1002,101.0536,True,Regional Spread
EVT-00187,2025-02-07,Bab el-Mandeb / Red Sea,IRGC Fast-Boat Harassment,Severe,Product Tanker,Japan,324.5,1951.0,13.4951,43.8764,True,Regional Spread
EVT-00188,2025-02-07,Strait of Hormuz,Piracy / Armed Boarding,Moderate,Product Tanker,China,17.5,117.0,25.8583,57.0319,False,Regional Spread
EVT-00189,2025-02-07,Bab el-Mandeb / Red Sea,Military Blockade Enforcement,Critical,Product Tanker,Malta,81.5,1010.0,11.9205,44.1837,True,Regional Spread
EVT-00190,2025-02-07,Persian Gulf – Bay of Bengal,Missile Attack on Tanker,Severe,Suezmax,Singapore,9.2,114.0,9.57,53.8917,True,Regional Spread
EVT-00191,2025-02-07,Strait of Hormuz,Piracy / Armed Boarding,Moderate,Bulk Carrier,Marshall Islands,1.3,79.0,26.949,56.095,False,Regional Spread
EVT-00192,2025-02-08,Strait of Hormuz,Drone Strike Near Vessel,Minor,Suezmax,Liberia,4.4,2.0,26.5145,55.9597,False,Regional Spread
EVT-00193,2025-02-08,Strait of Hormuz,Cyber-Attack on Port Systems,Moderate,Suezmax,Bahamas,10.5,339.0,26.2956,56.7137,False,Regional Spread
EVT-00194,2025-02-08,Bab el-Mandeb / Red Sea,GPS Spoofing / Jamming Incident,Minor,Suezmax,Malta,5.6,7.0,12.0659,43.8116,False,Regional Spread
EVT-00195,2025-02-08,Bab el-Mandeb / Red Sea,Cyber-Attack on Port Systems,Moderate,Suezmax,Singapore,18.0,45.0,12.2106,44.1931,False,Regional Spread
EVT-00196,2025-02-08,Suez Canal,Maritime Corridor Suspension,Moderate,Aframax,Liberia,31.4,306.0,29.7763,32.5968,True,Regional Spread
EVT-00197,2025-02-08,Strait of Hormuz,Unexploded Ordnance Discovery,Moderate,Suezmax,Japan,12.8,861.0,26.1506,55.5851,False,Regional Spread
EVT-00198,2025-02-09,Bab el-Mandeb / Red Sea,Drone Strike Near Vessel,Critical,VLCC,Greece,263.1,1123.0,12.9039,42.8864,True,Regional Spread
EVT-00199,2025-02-11,Bab el-Mandeb / Red Sea,Insurance No-Go Zone Declaration,Critical,Bulk Carrier,Panama,35.8,602.0,13.0677,43.3534,True,Regional Spread
EVT-00200,2025-02-11,Bab el-Mandeb / Red Sea,Drone Strike Near Vessel,Moderate,VLCC,Bahamas,38.4,44.0,12.7216,43.6814,True,Regional Spread
EVT-00201,2025-02-12,Suez Canal,Port Closure (Military),Minor,LNG Carrier,Bahamas,1.2,37.0,29.5188,32.5615,True,Regional Spread
EVT-00202,2025-02-12,Aden Gulf – Indian Ocean,Naval Mine Detonation,Minor,LPG Carrier,Hong Kong,11.0,115.0,33.3686,50.333,False,Regional Spread
EVT-00203,2025-02-13,Bab el-Mandeb / Red Sea,Military Blockade Enforcement,Minor,Container Ship,Liberia,8.8,89.0,12.8798,43.4988,False,Regional Spread
EVT-00204,2025-02-13,Suez Canal,Maritime Corridor Suspension,Moderate,LPG Carrier,Malta,49.7,19.0,31.2497,33.106,False,Regional Spread
EVT-00205,2025-02-13,Suez Canal,Military Blockade Enforcement,Moderate,Aframax,Japan,56.1,9.0,29.7573,31.7381,False,Regional Spread
EVT-00206,2025-02-14,Strait of Hormuz,Port Closure (Military),Moderate,Bulk Carrier,Hong Kong,101.9,48.0,26.6519,56.6438,False,Regional Spread
EVT-00207,2025-02-14,Persian Gulf – East China Sea,Oil Spill from Damaged Tanker,Minor,Bulk Carrier,Marshall Islands,1.0,17.0,17.7329,105.9697,False,Regional Spread
EVT-00208,2025-02-14,Bab el-Mandeb / Red Sea,Houthi Anti-Ship Missile,Critical,Suezmax,China,47.9,4628.0,12.6194,43.3453,True,Regional Spread
EVT-00209,2025-02-16,Strait of Hormuz,Maritime Corridor Suspension,Critical,Container Ship,Malta,82.4,137.0,26.2998,56.8686,True,Regional Spread
EVT-00210,2025-02-17,Cape of Good Hope (reroute),Drone Strike Near Vessel,Critical,Container Ship,Bahamas,72.1,1855.0,-33.9287,18.8752,True,Regional Spread
EVT-00211,2025-02-17,Suez Canal,Maritime Corridor Suspension,Moderate,Product Tanker,Liberia,3.8,132.0,30.9855,32.6254,False,Regional Spread
EVT-00212,2025-02-19,Persian Gulf – Bay of Bengal,Coalition Naval Escort Delay,Critical,Bulk Carrier,China,990.0,6524.0,31.0568,116.9946,True,Regional Spread
EVT-00213,2025-02-19,Bab el-Mandeb / Red Sea,Missile Attack on Tanker,Moderate,Container Ship,Bahamas,19.1,105.0,12.6967,43.9593,False,Regional Spread
EVT-00214,2025-02-22,Cape of Good Hope (reroute),Missile Attack on Tanker,Severe,Container Ship,Bahamas,2.2,222.0,-34.9845,19.141,True,Regional Spread
EVT-00215,2025-02-22,Bab el-Mandeb / Red Sea,Unexploded Ordnance Discovery,Moderate,LPG Carrier,Japan,2.9,165.0,12.4606,43.8204,False,Regional Spread
EVT-00216,2025-02-23,Cape of Good Hope (reroute),IRGC Fast-Boat Harassment,Minor,Product Tanker,Hong Kong,8.8,46.0,-34.1947,17.8519,False,Regional Spread
EVT-00217,2025-02-24,Persian Gulf – Sea of Japan,Houthi Anti-Ship Missile,Critical,VLCC,Singapore,30.6,157.0,23.8005,95.0148,True,Regional Spread
EVT-00218,2025-02-24,Strait of Hormuz,Naval Mine Detonation,Minor,VLCC,Malta,1.2,41.0,27.4373,57.2991,False,Regional Spread
EVT-00219,2025-02-25,Aden Gulf – Indian Ocean,Drone Strike Near Vessel,Moderate,VLCC,Hong Kong,1.1,342.0,23.1817,46.1442,True,Regional Spread
EVT-00220,2025-02-26,Persian Gulf – Bay of Bengal,Oil Spill from Damaged Tanker,Minor,Suezmax,Liberia,2.1,44.0,29.2972,105.5274,False,Regional Spread
EVT-00221,2025-02-26,Strait of Hormuz,Oil Spill from Damaged Tanker,Moderate,Product Tanker,Panama,12.3,441.0,27.4391,57.2108,True,Regional Spread
EVT-00222,2025-02-26,Aden Gulf – Indian Ocean,Missile Attack on Tanker,Moderate,LPG Carrier,Bahamas,1.8,91.0,26.6476,112.0617,False,Regional Spread
EVT-00223,2025-02-26,Suez Canal,Insurance No-Go Zone Declaration,Severe,LNG Carrier,Panama,104.5,587.0,31.2339,31.7073,True,Regional Spread
EVT-00224,2025-02-27,Bab el-Mandeb / Red Sea,Cyber-Attack on Port Systems,Minor,Aframax,China,17.2,30.0,13.5584,42.3022,False,Regional Spread
EVT-00225,2025-02-27,Strait of Hormuz,Maritime Corridor Suspension,Moderate,Product Tanker,Greece,1.7,270.0,27.1088,55.55,False,Regional Spread
EVT-00226,2025-02-28,Suez Canal,Houthi Anti-Ship Missile,Severe,Suezmax,Marshall Islands,5.8,713.0,29.9716,31.3042,True,Regional Spread
EVT-00227,2025-03-01,Bab el-Mandeb / Red Sea,Oil Spill from Damaged Tanker,Minor,Bulk Carrier,Japan,0.8,82.0,13.5566,43.3741,False,Regional Spread
EVT-00228,2025-03-03,Strait of Hormuz,Coalition Naval Escort Delay,Minor,LPG Carrier,Panama,1.8,5.0,26.7375,55.7596,False,Regional Spread
EVT-00229,2025-03-04,Strait of Hormuz,IRGC Fast-Boat Harassment,Moderate,Product Tanker,Liberia,20.0,270.0,26.9006,56.8869,False,Regional Spread
EVT-00230,2025-03-04,Strait of Hormuz,Drone Strike Near Vessel,Moderate,LPG Carrier,Japan,43.2,32.0,25.501,56.1215,False,Regional Spread
EVT-00231,2025-03-04,Bab el-Mandeb / Red Sea,Port Closure (Military),Minor,Suezmax,Japan,4.3,88.0,12.6831,43.4153,True,Regional Spread
EVT-00232,2025-03-05,Strait of Hormuz,Coalition Naval Escort Delay,Moderate,Aframax,Marshall Islands,15.4,597.0,27.4745,56.8484,True,Regional Spread
EVT-00233,2025-03-06,Suez Canal,Piracy / Armed Boarding,Severe,LPG Carrier,China,13.3,1509.0,30.8991,32.4921,True,Regional Spread
EVT-00234,2025-03-07,Suez Canal,Military Blockade Enforcement,Moderate,Aframax,Malta,21.7,51.0,30.4081,32.0654,False,Regional Spread
EVT-00235,2025-03-08,Persian Gulf – Bay of Bengal,Maritime Corridor Suspension,Moderate,LPG Carrier,Japan,20.8,128.0,25.5984,102.4971,True,Regional Spread
EVT-00236,2025-03-08,Suez Canal,Military Blockade Enforcement,Severe,LPG Carrier,Greece,93.7,11.0,29.7742,33.0815,True,Regional Spread
EVT-00237,2025-03-09,Suez Canal,Houthi Anti-Ship Missile,Minor,Aframax,Hong Kong,4.6,121.0,29.6143,31.3327,False,Regional Spread
EVT-00238,2025-03-09,Persian Gulf – Bay of Bengal,Oil Spill from Damaged Tanker,Critical,Suezmax,Singapore,244.0,696.0,12.2583,41.7416,True,Regional Spread
EVT-00239,2025-03-10,Bab el-Mandeb / Red Sea,Cyber-Attack on Port Systems,Minor,Product Tanker,Liberia,0.9,0.0,12.4315,42.6138,False,Regional Spread
EVT-00240,2025-03-10,Bab el-Mandeb / Red Sea,Oil Spill from Damaged Tanker,Minor,VLCC,Liberia,2.3,67.0,13.3769,42.5373,False,Regional Spread
EVT-00241,2025-03-11,Bab el-Mandeb / Red Sea,Cyber-Attack on Port Systems,Severe,LNG Carrier,Japan,83.3,435.0,11.981,43.1978,True,Regional Spread
EVT-00242,2025-03-11,Strait of Hormuz,Military Blockade Enforcement,Critical,VLCC,Malta,285.1,1572.0,27.0812,56.0941,True,Regional Spread
EVT-00243,2025-03-11,Strait of Hormuz,Port Closure (Military),Moderate,Product Tanker,Malta,26.0,274.0,26.8803,56.6066,False,Regional Spread
EVT-00244,2025-03-11,Suez Canal,Unexploded Ordnance Discovery,Minor,Bulk Carrier,Greece,1.8,43.0,29.956,31.6583,False,Regional Spread
EVT-00245,2025-03-12,Strait of Hormuz,Unexploded Ordnance Discovery,Severe,Container Ship,Singapore,58.5,640.0,26.0589,55.3822,True,Regional Spread
EVT-00246,2025-03-12,Bab el-Mandeb / Red Sea,Cyber-Attack on Port Systems,Minor,Container Ship,Bahamas,2.6,7.0,13.7863,42.4514,False,Regional Spread
EVT-00247,2025-03-12,Cape of Good Hope (reroute),GPS Spoofing / Jamming Incident,Moderate,VLCC,Bahamas,45.2,341.0,-34.7535,18.8831,False,Regional Spread
EVT-00248,2025-03-12,Strait of Malacca,Missile Attack on Tanker,Moderate,Bulk Carrier,Marshall Islands,7.8,402.0,1.5337,101.0446,False,Regional Spread
EVT-00249,2025-03-13,Bab el-Mandeb / Red Sea,GPS Spoofing / Jamming Incident,Minor,Container Ship,Liberia,1.8,79.0,12.5749,43.4533,False,Regional Spread
EVT-00250,2025-03-14,Strait of Hormuz,Military Blockade Enforcement,Minor,LPG Carrier,Singapore,0.2,1.0,27.1726,56.9978,False,Regional Spread
EVT-00251,2025-03-15,Strait of Malacca,Oil Spill from Damaged Tanker,Minor,Bulk Carrier,Malta,16.1,30.0,2.3553,102.1637,True,Regional Spread
EVT-00252,2025-03-15,Persian Gulf – Bay of Bengal,Naval Mine Detonation,Critical,LNG Carrier,China,18.0,1848.0,28.5895,119.2122,True,Regional Spread
EVT-00253,2025-03-15,Bab el-Mandeb / Red Sea,Piracy / Armed Boarding,Moderate,LPG Carrier,Bahamas,28.3,72.0,12.825,43.1306,False,Regional Spread
EVT-00254,2025-03-16,Suez Canal,Piracy / Armed Boarding,Minor,Product Tanker,Malta,6.4,38.0,30.4521,31.9822,False,Regional Spread
EVT-00255,2025-03-16,Suez Canal,Maritime Corridor Suspension,Severe,Bulk Carrier,Hong Kong,1.4,835.0,30.7925,31.81,True,Regional Spread
EVT-00256,2025-03-16,Cape of Good Hope (reroute),Military Blockade Enforcement,Critical,Container Ship,Japan,308.8,3984.0,-35.2277,17.8292,True,Regional Spread
EVT-00257,2025-03-18,Strait of Hormuz,Houthi Anti-Ship Missile,Minor,Aframax,Liberia,4.7,23.0,26.7209,55.5096,False,Regional Spread
EVT-00258,2025-03-18,Strait of Hormuz,GPS Spoofing / Jamming Incident,Severe,LPG Carrier,China,113.3,726.0,26.6611,56.736,True,Regional Spread
EVT-00259,2025-03-18,Bab el-Mandeb / Red Sea,Missile Attack on Tanker,Severe,LPG Carrier,Hong Kong,285.8,149.0,11.9258,43.9471,True,Regional Spread
EVT-00260,2025-03-19,Strait of Malacca,Houthi Anti-Ship Missile,Moderate,Bulk Carrier,Malta,18.2,375.0,3.1534,102.447,False,Regional Spread
EVT-00261,2025-03-19,Strait of Hormuz,Port Closure (Military),Moderate,Product Tanker,Malta,46.6,100.0,25.6744,55.5706,False,Regional Spread
EVT-00262,2025-03-19,Strait of Hormuz,Drone Strike Near Vessel,Severe,VLCC,Japan,2.1,526.0,27.1415,56.4868,True,Regional Spread
EVT-00263,2025-03-20,Persian Gulf – Bay of Bengal,IRGC Fast-Boat Harassment,Minor,Container Ship,Singapore,0.4,65.0,27.1466,99.6484,False,Regional Spread
EVT-00264,2025-03-20,Strait of Malacca,Houthi Anti-Ship Missile,Minor,Aframax,China,0.6,3.0,3.0302,101.2379,False,Regional Spread
EVT-00265,2025-03-21,Cape of Good Hope (reroute),Port Closure (Military),Minor,Suezmax,Japan,15.6,95.0,-33.5851,18.6739,True,Regional Spread
EVT-00266,2025-03-21,Persian Gulf – East China Sea,Naval Mine Detonation,Moderate,Product Tanker,Liberia,10.8,252.0,17.8633,106.4354,False,Regional Spread
EVT-00267,2025-03-22,Bab el-Mandeb / Red Sea,Missile Attack on Tanker,Moderate,VLCC,Liberia,51.1,323.0,12.3294,43.1717,True,Regional Spread
EVT-00268,2025-03-22,Strait of Hormuz,Cyber-Attack on Port Systems,Severe,Container Ship,Marshall Islands,34.3,961.0,25.595,56.6463,True,Regional Spread
EVT-00269,2025-03-23,Strait of Hormuz,Coalition Naval Escort Delay,Moderate,VLCC,China,13.9,37.0,26.9528,56.1621,False,Regional Spread
EVT-00270,2025-03-25,Bab el-Mandeb / Red Sea,Coalition Naval Escort Delay,Minor,Aframax,Greece,1.1,12.0,12.1019,44.1178,False,Regional Spread
EVT-00271,2025-03-25,Strait of Hormuz,Missile Attack on Tanker,Moderate,LNG Carrier,Panama,60.1,216.0,26.8089,55.6378,False,Regional Spread
EVT-00272,2025-03-26,Arabian Sea – South China Sea,Oil Spill from Damaged Tanker,Moderate,Suezmax,Bahamas,14.3,201.0,33.4077,75.4632,False,Regional Spread
EVT-00273,2025-03-27,Bab el-Mandeb / Red Sea,Drone Strike Near Vessel,Minor,LPG Carrier,Bahamas,8.2,92.0,12.8242,44.1153,False,Regional Spread
EVT-00274,2025-03-27,Strait of Hormuz,Missile Attack on Tanker,Minor,LNG Carrier,Japan,2.5,8.0,26.6319,55.4631,False,Regional Spread
EVT-00275,2025-03-27,Strait of Hormuz,Missile Attack on Tanker,Severe,LNG Carrier,Panama,17.5,305.0,27.384,56.4688,True,Regional Spread
EVT-00276,2025-03-27,Persian Gulf – Sea of Japan,Piracy / Armed Boarding,Moderate,LNG Carrier,Greece,25.7,355.0,20.9923,70.5681,False,Regional Spread
EVT-00277,2025-03-28,Persian Gulf – Bay of Bengal,IRGC Fast-Boat Harassment,Moderate,Container Ship,Marshall Islands,4.5,155.0,30.4416,65.8358,False,Regional Spread
EVT-00278,2025-03-28,Strait of Hormuz,GPS Spoofing / Jamming Incident,Minor,Aframax,Bahamas,4.8,91.0,26.9409,56.5871,False,Regional Spread
EVT-00279,2025-03-28,Bab el-Mandeb / Red Sea,Naval Mine Detonation,Minor,Bulk Carrier,Greece,0.9,84.0,12.3593,43.0692,True,Regional Spread
EVT-00280,2025-03-28,Bab el-Mandeb / Red Sea,Oil Spill from Damaged Tanker,Moderate,Aframax,China,22.8,108.0,12.9543,43.7114,False,Regional Spread
EVT-00281,2025-03-29,Strait of Hormuz,Port Closure (Military),Moderate,Suezmax,Singapore,1.2,87.0,26.5858,55.9932,True,Regional Spread
EVT-00282,2025-03-29,Strait of Hormuz,Insurance No-Go Zone Declaration,Minor,Suezmax,Japan,4.3,228.0,26.1847,56.0458,False,Regional Spread
EVT-00283,2025-03-30,Bab el-Mandeb / Red Sea,Naval Mine Detonation,Severe,Suezmax,Hong Kong,67.2,16.0,12.7582,42.3358,True,Regional Spread
EVT-00284,2025-03-30,Arabian Sea – South China Sea,Cyber-Attack on Port Systems,Critical,Product Tanker,Greece,112.3,92.0,23.5479,71.5125,True,Regional Spread
EVT-00285,2025-04-01,Persian Gulf – East China Sea,Port Closure (Military),Moderate,Container Ship,Panama,11.2,59.0,10.2706,68.3555,False,Maritime Blockade Threats
EVT-00286,2025-04-01,Aden Gulf – Indian Ocean,IRGC Fast-Boat Harassment,Minor,Suezmax,Bahamas,17.9,33.0,14.9221,93.9686,False,Maritime Blockade Threats
EVT-00287,2025-04-01,Cape of Good Hope (reroute),GPS Spoofing / Jamming Incident,Moderate,Container Ship,China,18.6,59.0,-33.8022,17.7251,False,Maritime Blockade Threats
EVT-00288,2025-04-02,Bab el-Mandeb / Red Sea,Naval Mine Detonation,Severe,LPG Carrier,Liberia,2.3,40.0,12.9046,42.7172,True,Maritime Blockade Threats
EVT-00289,2025-04-02,Bab el-Mandeb / Red Sea,Cyber-Attack on Port Systems,Critical,Aframax,Bahamas,110.5,206.0,13.6833,43.6202,True,Maritime Blockade Threats
EVT-00290,2025-04-02,Bab el-Mandeb / Red Sea,Oil Spill from Damaged Tanker,Severe,Product Tanker,Bahamas,212.3,528.0,13.0739,43.6257,True,Maritime Blockade Threats
EVT-00291,2025-04-03,Persian Gulf – East China Sea,Naval Mine Detonation,Moderate,VLCC,China,15.3,56.0,24.051,75.5004,False,Maritime Blockade Threats
EVT-00292,2025-04-04,Strait of Hormuz,GPS Spoofing / Jamming Incident,Moderate,Aframax,Hong Kong,46.1,15.0,26.014,56.2058,True,Maritime Blockade Threats
EVT-00293,2025-04-04,Strait of Hormuz,Naval Mine Detonation,Severe,Product Tanker,Marshall Islands,22.8,193.0,27.3907,55.425,True,Maritime Blockade Threats
EVT-00294,2025-04-04,Bab el-Mandeb / Red Sea,Oil Spill from Damaged Tanker,Critical,VLCC,China,314.9,207.0,11.9333,43.1808,True,Maritime Blockade Threats
EVT-00295,2025-04-06,Suez Canal,Piracy / Armed Boarding,Moderate,VLCC,Liberia,2.1,30.0,31.1732,31.3894,False,Maritime Blockade Threats
EVT-00296,2025-04-07,Bab el-Mandeb / Red Sea,Insurance No-Go Zone Declaration,Severe,VLCC,Hong Kong,28.8,308.0,11.912,43.0217,True,Maritime Blockade Threats
EVT-00297,2025-04-07,Strait of Hormuz,GPS Spoofing / Jamming Incident,Minor,VLCC,Liberia,6.5,2.0,25.8805,55.5464,False,Maritime Blockade Threats
EVT-00298,2025-04-07,Cape of Good Hope (reroute),Unexploded Ordnance Discovery,Minor,Aframax,Bahamas,4.5,56.0,-35.3911,19.166,False,Maritime Blockade Threats
EVT-00299,2025-04-08,Persian Gulf – Bay of Bengal,Military Blockade Enforcement,Moderate,Bulk Carrier,Japan,11.3,63.0,19.0579,87.2094,False,Maritime Blockade Threats
EVT-00300,2025-04-08,Persian Gulf – East China Sea,Piracy / Armed Boarding,Critical,VLCC,Japan,134.8,1583.0,28.7412,43.2544,True,Maritime Blockade Threats
EVT-00301,2025-04-08,Strait of Hormuz,Maritime Corridor Suspension,Severe,Product Tanker,Liberia,60.0,555.0,25.9629,56.9491,True,Maritime Blockade Threats
EVT-00302,2025-04-08,Strait of Hormuz,IRGC Fast-Boat Harassment,Minor,Product Tanker,Panama,6.8,54.0,26.8232,57.0973,False,Maritime Blockade Threats
EVT-00303,2025-04-09,Strait of Hormuz,Port Closure (Military),Minor,Product Tanker,China,0.9,69.0,27.2901,55.7401,False,Maritime Blockade Threats
EVT-00304,2025-04-09,Persian Gulf – Bay of Bengal,Military Blockade Enforcement,Minor,Aframax,Greece,15.2,16.0,25.4035,78.0692,False,Maritime Blockade Threats
EVT-00305,2025-04-09,Bab el-Mandeb / Red Sea,IRGC Fast-Boat Harassment,Moderate,VLCC,Liberia,27.8,491.0,13.2599,43.4235,False,Maritime Blockade Threats
EVT-00306,2025-04-09,Persian Gulf – Sea of Japan,Missile Attack on Tanker,Moderate,VLCC,Bahamas,25.7,220.0,32.8232,79.2696,True,Maritime Blockade Threats
EVT-00307,2025-04-09,Persian Gulf – Bay of Bengal,Drone Strike Near Vessel,Moderate,Bulk Carrier,Liberia,25.9,36.0,23.4516,97.3809,False,Maritime Blockade Threats
EVT-00308,2025-04-10,Strait of Hormuz,Unexploded Ordnance Discovery,Severe,LPG Carrier,Singapore,24.1,622.0,26.4881,57.1608,True,Maritime Blockade Threats
EVT-00309,2025-04-10,Strait of Hormuz,Piracy / Armed Boarding,Moderate,Container Ship,Japan,19.3,18.0,26.2009,55.8933,False,Maritime Blockade Threats
EVT-00310,2025-04-10,Suez Canal,Piracy / Armed Boarding,Moderate,VLCC,Liberia,4.3,128.0,29.9992,32.7231,False,Maritime Blockade Threats
EVT-00311,2025-04-11,Strait of Hormuz,Missile Attack on Tanker,Moderate,LNG Carrier,Panama,74.6,20.0,26.7633,56.4971,True,Maritime Blockade Threats
EVT-00312,2025-04-12,Bab el-Mandeb / Red Sea,IRGC Fast-Boat Harassment,Minor,Aframax,Panama,11.9,2.0,12.6235,43.2296,False,Maritime Blockade Threats
EVT-00313,2025-04-12,Strait of Malacca,Port Closure (Military),Minor,Aframax,China,4.7,12.0,2.5443,101.0804,False,Maritime Blockade Threats
EVT-00314,2025-04-12,Persian Gulf – East China Sea,Military Blockade Enforcement,Severe,LPG Carrier,Liberia,60.4,641.0,17.6549,113.5075,True,Maritime Blockade Threats
EVT-00315,2025-04-12,Suez Canal,Naval Mine Detonation,Severe,LNG Carrier,Japan,12.3,787.0,31.0251,31.6591,True,Maritime Blockade Threats
EVT-00316,2025-04-13,Bab el-Mandeb / Red Sea,Unexploded Ordnance Discovery,Moderate,LNG Carrier,Malta,4.2,82.0,12.6638,43.9345,False,Maritime Blockade Threats
EVT-00317,2025-04-13,Cape of Good Hope (reroute),Naval Mine Detonation,Critical,Aframax,Marshall Islands,485.7,1470.0,-34.558,18.4534,True,Maritime Blockade Threats
EVT-00318,2025-04-14,Persian Gulf – Sea of Japan,Coalition Naval Escort Delay,Severe,Product Tanker,Singapore,16.7,79.0,11.2787,104.7182,True,Maritime Blockade Threats
EVT-00319,2025-04-14,Bab el-Mandeb / Red Sea,Coalition Naval Escort Delay,Severe,Bulk Carrier,Greece,11.0,1346.0,12.8345,43.0918,True,Maritime Blockade Threats
EVT-00320,2025-04-14,Bab el-Mandeb / Red Sea,Missile Attack on Tanker,Minor,Container Ship,Hong Kong,1.6,33.0,13.7266,43.8343,False,Maritime Blockade Threats
EVT-00321,2025-04-15,Bab el-Mandeb / Red Sea,Oil Spill from Damaged Tanker,Moderate,Container Ship,Hong Kong,48.9,198.0,13.2998,42.6279,False,Maritime Blockade Threats
EVT-00322,2025-04-16,Bab el-Mandeb / Red Sea,Piracy / Armed Boarding,Severe,LPG Carrier,Liberia,127.3,855.0,13.6214,43.0017,True,Maritime Blockade Threats
EVT-00323,2025-04-16,Suez Canal,Coalition Naval Escort Delay,Minor,Bulk Carrier,Hong Kong,5.3,65.0,31.306,32.13,False,Maritime Blockade Threats
EVT-00324,2025-04-16,Suez Canal,Missile Attack on Tanker,Moderate,LPG Carrier,Greece,6.2,12.0,30.0851,32.8316,True,Maritime Blockade Threats
EVT-00325,2025-04-17,Suez Canal,Missile Attack on Tanker,Moderate,Container Ship,Malta,23.1,136.0,29.542,32.3655,True,Maritime Blockade Threats
EVT-00326,2025-04-17,Suez Canal,Insurance No-Go Zone Declaration,Moderate,VLCC,China,43.3,102.0,29.6543,31.735,False,Maritime Blockade Threats
EVT-00327,2025-04-17,Bab el-Mandeb / Red Sea,Military Blockade Enforcement,Minor,LNG Carrier,Singapore,28.5,44.0,12.7236,43.7539,False,Maritime Blockade Threats
EVT-00328,2025-04-18,Persian Gulf – Sea of Japan,Maritime Corridor Suspension,Severe,Aframax,Bahamas,124.7,42.0,13.1748,71.6581,True,Maritime Blockade Threats
EVT-00329,2025-04-19,Bab el-Mandeb / Red Sea,Drone Strike Near Vessel,Moderate,VLCC,China,16.0,128.0,12.6722,42.3876,False,Maritime Blockade Threats
EVT-00330,2025-04-19,Suez Canal,Houthi Anti-Ship Missile,Minor,Product Tanker,China,15.3,26.0,30.3504,31.7021,False,Maritime Blockade Threats
EVT-00331,2025-04-19,Persian Gulf – East China Sea,Insurance No-Go Zone Declaration,Severe,Aframax,Panama,64.2,623.0,15.5134,64.5459,True,Maritime Blockade Threats
EVT-00332,2025-04-21,Bab el-Mandeb / Red Sea,Unexploded Ordnance Discovery,Moderate,Aframax,Bahamas,119.6,548.0,11.8403,42.7102,False,Maritime Blockade Threats
EVT-00333,2025-04-21,Strait of Malacca,IRGC Fast-Boat Harassment,Minor,Product Tanker,Japan,0.4,56.0,2.6895,100.7489,False,Maritime Blockade Threats
EVT-00334,2025-04-23,Bab el-Mandeb / Red Sea,Oil Spill from Damaged Tanker,Minor,LPG Carrier,Japan,3.1,53.0,11.8223,44.2595,True,Maritime Blockade Threats
EVT-00335,2025-04-24,Suez Canal,Cyber-Attack on Port Systems,Minor,LNG Carrier,China,12.2,5.0,29.5799,32.8472,False,Maritime Blockade Threats
EVT-00336,2025-04-24,Persian Gulf – East China Sea,Cyber-Attack on Port Systems,Minor,Bulk Carrier,Bahamas,3.0,24.0,10.9982,62.7155,False,Maritime Blockade Threats
EVT-00337,2025-04-25,Strait of Hormuz,Oil Spill from Damaged Tanker,Critical,Bulk Carrier,Liberia,105.2,4058.0,26.1892,56.1582,True,Maritime Blockade Threats
EVT-00338,2025-04-25,Strait of Hormuz,Maritime Corridor Suspension,Minor,Bulk Carrier,Bahamas,5.9,2.0,26.814,56.1888,False,Maritime Blockade Threats
EVT-00339,2025-04-25,Strait of Hormuz,Coalition Naval Escort Delay,Severe,Aframax,Marshall Islands,55.2,118.0,25.502,56.1149,True,Maritime Blockade Threats
EVT-00340,2025-04-25,Persian Gulf – East China Sea,Missile Attack on Tanker,Severe,Suezmax,Bahamas,28.9,41.0,19.3705,105.4868,True,Maritime Blockade Threats
EVT-00341,2025-04-26,Aden Gulf – Indian Ocean,Maritime Corridor Suspension,Minor,LPG Carrier,Hong Kong,1.3,124.0,19.8496,112.29,True,Maritime Blockade Threats
EVT-00342,2025-04-27,Bab el-Mandeb / Red Sea,Oil Spill from Damaged Tanker,Minor,Product Tanker,Marshall Islands,0.1,116.0,12.1929,42.4679,False,Maritime Blockade Threats
EVT-00343,2025-04-28,Bab el-Mandeb / Red Sea,Insurance No-Go Zone Declaration,Minor,Bulk Carrier,Hong Kong,12.4,97.0,12.6105,42.8713,False,Maritime Blockade Threats
EVT-00344,2025-04-29,Persian Gulf – East China Sea,Naval Mine Detonation,Minor,LNG Carrier,Liberia,1.1,8.0,10.2013,83.8804,False,Maritime Blockade Threats
EVT-00345,2025-04-30,Bab el-Mandeb / Red Sea,Maritime Corridor Suspension,Moderate,Aframax,Liberia,4.7,13.0,13.2185,43.334,False,Maritime Blockade Threats
EVT-00346,2025-04-30,Strait of Malacca,Military Blockade Enforcement,Severe,LPG Carrier,Hong Kong,99.0,673.0,2.9769,100.9233,True,Maritime Blockade Threats
EVT-00347,2025-04-30,Bab el-Mandeb / Red Sea,Cyber-Attack on Port Systems,Severe,Product Tanker,Greece,13.9,730.0,12.0843,43.4869,True,Maritime Blockade Threats
EVT-00348,2025-05-01,Strait of Hormuz,Naval Mine Detonation,Moderate,Suezmax,Japan,3.4,231.0,25.7504,56.2321,False,Maritime Blockade Threats
EVT-00349,2025-05-01,Suez Canal,Military Blockade Enforcement,Severe,Aframax,Liberia,112.9,109.0,29.7431,31.8093,True,Maritime Blockade Threats
EVT-00350,2025-05-02,Strait of Hormuz,Piracy / Armed Boarding,Moderate,Product Tanker,China,34.9,76.0,26.216,55.6483,True,Maritime Blockade Threats
EVT-00351,2025-05-02,Persian Gulf – Bay of Bengal,Drone Strike Near Vessel,Moderate,LNG Carrier,Japan,27.2,76.0,26.6566,104.1385,True,Maritime Blockade Threats
EVT-00352,2025-05-03,Cape of Good Hope (reroute),Maritime Corridor Suspension,Minor,LPG Carrier,Greece,2.0,2.0,-34.6358,18.8974,True,Maritime Blockade Threats
EVT-00353,2025-05-03,Suez Canal,Cyber-Attack on Port Systems,Severe,Aframax,China,75.6,917.0,30.3773,31.4277,True,Maritime Blockade Threats
EVT-00354,2025-05-03,Bab el-Mandeb / Red Sea,Missile Attack on Tanker,Moderate,Bulk Carrier,Hong Kong,6.1,117.0,11.989,42.4559,True,Maritime Blockade Threats
EVT-00355,2025-05-03,Bab el-Mandeb / Red Sea,Maritime Corridor Suspension,Moderate,LNG Carrier,Greece,34.8,147.0,11.8032,43.6155,True,Maritime Blockade Threats
EVT-00356,2025-05-03,Strait of Malacca,IRGC Fast-Boat Harassment,Minor,Aframax,Bahamas,28.4,39.0,2.5119,102.6708,False,Maritime Blockade Threats
EVT-00357,2025-05-04,Strait of Hormuz,Oil Spill from Damaged Tanker,Moderate,LPG Carrier,Malta,2.2,457.0,26.9408,57.2581,True,Maritime Blockade Threats
EVT-00358,2025-05-05,Persian Gulf – East China Sea,IRGC Fast-Boat Harassment,Minor,LPG Carrier,Bahamas,10.2,82.0,31.7197,103.9298,True,Maritime Blockade Threats
EVT-00359,2025-05-06,Persian Gulf – Bay of Bengal,IRGC Fast-Boat Harassment,Moderate,LPG Carrier,Malta,19.5,11.0,8.5478,41.117,False,Maritime Blockade Threats
EVT-00360,2025-05-06,Persian Gulf – Sea of Japan,Cyber-Attack on Port Systems,Minor,LPG Carrier,Japan,8.0,92.0,34.415,74.5278,False,Maritime Blockade Threats
EVT-00361,2025-05-07,Persian Gulf – Bay of Bengal,Missile Attack on Tanker,Moderate,Suezmax,Singapore,3.2,55.0,25.4484,102.7622,False,Maritime Blockade Threats
EVT-00362,2025-05-07,Strait of Hormuz,Piracy / Armed Boarding,Severe,VLCC,Hong Kong,259.7,121.0,26.4886,56.654,True,Maritime Blockade Threats
EVT-00363,2025-05-08,Cape of Good Hope (reroute),Oil Spill from Damaged Tanker,Minor,LNG Carrier,Greece,1.2,57.0,-34.9204,18.5029,False,Maritime Blockade Threats
EVT-00364,2025-05-08,Persian Gulf – Bay of Bengal,Unexploded Ordnance Discovery,Moderate,Product Tanker,Liberia,21.1,271.0,18.9262,48.1196,False,Maritime Blockade Threats
EVT-00365,2025-05-08,Strait of Hormuz,Maritime Corridor Suspension,Minor,Container Ship,Hong Kong,11.7,18.0,27.3138,56.5997,False,Maritime Blockade Threats
EVT-00366,2025-05-09,Bab el-Mandeb / Red Sea,Drone Strike Near Vessel,Minor,Container Ship,Greece,6.1,12.0,12.1511,42.3396,False,Maritime Blockade Threats
EVT-00367,2025-05-09,Suez Canal,Cyber-Attack on Port Systems,Moderate,Aframax,Liberia,33.0,203.0,30.787,31.752,True,Maritime Blockade Threats
EVT-00368,2025-05-10,Strait of Hormuz,Unexploded Ordnance Discovery,Minor,VLCC,China,1.6,106.0,27.3737,57.1215,False,Maritime Blockade Threats
EVT-00369,2025-05-10,Strait of Hormuz,Drone Strike Near Vessel,Severe,VLCC,Hong Kong,22.3,1144.0,27.1774,56.6887,True,Maritime Blockade Threats
EVT-00370,2025-05-10,Suez Canal,GPS Spoofing / Jamming Incident,Moderate,Suezmax,Hong Kong,68.2,406.0,30.2303,31.3771,True,Maritime Blockade Threats
EVT-00371,2025-05-10,Bab el-Mandeb / Red Sea,Cyber-Attack on Port Systems,Minor,Product Tanker,China,7.3,54.0,13.1033,43.0703,False,Maritime Blockade Threats
EVT-00372,2025-05-11,Suez Canal,Drone Strike Near Vessel,Severe,Product Tanker,Japan,5.5,144.0,29.9335,31.3107,True,Maritime Blockade Threats
EVT-00373,2025-05-12,Bab el-Mandeb / Red Sea,Naval Mine Detonation,Critical,LPG Carrier,Greece,262.2,894.0,13.0158,43.6735,True,Maritime Blockade Threats
EVT-00374,2025-05-13,Bab el-Mandeb / Red Sea,Port Closure (Military),Critical,VLCC,Malta,131.7,39.0,13.0455,42.8626,True,Maritime Blockade Threats
EVT-00375,2025-05-13,Suez Canal,Port Closure (Military),Critical,VLCC,Bahamas,18.1,1278.0,30.6592,31.9026,True,Maritime Blockade Threats
EVT-00376,2025-05-13,Bab el-Mandeb / Red Sea,IRGC Fast-Boat Harassment,Moderate,Product Tanker,Marshall Islands,32.1,94.0,13.6322,42.6712,False,Maritime Blockade Threats
EVT-00377,2025-05-13,Strait of Hormuz,Coalition Naval Escort Delay,Minor,Product Tanker,Liberia,9.9,3.0,27.2522,56.0294,False,Maritime Blockade Threats
EVT-00378,2025-05-14,Persian Gulf – East China Sea,Military Blockade Enforcement,Moderate,LPG Carrier,Panama,32.3,192.0,30.2732,80.1673,False,Maritime Blockade Threats
EVT-00379,2025-05-16,Bab el-Mandeb / Red Sea,Insurance No-Go Zone Declaration,Minor,Container Ship,Panama,21.3,8.0,13.1124,44.2733,False,Maritime Blockade Threats
EVT-00380,2025-05-17,Strait of Malacca,Cyber-Attack on Port Systems,Minor,Product Tanker,China,2.5,85.0,2.185,101.8534,False,Maritime Blockade Threats
EVT-00381,2025-05-17,Strait of Hormuz,Military Blockade Enforcement,Moderate,LNG Carrier,Liberia,14.8,99.0,26.9169,56.2252,False,Maritime Blockade Threats
EVT-00382,2025-05-17,Aden Gulf – Indian Ocean,Houthi Anti-Ship Missile,Minor,LNG Carrier,Panama,8.9,2.0,26.1272,89.4534,False,Maritime Blockade Threats
EVT-00383,2025-05-18,Bab el-Mandeb / Red Sea,Military Blockade Enforcement,Moderate,Product Tanker,China,54.1,93.0,13.7357,42.5696,True,Maritime Blockade Threats
EVT-00384,2025-05-19,Strait of Hormuz,Unexploded Ordnance Discovery,Severe,LPG Carrier,Liberia,35.6,1565.0,27.1472,56.2374,True,Maritime Blockade Threats
EVT-00385,2025-05-20,Bab el-Mandeb / Red Sea,GPS Spoofing / Jamming Incident,Severe,LNG Carrier,Hong Kong,49.1,263.0,12.6306,42.788,True,Maritime Blockade Threats
EVT-00386,2025-05-20,Strait of Hormuz,Piracy / Armed Boarding,Critical,Container Ship,Bahamas,55.5,950.0,26.9068,57.1433,True,Maritime Blockade Threats
EVT-00387,2025-05-21,Persian Gulf – Sea of Japan,Houthi Anti-Ship Missile,Minor,LNG Carrier,China,8.5,8.0,12.8744,115.8561,False,Maritime Blockade Threats
EVT-00388,2025-05-21,Persian Gulf – East China Sea,Oil Spill from Damaged Tanker,Critical,Product Tanker,Liberia,104.8,2507.0,15.5492,65.4875,True,Maritime Blockade Threats
EVT-00389,2025-05-22,Bab el-Mandeb / Red Sea,GPS Spoofing / Jamming Incident,Severe,Container Ship,Bahamas,94.1,21.0,13.469,43.507,True,Maritime Blockade Threats
EVT-00390,2025-05-23,Bab el-Mandeb / Red Sea,Insurance No-Go Zone Declaration,Minor,Aframax,Hong Kong,7.7,60.0,13.6276,43.0145,False,Maritime Blockade Threats
EVT-00391,2025-05-23,Bab el-Mandeb / Red Sea,Unexploded Ordnance Discovery,Minor,Aframax,Panama,2.5,39.0,13.235,43.2484,True,Maritime Blockade Threats
EVT-00392,2025-05-25,Persian Gulf – East China Sea,Naval Mine Detonation,Moderate,Container Ship,Japan,12.3,61.0,28.6567,42.5634,True,Maritime Blockade Threats
EVT-00393,2025-05-25,Strait of Hormuz,Cyber-Attack on Port Systems,Moderate,Bulk Carrier,China,2.8,4.0,27.362,56.428,False,Maritime Blockade Threats
EVT-00394,2025-05-25,Bab el-Mandeb / Red Sea,Insurance No-Go Zone Declaration,Minor,Product Tanker,Japan,9.1,205.0,12.0855,42.53,False,Maritime Blockade Threats
EVT-00395,2025-05-26,Bab el-Mandeb / Red Sea,Maritime Corridor Suspension,Moderate,Product Tanker,Liberia,8.0,97.0,13.2688,43.8595,False,Maritime Blockade Threats
EVT-00396,2025-05-26,Bab el-Mandeb / Red Sea,Cyber-Attack on Port Systems,Severe,Container Ship,Malta,6.2,240.0,13.3127,43.4585,True,Maritime Blockade Threats
EVT-00397,2025-05-26,Bab el-Mandeb / Red Sea,Missile Attack on Tanker,Moderate,Container Ship,Malta,0.2,64.0,13.4285,43.9033,False,Maritime Blockade Threats
EVT-00398,2025-05-26,Bab el-Mandeb / Red Sea,GPS Spoofing / Jamming Incident,Moderate,Product Tanker,Greece,4.5,235.0,13.0154,43.4258,True,Maritime Blockade Threats
EVT-00399,2025-05-26,Bab el-Mandeb / Red Sea,IRGC Fast-Boat Harassment,Moderate,LNG Carrier,Liberia,17.4,100.0,11.9688,43.8964,False,Maritime Blockade Threats
EVT-00400,2025-05-27,Strait of Hormuz,GPS Spoofing / Jamming Incident,Severe,Bulk Carrier,Liberia,180.0,605.0,27.1964,56.5416,True,Maritime Blockade Threats
EVT-00401,2025-05-28,Bab el-Mandeb / Red Sea,GPS Spoofing / Jamming Incident,Minor,LNG Carrier,Bahamas,8.4,209.0,13.2533,43.5129,False,Maritime Blockade Threats
EVT-00402,2025-05-28,Strait of Hormuz,Missile Attack on Tanker,Minor,Suezmax,China,16.4,42.0,26.4991,55.6986,True,Maritime Blockade Threats
EVT-00403,2025-05-28,Strait of Hormuz,Missile Attack on Tanker,Minor,LNG Carrier,Malta,4.7,36.0,25.5544,56.2734,False,Maritime Blockade Threats
EVT-00404,2025-05-29,Strait of Hormuz,Insurance No-Go Zone Declaration,Moderate,Bulk Carrier,Greece,1.3,144.0,26.7064,55.4773,False,Maritime Blockade Threats
EVT-00405,2025-05-29,Arabian Sea – South China Sea,Houthi Anti-Ship Missile,Moderate,Container Ship,Greece,29.6,226.0,28.636,77.7608,False,Maritime Blockade Threats
EVT-00406,2025-05-29,Strait of Hormuz,Unexploded Ordnance Discovery,Critical,Product Tanker,China,51.7,98.0,26.5153,56.4446,True,Maritime Blockade Threats
EVT-00407,2025-05-30,Persian Gulf – Bay of Bengal,Maritime Corridor Suspension,Minor,LNG Carrier,Japan,6.0,158.0,14.4088,95.5179,True,Maritime Blockade Threats
EVT-00408,2025-05-30,Bab el-Mandeb / Red Sea,Unexploded Ordnance Discovery,Critical,LPG Carrier,Malta,49.2,689.0,13.0092,43.652,True,Maritime Blockade Threats
EVT-00409,2025-05-31,Cape of Good Hope (reroute),Houthi Anti-Ship Missile,Critical,LNG Carrier,Malta,150.1,1492.0,-35.0512,17.8847,True,Maritime Blockade Threats
EVT-00410,2025-05-31,Persian Gulf – East China Sea,Maritime Corridor Suspension,Minor,LNG Carrier,Greece,2.7,15.0,18.7554,100.863,False,Maritime Blockade Threats
EVT-00411,2025-05-31,Bab el-Mandeb / Red Sea,Insurance No-Go Zone Declaration,Moderate,LPG Carrier,Greece,28.2,125.0,12.5701,42.687,True,Maritime Blockade Threats
EVT-00412,2025-06-01,Aden Gulf – Indian Ocean,Military Blockade Enforcement,Minor,Suezmax,Marshall Islands,2.5,4.0,30.7797,53.4104,False,Maritime Blockade Threats
EVT-00413,2025-06-01,Bab el-Mandeb / Red Sea,Coalition Naval Escort Delay,Minor,Bulk Carrier,Greece,10.7,104.0,11.928,42.8335,True,Maritime Blockade Threats
EVT-00414,2025-06-01,Strait of Hormuz,Houthi Anti-Ship Missile,Moderate,VLCC,Hong Kong,18.1,163.0,25.6518,56.3359,False,Maritime Blockade Threats
EVT-00415,2025-06-01,Strait of Hormuz,Houthi Anti-Ship Missile,Severe,Aframax,Japan,80.2,158.0,25.598,56.0605,True,Maritime Blockade Threats
EVT-00416,2025-06-01,Strait of Hormuz,GPS Spoofing / Jamming Incident,Critical,LNG Carrier,Liberia,136.7,3944.0,25.8874,56.3549,True,Maritime Blockade Threats
EVT-00417,2025-06-02,Aden Gulf – Indian Ocean,Military Blockade Enforcement,Severe,Container Ship,China,37.2,891.0,10.2416,104.1362,True,Maritime Blockade Threats
EVT-00418,2025-06-02,Strait of Hormuz,GPS Spoofing / Jamming Incident,Severe,LNG Carrier,Japan,16.8,133.0,26.3911,55.5825,True,Maritime Blockade Threats
EVT-00419,2025-06-02,Strait of Hormuz,Maritime Corridor Suspension,Minor,Container Ship,Greece,12.1,75.0,26.37,56.4753,False,Maritime Blockade Threats
EVT-00420,2025-06-02,Cape of Good Hope (reroute),Coalition Naval Escort Delay,Minor,Container Ship,Japan,5.2,38.0,-34.8312,17.5089,False,Maritime Blockade Threats
EVT-00421,2025-06-03,Strait of Hormuz,Drone Strike Near Vessel,Severe,Aframax,Malta,92.6,210.0,27.1844,56.8932,True,Maritime Blockade Threats
EVT-00422,2025-06-03,Strait of Malacca,Coalition Naval Escort Delay,Minor,LPG Carrier,Marshall Islands,3.3,92.0,2.927,100.8741,False,Maritime Blockade Threats
EVT-00423,2025-06-04,Persian Gulf – Bay of Bengal,Cyber-Attack on Port Systems,Minor,Product Tanker,Marshall Islands,5.4,64.0,21.9742,114.0294,False,Maritime Blockade Threats
EVT-00424,2025-06-04,Persian Gulf – East China Sea,IRGC Fast-Boat Harassment,Critical,LNG Carrier,Malta,154.2,120.0,14.8868,53.5972,True,Maritime Blockade Threats
EVT-00425,2025-06-04,Persian Gulf – Bay of Bengal,GPS Spoofing / Jamming Incident,Severe,VLCC,Marshall Islands,29.0,336.0,14.2032,87.2471,True,Maritime Blockade Threats
EVT-00426,2025-06-05,Bab el-Mandeb / Red Sea,Oil Spill from Damaged Tanker,Minor,Container Ship,Marshall Islands,0.5,86.0,11.8673,43.7723,False,Maritime Blockade Threats
EVT-00427,2025-06-05,Cape of Good Hope (reroute),Maritime Corridor Suspension,Moderate,LPG Carrier,Bahamas,2.2,74.0,-34.2804,18.2727,True,Maritime Blockade Threats
EVT-00428,2025-06-05,Bab el-Mandeb / Red Sea,Cyber-Attack on Port Systems,Critical,LNG Carrier,Panama,118.2,567.0,13.5573,44.1875,True,Maritime Blockade Threats
EVT-00429,2025-06-06,Strait of Hormuz,Missile Attack on Tanker,Severe,Bulk Carrier,Liberia,8.4,81.0,27.4866,56.7327,True,Maritime Blockade Threats
EVT-00430,2025-06-06,Bab el-Mandeb / Red Sea,Unexploded Ordnance Discovery,Moderate,Container Ship,Malta,45.2,270.0,12.195,42.7826,False,Maritime Blockade Threats
EVT-00431,2025-06-06,Strait of Hormuz,Unexploded Ordnance Discovery,Minor,LPG Carrier,Japan,7.7,9.0,25.6689,55.4817,False,Maritime Blockade Threats
EVT-00432,2025-06-08,Persian Gulf – Sea of Japan,Coalition Naval Escort Delay,Minor,Aframax,Marshall Islands,12.0,36.0,34.678,53.0327,False,Maritime Blockade Threats
EVT-00433,2025-06-08,Bab el-Mandeb / Red Sea,Missile Attack on Tanker,Moderate,Aframax,Singapore,54.9,280.0,12.2209,43.5352,False,Maritime Blockade Threats
EVT-00434,2025-06-08,Persian Gulf – East China Sea,Coalition Naval Escort Delay,Minor,Container Ship,China,7.0,19.0,5.5242,42.8983,False,Maritime Blockade Threats
EVT-00435,2025-06-09,Strait of Hormuz,GPS Spoofing / Jamming Incident,Moderate,Aframax,Marshall Islands,1.1,132.0,27.1022,55.7814,False,Maritime Blockade Threats
EVT-00436,2025-06-09,Bab el-Mandeb / Red Sea,IRGC Fast-Boat Harassment,Minor,LPG Carrier,Japan,1.3,177.0,12.9388,42.3554,False,Maritime Blockade Threats
EVT-00437,2025-06-09,Cape of Good Hope (reroute),Houthi Anti-Ship Missile,Minor,LPG Carrier,Malta,1.2,34.0,-34.3311,19.4799,True,Maritime Blockade Threats
EVT-00438,2025-06-09,Aden Gulf – Indian Ocean,GPS Spoofing / Jamming Incident,Moderate,Container Ship,China,40.2,19.0,18.7989,92.6753,False,Maritime Blockade Threats
EVT-00439,2025-06-10,Cape of Good Hope (reroute),Maritime Corridor Suspension,Severe,Suezmax,Greece,10.9,62.0,-33.7125,18.7839,True,Maritime Blockade Threats
EVT-00440,2025-06-11,Strait of Hormuz,Oil Spill from Damaged Tanker,Severe,Product Tanker,Liberia,36.4,1249.0,27.1437,55.353,True,Maritime Blockade Threats
EVT-00441,2025-06-12,Suez Canal,Insurance No-Go Zone Declaration,Severe,LNG Carrier,Panama,2.6,144.0,31.1262,31.5898,True,Maritime Blockade Threats
EVT-00442,2025-06-12,Suez Canal,Naval Mine Detonation,Moderate,Product Tanker,Japan,17.2,408.0,31.0708,32.4592,True,Maritime Blockade Threats
EVT-00443,2025-06-13,Bab el-Mandeb / Red Sea,Missile Attack on Tanker,Severe,Container Ship,Liberia,45.3,162.0,12.8497,44.0072,True,Maritime Blockade Threats
EVT-00444,2025-06-14,Aden Gulf – Indian Ocean,Port Closure (Military),Severe,LNG Carrier,Greece,21.7,329.0,31.3203,106.3924,True,Maritime Blockade Threats
EVT-00445,2025-06-14,Bab el-Mandeb / Red Sea,Military Blockade Enforcement,Minor,Aframax,Malta,9.4,29.0,13.1552,42.4416,False,Maritime Blockade Threats
EVT-00446,2025-06-14,Strait of Malacca,Oil Spill from Damaged Tanker,Moderate,Bulk Carrier,Singapore,18.0,98.0,2.329,102.5716,True,Maritime Blockade Threats
EVT-00447,2025-06-14,Strait of Hormuz,Piracy / Armed Boarding,Minor,Aframax,Greece,1.4,99.0,25.53,56.6101,False,Maritime Blockade Threats
EVT-00448,2025-06-15,Strait of Hormuz,Houthi Anti-Ship Missile,Minor,Container Ship,Marshall Islands,1.7,36.0,25.7933,56.7048,False,Maritime Blockade Threats
EVT-00449,2025-06-15,Aden Gulf – Indian Ocean,Port Closure (Military),Moderate,VLCC,Hong Kong,21.2,9.0,30.9438,115.0124,False,Maritime Blockade Threats
EVT-00450,2025-06-15,Strait of Hormuz,Drone Strike Near Vessel,Severe,Bulk Carrier,Marshall Islands,10.1,1446.0,25.7891,55.3734,True,Maritime Blockade Threats
EVT-00451,2025-06-15,Bab el-Mandeb / Red Sea,Cyber-Attack on Port Systems,Minor,Aframax,Marshall Islands,0.4,59.0,12.4564,43.8539,False,Maritime Blockade Threats
EVT-00452,2025-06-16,Arabian Sea – South China Sea,Naval Mine Detonation,Critical,Suezmax,Bahamas,43.0,1726.0,13.6942,106.7139,True,Maritime Blockade Threats
EVT-00453,2025-06-16,Arabian Sea – South China Sea,Piracy / Armed Boarding,Moderate,Bulk Carrier,Malta,11.4,13.0,28.0688,100.0235,False,Maritime Blockade Threats
EVT-00454,2025-06-16,Persian Gulf – East China Sea,Missile Attack on Tanker,Critical,Container Ship,Japan,78.0,1096.0,25.0403,46.5556,True,Maritime Blockade Threats
EVT-00455,2025-06-17,Strait of Malacca,Port Closure (Military),Severe,Container Ship,Japan,19.0,737.0,2.9986,102.2235,True,Maritime Blockade Threats
EVT-00456,2025-06-17,Cape of Good Hope (reroute),Port Closure (Military),Severe,LNG Carrier,Marshall Islands,50.2,30.0,-33.5609,18.7381,True,Maritime Blockade Threats
EVT-00457,2025-06-18,Suez Canal,Insurance No-Go Zone Declaration,Severe,Bulk Carrier,Panama,26.5,430.0,30.2234,33.186,True,Maritime Blockade Threats
EVT-00458,2025-06-19,Suez Canal,Drone Strike Near Vessel,Minor,Bulk Carrier,Malta,1.7,45.0,30.5671,31.9086,False,Maritime Blockade Threats
EVT-00459,2025-06-19,Persian Gulf – Sea of Japan,Missile Attack on Tanker,Severe,Suezmax,Bahamas,51.5,695.0,23.0482,112.4265,True,Maritime Blockade Threats
EVT-00460,2025-06-19,Suez Canal,Piracy / Armed Boarding,Severe,LPG Carrier,Hong Kong,48.8,40.0,31.3203,31.4317,True,Maritime Blockade Threats
EVT-00461,2025-06-20,Persian Gulf – Sea of Japan,Port Closure (Military),Moderate,LNG Carrier,Greece,9.8,987.0,8.7547,40.2315,False,Maritime Blockade Threats
EVT-00462,2025-06-20,Suez Canal,Drone Strike Near Vessel,Severe,Bulk Carrier,Greece,95.7,374.0,30.6096,31.8871,True,Maritime Blockade Threats
EVT-00463,2025-06-21,Strait of Malacca,Military Blockade Enforcement,Severe,LPG Carrier,Marshall Islands,35.0,389.0,1.6304,101.5303,True,Maritime Blockade Threats
EVT-00464,2025-06-22,Strait of Hormuz,Oil Spill from Damaged Tanker,Moderate,Product Tanker,Bahamas,20.9,26.0,27.1049,56.4857,True,Maritime Blockade Threats
EVT-00465,2025-06-23,Bab el-Mandeb / Red Sea,GPS Spoofing / Jamming Incident,Moderate,Bulk Carrier,Malta,48.4,150.0,12.0633,43.2922,False,Maritime Blockade Threats
EVT-00466,2025-06-23,Bab el-Mandeb / Red Sea,Houthi Anti-Ship Missile,Minor,Bulk Carrier,Greece,4.8,65.0,12.3784,42.5708,False,Maritime Blockade Threats
EVT-00467,2025-06-24,Strait of Hormuz,Houthi Anti-Ship Missile,Minor,LNG Carrier,Bahamas,4.2,124.0,26.2751,55.4683,False,Maritime Blockade Threats
EVT-00468,2025-06-24,Bab el-Mandeb / Red Sea,Missile Attack on Tanker,Severe,LPG Carrier,Hong Kong,162.6,886.0,12.0441,43.438,True,Maritime Blockade Threats
EVT-00469,2025-06-24,Bab el-Mandeb / Red Sea,Drone Strike Near Vessel,Moderate,Suezmax,Japan,2.0,13.0,11.9445,43.176,False,Maritime Blockade Threats
EVT-00470,2025-06-25,Strait of Hormuz,Port Closure (Military),Minor,Aframax,Panama,15.3,50.0,25.9602,56.9334,False,Maritime Blockade Threats
EVT-00471,2025-06-25,Strait of Hormuz,Cyber-Attack on Port Systems,Severe,LPG Carrier,China,45.7,11.0,25.8791,56.6905,True,Maritime Blockade Threats
EVT-00472,2025-06-25,Strait of Hormuz,Drone Strike Near Vessel,Minor,Product Tanker,Japan,5.4,46.0,26.1426,56.8559,False,Maritime Blockade Threats
EVT-00473,2025-06-26,Bab el-Mandeb / Red Sea,Houthi Anti-Ship Missile,Severe,LPG Carrier,Singapore,45.4,300.0,13.0482,43.9759,True,Maritime Blockade Threats
EVT-00474,2025-06-26,Arabian Sea – South China Sea,Drone Strike Near Vessel,Moderate,Bulk Carrier,Singapore,9.0,22.0,22.0597,44.7796,False,Maritime Blockade Threats
EVT-00475,2025-06-29,Bab el-Mandeb / Red Sea,Naval Mine Detonation,Minor,Bulk Carrier,Marshall Islands,0.9,25.0,12.5469,43.8792,False,Maritime Blockade Threats
EVT-00476,2025-06-29,Suez Canal,Cyber-Attack on Port Systems,Severe,Product Tanker,Malta,99.4,266.0,29.5879,32.0021,True,Maritime Blockade Threats
EVT-00477,2025-06-30,Strait of Hormuz,Insurance No-Go Zone Declaration,Moderate,Aframax,Bahamas,10.2,52.0,26.2149,56.4228,False,Maritime Blockade Threats
EVT-00478,2025-07-01,Strait of Hormuz,Missile Attack on Tanker,Minor,Aframax,Bahamas,2.3,207.0,26.67,56.9509,False,Peak Disruption
EVT-00479,2025-07-01,Strait of Hormuz,Military Blockade Enforcement,Moderate,Product Tanker,Greece,32.1,5.0,26.8507,56.5117,False,Peak Disruption
EVT-00480,2025-07-01,Bab el-Mandeb / Red Sea,Insurance No-Go Zone Declaration,Moderate,Suezmax,Bahamas,34.6,63.0,12.1025,43.3139,False,Peak Disruption
EVT-00481,2025-07-02,Bab el-Mandeb / Red Sea,Piracy / Armed Boarding,Minor,LPG Carrier,Japan,1.1,10.0,13.5352,42.6473,False,Peak Disruption
EVT-00482,2025-07-02,Strait of Hormuz,Houthi Anti-Ship Missile,Moderate,VLCC,China,12.9,72.0,26.2099,56.0752,False,Peak Disruption
EVT-00483,2025-07-02,Strait of Hormuz,Coalition Naval Escort Delay,Severe,Bulk Carrier,China,255.1,94.0,25.9934,56.3177,True,Peak Disruption
EVT-00484,2025-07-03,Strait of Malacca,Insurance No-Go Zone Declaration,Critical,LPG Carrier,China,135.5,2899.0,2.8528,101.463,True,Peak Disruption
EVT-00485,2025-07-03,Bab el-Mandeb / Red Sea,Houthi Anti-Ship Missile,Minor,Container Ship,China,10.4,28.0,12.5451,43.8979,True,Peak Disruption
EVT-00486,2025-07-03,Bab el-Mandeb / Red Sea,Coalition Naval Escort Delay,Minor,LPG Carrier,Japan,0.1,26.0,13.5815,43.2139,True,Peak Disruption
EVT-00487,2025-07-04,Persian Gulf – East China Sea,Coalition Naval Escort Delay,Minor,Container Ship,Malta,9.2,52.0,26.8347,85.9103,False,Peak Disruption
EVT-00488,2025-07-05,Bab el-Mandeb / Red Sea,GPS Spoofing / Jamming Incident,Moderate,Bulk Carrier,Hong Kong,13.0,136.0,12.5277,43.3377,False,Peak Disruption
EVT-00489,2025-07-05,Aden Gulf – Indian Ocean,Drone Strike Near Vessel,Moderate,Product Tanker,Panama,1.3,58.0,7.2427,50.8253,False,Peak Disruption
EVT-00490,2025-07-05,Persian Gulf – Sea of Japan,Piracy / Armed Boarding,Moderate,Container Ship,Singapore,1.3,133.0,34.4682,97.1286,False,Peak Disruption
EVT-00491,2025-07-05,Strait of Malacca,Houthi Anti-Ship Missile,Severe,Bulk Carrier,Panama,113.1,305.0,2.7008,102.6458,True,Peak Disruption
EVT-00492,2025-07-06,Bab el-Mandeb / Red Sea,Piracy / Armed Boarding,Severe,Suezmax,Singapore,92.8,189.0,13.5933,43.2908,True,Peak Disruption
EVT-00493,2025-07-06,Bab el-Mandeb / Red Sea,Coalition Naval Escort Delay,Minor,Bulk Carrier,China,3.2,3.0,11.82,42.3796,True,Peak Disruption
EVT-00494,2025-07-07,Strait of Hormuz,Piracy / Armed Boarding,Severe,Aframax,Hong Kong,7.5,17.0,26.9426,57.0897,True,Peak Disruption
EVT-00495,2025-07-07,Suez Canal,Insurance No-Go Zone Declaration,Minor,VLCC,Greece,3.6,17.0,30.0424,31.3814,False,Peak Disruption
EVT-00496,2025-07-07,Bab el-Mandeb / Red Sea,IRGC Fast-Boat Harassment,Moderate,LPG Carrier,China,17.2,231.0,13.3748,43.4424,False,Peak Disruption
EVT-00497,2025-07-07,Strait of Hormuz,Cyber-Attack on Port Systems,Severe,LPG Carrier,Malta,106.5,934.0,26.4388,57.275,True,Peak Disruption
EVT-00498,2025-07-08,Strait of Hormuz,Cyber-Attack on Port Systems,Minor,Container Ship,Panama,14.0,95.0,27.1554,56.0234,False,Peak Disruption
EVT-00499,2025-07-09,Aden Gulf – Indian Ocean,Drone Strike Near Vessel,Severe,Bulk Carrier,Bahamas,36.1,430.0,12.1823,114.0162,True,Peak Disruption
EVT-00500,2025-07-09,Persian Gulf – East China Sea,Houthi Anti-Ship Missile,Minor,LNG Carrier,Japan,15.2,85.0,4.9873,63.7242,True,Peak Disruption
EVT-00501,2025-07-10,Bab el-Mandeb / Red Sea,Piracy / Armed Boarding,Severe,LNG Carrier,China,23.2,84.0,11.9832,43.7188,True,Peak Disruption
EVT-00502,2025-07-10,Suez Canal,Port Closure (Military),Moderate,Suezmax,Bahamas,67.9,33.0,30.312,32.4592,False,Peak Disruption
EVT-00503,2025-07-11,Strait of Hormuz,Port Closure (Military),Minor,Suezmax,Panama,10.9,36.0,25.9584,57.2791,False,Peak Disruption
EVT-00504,2025-07-11,Bab el-Mandeb / Red Sea,Insurance No-Go Zone Declaration,Minor,Bulk Carrier,Malta,0.6,74.0,12.3236,44.0657,False,Peak Disruption
EVT-00505,2025-07-11,Strait of Hormuz,Unexploded Ordnance Discovery,Minor,Bulk Carrier,Greece,4.5,1.0,25.9707,55.4745,False,Peak Disruption
EVT-00506,2025-07-11,Bab el-Mandeb / Red Sea,Port Closure (Military),Moderate,Bulk Carrier,Japan,3.8,205.0,12.1747,44.2547,True,Peak Disruption
EVT-00507,2025-07-11,Strait of Malacca,Drone Strike Near Vessel,Minor,VLCC,Marshall Islands,1.3,55.0,2.7775,102.5459,False,Peak Disruption
EVT-00508,2025-07-12,Strait of Hormuz,Oil Spill from Damaged Tanker,Moderate,LNG Carrier,Panama,5.4,105.0,27.3357,55.717,False,Peak Disruption
EVT-00509,2025-07-13,Cape of Good Hope (reroute),Insurance No-Go Zone Declaration,Critical,Bulk Carrier,Liberia,104.1,224.0,-33.9145,18.0845,True,Peak Disruption
EVT-00510,2025-07-13,Strait of Hormuz,Coalition Naval Escort Delay,Minor,Product Tanker,Marshall Islands,10.9,17.0,27.0568,56.5504,False,Peak Disruption
EVT-00511,2025-07-13,Persian Gulf – Sea of Japan,Unexploded Ordnance Discovery,Severe,Aframax,Panama,91.7,842.0,23.2653,64.768,True,Peak Disruption
EVT-00512,2025-07-13,Strait of Malacca,Unexploded Ordnance Discovery,Moderate,LNG Carrier,Singapore,10.0,50.0,2.9332,100.8087,False,Peak Disruption
EVT-00513,2025-07-15,Strait of Hormuz,Port Closure (Military),Minor,Suezmax,Hong Kong,2.5,27.0,25.8286,55.4798,False,Peak Disruption
EVT-00514,2025-07-15,Bab el-Mandeb / Red Sea,Insurance No-Go Zone Declaration,Minor,Product Tanker,Panama,1.4,24.0,12.5259,43.2374,True,Peak Disruption
EVT-00515,2025-07-15,Strait of Hormuz,Naval Mine Detonation,Minor,VLCC,Bahamas,13.2,60.0,26.2827,57.2521,False,Peak Disruption
EVT-00516,2025-07-16,Bab el-Mandeb / Red Sea,Missile Attack on Tanker,Minor,Container Ship,Malta,15.2,68.0,12.8695,43.4928,False,Peak Disruption
EVT-00517,2025-07-16,Suez Canal,Oil Spill from Damaged Tanker,Severe,Aframax,Japan,76.1,192.0,30.331,33.0809,True,Peak Disruption
EVT-00518,2025-07-16,Strait of Hormuz,Missile Attack on Tanker,Critical,Bulk Carrier,Panama,110.8,381.0,25.5833,56.1054,True,Peak Disruption
EVT-00519,2025-07-16,Strait of Hormuz,Insurance No-Go Zone Declaration,Moderate,Product Tanker,Liberia,141.7,310.0,26.205,55.6071,True,Peak Disruption
EVT-00520,2025-07-17,Persian Gulf – Bay of Bengal,Naval Mine Detonation,Moderate,LPG Carrier,China,6.9,56.0,17.3633,94.9595,True,Peak Disruption
EVT-00521,2025-07-17,Suez Canal,Drone Strike Near Vessel,Moderate,LPG Carrier,Bahamas,30.9,30.0,30.4592,31.863,False,Peak Disruption
EVT-00522,2025-07-17,Persian Gulf – East China Sea,Military Blockade Enforcement,Minor,Aframax,Malta,0.7,27.0,34.3931,117.1126,False,Peak Disruption
EVT-00523,2025-07-17,Aden Gulf – Indian Ocean,Military Blockade Enforcement,Severe,Aframax,Greece,38.3,1206.0,28.5286,83.1686,True,Peak Disruption
EVT-00524,2025-07-18,Strait of Hormuz,Oil Spill from Damaged Tanker,Critical,LNG Carrier,Singapore,143.3,55.0,25.6613,55.8449,True,Peak Disruption
EVT-00525,2025-07-18,Persian Gulf – East China Sea,IRGC Fast-Boat Harassment,Minor,Suezmax,Panama,8.4,35.0,6.1859,80.4064,False,Peak Disruption
EVT-00526,2025-07-19,Strait of Hormuz,Maritime Corridor Suspension,Minor,Aframax,Hong Kong,15.9,17.0,26.2729,57.2476,False,Peak Disruption
EVT-00527,2025-07-19,Arabian Sea – South China Sea,Military Blockade Enforcement,Severe,Suezmax,Singapore,56.9,287.0,6.8648,99.2518,True,Peak Disruption
EVT-00528,2025-07-19,Bab el-Mandeb / Red Sea,Insurance No-Go Zone Declaration,Moderate,Aframax,Liberia,21.6,194.0,13.1394,43.5696,True,Peak Disruption
EVT-00529,2025-07-19,Cape of Good Hope (reroute),Military Blockade Enforcement,Critical,Container Ship,Greece,62.6,1067.0,-33.6505,17.5021,True,Peak Disruption
EVT-00530,2025-07-20,Cape of Good Hope (reroute),Maritime Corridor Suspension,Moderate,Product Tanker,Liberia,10.3,207.0,-33.655,18.6157,False,Peak Disruption
EVT-00531,2025-07-20,Persian Gulf – East China Sea,Missile Attack on Tanker,Moderate,Container Ship,Malta,4.5,12.0,26.7663,100.4553,True,Peak Disruption
EVT-00532,2025-07-20,Strait of Hormuz,Coalition Naval Escort Delay,Severe,Suezmax,Liberia,15.5,2161.0,25.9656,56.4655,True,Peak Disruption
EVT-00533,2025-07-20,Bab el-Mandeb / Red Sea,Naval Mine Detonation,Moderate,Container Ship,Hong Kong,10.3,183.0,11.9109,43.9675,True,Peak Disruption
EVT-00534,2025-07-20,Strait of Malacca,Insurance No-Go Zone Declaration,Severe,Aframax,Liberia,2.6,766.0,1.9645,101.598,True,Peak Disruption
EVT-00535,2025-07-20,Persian Gulf – Bay of Bengal,Drone Strike Near Vessel,Severe,Suezmax,Marshall Islands,62.6,149.0,24.5074,85.5144,True,Peak Disruption
EVT-00536,2025-07-20,Strait of Malacca,Oil Spill from Damaged Tanker,Critical,Suezmax,Bahamas,22.4,766.0,3.211,102.416,True,Peak Disruption
EVT-00537,2025-07-21,Suez Canal,IRGC Fast-Boat Harassment,Minor,LPG Carrier,Liberia,0.7,15.0,30.53,32.5594,False,Peak Disruption
EVT-00538,2025-07-21,Bab el-Mandeb / Red Sea,Military Blockade Enforcement,Moderate,LPG Carrier,Panama,11.7,195.0,12.9856,42.9155,False,Peak Disruption
EVT-00539,2025-07-21,Strait of Hormuz,Unexploded Ordnance Discovery,Critical,LPG Carrier,Singapore,9.0,206.0,25.9783,56.7655,True,Peak Disruption
EVT-00540,2025-07-21,Suez Canal,GPS Spoofing / Jamming Incident,Moderate,Suezmax,Liberia,3.9,128.0,30.0884,32.9991,False,Peak Disruption
EVT-00541,2025-07-22,Bab el-Mandeb / Red Sea,Houthi Anti-Ship Missile,Minor,Bulk Carrier,Japan,19.4,11.0,12.3024,43.2854,False,Peak Disruption
EVT-00542,2025-07-22,Cape of Good Hope (reroute),Missile Attack on Tanker,Severe,LPG Carrier,Panama,16.6,429.0,-34.5585,19.4928,True,Peak Disruption
EVT-00543,2025-07-22,Cape of Good Hope (reroute),Oil Spill from Damaged Tanker,Minor,Suezmax,Japan,5.6,1.0,-35.1721,17.5013,True,Peak Disruption
EVT-00544,2025-07-22,Strait of Malacca,GPS Spoofing / Jamming Incident,Minor,VLCC,Liberia,6.9,4.0,3.3674,101.8369,False,Peak Disruption
EVT-00545,2025-07-22,Persian Gulf – East China Sea,IRGC Fast-Boat Harassment,Severe,Aframax,Panama,199.7,226.0,8.2189,58.6584,True,Peak Disruption
EVT-00546,2025-07-23,Strait of Hormuz,Piracy / Armed Boarding,Moderate,LPG Carrier,Marshall Islands,10.3,17.0,27.1193,55.9422,True,Peak Disruption
EVT-00547,2025-07-25,Strait of Hormuz,Insurance No-Go Zone Declaration,Minor,Product Tanker,Hong Kong,0.8,5.0,25.8677,55.8398,True,Peak Disruption
EVT-00548,2025-07-26,Strait of Hormuz,Unexploded Ordnance Discovery,Moderate,Bulk Carrier,Panama,26.5,45.0,26.2429,57.2651,False,Peak Disruption
EVT-00549,2025-07-27,Strait of Hormuz,Naval Mine Detonation,Moderate,VLCC,Panama,114.1,360.0,27.1894,56.8506,True,Peak Disruption
EVT-00550,2025-07-27,Strait of Hormuz,Insurance No-Go Zone Declaration,Moderate,Container Ship,Singapore,11.0,83.0,26.0652,56.8891,True,Peak Disruption
EVT-00551,2025-07-27,Persian Gulf – Sea of Japan,Coalition Naval Escort Delay,Severe,VLCC,Liberia,80.8,267.0,16.22,41.7028,True,Peak Disruption
EVT-00552,2025-07-27,Bab el-Mandeb / Red Sea,Maritime Corridor Suspension,Minor,Suezmax,Panama,11.3,163.0,11.8551,44.2479,True,Peak Disruption
EVT-00553,2025-07-28,Strait of Hormuz,Coalition Naval Escort Delay,Moderate,Bulk Carrier,Marshall Islands,54.2,250.0,26.5266,55.3697,True,Peak Disruption
EVT-00554,2025-07-29,Cape of Good Hope (reroute),Coalition Naval Escort Delay,Severe,LPG Carrier,China,24.2,342.0,-34.4276,18.7768,True,Peak Disruption
EVT-00555,2025-07-30,Persian Gulf – Bay of Bengal,IRGC Fast-Boat Harassment,Minor,Aframax,China,10.4,221.0,11.5215,96.9023,False,Peak Disruption
EVT-00556,2025-07-31,Suez Canal,Drone Strike Near Vessel,Severe,LNG Carrier,China,82.6,285.0,30.0217,33.158,True,Peak Disruption
EVT-00557,2025-08-01,Aden Gulf – Indian Ocean,Cyber-Attack on Port Systems,Minor,Aframax,Bahamas,0.4,198.0,20.5401,56.5738,False,Peak Disruption
EVT-00558,2025-08-01,Bab el-Mandeb / Red Sea,Drone Strike Near Vessel,Moderate,Product Tanker,China,7.4,39.0,13.3213,44.1319,False,Peak Disruption
EVT-00559,2025-08-02,Strait of Hormuz,Piracy / Armed Boarding,Minor,Product Tanker,Liberia,1.0,98.0,27.0968,56.6368,False,Peak Disruption
EVT-00560,2025-08-02,Persian Gulf – East China Sea,Coalition Naval Escort Delay,Moderate,Product Tanker,Malta,13.3,4.0,17.296,45.6047,False,Peak Disruption
EVT-00561,2025-08-02,Persian Gulf – East China Sea,Oil Spill from Damaged Tanker,Severe,Bulk Carrier,China,6.5,364.0,30.4043,50.6465,True,Peak Disruption
EVT-00562,2025-08-02,Suez Canal,Insurance No-Go Zone Declaration,Moderate,LPG Carrier,Bahamas,3.7,194.0,31.211,32.2218,False,Peak Disruption
EVT-00563,2025-08-02,Persian Gulf – Sea of Japan,Missile Attack on Tanker,Minor,Bulk Carrier,Greece,10.9,53.0,32.1545,83.8322,False,Peak Disruption
EVT-00564,2025-08-02,Strait of Hormuz,Unexploded Ordnance Discovery,Severe,Bulk Carrier,Malta,120.5,18.0,26.0609,56.7299,True,Peak Disruption
EVT-00565,2025-08-03,Cape of Good Hope (reroute),Missile Attack on Tanker,Critical,VLCC,Panama,88.4,1202.0,-34.993,19.4139,True,Peak Disruption
EVT-00566,2025-08-04,Persian Gulf – East China Sea,Missile Attack on Tanker,Moderate,LNG Carrier,Hong Kong,1.8,27.0,29.6407,64.3124,False,Peak Disruption
EVT-00567,2025-08-04,Suez Canal,Maritime Corridor Suspension,Moderate,Bulk Carrier,Malta,5.2,275.0,30.7817,33.2734,True,Peak Disruption
EVT-00568,2025-08-04,Bab el-Mandeb / Red Sea,Maritime Corridor Suspension,Minor,LPG Carrier,Hong Kong,1.9,8.0,13.0225,42.4184,False,Peak Disruption
EVT-00569,2025-08-04,Bab el-Mandeb / Red Sea,Military Blockade Enforcement,Minor,Suezmax,Malta,11.6,129.0,12.1055,43.2653,False,Peak Disruption
EVT-00570,2025-08-04,Bab el-Mandeb / Red Sea,Drone Strike Near Vessel,Severe,VLCC,Singapore,59.8,1009.0,13.2994,42.4562,True,Peak Disruption
EVT-00571,2025-08-04,Cape of Good Hope (reroute),Missile Attack on Tanker,Critical,Bulk Carrier,Malta,50.2,1106.0,-34.8866,18.0442,True,Peak Disruption
EVT-00572,2025-08-05,Strait of Hormuz,GPS Spoofing / Jamming Incident,Minor,VLCC,Japan,12.3,67.0,26.1668,57.2379,False,Peak Disruption
EVT-00573,2025-08-06,Persian Gulf – Sea of Japan,Oil Spill from Damaged Tanker,Moderate,VLCC,Singapore,28.7,147.0,35.0873,95.2081,False,Peak Disruption
EVT-00574,2025-08-06,Persian Gulf – Bay of Bengal,IRGC Fast-Boat Harassment,Minor,LPG Carrier,Bahamas,0.2,65.0,33.4163,41.8827,False,Peak Disruption
EVT-00575,2025-08-06,Strait of Malacca,IRGC Fast-Boat Harassment,Moderate,Bulk Carrier,Marshall Islands,37.7,5.0,3.1696,100.9186,True,Peak Disruption
EVT-00576,2025-08-07,Strait of Hormuz,Coalition Naval Escort Delay,Minor,Suezmax,Bahamas,15.4,10.0,26.2378,56.0109,False,Peak Disruption
EVT-00577,2025-08-07,Persian Gulf – East China Sea,Oil Spill from Damaged Tanker,Minor,Aframax,Bahamas,4.8,9.0,12.8877,43.9473,False,Peak Disruption
EVT-00578,2025-08-07,Strait of Hormuz,Military Blockade Enforcement,Moderate,LNG Carrier,Bahamas,82.4,393.0,27.2475,56.2583,False,Peak Disruption
EVT-00579,2025-08-07,Suez Canal,Military Blockade Enforcement,Moderate,Product Tanker,Hong Kong,17.6,88.0,29.7878,31.6602,False,Peak Disruption
EVT-00580,2025-08-07,Strait of Hormuz,Port Closure (Military),Critical,Container Ship,Japan,123.6,607.0,26.3808,56.9939,True,Peak Disruption
EVT-00581,2025-08-08,Cape of Good Hope (reroute),Unexploded Ordnance Discovery,Minor,Aframax,Greece,1.0,2.0,-33.5542,17.7322,False,Peak Disruption
EVT-00582,2025-08-08,Persian Gulf – East China Sea,Coalition Naval Escort Delay,Moderate,LNG Carrier,Hong Kong,26.7,672.0,26.8718,58.3134,False,Peak Disruption
EVT-00583,2025-08-08,Persian Gulf – Bay of Bengal,GPS Spoofing / Jamming Incident,Severe,Aframax,Singapore,70.0,332.0,22.6455,70.3711,True,Peak Disruption
EVT-00584,2025-08-08,Bab el-Mandeb / Red Sea,Oil Spill from Damaged Tanker,Minor,Product Tanker,Liberia,3.8,18.0,13.0349,43.6482,False,Peak Disruption
EVT-00585,2025-08-09,Bab el-Mandeb / Red Sea,Insurance No-Go Zone Declaration,Moderate,Suezmax,Panama,27.0,81.0,13.5323,43.6945,False,Peak Disruption
EVT-00586,2025-08-09,Strait of Hormuz,Port Closure (Military),Moderate,LPG Carrier,Greece,2.5,29.0,26.535,56.6763,False,Peak Disruption
EVT-00587,2025-08-09,Bab el-Mandeb / Red Sea,Coalition Naval Escort Delay,Minor,Aframax,Japan,9.9,9.0,13.5852,42.5676,False,Peak Disruption
EVT-00588,2025-08-09,Strait of Hormuz,Port Closure (Military),Moderate,LNG Carrier,Marshall Islands,38.5,299.0,27.1766,56.7864,True,Peak Disruption
EVT-00589,2025-08-09,Bab el-Mandeb / Red Sea,Drone Strike Near Vessel,Severe,VLCC,China,297.8,1183.0,12.1674,43.1656,True,Peak Disruption
EVT-00590,2025-08-10,Bab el-Mandeb / Red Sea,Insurance No-Go Zone Declaration,Severe,VLCC,Marshall Islands,38.1,805.0,12.1798,42.6545,True,Peak Disruption
EVT-00591,2025-08-11,Bab el-Mandeb / Red Sea,GPS Spoofing / Jamming Incident,Severe,Aframax,Liberia,9.6,442.0,13.74,43.6126,True,Peak Disruption
EVT-00592,2025-08-11,Persian Gulf – Bay of Bengal,Drone Strike Near Vessel,Critical,LPG Carrier,Hong Kong,196.1,264.0,4.9838,113.9835,True,Peak Disruption
EVT-00593,2025-08-11,Cape of Good Hope (reroute),Houthi Anti-Ship Missile,Minor,LNG Carrier,China,10.4,0.0,-33.8389,18.8318,False,Peak Disruption
EVT-00594,2025-08-11,Suez Canal,IRGC Fast-Boat Harassment,Severe,Product Tanker,Malta,139.6,253.0,30.9523,32.6663,True,Peak Disruption
EVT-00595,2025-08-12,Aden Gulf – Indian Ocean,Piracy / Armed Boarding,Severe,Aframax,Panama,102.0,713.0,18.9317,59.3598,True,Peak Disruption
EVT-00596,2025-08-13,Bab el-Mandeb / Red Sea,Port Closure (Military),Severe,Container Ship,Japan,175.6,217.0,12.232,42.6004,True,Peak Disruption
EVT-00597,2025-08-13,Bab el-Mandeb / Red Sea,Naval Mine Detonation,Moderate,LNG Carrier,Japan,3.4,449.0,13.7477,43.8427,False,Peak Disruption
EVT-00598,2025-08-13,Bab el-Mandeb / Red Sea,IRGC Fast-Boat Harassment,Severe,Product Tanker,Bahamas,113.6,1116.0,12.0923,44.1111,True,Peak Disruption
EVT-00599,2025-08-14,Persian Gulf – Sea of Japan,Oil Spill from Damaged Tanker,Severe,Container Ship,Panama,50.3,263.0,6.5523,109.2101,True,Peak Disruption
EVT-00600,2025-08-14,Persian Gulf – Sea of Japan,Coalition Naval Escort Delay,Critical,Suezmax,Singapore,130.7,714.0,6.7705,40.6523,True,Peak Disruption
EVT-00601,2025-08-14,Bab el-Mandeb / Red Sea,Houthi Anti-Ship Missile,Severe,LNG Carrier,Bahamas,237.0,84.0,12.7278,44.1654,True,Peak Disruption
EVT-00602,2025-08-14,Cape of Good Hope (reroute),Piracy / Armed Boarding,Moderate,Bulk Carrier,Japan,17.7,384.0,-34.3596,17.7594,False,Peak Disruption
EVT-00603,2025-08-14,Strait of Hormuz,Insurance No-Go Zone Declaration,Moderate,LNG Carrier,Malta,3.5,53.0,26.6711,56.2966,False,Peak Disruption
EVT-00604,2025-08-15,Bab el-Mandeb / Red Sea,Piracy / Armed Boarding,Moderate,Suezmax,Japan,16.8,193.0,12.2979,42.8409,False,Peak Disruption
EVT-00605,2025-08-16,Strait of Hormuz,Piracy / Armed Boarding,Minor,LPG Carrier,Liberia,2.1,17.0,26.6784,55.5855,False,Peak Disruption
EVT-00606,2025-08-16,Strait of Hormuz,Missile Attack on Tanker,Critical,VLCC,Malta,101.0,159.0,27.2185,55.9447,True,Peak Disruption
EVT-00607,2025-08-16,Strait of Malacca,Houthi Anti-Ship Missile,Critical,VLCC,Panama,304.5,2204.0,2.7101,101.3152,True,Peak Disruption
EVT-00608,2025-08-17,Bab el-Mandeb / Red Sea,Houthi Anti-Ship Missile,Severe,Aframax,China,96.8,185.0,12.0339,43.1546,True,Peak Disruption
EVT-00609,2025-08-17,Strait of Hormuz,Naval Mine Detonation,Severe,LPG Carrier,Liberia,57.5,16.0,26.6257,57.0402,True,Peak Disruption
EVT-00610,2025-08-18,Strait of Hormuz,Missile Attack on Tanker,Minor,Container Ship,Greece,1.4,98.0,27.4862,55.4356,False,Peak Disruption
EVT-00611,2025-08-18,Bab el-Mandeb / Red Sea,Port Closure (Military),Critical,Product Tanker,Panama,47.0,41.0,13.1498,43.7703,True,Peak Disruption
EVT-00612,2025-08-19,Bab el-Mandeb / Red Sea,Maritime Corridor Suspension,Severe,Product Tanker,Hong Kong,27.5,636.0,12.0821,42.4123,True,Peak Disruption
EVT-00613,2025-08-19,Bab el-Mandeb / Red Sea,Port Closure (Military),Severe,LNG Carrier,Liberia,313.6,125.0,13.2896,43.9667,True,Peak Disruption
EVT-00614,2025-08-19,Bab el-Mandeb / Red Sea,Military Blockade Enforcement,Minor,Suezmax,Hong Kong,4.5,9.0,13.2705,42.3317,False,Peak Disruption
EVT-00615,2025-08-19,Persian Gulf – Sea of Japan,Houthi Anti-Ship Missile,Minor,LPG Carrier,Liberia,3.6,23.0,32.4066,89.4853,False,Peak Disruption
EVT-00616,2025-08-19,Strait of Hormuz,Cyber-Attack on Port Systems,Minor,LPG Carrier,Panama,4.0,3.0,26.7259,56.3262,False,Peak Disruption
EVT-00617,2025-08-19,Bab el-Mandeb / Red Sea,Naval Mine Detonation,Moderate,VLCC,Hong Kong,21.1,619.0,11.8796,43.1844,True,Peak Disruption
EVT-00618,2025-08-20,Strait of Hormuz,Insurance No-Go Zone Declaration,Moderate,VLCC,Liberia,32.0,54.0,25.6698,57.1982,False,Peak Disruption
EVT-00619,2025-08-20,Strait of Hormuz,Unexploded Ordnance Discovery,Minor,Container Ship,Greece,7.2,24.0,27.4485,55.9677,False,Peak Disruption
EVT-00620,2025-08-22,Bab el-Mandeb / Red Sea,Cyber-Attack on Port Systems,Moderate,LPG Carrier,Japan,2.7,106.0,12.9804,42.969,False,Peak Disruption
EVT-00621,2025-08-22,Bab el-Mandeb / Red Sea,Piracy / Armed Boarding,Minor,Bulk Carrier,Liberia,5.2,22.0,12.2159,43.2939,False,Peak Disruption
EVT-00622,2025-08-22,Strait of Malacca,Port Closure (Military),Moderate,LPG Carrier,Liberia,9.7,474.0,2.1494,102.2949,False,Peak Disruption
EVT-00623,2025-08-23,Persian Gulf – Bay of Bengal,IRGC Fast-Boat Harassment,Critical,Product Tanker,China,273.3,1321.0,10.7848,59.4291,True,Peak Disruption
EVT-00624,2025-08-23,Cape of Good Hope (reroute),Missile Attack on Tanker,Minor,Bulk Carrier,Hong Kong,9.6,8.0,-33.913,18.0348,False,Peak Disruption
EVT-00625,2025-08-23,Suez Canal,Maritime Corridor Suspension,Moderate,Container Ship,Liberia,82.9,57.0,30.7657,32.8444,True,Peak Disruption
EVT-00626,2025-08-25,Cape of Good Hope (reroute),IRGC Fast-Boat Harassment,Minor,Product Tanker,Malta,2.7,12.0,-35.2168,17.6364,False,Peak Disruption
EVT-00627,2025-08-26,Bab el-Mandeb / Red Sea,Piracy / Armed Boarding,Severe,Suezmax,China,119.9,991.0,13.692,43.385,True,Peak Disruption
EVT-00628,2025-08-26,Bab el-Mandeb / Red Sea,Houthi Anti-Ship Missile,Minor,Suezmax,Singapore,0.2,7.0,12.1425,42.3512,True,Peak Disruption
EVT-00629,2025-08-27,Bab el-Mandeb / Red Sea,Port Closure (Military),Moderate,Suezmax,Marshall Islands,30.4,421.0,13.1449,42.8305,False,Peak Disruption
EVT-00630,2025-08-27,Persian Gulf – Bay of Bengal,Piracy / Armed Boarding,Minor,Product Tanker,Panama,10.6,11.0,35.4201,73.8273,False,Peak Disruption
EVT-00631,2025-08-28,Strait of Malacca,Drone Strike Near Vessel,Critical,LPG Carrier,Japan,19.4,27.0,2.5089,100.9405,True,Peak Disruption
EVT-00632,2025-08-28,Bab el-Mandeb / Red Sea,Cyber-Attack on Port Systems,Minor,Aframax,Hong Kong,4.0,55.0,12.8669,43.5967,False,Peak Disruption
EVT-00633,2025-08-29,Cape of Good Hope (reroute),Insurance No-Go Zone Declaration,Moderate,LPG Carrier,Singapore,17.5,179.0,-35.4708,18.738,False,Peak Disruption
EVT-00634,2025-08-29,Aden Gulf – Indian Ocean,Maritime Corridor Suspension,Severe,VLCC,Singapore,6.0,467.0,22.3201,47.1396,True,Peak Disruption
EVT-00635,2025-08-29,Strait of Hormuz,Missile Attack on Tanker,Severe,Product Tanker,China,47.2,50.0,25.5968,55.6459,True,Peak Disruption
EVT-00636,2025-08-29,Bab el-Mandeb / Red Sea,Drone Strike Near Vessel,Minor,VLCC,Singapore,0.2,4.0,13.7812,42.8929,False,Peak Disruption
EVT-00637,2025-08-29,Persian Gulf – East China Sea,Drone Strike Near Vessel,Moderate,Aframax,Greece,11.6,71.0,7.0669,40.637,True,Peak Disruption
EVT-00638,2025-08-30,Persian Gulf – East China Sea,Unexploded Ordnance Discovery,Severe,Aframax,China,246.1,400.0,11.4362,75.6918,True,Peak Disruption
EVT-00639,2025-08-30,Persian Gulf – East China Sea,Piracy / Armed Boarding,Severe,Product Tanker,Greece,33.8,1871.0,17.0369,84.3592,True,Peak Disruption
EVT-00640,2025-08-30,Strait of Hormuz,Piracy / Armed Boarding,Severe,LPG Carrier,Marshall Islands,56.8,62.0,26.4656,55.5835,True,Peak Disruption
EVT-00641,2025-08-31,Cape of Good Hope (reroute),Insurance No-Go Zone Declaration,Minor,Container Ship,Malta,5.7,7.0,-33.9341,18.4466,False,Peak Disruption
EVT-00642,2025-08-31,Bab el-Mandeb / Red Sea,Maritime Corridor Suspension,Critical,Container Ship,Panama,750.3,1350.0,12.8793,43.8109,True,Peak Disruption
EVT-00643,2025-08-31,Bab el-Mandeb / Red Sea,Naval Mine Detonation,Moderate,Aframax,Singapore,64.3,33.0,12.5632,43.8725,False,Peak Disruption
EVT-00644,2025-08-31,Strait of Hormuz,Insurance No-Go Zone Declaration,Severe,VLCC,China,81.9,1257.0,26.9694,56.7111,True,Peak Disruption
EVT-00645,2025-09-01,Strait of Hormuz,Insurance No-Go Zone Declaration,Severe,LPG Carrier,Greece,357.5,196.0,26.0899,55.6839,True,Peak Disruption
EVT-00646,2025-09-01,Persian Gulf – Bay of Bengal,Cyber-Attack on Port Systems,Moderate,Product Tanker,Japan,25.1,41.0,7.0941,105.1797,True,Peak Disruption
EVT-00647,2025-09-01,Bab el-Mandeb / Red Sea,Port Closure (Military),Moderate,Container Ship,Panama,59.3,6.0,12.9622,42.7315,False,Peak Disruption
EVT-00648,2025-09-01,Persian Gulf – East China Sea,Naval Mine Detonation,Minor,LNG Carrier,Panama,7.5,70.0,10.7391,105.5614,False,Peak Disruption
EVT-00649,2025-09-02,Persian Gulf – Bay of Bengal,Port Closure (Military),Moderate,Bulk Carrier,Singapore,1.6,192.0,10.5642,74.9404,False,Peak Disruption
EVT-00650,2025-09-03,Strait of Hormuz,Houthi Anti-Ship Missile,Critical,Product Tanker,Singapore,54.9,1587.0,26.2764,55.6803,True,Peak Disruption
EVT-00651,2025-09-03,Strait of Hormuz,Naval Mine Detonation,Minor,Bulk Carrier,Greece,2.5,6.0,27.4359,56.1269,False,Peak Disruption
EVT-00652,2025-09-03,Bab el-Mandeb / Red Sea,Drone Strike Near Vessel,Moderate,Suezmax,Greece,24.1,98.0,12.9961,43.2108,False,Peak Disruption
EVT-00653,2025-09-03,Strait of Malacca,Houthi Anti-Ship Missile,Critical,LPG Carrier,Bahamas,248.6,219.0,1.6232,101.5053,True,Peak Disruption
EVT-00654,2025-09-04,Cape of Good Hope (reroute),Oil Spill from Damaged Tanker,Minor,Aframax,China,6.5,173.0,-34.1538,18.0865,True,Peak Disruption
EVT-00655,2025-09-04,Cape of Good Hope (reroute),Port Closure (Military),Moderate,Suezmax,Greece,4.3,62.0,-34.9725,19.1369,False,Peak Disruption
EVT-00656,2025-09-04,Bab el-Mandeb / Red Sea,Houthi Anti-Ship Missile,Minor,Suezmax,Malta,0.9,91.0,13.3165,42.3412,False,Peak Disruption
EVT-00657,2025-09-04,Bab el-Mandeb / Red Sea,Oil Spill from Damaged Tanker,Moderate,Product Tanker,Panama,20.6,133.0,11.981,42.8062,False,Peak Disruption
EVT-00658,2025-09-05,Strait of Hormuz,Unexploded Ordnance Discovery,Critical,Aframax,Marshall Islands,71.3,216.0,26.4426,57.2078,True,Peak Disruption
EVT-00659,2025-09-05,Cape of Good Hope (reroute),Cyber-Attack on Port Systems,Severe,Aframax,Singapore,37.2,73.0,-33.8308,18.0908,True,Peak Disruption
EVT-00660,2025-09-05,Strait of Hormuz,IRGC Fast-Boat Harassment,Severe,Product Tanker,Malta,47.1,152.0,27.3976,56.1147,True,Peak Disruption
EVT-00661,2025-09-05,Arabian Sea – South China Sea,Military Blockade Enforcement,Moderate,LPG Carrier,Hong Kong,3.8,19.0,8.0765,116.3659,True,Peak Disruption
EVT-00662,2025-09-06,Strait of Hormuz,Naval Mine Detonation,Severe,VLCC,Liberia,46.2,404.0,26.1887,56.9933,True,Peak Disruption
EVT-00663,2025-09-07,Aden Gulf – Indian Ocean,Cyber-Attack on Port Systems,Severe,Suezmax,Marshall Islands,29.2,871.0,17.0249,48.6912,True,Peak Disruption
EVT-00664,2025-09-08,Suez Canal,Oil Spill from Damaged Tanker,Minor,Suezmax,Hong Kong,8.6,232.0,29.8078,31.8422,False,Peak Disruption
EVT-00665,2025-09-10,Cape of Good Hope (reroute),Unexploded Ordnance Discovery,Moderate,LNG Carrier,Japan,3.9,434.0,-34.2882,17.9079,False,Peak Disruption
EVT-00666,2025-09-10,Strait of Hormuz,Naval Mine Detonation,Severe,LNG Carrier,Greece,44.4,69.0,26.1833,56.3946,True,Peak Disruption
EVT-00667,2025-09-11,Bab el-Mandeb / Red Sea,Port Closure (Military),Severe,Container Ship,Panama,120.4,190.0,12.9504,43.2074,True,Peak Disruption
EVT-00668,2025-09-11,Persian Gulf – East China Sea,Port Closure (Military),Minor,Aframax,Marshall Islands,11.8,3.0,7.6402,79.6998,True,Peak Disruption
EVT-00669,2025-09-11,Bab el-Mandeb / Red Sea,Missile Attack on Tanker,Moderate,Bulk Carrier,Singapore,42.7,1.0,11.9097,43.8762,True,Peak Disruption
EVT-00670,2025-09-12,Persian Gulf – Bay of Bengal,IRGC Fast-Boat Harassment,Severe,Aframax,Singapore,12.7,136.0,9.5183,119.4145,True,Peak Disruption
EVT-00671,2025-09-12,Suez Canal,IRGC Fast-Boat Harassment,Severe,VLCC,Japan,79.3,81.0,30.7463,31.7911,True,Peak Disruption
EVT-00672,2025-09-12,Bab el-Mandeb / Red Sea,Insurance No-Go Zone Declaration,Severe,VLCC,Japan,43.5,34.0,13.4868,42.7295,True,Peak Disruption
EVT-00673,2025-09-12,Bab el-Mandeb / Red Sea,Military Blockade Enforcement,Minor,LNG Carrier,China,4.0,71.0,12.4388,43.9408,False,Peak Disruption
EVT-00674,2025-09-12,Strait of Hormuz,Drone Strike Near Vessel,Severe,Product Tanker,Hong Kong,31.9,99.0,26.2748,57.2321,True,Peak Disruption
EVT-00675,2025-09-12,Persian Gulf – Bay of Bengal,Houthi Anti-Ship Missile,Critical,Suezmax,Singapore,21.6,84.0,14.4818,106.8398,True,Peak Disruption
EVT-00676,2025-09-12,Persian Gulf – Sea of Japan,Piracy / Armed Boarding,Minor,Container Ship,Singapore,3.3,127.0,31.6359,118.5073,False,Peak Disruption
EVT-00677,2025-09-12,Bab el-Mandeb / Red Sea,Port Closure (Military),Minor,Product Tanker,Liberia,4.3,19.0,11.921,43.6779,False,Peak Disruption
EVT-00678,2025-09-13,Suez Canal,Houthi Anti-Ship Missile,Minor,Suezmax,China,8.8,154.0,29.9036,31.3964,False,Peak Disruption
EVT-00679,2025-09-13,Bab el-Mandeb / Red Sea,IRGC Fast-Boat Harassment,Critical,LPG Carrier,Marshall Islands,292.5,13.0,12.6443,43.4647,True,Peak Disruption
EVT-00680,2025-09-14,Bab el-Mandeb / Red Sea,Insurance No-Go Zone Declaration,Minor,LNG Carrier,Malta,0.1,104.0,12.4981,43.1321,False,Peak Disruption
EVT-00681,2025-09-15,Cape of Good Hope (reroute),Coalition Naval Escort Delay,Severe,Bulk Carrier,Malta,143.6,25.0,-34.0097,19.0436,True,Peak Disruption
EVT-00682,2025-09-15,Suez Canal,Coalition Naval Escort Delay,Minor,Container Ship,Panama,6.9,77.0,30.5648,33.1389,False,Peak Disruption
EVT-00683,2025-09-16,Bab el-Mandeb / Red Sea,GPS Spoofing / Jamming Incident,Minor,LNG Carrier,Singapore,0.9,108.0,12.8077,42.7239,True,Peak Disruption
EVT-00684,2025-09-17,Strait of Hormuz,Houthi Anti-Ship Missile,Minor,LPG Carrier,Malta,9.9,59.0,26.847,57.1996,False,Peak Disruption
EVT-00685,2025-09-17,Cape of Good Hope (reroute),Drone Strike Near Vessel,Severe,Suezmax,Bahamas,74.2,1314.0,-34.0597,17.791,True,Peak Disruption
EVT-00686,2025-09-17,Bab el-Mandeb / Red Sea,Military Blockade Enforcement,Critical,VLCC,Japan,198.1,33.0,12.4661,43.6924,True,Peak Disruption
EVT-00687,2025-09-18,Bab el-Mandeb / Red Sea,Military Blockade Enforcement,Severe,Aframax,China,3.3,311.0,12.3048,42.9388,True,Peak Disruption
EVT-00688,2025-09-18,Strait of Malacca,Houthi Anti-Ship Missile,Minor,Product Tanker,Malta,10.7,2.0,2.0234,102.2216,False,Peak Disruption
EVT-00689,2025-09-18,Strait of Hormuz,Missile Attack on Tanker,Minor,VLCC,Bahamas,3.2,7.0,27.3296,56.4064,True,Peak Disruption
EVT-00690,2025-09-18,Persian Gulf – Sea of Japan,Military Blockade Enforcement,Critical,Suezmax,Hong Kong,293.1,658.0,7.1594,72.2493,True,Peak Disruption
EVT-00691,2025-09-18,Strait of Hormuz,Naval Mine Detonation,Severe,Container Ship,Panama,13.8,194.0,27.2085,55.9668,True,Peak Disruption
EVT-00692,2025-09-19,Strait of Hormuz,Insurance No-Go Zone Declaration,Critical,LNG Carrier,Marshall Islands,84.9,27.0,26.375,55.9756,True,Peak Disruption
EVT-00693,2025-09-19,Persian Gulf – Sea of Japan,Oil Spill from Damaged Tanker,Moderate,LNG Carrier,Singapore,29.8,171.0,21.9242,55.0786,False,Peak Disruption
EVT-00694,2025-09-20,Persian Gulf – Sea of Japan,Port Closure (Military),Severe,Bulk Carrier,Bahamas,26.4,2664.0,10.9099,67.1918,True,Peak Disruption
EVT-00695,2025-09-20,Cape of Good Hope (reroute),Coalition Naval Escort Delay,Severe,VLCC,Greece,26.4,254.0,-34.3651,17.7649,True,Peak Disruption
EVT-00696,2025-09-21,Cape of Good Hope (reroute),Oil Spill from Damaged Tanker,Severe,Suezmax,Singapore,45.0,129.0,-35.3062,17.7188,True,Peak Disruption
EVT-00697,2025-09-22,Persian Gulf – Bay of Bengal,Insurance No-Go Zone Declaration,Minor,Bulk Carrier,China,2.9,40.0,8.0024,40.3064,False,Peak Disruption
EVT-00698,2025-09-22,Suez Canal,Insurance No-Go Zone Declaration,Moderate,Aframax,Japan,35.4,472.0,30.9219,32.0434,False,Peak Disruption
EVT-00699,2025-09-22,Bab el-Mandeb / Red Sea,Cyber-Attack on Port Systems,Moderate,Product Tanker,Greece,10.8,34.0,13.3673,43.6883,False,Peak Disruption
EVT-00700,2025-09-23,Cape of Good Hope (reroute),GPS Spoofing / Jamming Incident,Minor,LPG Carrier,Japan,8.3,79.0,-33.6234,18.0116,False,Peak Disruption
EVT-00701,2025-09-23,Strait of Hormuz,Maritime Corridor Suspension,Severe,LNG Carrier,Malta,16.1,783.0,25.6563,55.4567,True,Peak Disruption
EVT-00702,2025-09-23,Cape of Good Hope (reroute),Cyber-Attack on Port Systems,Severe,Product Tanker,Singapore,88.0,34.0,-34.1346,17.6084,True,Peak Disruption
EVT-00703,2025-09-24,Cape of Good Hope (reroute),Houthi Anti-Ship Missile,Severe,Product Tanker,Hong Kong,67.9,98.0,-35.2222,18.0738,True,Peak Disruption
EVT-00704,2025-09-24,Bab el-Mandeb / Red Sea,Military Blockade Enforcement,Critical,Aframax,China,152.0,1496.0,11.945,44.1003,True,Peak Disruption
EVT-00705,2025-09-24,Bab el-Mandeb / Red Sea,Missile Attack on Tanker,Minor,LNG Carrier,Panama,10.3,25.0,11.9458,43.2473,False,Peak Disruption
EVT-00706,2025-09-25,Persian Gulf – Sea of Japan,Drone Strike Near Vessel,Moderate,Bulk Carrier,Singapore,8.0,148.0,21.9177,68.2894,False,Peak Disruption
EVT-00707,2025-09-25,Bab el-Mandeb / Red Sea,Cyber-Attack on Port Systems,Moderate,Aframax,Panama,4.2,8.0,13.1831,42.7606,False,Peak Disruption
EVT-00708,2025-09-26,Strait of Hormuz,Military Blockade Enforcement,Minor,Product Tanker,Marshall Islands,11.6,23.0,26.6587,55.5689,False,Peak Disruption
EVT-00709,2025-09-27,Persian Gulf – East China Sea,Oil Spill from Damaged Tanker,Severe,LPG Carrier,Bahamas,75.7,27.0,25.1303,80.6317,True,Peak Disruption
EVT-00710,2025-09-27,Cape of Good Hope (reroute),Oil Spill from Damaged Tanker,Severe,Product Tanker,Bahamas,60.0,937.0,-33.8055,18.9985,True,Peak Disruption
EVT-00711,2025-09-27,Suez Canal,IRGC Fast-Boat Harassment,Minor,LNG Carrier,Bahamas,0.9,37.0,30.7919,32.8971,False,Peak Disruption
EVT-00712,2025-09-27,Persian Gulf – East China Sea,Houthi Anti-Ship Missile,Minor,Aframax,Bahamas,2.2,16.0,33.4245,102.911,False,Peak Disruption
EVT-00713,2025-09-27,Bab el-Mandeb / Red Sea,Naval Mine Detonation,Critical,Suezmax,Malta,237.6,2733.0,12.2506,43.5136,True,Peak Disruption
EVT-00714,2025-09-29,Cape of Good Hope (reroute),Insurance No-Go Zone Declaration,Moderate,Suezmax,Marshall Islands,2.2,229.0,-34.9299,18.3213,False,Peak Disruption
EVT-00715,2025-09-29,Strait of Malacca,Coalition Naval Escort Delay,Moderate,Aframax,Marshall Islands,19.6,2.0,3.0856,100.7834,False,Peak Disruption
EVT-00716,2025-09-29,Strait of Hormuz,Coalition Naval Escort Delay,Severe,Container Ship,Japan,59.6,700.0,26.2742,55.4557,True,Peak Disruption
EVT-00717,2025-09-29,Aden Gulf – Indian Ocean,Unexploded Ordnance Discovery,Moderate,Container Ship,Liberia,15.8,101.0,12.402,63.2402,True,Peak Disruption
EVT-00718,2025-09-29,Bab el-Mandeb / Red Sea,Naval Mine Detonation,Moderate,Container Ship,China,50.9,155.0,13.4916,42.9623,False,Peak Disruption
EVT-00719,2025-09-30,Persian Gulf – Bay of Bengal,Maritime Corridor Suspension,Severe,LNG Carrier,Malta,85.8,510.0,28.4043,70.6217,True,Peak Disruption
EVT-00720,2025-09-30,Bab el-Mandeb / Red Sea,Piracy / Armed Boarding,Minor,Container Ship,Marshall Islands,2.9,213.0,13.0012,43.8422,False,Peak Disruption
EVT-00721,2025-09-30,Bab el-Mandeb / Red Sea,Coalition Naval Escort Delay,Minor,LNG Carrier,Bahamas,2.0,83.0,12.4424,44.0393,False,Peak Disruption
EVT-00722,2025-10-01,Suez Canal,Coalition Naval Escort Delay,Severe,Bulk Carrier,Bahamas,318.0,608.0,29.9169,32.4685,True,Fragile Stabilisation
EVT-00723,2025-10-01,Suez Canal,Houthi Anti-Ship Missile,Moderate,Aframax,Hong Kong,6.6,89.0,31.2964,32.6721,False,Fragile Stabilisation
EVT-00724,2025-10-02,Bab el-Mandeb / Red Sea,GPS Spoofing / Jamming Incident,Moderate,Suezmax,Japan,1.7,157.0,13.1089,43.6384,True,Fragile Stabilisation
EVT-00725,2025-10-03,Suez Canal,Oil Spill from Damaged Tanker,Minor,Product Tanker,Singapore,1.1,30.0,30.0911,32.5455,False,Fragile Stabilisation
EVT-00726,2025-10-03,Aden Gulf – Indian Ocean,Drone Strike Near Vessel,Moderate,Bulk Carrier,Marshall Islands,24.4,251.0,15.0862,107.5591,False,Fragile Stabilisation
EVT-00727,2025-10-04,Suez Canal,IRGC Fast-Boat Harassment,Moderate,Product Tanker,Hong Kong,31.4,268.0,31.2314,32.8187,False,Fragile Stabilisation
EVT-00728,2025-10-04,Strait of Hormuz,Houthi Anti-Ship Missile,Moderate,Container Ship,Malta,53.0,345.0,26.401,56.665,False,Fragile Stabilisation
EVT-00729,2025-10-04,Bab el-Mandeb / Red Sea,Coalition Naval Escort Delay,Minor,Bulk Carrier,Singapore,10.3,75.0,12.4633,43.5157,False,Fragile Stabilisation
EVT-00730,2025-10-04,Arabian Sea – South China Sea,IRGC Fast-Boat Harassment,Moderate,Aframax,Bahamas,0.6,524.0,12.886,104.5246,True,Fragile Stabilisation
EVT-00731,2025-10-04,Suez Canal,Naval Mine Detonation,Minor,Container Ship,Japan,5.4,53.0,30.1737,32.8419,True,Fragile Stabilisation
EVT-00732,2025-10-04,Persian Gulf – East China Sea,Unexploded Ordnance Discovery,Minor,Container Ship,Singapore,0.7,105.0,30.6648,85.3395,False,Fragile Stabilisation
EVT-00733,2025-10-06,Bab el-Mandeb / Red Sea,Piracy / Armed Boarding,Minor,LPG Carrier,Bahamas,0.5,15.0,13.7028,42.6769,False,Fragile Stabilisation
EVT-00734,2025-10-06,Persian Gulf – Sea of Japan,Port Closure (Military),Critical,LPG Carrier,Marshall Islands,211.8,1063.0,17.5918,65.1422,True,Fragile Stabilisation
EVT-00735,2025-10-07,Suez Canal,GPS Spoofing / Jamming Incident,Critical,Bulk Carrier,Singapore,29.3,901.0,30.1098,32.8971,True,Fragile Stabilisation
EVT-00736,2025-10-07,Persian Gulf – Bay of Bengal,Piracy / Armed Boarding,Moderate,Product Tanker,Marshall Islands,9.7,67.0,21.1876,67.6348,False,Fragile Stabilisation
EVT-00737,2025-10-07,Aden Gulf – Indian Ocean,Naval Mine Detonation,Minor,Aframax,China,4.7,42.0,17.2728,90.1194,True,Fragile Stabilisation
EVT-00738,2025-10-09,Cape of Good Hope (reroute),Naval Mine Detonation,Minor,Bulk Carrier,Japan,3.8,7.0,-34.4638,18.7531,False,Fragile Stabilisation
EVT-00739,2025-10-09,Bab el-Mandeb / Red Sea,IRGC Fast-Boat Harassment,Moderate,VLCC,Hong Kong,2.1,86.0,13.3084,42.8215,True,Fragile Stabilisation
EVT-00740,2025-10-10,Persian Gulf – East China Sea,Military Blockade Enforcement,Severe,Bulk Carrier,Greece,22.6,307.0,30.7553,91.0123,True,Fragile Stabilisation
EVT-00741,2025-10-10,Bab el-Mandeb / Red Sea,Insurance No-Go Zone Declaration,Moderate,LNG Carrier,China,13.6,98.0,12.4994,42.3539,False,Fragile Stabilisation
EVT-00742,2025-10-10,Cape of Good Hope (reroute),Missile Attack on Tanker,Moderate,VLCC,Liberia,23.3,91.0,-34.9882,18.8169,False,Fragile Stabilisation
EVT-00743,2025-10-10,Strait of Hormuz,Port Closure (Military),Moderate,LPG Carrier,Bahamas,21.1,150.0,25.7316,56.0393,False,Fragile Stabilisation
EVT-00744,2025-10-11,Strait of Hormuz,GPS Spoofing / Jamming Incident,Moderate,VLCC,Hong Kong,85.9,149.0,27.2896,56.0998,True,Fragile Stabilisation
EVT-00745,2025-10-11,Bab el-Mandeb / Red Sea,Insurance No-Go Zone Declaration,Critical,Aframax,Malta,440.9,394.0,12.798,43.5262,True,Fragile Stabilisation
EVT-00746,2025-10-11,Strait of Hormuz,Oil Spill from Damaged Tanker,Minor,Product Tanker,Singapore,4.2,16.0,26.7194,56.464,False,Fragile Stabilisation
EVT-00747,2025-10-12,Strait of Hormuz,Port Closure (Military),Minor,LPG Carrier,Malta,14.8,41.0,26.3639,55.4788,False,Fragile Stabilisation
EVT-00748,2025-10-12,Strait of Hormuz,Port Closure (Military),Moderate,Suezmax,Singapore,9.5,318.0,27.3707,57.1991,False,Fragile Stabilisation
EVT-00749,2025-10-12,Bab el-Mandeb / Red Sea,Drone Strike Near Vessel,Minor,LNG Carrier,Bahamas,0.2,29.0,13.6714,43.6717,False,Fragile Stabilisation
EVT-00750,2025-10-12,Strait of Hormuz,Military Blockade Enforcement,Moderate,Aframax,Greece,69.2,1072.0,26.2004,56.4579,False,Fragile Stabilisation
EVT-00751,2025-10-12,Cape of Good Hope (reroute),Port Closure (Military),Minor,Container Ship,Greece,1.2,129.0,-33.5507,18.7672,False,Fragile Stabilisation
EVT-00752,2025-10-14,Persian Gulf – Bay of Bengal,Military Blockade Enforcement,Severe,Bulk Carrier,Malta,22.0,302.0,32.1825,81.9877,True,Fragile Stabilisation
EVT-00753,2025-10-14,Aden Gulf – Indian Ocean,Port Closure (Military),Severe,Bulk Carrier,Panama,6.9,8.0,28.3955,54.8665,True,Fragile Stabilisation
EVT-00754,2025-10-14,Strait of Hormuz,Cyber-Attack on Port Systems,Moderate,Aframax,Hong Kong,3.1,177.0,26.4359,57.1098,False,Fragile Stabilisation
EVT-00755,2025-10-15,Strait of Hormuz,Houthi Anti-Ship Missile,Severe,LNG Carrier,Hong Kong,90.9,298.0,27.0251,56.5331,True,Fragile Stabilisation
EVT-00756,2025-10-15,Aden Gulf – Indian Ocean,Port Closure (Military),Moderate,LNG Carrier,Hong Kong,32.5,66.0,33.3002,51.793,False,Fragile Stabilisation
EVT-00757,2025-10-16,Strait of Hormuz,Coalition Naval Escort Delay,Minor,LPG Carrier,Bahamas,6.1,19.0,27.3454,56.5378,False,Fragile Stabilisation
EVT-00758,2025-10-16,Strait of Hormuz,Naval Mine Detonation,Moderate,Container Ship,Malta,16.2,121.0,27.0547,57.1464,False,Fragile Stabilisation
EVT-00759,2025-10-16,Bab el-Mandeb / Red Sea,Insurance No-Go Zone Declaration,Moderate,LPG Carrier,Panama,73.3,179.0,13.5913,43.3083,False,Fragile Stabilisation
EVT-00760,2025-10-16,Strait of Hormuz,Maritime Corridor Suspension,Minor,LPG Carrier,Hong Kong,7.1,16.0,27.0597,55.8363,False,Fragile Stabilisation
EVT-00761,2025-10-17,Strait of Malacca,Houthi Anti-Ship Missile,Moderate,Suezmax,Liberia,13.2,75.0,3.3722,102.2771,True,Fragile Stabilisation
EVT-00762,2025-10-17,Bab el-Mandeb / Red Sea,IRGC Fast-Boat Harassment,Minor,VLCC,Malta,4.8,2.0,12.0029,44.2704,False,Fragile Stabilisation
EVT-00763,2025-10-18,Strait of Hormuz,Houthi Anti-Ship Missile,Moderate,Suezmax,Greece,12.5,40.0,26.7215,55.3903,False,Fragile Stabilisation
EVT-00764,2025-10-18,Aden Gulf – Indian Ocean,Coalition Naval Escort Delay,Severe,VLCC,Liberia,224.8,253.0,14.6629,69.865,True,Fragile Stabilisation
EVT-00765,2025-10-19,Bab el-Mandeb / Red Sea,Naval Mine Detonation,Moderate,Container Ship,Malta,12.0,44.0,12.4205,42.7774,True,Fragile Stabilisation
EVT-00766,2025-10-19,Persian Gulf – Bay of Bengal,Maritime Corridor Suspension,Severe,LPG Carrier,Liberia,53.7,319.0,32.6474,53.0578,True,Fragile Stabilisation
EVT-00767,2025-10-19,Bab el-Mandeb / Red Sea,Oil Spill from Damaged Tanker,Critical,Bulk Carrier,Panama,116.6,100.0,12.7287,44.1851,True,Fragile Stabilisation
EVT-00768,2025-10-20,Cape of Good Hope (reroute),Maritime Corridor Suspension,Moderate,Product Tanker,Hong Kong,5.1,137.0,-34.4285,18.4239,False,Fragile Stabilisation
EVT-00769,2025-10-21,Persian Gulf – East China Sea,GPS Spoofing / Jamming Incident,Moderate,Aframax,Japan,40.4,278.0,34.9679,116.4711,False,Fragile Stabilisation
EVT-00770,2025-10-21,Strait of Malacca,Insurance No-Go Zone Declaration,Moderate,Aframax,China,1.0,226.0,2.5271,102.2606,False,Fragile Stabilisation
EVT-00771,2025-10-21,Persian Gulf – Bay of Bengal,GPS Spoofing / Jamming Incident,Minor,Bulk Carrier,Panama,6.0,86.0,20.4979,46.3522,False,Fragile Stabilisation
EVT-00772,2025-10-22,Persian Gulf – Sea of Japan,Houthi Anti-Ship Missile,Moderate,LNG Carrier,Marshall Islands,71.2,337.0,12.5817,89.0524,False,Fragile Stabilisation
EVT-00773,2025-10-22,Suez Canal,Insurance No-Go Zone Declaration,Moderate,Product Tanker,Panama,24.2,17.0,30.7904,33.0297,False,Fragile Stabilisation
EVT-00774,2025-10-23,Cape of Good Hope (reroute),Unexploded Ordnance Discovery,Moderate,Aframax,Greece,30.7,59.0,-34.5746,19.3625,False,Fragile Stabilisation
EVT-00775,2025-10-23,Persian Gulf – Bay of Bengal,Drone Strike Near Vessel,Severe,Container Ship,Liberia,23.4,88.0,8.4053,80.7019,True,Fragile Stabilisation
EVT-00776,2025-10-23,Suez Canal,Oil Spill from Damaged Tanker,Severe,LPG Carrier,Greece,209.8,72.0,30.8105,32.5047,True,Fragile Stabilisation
EVT-00777,2025-10-23,Arabian Sea – South China Sea,Port Closure (Military),Moderate,Container Ship,China,8.8,125.0,14.4371,70.5174,False,Fragile Stabilisation
EVT-00778,2025-10-24,Strait of Hormuz,Oil Spill from Damaged Tanker,Minor,Product Tanker,China,2.6,36.0,26.4616,56.6494,False,Fragile Stabilisation
EVT-00779,2025-10-24,Strait of Hormuz,Coalition Naval Escort Delay,Severe,LNG Carrier,Malta,76.6,437.0,26.2818,55.506,True,Fragile Stabilisation
EVT-00780,2025-10-24,Strait of Hormuz,Coalition Naval Escort Delay,Moderate,Aframax,Singapore,10.0,12.0,26.3178,56.2142,False,Fragile Stabilisation
EVT-00781,2025-10-24,Strait of Hormuz,Military Blockade Enforcement,Severe,Container Ship,Malta,64.6,19.0,27.2748,55.5594,True,Fragile Stabilisation
EVT-00782,2025-10-26,Persian Gulf – Bay of Bengal,Drone Strike Near Vessel,Moderate,Aframax,Malta,28.5,52.0,27.7443,98.1425,False,Fragile Stabilisation
EVT-00783,2025-10-26,Persian Gulf – East China Sea,Naval Mine Detonation,Critical,Aframax,Marshall Islands,153.6,279.0,6.9548,79.4788,True,Fragile Stabilisation
EVT-00784,2025-10-27,Suez Canal,Cyber-Attack on Port Systems,Moderate,Bulk Carrier,China,49.0,198.0,30.0871,33.0373,False,Fragile Stabilisation
EVT-00785,2025-10-27,Bab el-Mandeb / Red Sea,IRGC Fast-Boat Harassment,Severe,Container Ship,Hong Kong,40.2,106.0,13.563,43.9801,True,Fragile Stabilisation
EVT-00786,2025-10-27,Bab el-Mandeb / Red Sea,Cyber-Attack on Port Systems,Minor,Container Ship,Bahamas,4.8,1.0,13.7915,43.0108,False,Fragile Stabilisation
EVT-00787,2025-10-28,Strait of Hormuz,Port Closure (Military),Moderate,Bulk Carrier,Panama,7.5,259.0,26.5399,56.6526,True,Fragile Stabilisation
EVT-00788,2025-10-28,Strait of Hormuz,Missile Attack on Tanker,Moderate,Aframax,China,7.5,267.0,26.515,57.0982,False,Fragile Stabilisation
EVT-00789,2025-10-28,Persian Gulf – East China Sea,GPS Spoofing / Jamming Incident,Severe,Container Ship,Liberia,44.6,382.0,23.1537,40.9563,True,Fragile Stabilisation
EVT-00790,2025-10-28,Bab el-Mandeb / Red Sea,Insurance No-Go Zone Declaration,Moderate,LPG Carrier,Malta,18.3,7.0,13.0575,43.7475,False,Fragile Stabilisation
EVT-00791,2025-10-28,Bab el-Mandeb / Red Sea,Coalition Naval Escort Delay,Severe,VLCC,Panama,19.9,1107.0,13.2869,43.0402,True,Fragile Stabilisation
EVT-00792,2025-10-29,Strait of Hormuz,Maritime Corridor Suspension,Moderate,Bulk Carrier,Bahamas,4.0,18.0,26.6891,56.1438,False,Fragile Stabilisation
EVT-00793,2025-10-31,Suez Canal,Oil Spill from Damaged Tanker,Minor,Suezmax,China,5.0,57.0,30.5205,31.9065,True,Fragile Stabilisation
EVT-00794,2025-10-31,Arabian Sea – South China Sea,Insurance No-Go Zone Declaration,Severe,LNG Carrier,Liberia,124.6,92.0,33.641,78.7385,True,Fragile Stabilisation
EVT-00795,2025-10-31,Suez Canal,Coalition Naval Escort Delay,Minor,Suezmax,Singapore,2.1,30.0,29.9566,32.5028,True,Fragile Stabilisation
EVT-00796,2025-10-31,Persian Gulf – East China Sea,Port Closure (Military),Minor,Product Tanker,Malta,7.6,26.0,19.8004,79.2338,False,Fragile Stabilisation
EVT-00797,2025-11-02,Strait of Malacca,Missile Attack on Tanker,Minor,Product Tanker,Bahamas,5.2,118.0,2.7319,101.2231,True,Fragile Stabilisation
EVT-00798,2025-11-02,Cape of Good Hope (reroute),Houthi Anti-Ship Missile,Minor,Container Ship,Malta,11.4,8.0,-35.0367,18.1378,True,Fragile Stabilisation
EVT-00799,2025-11-04,Strait of Hormuz,Naval Mine Detonation,Moderate,VLCC,Singapore,7.3,77.0,26.3359,56.8667,True,Fragile Stabilisation
EVT-00800,2025-11-04,Strait of Hormuz,Coalition Naval Escort Delay,Minor,Bulk Carrier,Panama,7.5,14.0,25.9588,55.3101,False,Fragile Stabilisation
EVT-00801,2025-11-04,Arabian Sea – South China Sea,Houthi Anti-Ship Missile,Moderate,VLCC,Greece,0.1,424.0,31.7936,45.19,False,Fragile Stabilisation
EVT-00802,2025-11-04,Bab el-Mandeb / Red Sea,Insurance No-Go Zone Declaration,Severe,Aframax,Japan,61.3,139.0,13.6281,43.0696,True,Fragile Stabilisation
EVT-00803,2025-11-05,Strait of Hormuz,IRGC Fast-Boat Harassment,Moderate,Bulk Carrier,Marshall Islands,21.7,240.0,26.3881,57.2678,False,Fragile Stabilisation
EVT-00804,2025-11-05,Bab el-Mandeb / Red Sea,Naval Mine Detonation,Minor,Suezmax,China,3.5,16.0,13.2604,43.9469,False,Fragile Stabilisation
EVT-00805,2025-11-05,Strait of Hormuz,Missile Attack on Tanker,Minor,LPG Carrier,Malta,6.8,13.0,26.9467,55.9797,False,Fragile Stabilisation
EVT-00806,2025-11-05,Bab el-Mandeb / Red Sea,GPS Spoofing / Jamming Incident,Moderate,Container Ship,Hong Kong,8.5,33.0,12.6805,43.6875,False,Fragile Stabilisation
EVT-00807,2025-11-05,Strait of Hormuz,Insurance No-Go Zone Declaration,Moderate,VLCC,Malta,88.5,377.0,25.6189,56.923,False,Fragile Stabilisation
EVT-00808,2025-11-05,Cape of Good Hope (reroute),Port Closure (Military),Minor,VLCC,Panama,8.5,6.0,-34.4141,18.487,True,Fragile Stabilisation
EVT-00809,2025-11-06,Suez Canal,GPS Spoofing / Jamming Incident,Moderate,Product Tanker,Marshall Islands,4.8,91.0,29.6273,31.7939,False,Fragile Stabilisation
EVT-00810,2025-11-06,Bab el-Mandeb / Red Sea,Drone Strike Near Vessel,Moderate,Container Ship,Liberia,16.4,110.0,13.081,43.7643,False,Fragile Stabilisation
EVT-00811,2025-11-06,Bab el-Mandeb / Red Sea,IRGC Fast-Boat Harassment,Severe,Bulk Carrier,Marshall Islands,150.9,509.0,12.1778,43.772,True,Fragile Stabilisation
EVT-00812,2025-11-07,Strait of Hormuz,GPS Spoofing / Jamming Incident,Severe,LPG Carrier,Singapore,27.4,1042.0,26.2756,56.0846,True,Fragile Stabilisation
EVT-00813,2025-11-07,Cape of Good Hope (reroute),Piracy / Armed Boarding,Critical,Bulk Carrier,Hong Kong,82.0,257.0,-34.6443,18.0464,True,Fragile Stabilisation
EVT-00814,2025-11-09,Bab el-Mandeb / Red Sea,Cyber-Attack on Port Systems,Moderate,Product Tanker,Greece,22.3,26.0,13.1493,43.2703,True,Fragile Stabilisation
EVT-00815,2025-11-09,Strait of Hormuz,Naval Mine Detonation,Moderate,Suezmax,Greece,46.0,32.0,26.9447,56.522,False,Fragile Stabilisation
EVT-00816,2025-11-09,Strait of Malacca,Unexploded Ordnance Discovery,Minor,Bulk Carrier,Marshall Islands,1.7,50.0,1.9655,100.848,False,Fragile Stabilisation
EVT-00817,2025-11-10,Arabian Sea – South China Sea,Unexploded Ordnance Discovery,Minor,Product Tanker,Greece,2.7,22.0,8.7812,89.3205,False,Fragile Stabilisation
EVT-00818,2025-11-10,Strait of Malacca,Coalition Naval Escort Delay,Moderate,Container Ship,Singapore,11.2,398.0,2.2915,100.8306,True,Fragile Stabilisation
EVT-00819,2025-11-10,Aden Gulf – Indian Ocean,Naval Mine Detonation,Moderate,VLCC,China,1.6,54.0,28.9903,112.567,False,Fragile Stabilisation
EVT-00820,2025-11-11,Arabian Sea – South China Sea,Piracy / Armed Boarding,Minor,LPG Carrier,Liberia,0.3,38.0,17.2509,103.3239,False,Fragile Stabilisation
EVT-00821,2025-11-12,Strait of Hormuz,Insurance No-Go Zone Declaration,Moderate,VLCC,Hong Kong,46.0,189.0,25.9335,56.0198,False,Fragile Stabilisation
EVT-00822,2025-11-13,Bab el-Mandeb / Red Sea,Port Closure (Military),Moderate,Aframax,Panama,25.7,159.0,13.799,42.6114,False,Fragile Stabilisation
EVT-00823,2025-11-13,Strait of Hormuz,Oil Spill from Damaged Tanker,Severe,Aframax,Malta,93.1,212.0,26.3817,56.6453,True,Fragile Stabilisation
EVT-00824,2025-11-15,Aden Gulf – Indian Ocean,Missile Attack on Tanker,Minor,Product Tanker,Malta,16.3,25.0,18.4992,95.2895,False,Fragile Stabilisation
EVT-00825,2025-11-16,Strait of Hormuz,Port Closure (Military),Moderate,VLCC,Japan,46.6,45.0,26.2363,55.8161,False,Fragile Stabilisation
EVT-00826,2025-11-17,Bab el-Mandeb / Red Sea,IRGC Fast-Boat Harassment,Minor,Aframax,Bahamas,0.7,40.0,13.6067,43.165,False,Fragile Stabilisation
EVT-00827,2025-11-17,Persian Gulf – East China Sea,IRGC Fast-Boat Harassment,Severe,Aframax,Singapore,19.0,221.0,6.7443,88.9813,True,Fragile Stabilisation
EVT-00828,2025-11-17,Strait of Hormuz,Piracy / Armed Boarding,Moderate,LPG Carrier,Panama,22.3,235.0,26.5235,56.2615,False,Fragile Stabilisation
EVT-00829,2025-11-18,Bab el-Mandeb / Red Sea,Piracy / Armed Boarding,Minor,Suezmax,Greece,5.1,6.0,13.6164,42.3965,False,Fragile Stabilisation
EVT-00830,2025-11-18,Bab el-Mandeb / Red Sea,Coalition Naval Escort Delay,Moderate,Container Ship,China,18.8,177.0,11.8743,43.5614,True,Fragile Stabilisation
EVT-00831,2025-11-18,Strait of Hormuz,Houthi Anti-Ship Missile,Severe,Suezmax,Liberia,94.4,299.0,25.6689,55.6719,True,Fragile Stabilisation
EVT-00832,2025-11-18,Cape of Good Hope (reroute),Unexploded Ordnance Discovery,Moderate,Product Tanker,Singapore,25.6,562.0,-33.8252,18.3435,False,Fragile Stabilisation
EVT-00833,2025-11-19,Strait of Hormuz,IRGC Fast-Boat Harassment,Minor,Container Ship,Liberia,7.4,15.0,25.6832,57.0117,True,Fragile Stabilisation
EVT-00834,2025-11-19,Strait of Malacca,Oil Spill from Damaged Tanker,Minor,LPG Carrier,Bahamas,5.5,98.0,2.8448,101.0317,False,Fragile Stabilisation
EVT-00835,2025-11-19,Strait of Hormuz,Insurance No-Go Zone Declaration,Moderate,Container Ship,Marshall Islands,20.2,144.0,26.1918,56.6601,True,Fragile Stabilisation
EVT-00836,2025-11-19,Persian Gulf – East China Sea,Insurance No-Go Zone Declaration,Severe,Bulk Carrier,Greece,36.7,16.0,16.4935,58.2895,True,Fragile Stabilisation
EVT-00837,2025-11-19,Cape of Good Hope (reroute),Port Closure (Military),Critical,LPG Carrier,Marshall Islands,234.4,728.0,-34.5,17.8799,True,Fragile Stabilisation
EVT-00838,2025-11-20,Strait of Hormuz,IRGC Fast-Boat Harassment,Minor,LNG Carrier,Hong Kong,2.4,62.0,26.6149,56.5014,False,Fragile Stabilisation
EVT-00839,2025-11-21,Bab el-Mandeb / Red Sea,Drone Strike Near Vessel,Minor,Suezmax,Liberia,5.5,167.0,12.0979,43.1981,True,Fragile Stabilisation
EVT-00840,2025-11-21,Cape of Good Hope (reroute),Piracy / Armed Boarding,Minor,VLCC,Greece,13.4,94.0,-34.9894,19.1973,False,Fragile Stabilisation
EVT-00841,2025-11-22,Persian Gulf – East China Sea,Houthi Anti-Ship Missile,Moderate,Aframax,Liberia,3.9,29.0,16.6768,43.5606,True,Fragile Stabilisation
EVT-00842,2025-11-22,Bab el-Mandeb / Red Sea,Port Closure (Military),Severe,LNG Carrier,Singapore,86.0,0.0,12.5125,42.8887,True,Fragile Stabilisation
EVT-00843,2025-11-23,Cape of Good Hope (reroute),Military Blockade Enforcement,Critical,Suezmax,China,287.0,1748.0,-34.2205,17.7233,True,Fragile Stabilisation
EVT-00844,2025-11-23,Cape of Good Hope (reroute),Missile Attack on Tanker,Severe,Bulk Carrier,Hong Kong,187.3,224.0,-34.2856,18.1965,True,Fragile Stabilisation
EVT-00845,2025-11-24,Arabian Sea – South China Sea,Missile Attack on Tanker,Minor,Suezmax,Japan,1.7,23.0,12.2028,117.4357,False,Fragile Stabilisation
EVT-00846,2025-11-24,Aden Gulf – Indian Ocean,Missile Attack on Tanker,Moderate,Aframax,China,5.3,169.0,6.9361,87.7008,False,Fragile Stabilisation
EVT-00847,2025-11-24,Bab el-Mandeb / Red Sea,Maritime Corridor Suspension,Minor,LPG Carrier,China,2.7,15.0,11.8496,44.1615,True,Fragile Stabilisation
EVT-00848,2025-11-25,Persian Gulf – Sea of Japan,Oil Spill from Damaged Tanker,Severe,Bulk Carrier,Bahamas,23.8,287.0,20.8977,89.745,True,Fragile Stabilisation
EVT-00849,2025-11-26,Bab el-Mandeb / Red Sea,Missile Attack on Tanker,Minor,Product Tanker,Panama,14.5,13.0,12.8784,43.6373,False,Fragile Stabilisation
EVT-00850,2025-11-26,Strait of Hormuz,GPS Spoofing / Jamming Incident,Minor,Bulk Carrier,Marshall Islands,6.6,95.0,26.7153,56.6993,False,Fragile Stabilisation
EVT-00851,2025-11-26,Bab el-Mandeb / Red Sea,IRGC Fast-Boat Harassment,Minor,Aframax,Malta,4.5,18.0,13.3826,43.9519,False,Fragile Stabilisation
EVT-00852,2025-11-27,Bab el-Mandeb / Red Sea,Naval Mine Detonation,Moderate,Container Ship,Hong Kong,38.4,162.0,13.3729,43.7051,False,Fragile Stabilisation
EVT-00853,2025-11-27,Strait of Hormuz,Unexploded Ordnance Discovery,Severe,Container Ship,Singapore,48.4,1522.0,26.9754,57.0465,True,Fragile Stabilisation
EVT-00854,2025-11-27,Persian Gulf – Sea of Japan,Drone Strike Near Vessel,Moderate,LNG Carrier,Greece,23.5,102.0,22.9316,109.1938,True,Fragile Stabilisation
EVT-00855,2025-11-28,Aden Gulf – Indian Ocean,Military Blockade Enforcement,Minor,LNG Carrier,Marshall Islands,0.5,13.0,16.2901,115.725,True,Fragile Stabilisation
EVT-00856,2025-11-28,Bab el-Mandeb / Red Sea,Piracy / Armed Boarding,Severe,Product Tanker,Hong Kong,60.2,574.0,12.8134,43.655,True,Fragile Stabilisation
EVT-00857,2025-11-29,Suez Canal,Piracy / Armed Boarding,Moderate,Product Tanker,Panama,42.0,23.0,30.4823,31.6494,False,Fragile Stabilisation
EVT-00858,2025-11-29,Suez Canal,Piracy / Armed Boarding,Severe,VLCC,Japan,177.4,415.0,29.7444,32.5948,True,Fragile Stabilisation
EVT-00859,2025-11-29,Persian Gulf – Sea of Japan,Cyber-Attack on Port Systems,Minor,Suezmax,China,7.9,138.0,6.4246,41.5495,False,Fragile Stabilisation
EVT-00860,2025-11-29,Strait of Hormuz,Port Closure (Military),Severe,Aframax,Greece,47.9,358.0,25.9556,55.6582,True,Fragile Stabilisation
EVT-00861,2025-11-29,Persian Gulf – Bay of Bengal,Drone Strike Near Vessel,Severe,LPG Carrier,Greece,42.6,279.0,15.1129,40.3832,True,Fragile Stabilisation
EVT-00862,2025-11-29,Cape of Good Hope (reroute),GPS Spoofing / Jamming Incident,Moderate,LPG Carrier,Marshall Islands,71.3,466.0,-33.9388,19.3684,False,Fragile Stabilisation
EVT-00863,2025-11-30,Persian Gulf – East China Sea,Unexploded Ordnance Discovery,Moderate,Bulk Carrier,Bahamas,13.0,239.0,27.351,100.9366,False,Fragile Stabilisation
EVT-00864,2025-12-01,Suez Canal,Cyber-Attack on Port Systems,Severe,Container Ship,Panama,25.4,396.0,29.6149,32.1064,True,Fragile Stabilisation
EVT-00865,2025-12-01,Cape of Good Hope (reroute),Oil Spill from Damaged Tanker,Minor,Suezmax,Bahamas,5.6,107.0,-34.053,18.3571,False,Fragile Stabilisation
EVT-00866,2025-12-04,Strait of Malacca,Oil Spill from Damaged Tanker,Severe,VLCC,Japan,72.1,309.0,1.8002,102.2707,True,Fragile Stabilisation
EVT-00867,2025-12-05,Aden Gulf – Indian Ocean,Cyber-Attack on Port Systems,Moderate,Bulk Carrier,Japan,20.4,252.0,20.8915,95.8617,False,Fragile Stabilisation
EVT-00868,2025-12-06,Strait of Hormuz,Oil Spill from Damaged Tanker,Moderate,Product Tanker,Panama,15.4,52.0,27.244,57.148,False,Fragile Stabilisation
EVT-00869,2025-12-06,Persian Gulf – Sea of Japan,Insurance No-Go Zone Declaration,Moderate,VLCC,Hong Kong,8.0,375.0,7.5991,57.1795,False,Fragile Stabilisation
EVT-00870,2025-12-06,Arabian Sea – South China Sea,Cyber-Attack on Port Systems,Minor,LPG Carrier,Hong Kong,16.0,46.0,10.5238,98.979,False,Fragile Stabilisation
EVT-00871,2025-12-06,Bab el-Mandeb / Red Sea,Drone Strike Near Vessel,Severe,LPG Carrier,China,28.9,61.0,11.9991,43.1521,True,Fragile Stabilisation
EVT-00872,2025-12-07,Bab el-Mandeb / Red Sea,Houthi Anti-Ship Missile,Critical,LNG Carrier,Panama,370.8,1219.0,11.8417,43.5446,True,Fragile Stabilisation
EVT-00873,2025-12-07,Strait of Hormuz,Coalition Naval Escort Delay,Minor,LNG Carrier,Marshall Islands,1.9,28.0,25.9069,56.8424,False,Fragile Stabilisation
EVT-00874,2025-12-08,Persian Gulf – Sea of Japan,Oil Spill from Damaged Tanker,Minor,Product Tanker,China,1.5,48.0,5.4817,44.7494,False,Fragile Stabilisation
EVT-00875,2025-12-09,Bab el-Mandeb / Red Sea,Cyber-Attack on Port Systems,Moderate,LNG Carrier,Greece,4.5,106.0,13.1828,42.6136,False,Fragile Stabilisation
EVT-00876,2025-12-09,Strait of Hormuz,Oil Spill from Damaged Tanker,Minor,Container Ship,Marshall Islands,5.9,41.0,27.222,55.7795,True,Fragile Stabilisation
EVT-00877,2025-12-09,Strait of Hormuz,Unexploded Ordnance Discovery,Severe,Product Tanker,Malta,144.7,662.0,26.1084,56.0456,True,Fragile Stabilisation
EVT-00878,2025-12-09,Arabian Sea – South China Sea,Houthi Anti-Ship Missile,Moderate,LPG Carrier,China,67.5,95.0,23.8235,55.6767,True,Fragile Stabilisation
EVT-00879,2025-12-11,Bab el-Mandeb / Red Sea,Unexploded Ordnance Discovery,Moderate,Product Tanker,China,4.5,148.0,13.5831,43.0271,True,Fragile Stabilisation
EVT-00880,2025-12-12,Persian Gulf – Sea of Japan,Military Blockade Enforcement,Moderate,Bulk Carrier,Malta,9.5,199.0,12.4109,108.0109,False,Fragile Stabilisation
EVT-00881,2025-12-12,Bab el-Mandeb / Red Sea,Naval Mine Detonation,Severe,LPG Carrier,Greece,4.1,568.0,12.5066,42.9187,True,Fragile Stabilisation
EVT-00882,2025-12-12,Bab el-Mandeb / Red Sea,Port Closure (Military),Moderate,VLCC,Liberia,5.2,52.0,13.6278,44.0284,True,Fragile Stabilisation
EVT-00883,2025-12-12,Strait of Hormuz,Military Blockade Enforcement,Severe,Suezmax,Liberia,21.2,48.0,26.5077,57.1478,True,Fragile Stabilisation
EVT-00884,2025-12-13,Bab el-Mandeb / Red Sea,Houthi Anti-Ship Missile,Severe,Aframax,Singapore,109.3,422.0,12.4706,43.7124,True,Fragile Stabilisation
EVT-00885,2025-12-13,Strait of Malacca,Drone Strike Near Vessel,Moderate,Product Tanker,Hong Kong,8.3,222.0,2.7641,100.9469,False,Fragile Stabilisation
EVT-00886,2025-12-13,Cape of Good Hope (reroute),Cyber-Attack on Port Systems,Severe,Suezmax,Malta,133.7,623.0,-34.1628,17.8638,True,Fragile Stabilisation
EVT-00887,2025-12-14,Strait of Hormuz,Naval Mine Detonation,Minor,Bulk Carrier,China,14.5,41.0,26.2813,55.4541,False,Fragile Stabilisation
EVT-00888,2025-12-14,Bab el-Mandeb / Red Sea,Port Closure (Military),Moderate,Product Tanker,Panama,28.6,115.0,12.5508,43.9992,False,Fragile Stabilisation
EVT-00889,2025-12-18,Bab el-Mandeb / Red Sea,Naval Mine Detonation,Severe,Bulk Carrier,Marshall Islands,2.9,545.0,13.0601,43.8145,True,Fragile Stabilisation
EVT-00890,2025-12-18,Strait of Hormuz,Houthi Anti-Ship Missile,Severe,LNG Carrier,Japan,12.6,110.0,26.3323,56.3536,True,Fragile Stabilisation
EVT-00891,2025-12-18,Aden Gulf – Indian Ocean,Missile Attack on Tanker,Minor,Product Tanker,Liberia,9.8,32.0,34.3806,59.4472,False,Fragile Stabilisation
EVT-00892,2025-12-20,Strait of Hormuz,Piracy / Armed Boarding,Moderate,Container Ship,Hong Kong,100.5,604.0,25.677,56.9987,True,Fragile Stabilisation
EVT-00893,2025-12-21,Persian Gulf – East China Sea,Maritime Corridor Suspension,Moderate,Aframax,Liberia,3.2,480.0,12.2236,57.8981,False,Fragile Stabilisation
EVT-00894,2025-12-21,Suez Canal,Oil Spill from Damaged Tanker,Severe,Container Ship,China,19.5,142.0,31.1777,33.1851,True,Fragile Stabilisation
EVT-00895,2025-12-22,Strait of Hormuz,Port Closure (Military),Minor,VLCC,Panama,10.1,37.0,25.6484,55.7372,True,Fragile Stabilisation
EVT-00896,2025-12-23,Strait of Hormuz,Military Blockade Enforcement,Moderate,LPG Carrier,Japan,78.7,251.0,26.0257,56.6678,False,Fragile Stabilisation
EVT-00897,2025-12-23,Strait of Hormuz,Port Closure (Military),Severe,Container Ship,Bahamas,14.4,303.0,25.5272,55.824,True,Fragile Stabilisation
EVT-00898,2025-12-23,Strait of Hormuz,Cyber-Attack on Port Systems,Moderate,Bulk Carrier,Panama,36.3,448.0,26.3495,55.9382,False,Fragile Stabilisation
EVT-00899,2025-12-24,Strait of Hormuz,Maritime Corridor Suspension,Minor,Bulk Carrier,Hong Kong,1.3,5.0,27.3888,57.1205,False,Fragile Stabilisation
EVT-00900,2025-12-24,Bab el-Mandeb / Red Sea,Military Blockade Enforcement,Severe,Container Ship,Malta,91.6,627.0,12.7134,42.8337,True,Fragile Stabilisation
EVT-00901,2025-12-25,Bab el-Mandeb / Red Sea,Houthi Anti-Ship Missile,Moderate,Product Tanker,Hong Kong,30.1,251.0,13.4521,43.1799,False,Fragile Stabilisation
EVT-00902,2025-12-25,Arabian Sea – South China Sea,IRGC Fast-Boat Harassment,Severe,Container Ship,Hong Kong,49.3,65.0,13.8125,99.8519,True,Fragile Stabilisation
EVT-00903,2025-12-26,Persian Gulf – East China Sea,Maritime Corridor Suspension,Moderate,Aframax,Malta,5.0,154.0,31.9114,117.9764,True,Fragile Stabilisation
EVT-00904,2025-12-26,Bab el-Mandeb / Red Sea,Drone Strike Near Vessel,Minor,LPG Carrier,Greece,11.2,197.0,12.1827,43.3023,False,Fragile Stabilisation
EVT-00905,2025-12-26,Cape of Good Hope (reroute),Drone Strike Near Vessel,Moderate,LNG Carrier,Panama,101.4,8.0,-33.7077,18.9773,False,Fragile Stabilisation
EVT-00906,2025-12-27,Suez Canal,Maritime Corridor Suspension,Severe,Product Tanker,Liberia,57.9,450.0,30.6086,32.3227,True,Fragile Stabilisation
EVT-00907,2025-12-27,Strait of Hormuz,Military Blockade Enforcement,Minor,Suezmax,Bahamas,16.8,106.0,27.2668,55.3952,True,Fragile Stabilisation
EVT-00908,2025-12-27,Suez Canal,Maritime Corridor Suspension,Moderate,Suezmax,Singapore,35.5,47.0,30.5133,31.8249,False,Fragile Stabilisation
EVT-00909,2025-12-28,Suez Canal,Coalition Naval Escort Delay,Critical,Suezmax,Singapore,185.2,112.0,30.1899,31.8057,True,Fragile Stabilisation
EVT-00910,2025-12-29,Persian Gulf – Bay of Bengal,Drone Strike Near Vessel,Minor,Product Tanker,Hong Kong,0.5,6.0,10.7529,83.2072,True,Fragile Stabilisation
EVT-00911,2025-12-30,Strait of Hormuz,Drone Strike Near Vessel,Critical,Product Tanker,Malta,285.1,153.0,26.0181,55.3257,True,Fragile Stabilisation
EVT-00912,2025-12-30,Suez Canal,IRGC Fast-Boat Harassment,Moderate,LPG Carrier,Panama,0.9,88.0,30.047,31.766,False,Fragile Stabilisation
EVT-00913,2025-12-30,Strait of Malacca,IRGC Fast-Boat Harassment,Minor,Aframax,Malta,10.4,5.0,2.477,101.2445,False,Fragile Stabilisation
EVT-00914,2025-12-31,Persian Gulf – East China Sea,Houthi Anti-Ship Missile,Critical,VLCC,Malta,827.0,2803.0,12.5815,96.1484,True,Fragile Stabilisation
EVT-00915,2025-12-31,Bab el-Mandeb / Red Sea,Piracy / Armed Boarding,Moderate,LNG Carrier,Singapore,85.1,164.0,11.84,44.1917,False,Fragile Stabilisation
EVT-00916,2025-12-31,Bab el-Mandeb / Red Sea,Oil Spill from Damaged Tanker,Severe,LNG Carrier,Malta,25.9,258.0,12.3415,43.6609,True,Fragile Stabilisation
EVT-00917,2026-01-01,Persian Gulf – Bay of Bengal,Missile Attack on Tanker,Moderate,Container Ship,Malta,3.0,419.0,23.2691,55.5176,False,Ongoing Uncertainty
EVT-00918,2026-01-02,Bab el-Mandeb / Red Sea,Military Blockade Enforcement,Severe,LNG Carrier,Marshall Islands,17.4,484.0,11.8487,42.9918,True,Ongoing Uncertainty
EVT-00919,2026-01-02,Bab el-Mandeb / Red Sea,Unexploded Ordnance Discovery,Moderate,VLCC,Hong Kong,16.6,20.0,13.2364,42.5566,False,Ongoing Uncertainty
EVT-00920,2026-01-03,Strait of Hormuz,Unexploded Ordnance Discovery,Minor,Aframax,Greece,1.4,95.0,25.5032,57.1565,True,Ongoing Uncertainty
EVT-00921,2026-01-04,Suez Canal,Military Blockade Enforcement,Minor,LPG Carrier,Japan,16.1,52.0,30.8497,31.8903,False,Ongoing Uncertainty
EVT-00922,2026-01-04,Strait of Malacca,IRGC Fast-Boat Harassment,Severe,Bulk Carrier,Greece,91.3,999.0,2.7439,101.233,True,Ongoing Uncertainty
EVT-00923,2026-01-05,Aden Gulf – Indian Ocean,Missile Attack on Tanker,Severe,Bulk Carrier,Singapore,23.5,596.0,9.5799,104.9333,True,Ongoing Uncertainty
EVT-00924,2026-01-05,Suez Canal,Oil Spill from Damaged Tanker,Severe,Aframax,Liberia,75.4,684.0,30.1879,32.4109,True,Ongoing Uncertainty
EVT-00925,2026-01-06,Bab el-Mandeb / Red Sea,Port Closure (Military),Minor,Product Tanker,Panama,0.4,1.0,12.9015,43.2584,False,Ongoing Uncertainty
EVT-00926,2026-01-07,Suez Canal,Houthi Anti-Ship Missile,Minor,LNG Carrier,Greece,5.2,31.0,30.9606,32.9734,True,Ongoing Uncertainty
EVT-00927,2026-01-08,Bab el-Mandeb / Red Sea,Drone Strike Near Vessel,Severe,LNG Carrier,Hong Kong,80.2,573.0,12.3114,42.9887,True,Ongoing Uncertainty
EVT-00928,2026-01-09,Cape of Good Hope (reroute),Insurance No-Go Zone Declaration,Minor,LPG Carrier,Singapore,7.1,24.0,-35.1096,18.963,False,Ongoing Uncertainty
EVT-00929,2026-01-09,Persian Gulf – East China Sea,Houthi Anti-Ship Missile,Minor,Aframax,Greece,5.8,0.0,27.8096,47.9539,False,Ongoing Uncertainty
EVT-00930,2026-01-09,Suez Canal,Unexploded Ordnance Discovery,Moderate,Suezmax,Marshall Islands,42.3,632.0,30.5067,31.4894,False,Ongoing Uncertainty
EVT-00931,2026-01-10,Strait of Hormuz,Houthi Anti-Ship Missile,Minor,Bulk Carrier,China,0.1,19.0,26.8942,55.8027,False,Ongoing Uncertainty
EVT-00932,2026-01-10,Bab el-Mandeb / Red Sea,Military Blockade Enforcement,Moderate,Product Tanker,Malta,3.3,279.0,11.9641,42.3572,False,Ongoing Uncertainty
EVT-00933,2026-01-11,Aden Gulf – Indian Ocean,Houthi Anti-Ship Missile,Minor,Bulk Carrier,Liberia,3.5,101.0,23.2091,75.9195,False,Ongoing Uncertainty
EVT-00934,2026-01-13,Strait of Hormuz,Unexploded Ordnance Discovery,Minor,VLCC,Liberia,5.3,20.0,25.8563,56.5851,False,Ongoing Uncertainty
EVT-00935,2026-01-13,Strait of Malacca,Drone Strike Near Vessel,Minor,VLCC,Bahamas,12.8,14.0,2.1162,101.9224,False,Ongoing Uncertainty
EVT-00936,2026-01-13,Suez Canal,Drone Strike Near Vessel,Minor,LNG Carrier,China,2.1,24.0,31.4315,32.8308,False,Ongoing Uncertainty
EVT-00937,2026-01-13,Persian Gulf – Sea of Japan,Military Blockade Enforcement,Minor,Bulk Carrier,Malta,1.6,62.0,29.8996,61.3209,False,Ongoing Uncertainty
EVT-00938,2026-01-14,Strait of Hormuz,Insurance No-Go Zone Declaration,Severe,Suezmax,Japan,3.7,255.0,26.0209,55.9126,True,Ongoing Uncertainty
EVT-00939,2026-01-14,Bab el-Mandeb / Red Sea,Coalition Naval Escort Delay,Severe,Bulk Carrier,Panama,357.6,13.0,11.9695,43.5009,True,Ongoing Uncertainty
EVT-00940,2026-01-14,Cape of Good Hope (reroute),Maritime Corridor Suspension,Minor,Bulk Carrier,Hong Kong,22.0,7.0,-34.5082,19.4983,False,Ongoing Uncertainty
EVT-00941,2026-01-15,Suez Canal,Missile Attack on Tanker,Severe,Product Tanker,Liberia,160.6,926.0,29.6408,33.0197,True,Ongoing Uncertainty
EVT-00942,2026-01-15,Strait of Hormuz,Coalition Naval Escort Delay,Minor,Suezmax,Japan,14.1,26.0,26.4629,56.189,False,Ongoing Uncertainty
EVT-00943,2026-01-16,Strait of Hormuz,Piracy / Armed Boarding,Minor,Container Ship,Hong Kong,3.3,122.0,26.6188,56.3178,True,Ongoing Uncertainty
EVT-00944,2026-01-17,Bab el-Mandeb / Red Sea,Oil Spill from Damaged Tanker,Severe,LNG Carrier,China,18.3,1088.0,13.2587,44.0364,True,Ongoing Uncertainty
EVT-00945,2026-01-17,Suez Canal,IRGC Fast-Boat Harassment,Critical,Container Ship,Bahamas,14.6,1290.0,31.4593,32.7947,True,Ongoing Uncertainty
EVT-00946,2026-01-17,Suez Canal,Military Blockade Enforcement,Minor,Product Tanker,Malta,17.3,4.0,30.1992,31.4207,False,Ongoing Uncertainty
EVT-00947,2026-01-17,Suez Canal,Military Blockade Enforcement,Minor,LPG Carrier,Bahamas,5.7,36.0,31.4102,32.7698,False,Ongoing Uncertainty
EVT-00948,2026-01-18,Strait of Malacca,Maritime Corridor Suspension,Critical,Product Tanker,Singapore,53.8,2657.0,2.4786,101.9096,True,Ongoing Uncertainty
EVT-00949,2026-01-18,Bab el-Mandeb / Red Sea,Insurance No-Go Zone Declaration,Moderate,VLCC,Panama,81.1,91.0,13.7852,43.4603,False,Ongoing Uncertainty
EVT-00950,2026-01-19,Strait of Hormuz,Piracy / Armed Boarding,Minor,Suezmax,Greece,5.9,26.0,27.0158,56.6593,False,Ongoing Uncertainty
EVT-00951,2026-01-20,Suez Canal,GPS Spoofing / Jamming Incident,Moderate,Container Ship,Japan,33.6,38.0,30.9014,31.384,False,Ongoing Uncertainty
EVT-00952,2026-01-21,Strait of Hormuz,Houthi Anti-Ship Missile,Moderate,LPG Carrier,Japan,10.5,711.0,27.2203,57.0287,True,Ongoing Uncertainty
EVT-00953,2026-01-22,Cape of Good Hope (reroute),Maritime Corridor Suspension,Moderate,VLCC,Japan,16.0,119.0,-33.6375,19.0369,False,Ongoing Uncertainty
EVT-00954,2026-01-23,Strait of Hormuz,IRGC Fast-Boat Harassment,Critical,Aframax,Bahamas,80.4,666.0,25.6909,55.7386,True,Ongoing Uncertainty
EVT-00955,2026-01-24,Persian Gulf – East China Sea,Maritime Corridor Suspension,Minor,Container Ship,Hong Kong,2.1,10.0,14.6618,80.5872,True,Ongoing Uncertainty
EVT-00956,2026-01-24,Persian Gulf – East China Sea,Missile Attack on Tanker,Moderate,Container Ship,Marshall Islands,0.3,68.0,29.3397,84.4446,False,Ongoing Uncertainty
EVT-00957,2026-01-24,Suez Canal,Unexploded Ordnance Discovery,Minor,LPG Carrier,Marshall Islands,0.4,8.0,30.7591,32.4318,False,Ongoing Uncertainty
EVT-00958,2026-01-28,Cape of Good Hope (reroute),Missile Attack on Tanker,Severe,Container Ship,China,6.0,236.0,-34.3413,17.8042,True,Ongoing Uncertainty
EVT-00959,2026-01-29,Bab el-Mandeb / Red Sea,Missile Attack on Tanker,Moderate,LPG Carrier,Singapore,10.7,778.0,13.5712,42.8249,False,Ongoing Uncertainty
EVT-00960,2026-01-29,Bab el-Mandeb / Red Sea,Military Blockade Enforcement,Minor,Aframax,China,5.8,49.0,13.6461,44.0672,False,Ongoing Uncertainty
EVT-00961,2026-01-31,Cape of Good Hope (reroute),Insurance No-Go Zone Declaration,Minor,Aframax,Marshall Islands,13.1,24.0,-33.872,19.4429,False,Ongoing Uncertainty
EVT-00962,2026-01-31,Suez Canal,Coalition Naval Escort Delay,Moderate,Bulk Carrier,Hong Kong,43.0,460.0,30.9235,33.126,False,Ongoing Uncertainty
EVT-00963,2026-02-01,Suez Canal,Insurance No-Go Zone Declaration,Severe,LNG Carrier,Japan,34.7,46.0,30.3052,32.6651,True,Ongoing Uncertainty
EVT-00964,2026-02-02,Strait of Malacca,Oil Spill from Damaged Tanker,Critical,Product Tanker,Singapore,12.3,412.0,1.7516,101.2358,True,Ongoing Uncertainty
EVT-00965,2026-02-02,Persian Gulf – East China Sea,Naval Mine Detonation,Severe,LPG Carrier,Panama,19.5,109.0,9.192,59.0057,True,Ongoing Uncertainty
EVT-00966,2026-02-02,Strait of Hormuz,Piracy / Armed Boarding,Moderate,Bulk Carrier,Liberia,16.6,172.0,26.0704,57.1095,False,Ongoing Uncertainty
EVT-00967,2026-02-03,Strait of Hormuz,Insurance No-Go Zone Declaration,Minor,Aframax,Liberia,0.7,18.0,26.2397,57.1656,False,Ongoing Uncertainty
EVT-00968,2026-02-03,Bab el-Mandeb / Red Sea,Naval Mine Detonation,Severe,Suezmax,Singapore,135.3,511.0,11.9312,42.6152,True,Ongoing Uncertainty
EVT-00969,2026-02-03,Bab el-Mandeb / Red Sea,Piracy / Armed Boarding,Severe,Container Ship,Liberia,40.1,267.0,13.1195,43.9343,True,Ongoing Uncertainty
EVT-00970,2026-02-04,Strait of Hormuz,Port Closure (Military),Moderate,VLCC,Japan,8.0,142.0,26.6853,55.9944,False,Ongoing Uncertainty
EVT-00971,2026-02-04,Bab el-Mandeb / Red Sea,Houthi Anti-Ship Missile,Severe,Container Ship,Panama,94.6,58.0,13.3709,43.5623,True,Ongoing Uncertainty
EVT-00972,2026-02-05,Suez Canal,Houthi Anti-Ship Missile,Minor,LPG Carrier,Japan,2.6,5.0,30.5927,32.8898,True,Ongoing Uncertainty
EVT-00973,2026-02-05,Strait of Hormuz,Coalition Naval Escort Delay,Severe,Product Tanker,Marshall Islands,13.7,262.0,25.9739,55.5778,True,Ongoing Uncertainty
EVT-00974,2026-02-05,Persian Gulf – East China Sea,GPS Spoofing / Jamming Incident,Minor,LNG Carrier,Hong Kong,6.2,79.0,25.3814,44.9712,False,Ongoing Uncertainty
EVT-00975,2026-02-06,Cape of Good Hope (reroute),Piracy / Armed Boarding,Minor,LNG Carrier,Panama,0.1,103.0,-34.3157,18.9319,False,Ongoing Uncertainty
EVT-00976,2026-02-08,Strait of Hormuz,IRGC Fast-Boat Harassment,Minor,Bulk Carrier,Malta,1.2,2.0,26.5506,55.8923,False,Ongoing Uncertainty
EVT-00977,2026-02-09,Suez Canal,Coalition Naval Escort Delay,Moderate,Container Ship,Marshall Islands,24.1,81.0,30.354,31.6901,False,Ongoing Uncertainty
EVT-00978,2026-02-10,Bab el-Mandeb / Red Sea,Drone Strike Near Vessel,Critical,Bulk Carrier,Greece,28.8,1913.0,13.3085,43.5041,True,Ongoing Uncertainty
EVT-00979,2026-02-10,Persian Gulf – Sea of Japan,Drone Strike Near Vessel,Severe,VLCC,Malta,111.9,1129.0,8.9946,118.983,True,Ongoing Uncertainty
EVT-00980,2026-02-11,Strait of Hormuz,Maritime Corridor Suspension,Moderate,LNG Carrier,Panama,23.7,190.0,27.1598,56.9078,True,Ongoing Uncertainty
EVT-00981,2026-02-11,Suez Canal,GPS Spoofing / Jamming Incident,Minor,VLCC,Hong Kong,11.2,102.0,30.5976,31.6269,True,Ongoing Uncertainty
EVT-00982,2026-02-12,Suez Canal,Unexploded Ordnance Discovery,Minor,VLCC,Liberia,5.7,69.0,30.4802,31.8595,False,Ongoing Uncertainty
EVT-00983,2026-02-12,Strait of Hormuz,Naval Mine Detonation,Moderate,Container Ship,Singapore,15.0,241.0,25.7207,56.6799,False,Ongoing Uncertainty
EVT-00984,2026-02-13,Persian Gulf – Sea of Japan,Maritime Corridor Suspension,Moderate,Bulk Carrier,Greece,90.0,272.0,32.4425,52.3299,False,Ongoing Uncertainty
EVT-00985,2026-02-13,Suez Canal,Piracy / Armed Boarding,Moderate,Suezmax,Greece,10.0,181.0,29.621,32.7633,False,Ongoing Uncertainty
EVT-00986,2026-02-13,Bab el-Mandeb / Red Sea,IRGC Fast-Boat Harassment,Moderate,VLCC,Hong Kong,0.0,14.0,13.182,42.5854,False,Ongoing Uncertainty
EVT-00987,2026-02-14,Bab el-Mandeb / Red Sea,Unexploded Ordnance Discovery,Minor,Product Tanker,Malta,1.2,229.0,12.5759,43.9984,True,Ongoing Uncertainty
EVT-00988,2026-02-14,Persian Gulf – Bay of Bengal,Naval Mine Detonation,Minor,Container Ship,Hong Kong,1.4,82.0,30.0207,55.5185,False,Ongoing Uncertainty
EVT-00989,2026-02-16,Bab el-Mandeb / Red Sea,Unexploded Ordnance Discovery,Severe,LPG Carrier,China,20.7,122.0,12.7364,44.1235,True,Ongoing Uncertainty
EVT-00990,2026-02-17,Persian Gulf – East China Sea,Port Closure (Military),Moderate,Aframax,Liberia,7.7,61.0,32.9785,80.5839,True,Ongoing Uncertainty
EVT-00991,2026-02-17,Suez Canal,Port Closure (Military),Moderate,Product Tanker,Singapore,82.7,430.0,29.835,32.4264,False,Ongoing Uncertainty
EVT-00992,2026-02-19,Bab el-Mandeb / Red Sea,Missile Attack on Tanker,Severe,Aframax,Singapore,47.6,583.0,12.533,44.0939,True,Ongoing Uncertainty
EVT-00993,2026-02-19,Cape of Good Hope (reroute),GPS Spoofing / Jamming Incident,Moderate,LNG Carrier,Marshall Islands,25.3,373.0,-35.4187,19.1788,True,Ongoing Uncertainty
EVT-00994,2026-02-19,Bab el-Mandeb / Red Sea,Naval Mine Detonation,Minor,Bulk Carrier,Panama,3.7,2.0,12.0179,43.2307,False,Ongoing Uncertainty
EVT-00995,2026-02-20,Persian Gulf – Bay of Bengal,Piracy / Armed Boarding,Minor,Suezmax,Singapore,19.9,33.0,27.5451,46.3345,False,Ongoing Uncertainty
EVT-00996,2026-02-21,Suez Canal,Oil Spill from Damaged Tanker,Minor,Suezmax,Greece,8.9,44.0,29.9205,33.1545,False,Ongoing Uncertainty
EVT-00997,2026-02-21,Arabian Sea – South China Sea,Naval Mine Detonation,Minor,VLCC,Panama,0.3,34.0,14.7571,112.5757,False,Ongoing Uncertainty
EVT-00998,2026-02-21,Persian Gulf – East China Sea,Drone Strike Near Vessel,Moderate,LPG Carrier,China,31.6,188.0,15.4436,107.9776,True,Ongoing Uncertainty
EVT-00999,2026-02-21,Strait of Hormuz,Missile Attack on Tanker,Minor,LNG Carrier,Marshall Islands,7.1,1.0,25.8257,56.9211,False,Ongoing Uncertainty
EVT-01000,2026-02-23,Bab el-Mandeb / Red Sea,Piracy / Armed Boarding,Moderate,Product Tanker,Malta,7.1,26.0,13.5013,43.3589,False,Ongoing Uncertainty
EVT-01001,2026-02-23,Bab el-Mandeb / Red Sea,Missile Attack on Tanker,Severe,Bulk Carrier,Bahamas,106.0,249.0,12.193,43.9572,True,Ongoing Uncertainty
EVT-01002,2026-02-23,Strait of Hormuz,Missile Attack on Tanker,Moderate,VLCC,Japan,7.8,31.0,26.6138,57.1856,False,Ongoing Uncertainty
EVT-01003,2026-02-23,Strait of Hormuz,Insurance No-Go Zone Declaration,Moderate,LNG Carrier,Liberia,12.5,482.0,26.4056,56.1209,True,Ongoing Uncertainty
EVT-01004,2026-02-24,Aden Gulf – Indian Ocean,Port Closure (Military),Moderate,Bulk Carrier,Hong Kong,2.8,61.0,29.9887,59.7086,False,Ongoing Uncertainty
EVT-01005,2026-02-26,Persian Gulf – East China Sea,Coalition Naval Escort Delay,Minor,VLCC,Japan,8.3,19.0,29.4124,89.4084,False,Ongoing Uncertainty
EVT-01006,2026-02-27,Persian Gulf – Bay of Bengal,Naval Mine Detonation,Moderate,Aframax,Malta,43.9,246.0,14.8792,93.0508,False,Ongoing Uncertainty
EVT-01007,2026-02-27,Suez Canal,Oil Spill from Damaged Tanker,Severe,Aframax,Bahamas,34.4,658.0,31.3159,33.012,True,Ongoing Uncertainty
EVT-01008,2026-02-27,Persian Gulf – East China Sea,Houthi Anti-Ship Missile,Minor,Bulk Carrier,Liberia,3.5,10.0,34.2736,53.5811,True,Ongoing Uncertainty
EVT-01009,2026-03-01,Suez Canal,Cyber-Attack on Port Systems,Minor,VLCC,Greece,5.1,4.0,31.4137,32.7627,False,Ongoing Uncertainty
EVT-01010,2026-03-02,Strait of Malacca,Maritime Corridor Suspension,Minor,Product Tanker,Japan,0.3,136.0,1.9025,101.913,False,Ongoing Uncertainty
EVT-01011,2026-03-03,Bab el-Mandeb / Red Sea,Unexploded Ordnance Discovery,Critical,VLCC,Hong Kong,62.0,1354.0,12.2968,42.7913,True,Ongoing Uncertainty
EVT-01012,2026-03-03,Bab el-Mandeb / Red Sea,Coalition Naval Escort Delay,Severe,Container Ship,Singapore,0.2,313.0,12.2706,42.7269,True,Ongoing Uncertainty
EVT-01013,2026-03-03,Bab el-Mandeb / Red Sea,Cyber-Attack on Port Systems,Severe,VLCC,Marshall Islands,115.6,661.0,12.8017,44.1366,True,Ongoing Uncertainty
EVT-01014,2026-03-05,Strait of Hormuz,Military Blockade Enforcement,Moderate,VLCC,China,5.4,246.0,26.0375,56.7997,False,Ongoing Uncertainty
EVT-01015,2026-03-05,Suez Canal,IRGC Fast-Boat Harassment,Moderate,Bulk Carrier,Hong Kong,36.2,108.0,31.2497,31.512,False,Ongoing Uncertainty
EVT-01016,2026-03-05,Strait of Hormuz,Port Closure (Military),Moderate,Suezmax,Greece,1.7,146.0,27.0424,56.5845,False,Ongoing Uncertainty
EVT-01017,2026-03-05,Strait of Malacca,Military Blockade Enforcement,Moderate,Aframax,Panama,25.2,474.0,2.9166,102.2821,False,Ongoing Uncertainty
EVT-01018,2026-03-05,Strait of Hormuz,Drone Strike Near Vessel,Minor,VLCC,Hong Kong,15.9,151.0,26.9161,56.2914,False,Ongoing Uncertainty
EVT-01019,2026-03-07,Bab el-Mandeb / Red Sea,Insurance No-Go Zone Declaration,Moderate,Container Ship,Hong Kong,4.8,81.0,13.5244,42.6244,True,Ongoing Uncertainty
EVT-01020,2026-03-07,Strait of Hormuz,Naval Mine Detonation,Critical,Bulk Carrier,Hong Kong,639.5,552.0,27.2281,55.8399,True,Ongoing Uncertainty
EVT-01021,2026-03-09,Strait of Hormuz,Coalition Naval Escort Delay,Severe,LPG Carrier,Liberia,29.3,700.0,25.8333,56.8452,True,Ongoing Uncertainty
EVT-01022,2026-03-09,Bab el-Mandeb / Red Sea,Port Closure (Military),Minor,VLCC,China,9.9,27.0,12.6054,44.1763,False,Ongoing Uncertainty
EVT-01023,2026-03-11,Suez Canal,IRGC Fast-Boat Harassment,Minor,Suezmax,Liberia,14.9,32.0,29.5715,32.265,False,Ongoing Uncertainty
EVT-01024,2026-03-11,Strait of Malacca,Military Blockade Enforcement,Severe,Container Ship,Liberia,206.8,570.0,1.5645,102.1148,True,Ongoing Uncertainty
EVT-01025,2026-03-11,Bab el-Mandeb / Red Sea,Unexploded Ordnance Discovery,Critical,Product Tanker,China,17.4,765.0,13.0668,43.1144,True,Ongoing Uncertainty
EVT-01026,2026-03-11,Strait of Hormuz,Oil Spill from Damaged Tanker,Moderate,VLCC,Bahamas,6.1,91.0,27.1179,56.6845,True,Ongoing Uncertainty
EVT-01027,2026-03-12,Persian Gulf – Sea of Japan,Missile Attack on Tanker,Minor,Bulk Carrier,Bahamas,7.5,3.0,5.9184,65.1259,False,Ongoing Uncertainty
EVT-01028,2026-03-12,Bab el-Mandeb / Red Sea,Port Closure (Military),Minor,LNG Carrier,Liberia,0.6,180.0,13.482,42.4784,False,Ongoing Uncertainty
EVT-01029,2026-03-13,Cape of Good Hope (reroute),Oil Spill from Damaged Tanker,Critical,LNG Carrier,Greece,15.0,1584.0,-34.0231,17.5931,True,Ongoing Uncertainty
EVT-01030,2026-03-13,Bab el-Mandeb / Red Sea,Piracy / Armed Boarding,Moderate,Container Ship,Liberia,28.8,137.0,11.9173,42.3132,False,Ongoing Uncertainty
EVT-01031,2026-03-13,Bab el-Mandeb / Red Sea,Military Blockade Enforcement,Severe,Bulk Carrier,Singapore,12.0,345.0,12.6805,43.6407,True,Ongoing Uncertainty
EVT-01032,2026-03-14,Persian Gulf – Bay of Bengal,Missile Attack on Tanker,Severe,Container Ship,Japan,34.4,927.0,18.0578,101.7905,True,Ongoing Uncertainty
EVT-01033,2026-03-15,Bab el-Mandeb / Red Sea,Maritime Corridor Suspension,Critical,Product Tanker,China,190.7,1254.0,13.6003,44.0584,True,Ongoing Uncertainty
EVT-01034,2026-03-16,Bab el-Mandeb / Red Sea,Coalition Naval Escort Delay,Moderate,Product Tanker,Hong Kong,101.9,19.0,13.4731,42.8242,False,Ongoing Uncertainty
EVT-01035,2026-03-16,Persian Gulf – East China Sea,Oil Spill from Damaged Tanker,Moderate,VLCC,Greece,38.0,13.0,28.7871,118.45,True,Ongoing Uncertainty
EVT-01036,2026-03-16,Bab el-Mandeb / Red Sea,Coalition Naval Escort Delay,Minor,Suezmax,Japan,1.8,30.0,12.2285,42.8045,False,Ongoing Uncertainty
EVT-01037,2026-03-18,Strait of Hormuz,Maritime Corridor Suspension,Minor,Bulk Carrier,Panama,29.7,1.0,26.374,56.6338,False,Ongoing Uncertainty
EVT-01038,2026-03-20,Bab el-Mandeb / Red Sea,Insurance No-Go Zone Declaration,Moderate,Aframax,Greece,16.9,146.0,12.4621,42.4002,False,Ongoing Uncertainty
EVT-01039,2026-03-20,Cape of Good Hope (reroute),Missile Attack on Tanker,Severe,LPG Carrier,Japan,60.6,233.0,-34.1178,17.5282,True,Ongoing Uncertainty
EVT-01040,2026-03-20,Bab el-Mandeb / Red Sea,Missile Attack on Tanker,Severe,Product Tanker,Hong Kong,7.8,163.0,12.8533,42.5286,True,Ongoing Uncertainty
EVT-01041,2026-03-21,Bab el-Mandeb / Red Sea,Missile Attack on Tanker,Moderate,LNG Carrier,Japan,20.8,226.0,12.8671,42.9621,False,Ongoing Uncertainty
EVT-01042,2026-03-22,Strait of Hormuz,Houthi Anti-Ship Missile,Moderate,Container Ship,Hong Kong,1.1,272.0,26.0339,55.3659,False,Ongoing Uncertainty
EVT-01043,2026-03-22,Strait of Hormuz,Naval Mine Detonation,Severe,Aframax,Bahamas,30.4,466.0,26.1542,55.5651,True,Ongoing Uncertainty
EVT-01044,2026-03-22,Aden Gulf – Indian Ocean,Cyber-Attack on Port Systems,Critical,Aframax,Panama,91.7,42.0,14.4288,47.499,True,Ongoing Uncertainty
EVT-01045,2026-03-22,Bab el-Mandeb / Red Sea,Insurance No-Go Zone Declaration,Minor,Container Ship,Malta,3.1,39.0,13.3493,43.8125,True,Ongoing Uncertainty
EVT-01046,2026-03-22,Strait of Hormuz,Naval Mine Detonation,Severe,VLCC,Hong Kong,455.3,80.0,26.0973,56.9969,True,Ongoing Uncertainty
EVT-01047,2026-03-23,Cape of Good Hope (reroute),Oil Spill from Damaged Tanker,Moderate,Product Tanker,Marshall Islands,0.1,61.0,-33.6465,17.8651,True,Ongoing Uncertainty
EVT-01048,2026-03-24,Strait of Hormuz,Unexploded Ordnance Discovery,Critical,Suezmax,Marshall Islands,118.2,547.0,27.3486,57.0351,True,Ongoing Uncertainty
EVT-01049,2026-03-24,Bab el-Mandeb / Red Sea,Insurance No-Go Zone Declaration,Minor,LNG Carrier,Malta,6.2,14.0,13.4825,42.4994,False,Ongoing Uncertainty
EVT-01050,2026-03-24,Persian Gulf – East China Sea,Coalition Naval Escort Delay,Critical,Container Ship,Bahamas,51.6,629.0,8.0674,74.8848,True,Ongoing Uncertainty
EVT-01051,2026-03-25,Persian Gulf – East China Sea,Houthi Anti-Ship Missile,Moderate,Product Tanker,Singapore,50.8,199.0,23.8613,89.1475,False,Ongoing Uncertainty
EVT-01052,2026-03-25,Persian Gulf – East China Sea,Missile Attack on Tanker,Severe,Aframax,Marshall Islands,236.8,775.0,29.6955,115.9076,True,Ongoing Uncertainty
