Response_ID,Date,Country,Response_Category,Implementing_Institution,Estimated_Cost_MUSD,Urgency_Level,Implementation_Status,Effectiveness_Score,ME_Dependency_Reduction_Pct,Conflict_Phase
RSP-00001,2024-10-01,China,SPR Release,Emergency Management Agency,4.4,Medium,Delayed,3.9,0.0,Initial Escalation
RSP-00002,2024-10-01,China,Cyber Defense for Energy Grid,Ministry of Energy,5.7,Low,Completed,6.1,0.0,Initial Escalation
RSP-00003,2024-10-01,China,Port Security Enhancement,Emergency Management Agency,6.1,Medium,Announced,7.5,0.0,Initial Escalation
RSP-00004,2024-10-01,India,LNG Terminal Fast-Track,Ministry of Finance,0.7,Low,Completed,5.1,0.0,Initial Escalation
RSP-00005,2024-10-01,Japan,Alternative Supplier Agreement,Emergency Management Agency,2.2,High,In Progress,7.6,0.0,Initial Escalation
RSP-00006,2024-10-01,Japan,Coal-to-Gas Switching Ban,Maritime Authority,1.5,Low,Completed,7.6,0.0,Initial Escalation
RSP-00007,2024-10-01,Japan,Strategic Fuel Stockpile Mandate,Maritime Authority,1.3,Low,Delayed,8.2,0.0,Initial Escalation
RSP-00008,2024-10-01,South Korea,Alternative Supplier Agreement,Ministry of Defense,0.6,Medium,Announced,7.4,0.0,Initial Escalation
RSP-00009,2024-10-01,South Korea,Refinery Capacity Expansion,Central Bank,0.9,Medium,Announced,4.7,0.0,Initial Escalation
RSP-00010,2024-10-01,Australia,Maritime Insurance Fund,Ministry of Energy,0.1,Medium,In Progress,7.5,0.0,Initial Escalation
RSP-00011,2024-10-01,Indonesia,Strategic Fuel Stockpile Mandate,Emergency Management Agency,0.2,Low,Delayed,6.6,0.0,Initial Escalation
RSP-00012,2024-10-01,Thailand,Coal-to-Gas Switching Ban,Central Bank,0.2,Medium,Announced,4.5,0.0,Initial Escalation
RSP-00013,2024-10-01,Thailand,Maritime Insurance Fund,Ministry of Defense,0.2,High,Announced,6.0,0.0,Initial Escalation
RSP-00014,2024-10-01,Vietnam,SPR Release,Ministry of Trade,0.1,High,In Progress,3.2,0.0,Initial Escalation
RSP-00015,2024-10-01,Vietnam,Renewable Energy Fast-Track,Emergency Management Agency,0.1,Low,Completed,5.5,0.0,Initial Escalation
RSP-00016,2024-10-01,Philippines,Port Security Enhancement,Ministry of Defense,0.2,Low,In Progress,6.9,0.0,Initial Escalation
RSP-00017,2024-10-01,Philippines,Renewable Energy Fast-Track,Maritime Authority,0.2,Low,Announced,3.3,0.0,Initial Escalation
RSP-00018,2024-10-01,Malaysia,Cyber Defense for Energy Grid,Maritime Authority,0.1,Medium,In Progress,7.7,0.0,Initial Escalation
RSP-00019,2024-10-01,Pakistan,Refinery Capacity Expansion,Emergency Management Agency,0.2,Low,Announced,5.1,0.0,Initial Escalation
RSP-00020,2024-10-01,Pakistan,Maritime Insurance Fund,Ministry of Trade,0.2,High,Announced,5.5,0.0,Initial Escalation
RSP-00021,2024-10-01,Bangladesh,Port Security Enhancement,Emergency Management Agency,0.2,High,In Progress,5.2,0.0,Initial Escalation
RSP-00022,2024-10-01,Taiwan,Emergency Energy Import Deal,Central Bank,0.5,Medium,Delayed,5.7,0.0,Initial Escalation
RSP-00023,2024-10-01,Taiwan,Refinery Capacity Expansion,Maritime Authority,0.3,Low,In Progress,4.2,0.0,Initial Escalation
RSP-00024,2024-10-01,Taiwan,Port Security Enhancement,National Oil Company,0.4,Critical,Announced,7.8,0.0,Initial Escalation
RSP-00025,2024-10-01,Singapore,Alternative Supplier Agreement,Ministry of Energy,0.2,Medium,In Progress,4.3,0.0,Initial Escalation
RSP-00026,2024-10-01,Singapore,SPR Release,Maritime Authority,0.3,Medium,In Progress,5.4,0.0,Initial Escalation
RSP-00027,2024-10-01,Singapore,Refinery Capacity Expansion,Maritime Authority,0.3,Low,Completed,5.0,0.0,Initial Escalation
RSP-00028,2024-10-01,New Zealand,Coal-to-Gas Switching Ban,National Oil Company,0.1,Medium,In Progress,8.3,0.0,Initial Escalation
RSP-00029,2024-10-01,Sri Lanka,Cyber Defense for Energy Grid,Ministry of Defense,0.1,High,In Progress,5.6,0.0,Initial Escalation
RSP-00030,2024-10-01,Sri Lanka,Refinery Capacity Expansion,Emergency Management Agency,0.1,Low,In Progress,5.8,0.0,Initial Escalation
RSP-00031,2024-10-01,Myanmar,Coal-to-Gas Switching Ban,Ministry of Defense,0.1,Medium,Completed,6.4,0.0,Initial Escalation
RSP-00032,2024-10-01,Cambodia,Maritime Insurance Fund,Ministry of Energy,0.1,Medium,Completed,5.9,0.0,Initial Escalation
RSP-00033,2024-10-01,Laos,Strategic Fuel Stockpile Mandate,National Oil Company,0.1,Medium,In Progress,5.5,0.0,Initial Escalation
RSP-00034,2024-10-01,Mongolia,Bilateral Defense Pact,Ministry of Defense,0.1,High,Delayed,6.0,0.0,Initial Escalation
RSP-00035,2024-11-01,China,Fuel Subsidy Increase,Ministry of Finance,2.9,Low,In Progress,4.9,0.0,Initial Escalation
RSP-00036,2024-11-01,China,Cyber Defense for Energy Grid,Ministry of Energy,2.5,Medium,In Progress,5.7,0.0,Initial Escalation
RSP-00037,2024-11-01,India,Fuel Subsidy Increase,Ministry of Trade,1.3,Medium,Completed,7.8,0.0,Initial Escalation
RSP-00038,2024-11-01,Japan,Cyber Defense for Energy Grid,Ministry of Trade,1.7,Low,Completed,7.5,0.0,Initial Escalation
RSP-00039,2024-11-01,South Korea,Emergency Energy Import Deal,Emergency Management Agency,0.4,Medium,Completed,7.1,0.0,Initial Escalation
RSP-00040,2024-11-01,Australia,Naval Escort Deployment,Emergency Management Agency,0.1,High,In Progress,6.1,0.0,Initial Escalation
RSP-00041,2024-11-01,Indonesia,Coal-to-Gas Switching Ban,Maritime Authority,0.2,High,Delayed,7.8,0.0,Initial Escalation
RSP-00042,2024-11-01,Thailand,Renewable Energy Fast-Track,Ministry of Finance,0.3,Low,Announced,7.9,0.0,Initial Escalation
RSP-00043,2024-11-01,Vietnam,Renewable Energy Fast-Track,Ministry of Defense,0.1,Low,Completed,7.3,0.0,Initial Escalation
RSP-00044,2024-11-01,Philippines,Port Security Enhancement,Emergency Management Agency,0.2,High,Announced,5.0,0.0,Initial Escalation
RSP-00045,2024-11-01,Malaysia,Refinery Capacity Expansion,Ministry of Trade,0.1,High,Announced,6.3,0.0,Initial Escalation
RSP-00046,2024-11-01,Pakistan,Freight Corridor Agreement,Central Bank,0.1,High,Delayed,5.2,0.0,Initial Escalation
RSP-00047,2024-11-01,Pakistan,Emergency Energy Import Deal,Ministry of Defense,0.1,Medium,Announced,7.5,0.0,Initial Escalation
RSP-00048,2024-11-01,Pakistan,Port Security Enhancement,Ministry of Trade,0.1,High,Completed,4.4,0.0,Initial Escalation
RSP-00049,2024-11-01,Bangladesh,Freight Corridor Agreement,Ministry of Trade,0.1,High,In Progress,8.3,0.0,Initial Escalation
RSP-00050,2024-11-01,Taiwan,Port Security Enhancement,Central Bank,0.6,Medium,In Progress,7.4,0.0,Initial Escalation
RSP-00051,2024-11-01,Singapore,Cyber Defense for Energy Grid,Ministry of Defense,0.2,Medium,Announced,6.6,0.0,Initial Escalation
RSP-00052,2024-11-01,Singapore,Port Security Enhancement,Ministry of Defense,0.3,Medium,Delayed,5.1,0.0,Initial Escalation
RSP-00053,2024-11-01,Singapore,Fuel Subsidy Increase,Emergency Management Agency,0.1,Medium,Delayed,6.1,0.0,Initial Escalation
RSP-00054,2024-11-01,New Zealand,Emergency Energy Import Deal,Ministry of Energy,0.1,Medium,Announced,10.0,0.0,Initial Escalation
RSP-00055,2024-11-01,New Zealand,Cyber Defense for Energy Grid,Central Bank,0.1,Low,Completed,4.8,0.0,Initial Escalation
RSP-00056,2024-11-01,Sri Lanka,Port Security Enhancement,Ministry of Defense,0.1,Medium,In Progress,5.4,0.0,Initial Escalation
RSP-00057,2024-11-01,Sri Lanka,Fuel Subsidy Increase,Central Bank,0.1,Low,Announced,2.7,0.0,Initial Escalation
RSP-00058,2024-11-01,Sri Lanka,LNG Terminal Fast-Track,Ministry of Energy,0.1,Low,Announced,6.5,0.0,Initial Escalation
RSP-00059,2024-11-01,Myanmar,Bilateral Defense Pact,Ministry of Trade,0.1,Medium,Announced,4.3,0.0,Initial Escalation
RSP-00060,2024-11-01,Myanmar,Coal-to-Gas Switching Ban,Central Bank,0.1,Low,Announced,4.7,0.0,Initial Escalation
RSP-00061,2024-11-01,Cambodia,Freight Corridor Agreement,Emergency Management Agency,0.1,Low,Delayed,7.6,0.0,Initial Escalation
RSP-00062,2024-11-01,Cambodia,Port Security Enhancement,Ministry of Trade,0.1,Medium,Announced,3.0,0.0,Initial Escalation
RSP-00063,2024-11-01,Laos,Fuel Subsidy Increase,Central Bank,0.1,Low,In Progress,8.9,0.0,Initial Escalation
RSP-00064,2024-11-01,Mongolia,Fuel Subsidy Increase,Central Bank,0.1,Low,In Progress,5.1,0.0,Initial Escalation
RSP-00065,2024-12-01,China,Alternative Supplier Agreement,Emergency Management Agency,7.4,High,Delayed,4.2,0.0,Initial Escalation
RSP-00066,2024-12-01,India,SPR Release,National Oil Company,0.9,Medium,Delayed,8.3,0.0,Initial Escalation
RSP-00067,2024-12-01,Japan,Fuel Subsidy Increase,Emergency Management Agency,2.6,High,Announced,5.1,0.0,Initial Escalation
RSP-00068,2024-12-01,Japan,Cyber Defense for Energy Grid,Ministry of Finance,2.5,Medium,Delayed,5.6,0.0,Initial Escalation
RSP-00069,2024-12-01,Japan,Emergency Energy Import Deal,Ministry of Energy,3.8,Medium,Completed,8.8,0.0,Initial Escalation
RSP-00070,2024-12-01,Japan,Freight Corridor Agreement,National Oil Company,2.4,High,Completed,5.2,0.0,Initial Escalation
RSP-00071,2024-12-01,Japan,Coal-to-Gas Switching Ban,Ministry of Energy,2.6,Critical,Announced,5.9,0.0,Initial Escalation
RSP-00072,2024-12-01,South Korea,Refinery Capacity Expansion,Ministry of Trade,0.3,Critical,Completed,7.1,0.0,Initial Escalation
RSP-00073,2024-12-01,South Korea,LNG Terminal Fast-Track,Ministry of Trade,1.2,Medium,In Progress,5.4,0.0,Initial Escalation
RSP-00074,2024-12-01,South Korea,Maritime Insurance Fund,Ministry of Trade,0.8,High,Announced,4.5,0.0,Initial Escalation
RSP-00075,2024-12-01,South Korea,LNG Terminal Fast-Track,Ministry of Finance,1.1,Low,In Progress,5.7,0.0,Initial Escalation
RSP-00076,2024-12-01,South Korea,LNG Terminal Fast-Track,National Oil Company,0.7,Low,Announced,6.1,0.0,Initial Escalation
RSP-00077,2024-12-01,Australia,Maritime Insurance Fund,National Oil Company,0.1,Low,In Progress,6.9,0.0,Initial Escalation
RSP-00078,2024-12-01,Indonesia,Fuel Subsidy Increase,Emergency Management Agency,0.2,High,In Progress,3.7,0.0,Initial Escalation
RSP-00079,2024-12-01,Thailand,Maritime Insurance Fund,Maritime Authority,0.2,Medium,Delayed,5.9,0.0,Initial Escalation
RSP-00080,2024-12-01,Thailand,Bilateral Defense Pact,Ministry of Trade,0.1,Low,In Progress,8.3,0.0,Initial Escalation
RSP-00081,2024-12-01,Vietnam,Strategic Fuel Stockpile Mandate,Maritime Authority,0.1,High,Delayed,5.6,0.0,Initial Escalation
RSP-00082,2024-12-01,Philippines,Coal-to-Gas Switching Ban,National Oil Company,0.1,Low,In Progress,5.9,0.0,Initial Escalation
RSP-00083,2024-12-01,Malaysia,Renewable Energy Fast-Track,Maritime Authority,0.1,Medium,In Progress,7.7,0.0,Initial Escalation
RSP-00084,2024-12-01,Pakistan,Coal-to-Gas Switching Ban,National Oil Company,0.2,Medium,In Progress,7.3,0.0,Initial Escalation
RSP-00085,2024-12-01,Bangladesh,Freight Corridor Agreement,Central Bank,0.1,High,Completed,3.8,0.0,Initial Escalation
RSP-00086,2024-12-01,Bangladesh,Port Security Enhancement,Maritime Authority,0.1,Critical,Completed,4.4,0.0,Initial Escalation
RSP-00087,2024-12-01,Taiwan,Maritime Insurance Fund,Emergency Management Agency,0.4,High,Completed,6.7,0.0,Initial Escalation
RSP-00088,2024-12-01,Taiwan,Emergency Energy Import Deal,Central Bank,0.4,Medium,Completed,4.1,0.0,Initial Escalation
RSP-00089,2024-12-01,Singapore,Coal-to-Gas Switching Ban,Maritime Authority,0.3,Low,Announced,5.3,0.0,Initial Escalation
RSP-00090,2024-12-01,Singapore,Maritime Insurance Fund,Emergency Management Agency,0.3,Medium,In Progress,5.6,0.0,Initial Escalation
RSP-00091,2024-12-01,Singapore,Emergency Energy Import Deal,Central Bank,0.3,High,Delayed,6.0,0.0,Initial Escalation
RSP-00092,2024-12-01,Singapore,Bilateral Defense Pact,Central Bank,0.4,Medium,Completed,5.6,0.0,Initial Escalation
RSP-00093,2024-12-01,New Zealand,Coal-to-Gas Switching Ban,Central Bank,0.1,Low,Delayed,5.9,0.0,Initial Escalation
RSP-00094,2024-12-01,Sri Lanka,Maritime Insurance Fund,Maritime Authority,0.1,Low,Completed,6.9,0.0,Initial Escalation
RSP-00095,2024-12-01,Sri Lanka,Alternative Supplier Agreement,Central Bank,0.1,Medium,In Progress,6.2,0.0,Initial Escalation
RSP-00096,2024-12-01,Sri Lanka,Fuel Subsidy Increase,Ministry of Finance,0.1,High,Delayed,6.6,0.0,Initial Escalation
RSP-00097,2024-12-01,Sri Lanka,Strategic Fuel Stockpile Mandate,Ministry of Energy,0.1,Low,Delayed,4.4,0.0,Initial Escalation
RSP-00098,2024-12-01,Sri Lanka,Emergency Energy Import Deal,Ministry of Trade,0.1,Medium,Announced,5.6,0.0,Initial Escalation
RSP-00099,2024-12-01,Myanmar,Maritime Insurance Fund,National Oil Company,0.1,Medium,In Progress,7.3,0.0,Initial Escalation
RSP-00100,2024-12-01,Myanmar,Bilateral Defense Pact,Maritime Authority,0.1,High,Announced,4.1,0.0,Initial Escalation
RSP-00101,2024-12-01,Cambodia,Refinery Capacity Expansion,Ministry of Energy,0.1,Medium,In Progress,7.4,0.0,Initial Escalation
RSP-00102,2024-12-01,Laos,Alternative Supplier Agreement,Ministry of Trade,0.1,Low,In Progress,7.5,0.0,Initial Escalation
RSP-00103,2024-12-01,Mongolia,Emergency Energy Import Deal,Ministry of Defense,0.1,Critical,Completed,5.1,0.0,Initial Escalation
RSP-00104,2025-01-01,China,Freight Corridor Agreement,Emergency Management Agency,11.0,Medium,Completed,2.3,0.93,Regional Spread
RSP-00105,2025-01-01,India,Coal-to-Gas Switching Ban,Ministry of Trade,2.2,High,Completed,8.0,1.22,Regional Spread
RSP-00106,2025-01-01,India,Naval Escort Deployment,Ministry of Trade,2.3,Low,Announced,3.4,1.38,Regional Spread
RSP-00107,2025-01-01,India,Maritime Insurance Fund,Central Bank,2.1,Medium,In Progress,5.3,1.5,Regional Spread
RSP-00108,2025-01-01,Japan,Port Security Enhancement,Ministry of Energy,5.0,Medium,Announced,7.0,1.85,Regional Spread
RSP-00109,2025-01-01,Japan,LNG Terminal Fast-Track,Ministry of Defense,3.9,Medium,In Progress,4.8,1.68,Regional Spread
RSP-00110,2025-01-01,Japan,Cyber Defense for Energy Grid,Ministry of Energy,2.0,Low,Announced,5.8,1.75,Regional Spread
RSP-00111,2025-01-01,Japan,Bilateral Defense Pact,Ministry of Defense,2.1,Medium,Completed,4.4,1.61,Regional Spread
RSP-00112,2025-01-01,South Korea,Refinery Capacity Expansion,National Oil Company,0.7,High,Completed,7.9,1.46,Regional Spread
RSP-00113,2025-01-01,Australia,Maritime Insurance Fund,Central Bank,0.3,Medium,Completed,7.2,0.33,Regional Spread
RSP-00114,2025-01-01,Indonesia,Emergency Energy Import Deal,Emergency Management Agency,0.2,Medium,Delayed,8.0,0.44,Regional Spread
RSP-00115,2025-01-01,Indonesia,Alternative Supplier Agreement,National Oil Company,0.4,Medium,Announced,6.8,0.4,Regional Spread
RSP-00116,2025-01-01,Indonesia,Fuel Subsidy Increase,Ministry of Energy,0.3,Low,Announced,7.3,0.29,Regional Spread
RSP-00117,2025-01-01,Thailand,Coal-to-Gas Switching Ban,National Oil Company,0.3,Medium,Announced,6.3,1.11,Regional Spread
RSP-00118,2025-01-01,Thailand,Naval Escort Deployment,Maritime Authority,0.1,Medium,In Progress,6.4,0.9,Regional Spread
RSP-00119,2025-01-01,Thailand,Fuel Subsidy Increase,Ministry of Finance,0.3,High,Announced,8.1,0.97,Regional Spread
RSP-00120,2025-01-01,Vietnam,Freight Corridor Agreement,Ministry of Defense,0.1,High,In Progress,7.1,0.35,Regional Spread
RSP-00121,2025-01-01,Philippines,Port Security Enhancement,Ministry of Defense,0.3,Medium,Completed,6.9,1.49,Regional Spread
RSP-00122,2025-01-01,Malaysia,Alternative Supplier Agreement,Ministry of Trade,0.1,High,Completed,3.4,0.26,Regional Spread
RSP-00123,2025-01-01,Pakistan,Freight Corridor Agreement,Ministry of Trade,0.3,Low,In Progress,5.1,1.22,Regional Spread
RSP-00124,2025-01-01,Pakistan,Cyber Defense for Energy Grid,Ministry of Defense,0.1,Low,Completed,8.3,1.25,Regional Spread
RSP-00125,2025-01-01,Pakistan,Port Security Enhancement,Emergency Management Agency,0.3,Low,In Progress,5.1,1.37,Regional Spread
RSP-00126,2025-01-01,Pakistan,Freight Corridor Agreement,Ministry of Trade,0.3,Low,Announced,4.2,1.14,Regional Spread
RSP-00127,2025-01-01,Pakistan,Refinery Capacity Expansion,Ministry of Trade,0.3,Low,In Progress,5.0,1.25,Regional Spread
RSP-00128,2025-01-01,Pakistan,Bilateral Defense Pact,Central Bank,0.2,Low,Completed,5.9,1.56,Regional Spread
RSP-00129,2025-01-01,Pakistan,Bilateral Defense Pact,Ministry of Energy,0.4,Medium,In Progress,7.9,1.84,Regional Spread
RSP-00130,2025-01-01,Bangladesh,Strategic Fuel Stockpile Mandate,Central Bank,0.1,High,Completed,6.2,0.86,Regional Spread
RSP-00131,2025-01-01,Bangladesh,Naval Escort Deployment,Emergency Management Agency,0.2,High,Announced,6.2,0.73,Regional Spread
RSP-00132,2025-01-01,Bangladesh,Alternative Supplier Agreement,Emergency Management Agency,0.1,Critical,Delayed,6.8,0.92,Regional Spread
RSP-00133,2025-01-01,Taiwan,Strategic Fuel Stockpile Mandate,Ministry of Energy,0.6,High,Announced,6.2,1.74,Regional Spread
RSP-00134,2025-01-01,Taiwan,Refinery Capacity Expansion,National Oil Company,0.2,Medium,Delayed,7.0,1.68,Regional Spread
RSP-00135,2025-01-01,Taiwan,Port Security Enhancement,Ministry of Energy,0.8,Critical,Completed,7.2,1.25,Regional Spread
RSP-00136,2025-01-01,Singapore,Emergency Energy Import Deal,Maritime Authority,0.6,Medium,Announced,6.1,1.53,Regional Spread
RSP-00137,2025-01-01,New Zealand,Cyber Defense for Energy Grid,National Oil Company,0.1,Medium,Announced,5.9,0.46,Regional Spread
RSP-00138,2025-01-01,Sri Lanka,Maritime Insurance Fund,Ministry of Finance,0.1,Medium,Announced,7.4,1.59,Regional Spread
RSP-00139,2025-01-01,Sri Lanka,Port Security Enhancement,Central Bank,0.1,High,Delayed,10.0,1.61,Regional Spread
RSP-00140,2025-01-01,Sri Lanka,Alternative Supplier Agreement,National Oil Company,0.1,Medium,In Progress,7.6,1.91,Regional Spread
RSP-00141,2025-01-01,Sri Lanka,Emergency Energy Import Deal,Ministry of Trade,0.1,Low,Completed,3.2,2.2,Regional Spread
RSP-00142,2025-01-01,Myanmar,Emergency Energy Import Deal,Maritime Authority,0.1,Low,Completed,4.7,0.77,Regional Spread
RSP-00143,2025-01-01,Cambodia,Alternative Supplier Agreement,Central Bank,0.1,Critical,Completed,4.9,0.79,Regional Spread
RSP-00144,2025-01-01,Cambodia,Refinery Capacity Expansion,Emergency Management Agency,0.1,Medium,Delayed,4.3,0.61,Regional Spread
RSP-00145,2025-01-01,Laos,Bilateral Defense Pact,Ministry of Trade,0.1,Low,Announced,6.3,0.17,Regional Spread
RSP-00146,2025-01-01,Mongolia,Bilateral Defense Pact,Ministry of Finance,0.1,High,Announced,7.2,0.09,Regional Spread
RSP-00147,2025-02-01,China,Refinery Capacity Expansion,Ministry of Energy,6.5,High,Completed,5.7,0.85,Regional Spread
RSP-00148,2025-02-01,China,Alternative Supplier Agreement,Ministry of Defense,5.1,High,Completed,6.1,1.03,Regional Spread
RSP-00149,2025-02-01,India,Naval Escort Deployment,Ministry of Finance,2.4,High,In Progress,5.5,1.05,Regional Spread
RSP-00150,2025-02-01,India,Bilateral Defense Pact,Ministry of Energy,1.8,Medium,Delayed,8.0,1.52,Regional Spread
RSP-00151,2025-02-01,India,Alternative Supplier Agreement,Ministry of Trade,1.3,Low,Announced,6.3,1.34,Regional Spread
RSP-00152,2025-02-01,Japan,Coal-to-Gas Switching Ban,National Oil Company,3.9,Medium,Announced,6.5,1.4,Regional Spread
RSP-00153,2025-02-01,Japan,Strategic Fuel Stockpile Mandate,Ministry of Finance,3.7,High,In Progress,6.8,2.11,Regional Spread
RSP-00154,2025-02-01,Japan,Strategic Fuel Stockpile Mandate,Ministry of Trade,1.6,Low,Announced,7.4,1.37,Regional Spread
RSP-00155,2025-02-01,South Korea,Renewable Energy Fast-Track,Emergency Management Agency,0.6,Medium,In Progress,3.7,1.43,Regional Spread
RSP-00156,2025-02-01,South Korea,Naval Escort Deployment,Emergency Management Agency,1.1,High,Announced,3.0,1.72,Regional Spread
RSP-00157,2025-02-01,South Korea,Coal-to-Gas Switching Ban,National Oil Company,0.8,High,Delayed,5.7,1.31,Regional Spread
RSP-00158,2025-02-01,South Korea,Coal-to-Gas Switching Ban,Maritime Authority,1.3,Low,In Progress,8.2,1.32,Regional Spread
RSP-00159,2025-02-01,Australia,Fuel Subsidy Increase,Emergency Management Agency,0.2,Low,Delayed,5.2,0.25,Regional Spread
RSP-00160,2025-02-01,Indonesia,Renewable Energy Fast-Track,Ministry of Trade,0.2,Medium,Delayed,5.4,0.45,Regional Spread
RSP-00161,2025-02-01,Thailand,Coal-to-Gas Switching Ban,Ministry of Finance,0.3,High,Announced,6.0,0.92,Regional Spread
RSP-00162,2025-02-01,Thailand,Port Security Enhancement,Central Bank,0.1,Medium,In Progress,6.9,1.1,Regional Spread
RSP-00163,2025-02-01,Thailand,Fuel Subsidy Increase,Ministry of Defense,0.2,Medium,Completed,5.7,1.37,Regional Spread
RSP-00164,2025-02-01,Vietnam,Cyber Defense for Energy Grid,National Oil Company,0.1,High,Completed,6.2,0.53,Regional Spread
RSP-00165,2025-02-01,Philippines,Fuel Subsidy Increase,Ministry of Energy,0.2,Medium,Announced,6.3,1.36,Regional Spread
RSP-00166,2025-02-01,Philippines,Renewable Energy Fast-Track,Emergency Management Agency,0.2,Medium,In Progress,6.9,1.41,Regional Spread
RSP-00167,2025-02-01,Philippines,Bilateral Defense Pact,Central Bank,0.1,Low,Announced,6.9,1.16,Regional Spread
RSP-00168,2025-02-01,Malaysia,Cyber Defense for Energy Grid,Ministry of Finance,0.1,High,Announced,5.0,0.23,Regional Spread
RSP-00169,2025-02-01,Pakistan,SPR Release,Ministry of Energy,0.2,Medium,In Progress,8.9,1.47,Regional Spread
RSP-00170,2025-02-01,Pakistan,SPR Release,Maritime Authority,0.3,Medium,Announced,5.4,1.69,Regional Spread
RSP-00171,2025-02-01,Bangladesh,Emergency Energy Import Deal,Emergency Management Agency,0.1,Medium,Announced,3.1,0.88,Regional Spread
RSP-00172,2025-02-01,Bangladesh,Bilateral Defense Pact,Emergency Management Agency,0.1,Medium,Delayed,7.3,0.96,Regional Spread
RSP-00173,2025-02-01,Bangladesh,Emergency Energy Import Deal,National Oil Company,0.2,High,Delayed,6.7,0.66,Regional Spread
RSP-00174,2025-02-01,Bangladesh,Freight Corridor Agreement,Ministry of Energy,0.2,High,In Progress,5.0,1.05,Regional Spread
RSP-00175,2025-02-01,Taiwan,Emergency Energy Import Deal,Ministry of Energy,0.9,Low,In Progress,8.3,1.31,Regional Spread
RSP-00176,2025-02-01,Taiwan,Strategic Fuel Stockpile Mandate,Central Bank,0.5,Critical,In Progress,6.4,1.24,Regional Spread
RSP-00177,2025-02-01,Taiwan,Emergency Energy Import Deal,Ministry of Defense,0.6,Low,Announced,5.7,1.44,Regional Spread
RSP-00178,2025-02-01,Taiwan,Port Security Enhancement,Central Bank,0.7,Critical,Completed,6.2,1.68,Regional Spread
RSP-00179,2025-02-01,Singapore,Bilateral Defense Pact,National Oil Company,0.2,Low,Announced,7.3,1.89,Regional Spread
RSP-00180,2025-02-01,Singapore,Emergency Energy Import Deal,Maritime Authority,0.6,High,Completed,5.8,1.9,Regional Spread
RSP-00181,2025-02-01,Singapore,Freight Corridor Agreement,Ministry of Finance,0.5,Low,Announced,5.5,1.34,Regional Spread
RSP-00182,2025-02-01,Singapore,Coal-to-Gas Switching Ban,National Oil Company,0.5,Medium,Delayed,5.3,1.58,Regional Spread
RSP-00183,2025-02-01,Singapore,Freight Corridor Agreement,Ministry of Finance,0.1,Medium,Completed,6.0,1.68,Regional Spread
RSP-00184,2025-02-01,New Zealand,Freight Corridor Agreement,Emergency Management Agency,0.1,Medium,In Progress,7.3,0.57,Regional Spread
RSP-00185,2025-02-01,Sri Lanka,Emergency Energy Import Deal,Maritime Authority,0.1,Low,Delayed,5.0,1.98,Regional Spread
RSP-00186,2025-02-01,Sri Lanka,Port Security Enhancement,Maritime Authority,0.1,Low,In Progress,7.1,1.98,Regional Spread
RSP-00187,2025-02-01,Sri Lanka,Emergency Energy Import Deal,Emergency Management Agency,0.1,Medium,Completed,4.9,1.41,Regional Spread
RSP-00188,2025-02-01,Sri Lanka,Naval Escort Deployment,Ministry of Energy,0.1,High,Delayed,4.4,1.76,Regional Spread
RSP-00189,2025-02-01,Sri Lanka,Naval Escort Deployment,Ministry of Energy,0.1,Low,Delayed,9.3,2.06,Regional Spread
RSP-00190,2025-02-01,Sri Lanka,Alternative Supplier Agreement,National Oil Company,0.1,Low,In Progress,7.3,1.55,Regional Spread
RSP-00191,2025-02-01,Sri Lanka,Alternative Supplier Agreement,Maritime Authority,0.1,Low,Announced,6.5,1.91,Regional Spread
RSP-00192,2025-02-01,Myanmar,Bilateral Defense Pact,Ministry of Energy,0.1,Critical,Completed,6.7,0.53,Regional Spread
RSP-00193,2025-02-01,Myanmar,Emergency Energy Import Deal,Central Bank,0.1,Medium,Announced,6.1,0.54,Regional Spread
RSP-00194,2025-02-01,Cambodia,Maritime Insurance Fund,Maritime Authority,0.1,Medium,Delayed,7.6,0.71,Regional Spread
RSP-00195,2025-02-01,Cambodia,Port Security Enhancement,Ministry of Energy,0.1,High,Completed,8.5,0.99,Regional Spread
RSP-00196,2025-02-01,Laos,Freight Corridor Agreement,National Oil Company,0.1,Critical,Announced,5.2,0.25,Regional Spread
RSP-00197,2025-02-01,Mongolia,LNG Terminal Fast-Track,Ministry of Finance,0.1,High,Announced,5.5,0.09,Regional Spread
RSP-00198,2025-03-01,China,Bilateral Defense Pact,Maritime Authority,7.0,Medium,Delayed,7.1,0.89,Regional Spread
RSP-00199,2025-03-01,India,Emergency Energy Import Deal,Ministry of Energy,2.5,Low,In Progress,7.4,1.14,Regional Spread
RSP-00200,2025-03-01,India,Alternative Supplier Agreement,Ministry of Defense,2.3,Low,Completed,6.4,1.2,Regional Spread
RSP-00201,2025-03-01,Japan,Bilateral Defense Pact,Central Bank,3.6,Medium,Completed,6.1,2.04,Regional Spread
RSP-00202,2025-03-01,Japan,Naval Escort Deployment,National Oil Company,2.7,Critical,In Progress,7.7,2.11,Regional Spread
RSP-00203,2025-03-01,Japan,Maritime Insurance Fund,Central Bank,4.7,Medium,Delayed,5.5,1.55,Regional Spread
RSP-00204,2025-03-01,Japan,Cyber Defense for Energy Grid,Maritime Authority,3.8,Medium,In Progress,7.5,1.43,Regional Spread
RSP-00205,2025-03-01,Japan,Fuel Subsidy Increase,Central Bank,4.2,Low,Announced,5.2,1.67,Regional Spread
RSP-00206,2025-03-01,Japan,Emergency Energy Import Deal,National Oil Company,2.8,Low,Delayed,8.1,1.93,Regional Spread
RSP-00207,2025-03-01,South Korea,SPR Release,Maritime Authority,0.7,Medium,In Progress,7.7,1.19,Regional Spread
RSP-00208,2025-03-01,South Korea,Strategic Fuel Stockpile Mandate,Central Bank,0.8,Medium,In Progress,7.1,1.09,Regional Spread
RSP-00209,2025-03-01,South Korea,Coal-to-Gas Switching Ban,Ministry of Energy,1.1,Low,Completed,5.2,1.38,Regional Spread
RSP-00210,2025-03-01,South Korea,Port Security Enhancement,Emergency Management Agency,0.4,High,Announced,4.6,1.24,Regional Spread
RSP-00211,2025-03-01,South Korea,Bilateral Defense Pact,Central Bank,0.7,High,In Progress,7.4,1.64,Regional Spread
RSP-00212,2025-03-01,Australia,Emergency Energy Import Deal,Ministry of Defense,0.2,Medium,Completed,3.7,0.28,Regional Spread
RSP-00213,2025-03-01,Indonesia,Maritime Insurance Fund,Maritime Authority,0.2,Low,Completed,5.1,0.43,Regional Spread
RSP-00214,2025-03-01,Indonesia,Fuel Subsidy Increase,Maritime Authority,0.1,High,Completed,5.9,0.32,Regional Spread
RSP-00215,2025-03-01,Thailand,SPR Release,Ministry of Finance,0.2,Low,Announced,4.9,0.93,Regional Spread
RSP-00216,2025-03-01,Thailand,Refinery Capacity Expansion,Ministry of Finance,0.1,Medium,Delayed,6.2,1.14,Regional Spread
RSP-00217,2025-03-01,Vietnam,Cyber Defense for Energy Grid,Emergency Management Agency,0.1,Medium,In Progress,9.9,0.49,Regional Spread
RSP-00218,2025-03-01,Philippines,Port Security Enhancement,Central Bank,0.2,High,Completed,5.4,1.3,Regional Spread
RSP-00219,2025-03-01,Philippines,Bilateral Defense Pact,Ministry of Finance,0.2,Medium,Delayed,5.0,1.27,Regional Spread
RSP-00220,2025-03-01,Malaysia,Renewable Energy Fast-Track,Emergency Management Agency,0.1,Medium,Completed,5.4,0.19,Regional Spread
RSP-00221,2025-03-01,Pakistan,LNG Terminal Fast-Track,Ministry of Energy,0.1,Low,Delayed,5.3,1.34,Regional Spread
RSP-00222,2025-03-01,Pakistan,SPR Release,Maritime Authority,0.3,Medium,Delayed,5.5,1.76,Regional Spread
RSP-00223,2025-03-01,Pakistan,Naval Escort Deployment,Ministry of Defense,0.4,Medium,Announced,9.8,1.78,Regional Spread
RSP-00224,2025-03-01,Bangladesh,Alternative Supplier Agreement,Emergency Management Agency,0.1,High,Completed,3.2,0.92,Regional Spread
RSP-00225,2025-03-01,Taiwan,SPR Release,Ministry of Energy,0.8,Low,Delayed,6.0,1.44,Regional Spread
RSP-00226,2025-03-01,Taiwan,LNG Terminal Fast-Track,Ministry of Energy,0.4,Medium,In Progress,5.8,1.33,Regional Spread
RSP-00227,2025-03-01,Taiwan,SPR Release,Central Bank,0.3,High,In Progress,8.7,1.83,Regional Spread
RSP-00228,2025-03-01,Taiwan,Cyber Defense for Energy Grid,Central Bank,0.3,High,In Progress,6.5,1.72,Regional Spread
RSP-00229,2025-03-01,Taiwan,Strategic Fuel Stockpile Mandate,Central Bank,0.3,High,Announced,6.9,1.78,Regional Spread
RSP-00230,2025-03-01,Singapore,Bilateral Defense Pact,Ministry of Finance,0.2,Medium,In Progress,4.5,1.23,Regional Spread
RSP-00231,2025-03-01,Singapore,Coal-to-Gas Switching Ban,Ministry of Defense,0.4,High,Completed,4.9,1.69,Regional Spread
RSP-00232,2025-03-01,New Zealand,Naval Escort Deployment,Ministry of Defense,0.1,High,Delayed,4.9,0.58,Regional Spread
RSP-00233,2025-03-01,New Zealand,Naval Escort Deployment,National Oil Company,0.1,Medium,In Progress,5.7,0.69,Regional Spread
RSP-00234,2025-03-01,Sri Lanka,Freight Corridor Agreement,Maritime Authority,0.1,Medium,In Progress,4.2,1.41,Regional Spread
RSP-00235,2025-03-01,Sri Lanka,Emergency Energy Import Deal,Central Bank,0.1,Low,In Progress,5.0,2.12,Regional Spread
RSP-00236,2025-03-01,Sri Lanka,Naval Escort Deployment,Ministry of Trade,0.1,Low,Announced,6.5,2.05,Regional Spread
RSP-00237,2025-03-01,Sri Lanka,Refinery Capacity Expansion,National Oil Company,0.1,Medium,Announced,5.0,1.66,Regional Spread
RSP-00238,2025-03-01,Myanmar,Renewable Energy Fast-Track,Maritime Authority,0.1,High,Completed,7.8,0.75,Regional Spread
RSP-00239,2025-03-01,Cambodia,Naval Escort Deployment,Ministry of Finance,0.1,Low,In Progress,3.0,0.64,Regional Spread
RSP-00240,2025-03-01,Laos,Strategic Fuel Stockpile Mandate,National Oil Company,0.1,High,In Progress,9.0,0.22,Regional Spread
RSP-00241,2025-03-01,Mongolia,Cyber Defense for Energy Grid,National Oil Company,0.1,High,Completed,7.0,0.12,Regional Spread
RSP-00242,2025-04-01,China,Coal-to-Gas Switching Ban,Maritime Authority,6.0,Medium,Delayed,4.6,1.99,Maritime Blockade Threats
RSP-00243,2025-04-01,India,Renewable Energy Fast-Track,Emergency Management Agency,1.6,High,Completed,8.4,2.37,Maritime Blockade Threats
RSP-00244,2025-04-01,India,Naval Escort Deployment,National Oil Company,3.9,High,In Progress,7.2,2.76,Maritime Blockade Threats
RSP-00245,2025-04-01,India,Renewable Energy Fast-Track,Central Bank,4.3,Medium,In Progress,5.1,3.02,Maritime Blockade Threats
RSP-00246,2025-04-01,India,Bilateral Defense Pact,Emergency Management Agency,1.7,High,In Progress,5.1,2.15,Maritime Blockade Threats
RSP-00247,2025-04-01,India,Fuel Subsidy Increase,National Oil Company,2.6,High,In Progress,6.8,3.02,Maritime Blockade Threats
RSP-00248,2025-04-01,Japan,Coal-to-Gas Switching Ban,Ministry of Defense,5.0,High,Announced,5.1,3.53,Maritime Blockade Threats
RSP-00249,2025-04-01,Japan,Freight Corridor Agreement,Ministry of Finance,3.3,Medium,Announced,7.4,3.25,Maritime Blockade Threats
RSP-00250,2025-04-01,Japan,Renewable Energy Fast-Track,Emergency Management Agency,5.8,High,In Progress,4.2,3.67,Maritime Blockade Threats
RSP-00251,2025-04-01,Japan,Alternative Supplier Agreement,Ministry of Trade,7.9,High,In Progress,9.0,3.55,Maritime Blockade Threats
RSP-00252,2025-04-01,Japan,Naval Escort Deployment,National Oil Company,6.3,High,Completed,6.8,3.16,Maritime Blockade Threats
RSP-00253,2025-04-01,Japan,Cyber Defense for Energy Grid,Ministry of Defense,3.6,Critical,Announced,6.3,3.26,Maritime Blockade Threats
RSP-00254,2025-04-01,Japan,Naval Escort Deployment,Emergency Management Agency,4.7,Critical,In Progress,4.8,3.81,Maritime Blockade Threats
RSP-00255,2025-04-01,Japan,Emergency Energy Import Deal,National Oil Company,7.2,High,In Progress,4.2,3.32,Maritime Blockade Threats
RSP-00256,2025-04-01,South Korea,Alternative Supplier Agreement,Emergency Management Agency,0.8,Low,Delayed,6.4,2.47,Maritime Blockade Threats
RSP-00257,2025-04-01,South Korea,Strategic Fuel Stockpile Mandate,Ministry of Energy,1.7,Medium,In Progress,7.3,2.71,Maritime Blockade Threats
RSP-00258,2025-04-01,South Korea,Fuel Subsidy Increase,Ministry of Energy,2.0,High,Delayed,4.4,2.64,Maritime Blockade Threats
RSP-00259,2025-04-01,South Korea,Emergency Energy Import Deal,National Oil Company,1.7,Medium,Announced,6.9,2.33,Maritime Blockade Threats
RSP-00260,2025-04-01,South Korea,Refinery Capacity Expansion,Central Bank,1.5,Medium,In Progress,8.1,2.65,Maritime Blockade Threats
RSP-00261,2025-04-01,Australia,LNG Terminal Fast-Track,Maritime Authority,0.5,Medium,Completed,5.7,0.46,Maritime Blockade Threats
RSP-00262,2025-04-01,Indonesia,Freight Corridor Agreement,Emergency Management Agency,0.5,Critical,Delayed,5.7,0.79,Maritime Blockade Threats
RSP-00263,2025-04-01,Thailand,Strategic Fuel Stockpile Mandate,Ministry of Energy,0.4,Medium,Announced,1.8,2.57,Maritime Blockade Threats
RSP-00264,2025-04-01,Thailand,Coal-to-Gas Switching Ban,Emergency Management Agency,0.3,Medium,In Progress,6.8,2.42,Maritime Blockade Threats
RSP-00265,2025-04-01,Thailand,Freight Corridor Agreement,Maritime Authority,0.4,High,In Progress,4.8,2.37,Maritime Blockade Threats
RSP-00266,2025-04-01,Vietnam,Port Security Enhancement,Ministry of Defense,0.1,High,Announced,4.6,1.02,Maritime Blockade Threats
RSP-00267,2025-04-01,Vietnam,Cyber Defense for Energy Grid,Central Bank,0.1,Medium,Announced,6.9,0.71,Maritime Blockade Threats
RSP-00268,2025-04-01,Philippines,Coal-to-Gas Switching Ban,Ministry of Trade,0.2,High,In Progress,5.7,2.29,Maritime Blockade Threats
RSP-00269,2025-04-01,Philippines,Fuel Subsidy Increase,Ministry of Finance,0.3,Medium,In Progress,6.9,2.92,Maritime Blockade Threats
RSP-00270,2025-04-01,Malaysia,LNG Terminal Fast-Track,Ministry of Energy,0.1,Medium,In Progress,4.6,0.45,Maritime Blockade Threats
RSP-00271,2025-04-01,Pakistan,Port Security Enhancement,Central Bank,0.6,Medium,Completed,6.8,3.36,Maritime Blockade Threats
RSP-00272,2025-04-01,Pakistan,Port Security Enhancement,Ministry of Finance,0.2,High,Delayed,5.2,3.32,Maritime Blockade Threats
RSP-00273,2025-04-01,Pakistan,Fuel Subsidy Increase,Ministry of Defense,0.4,Medium,Announced,6.1,2.52,Maritime Blockade Threats
RSP-00274,2025-04-01,Pakistan,Fuel Subsidy Increase,Emergency Management Agency,0.5,High,In Progress,6.3,2.71,Maritime Blockade Threats
RSP-00275,2025-04-01,Pakistan,Port Security Enhancement,Emergency Management Agency,0.4,Low,Delayed,5.2,2.35,Maritime Blockade Threats
RSP-00276,2025-04-01,Bangladesh,Fuel Subsidy Increase,National Oil Company,0.2,High,Delayed,7.0,1.78,Maritime Blockade Threats
RSP-00277,2025-04-01,Bangladesh,Cyber Defense for Energy Grid,Emergency Management Agency,0.2,Medium,Announced,4.6,2.01,Maritime Blockade Threats
RSP-00278,2025-04-01,Bangladesh,Strategic Fuel Stockpile Mandate,National Oil Company,0.2,Medium,Announced,3.5,1.7,Maritime Blockade Threats
RSP-00279,2025-04-01,Taiwan,Naval Escort Deployment,Central Bank,0.6,Medium,Announced,5.4,2.94,Maritime Blockade Threats
RSP-00280,2025-04-01,Taiwan,Cyber Defense for Energy Grid,Ministry of Defense,0.9,High,Announced,4.3,2.7,Maritime Blockade Threats
RSP-00281,2025-04-01,Taiwan,Emergency Energy Import Deal,Ministry of Finance,0.9,High,Announced,3.4,2.47,Maritime Blockade Threats
RSP-00282,2025-04-01,Taiwan,Renewable Energy Fast-Track,Maritime Authority,1.1,Low,Delayed,7.1,3.13,Maritime Blockade Threats
RSP-00283,2025-04-01,Taiwan,Coal-to-Gas Switching Ban,National Oil Company,0.8,Critical,In Progress,3.9,3.01,Maritime Blockade Threats
RSP-00284,2025-04-01,Taiwan,Port Security Enhancement,Central Bank,1.1,High,Completed,5.5,3.71,Maritime Blockade Threats
RSP-00285,2025-04-01,Singapore,Bilateral Defense Pact,Central Bank,0.3,Medium,In Progress,5.4,3.12,Maritime Blockade Threats
RSP-00286,2025-04-01,Singapore,Port Security Enhancement,Maritime Authority,0.4,Medium,Delayed,6.2,3.17,Maritime Blockade Threats
RSP-00287,2025-04-01,Singapore,Cyber Defense for Energy Grid,Emergency Management Agency,0.2,High,Announced,5.1,3.35,Maritime Blockade Threats
RSP-00288,2025-04-01,Singapore,Fuel Subsidy Increase,Ministry of Energy,0.6,Critical,Announced,8.5,2.83,Maritime Blockade Threats
RSP-00289,2025-04-01,Singapore,Alternative Supplier Agreement,National Oil Company,0.3,Low,Announced,7.1,3.41,Maritime Blockade Threats
RSP-00290,2025-04-01,New Zealand,Emergency Energy Import Deal,National Oil Company,0.1,Medium,In Progress,4.8,0.99,Maritime Blockade Threats
RSP-00291,2025-04-01,New Zealand,Alternative Supplier Agreement,Ministry of Trade,0.1,High,Completed,6.1,0.97,Maritime Blockade Threats
RSP-00292,2025-04-01,New Zealand,Fuel Subsidy Increase,Ministry of Energy,0.1,High,In Progress,5.8,1.28,Maritime Blockade Threats
RSP-00293,2025-04-01,Sri Lanka,Strategic Fuel Stockpile Mandate,Ministry of Finance,0.1,Low,Delayed,7.6,2.96,Maritime Blockade Threats
RSP-00294,2025-04-01,Sri Lanka,LNG Terminal Fast-Track,Ministry of Defense,0.1,High,In Progress,6.6,4.03,Maritime Blockade Threats
RSP-00295,2025-04-01,Sri Lanka,Alternative Supplier Agreement,Ministry of Trade,0.1,High,In Progress,5.4,4.31,Maritime Blockade Threats
RSP-00296,2025-04-01,Sri Lanka,Emergency Energy Import Deal,National Oil Company,0.1,High,In Progress,5.4,3.14,Maritime Blockade Threats
RSP-00297,2025-04-01,Myanmar,Strategic Fuel Stockpile Mandate,Maritime Authority,0.1,Medium,Announced,3.9,1.09,Maritime Blockade Threats
RSP-00298,2025-04-01,Cambodia,Renewable Energy Fast-Track,National Oil Company,0.1,High,Announced,4.8,1.86,Maritime Blockade Threats
RSP-00299,2025-04-01,Cambodia,Naval Escort Deployment,Ministry of Defense,0.1,Critical,Completed,5.3,1.26,Maritime Blockade Threats
RSP-00300,2025-04-01,Laos,Emergency Energy Import Deal,Ministry of Energy,0.1,Medium,Completed,5.5,0.36,Maritime Blockade Threats
RSP-00301,2025-04-01,Mongolia,Emergency Energy Import Deal,Maritime Authority,0.1,High,Completed,4.2,0.2,Maritime Blockade Threats
RSP-00302,2025-05-01,China,Renewable Energy Fast-Track,Emergency Management Agency,11.0,Medium,In Progress,8.2,1.69,Maritime Blockade Threats
RSP-00303,2025-05-01,China,Freight Corridor Agreement,Ministry of Finance,8.6,Critical,In Progress,7.8,1.97,Maritime Blockade Threats
RSP-00304,2025-05-01,India,Freight Corridor Agreement,Ministry of Finance,4.0,High,Completed,5.1,2.59,Maritime Blockade Threats
RSP-00305,2025-05-01,India,Emergency Energy Import Deal,Ministry of Trade,4.1,Low,Completed,6.6,2.99,Maritime Blockade Threats
RSP-00306,2025-05-01,India,Coal-to-Gas Switching Ban,Ministry of Defense,1.7,Critical,In Progress,6.4,2.36,Maritime Blockade Threats
RSP-00307,2025-05-01,India,Coal-to-Gas Switching Ban,Central Bank,2.8,Low,Delayed,3.1,1.97,Maritime Blockade Threats
RSP-00308,2025-05-01,Japan,Emergency Energy Import Deal,Emergency Management Agency,6.7,Low,Delayed,6.4,3.05,Maritime Blockade Threats
RSP-00309,2025-05-01,Japan,Naval Escort Deployment,Ministry of Trade,6.9,High,Delayed,5.6,4.08,Maritime Blockade Threats
RSP-00310,2025-05-01,Japan,Freight Corridor Agreement,Central Bank,6.9,Low,Delayed,6.7,3.72,Maritime Blockade Threats
RSP-00311,2025-05-01,Japan,SPR Release,Ministry of Finance,1.5,Low,Completed,6.9,3.71,Maritime Blockade Threats
RSP-00312,2025-05-01,South Korea,Cyber Defense for Energy Grid,National Oil Company,1.9,Medium,In Progress,9.1,3.51,Maritime Blockade Threats
RSP-00313,2025-05-01,South Korea,Bilateral Defense Pact,Ministry of Finance,1.2,Low,In Progress,5.0,3.19,Maritime Blockade Threats
RSP-00314,2025-05-01,South Korea,Coal-to-Gas Switching Ban,Ministry of Defense,0.8,Medium,Completed,6.3,3.06,Maritime Blockade Threats
RSP-00315,2025-05-01,Australia,Freight Corridor Agreement,National Oil Company,0.2,Low,In Progress,6.8,0.61,Maritime Blockade Threats
RSP-00316,2025-05-01,Indonesia,Maritime Insurance Fund,Ministry of Defense,0.1,High,In Progress,4.8,0.88,Maritime Blockade Threats
RSP-00317,2025-05-01,Thailand,Cyber Defense for Energy Grid,Ministry of Finance,0.3,High,In Progress,4.4,2.35,Maritime Blockade Threats
RSP-00318,2025-05-01,Thailand,Port Security Enhancement,National Oil Company,0.2,Medium,Announced,5.3,2.66,Maritime Blockade Threats
RSP-00319,2025-05-01,Vietnam,Naval Escort Deployment,Ministry of Energy,0.2,Critical,Announced,7.3,1.01,Maritime Blockade Threats
RSP-00320,2025-05-01,Vietnam,Coal-to-Gas Switching Ban,Ministry of Finance,0.1,High,Completed,6.4,1.02,Maritime Blockade Threats
RSP-00321,2025-05-01,Philippines,SPR Release,Emergency Management Agency,0.6,Medium,In Progress,9.2,2.81,Maritime Blockade Threats
RSP-00322,2025-05-01,Philippines,Freight Corridor Agreement,Ministry of Energy,0.2,Low,In Progress,6.3,2.84,Maritime Blockade Threats
RSP-00323,2025-05-01,Philippines,Coal-to-Gas Switching Ban,Emergency Management Agency,0.4,High,Completed,4.7,2.38,Maritime Blockade Threats
RSP-00324,2025-05-01,Malaysia,Bilateral Defense Pact,Maritime Authority,0.1,High,In Progress,4.9,0.38,Maritime Blockade Threats
RSP-00325,2025-05-01,Pakistan,Freight Corridor Agreement,National Oil Company,0.3,High,Completed,7.3,3.23,Maritime Blockade Threats
RSP-00326,2025-05-01,Pakistan,Renewable Energy Fast-Track,Central Bank,0.1,High,In Progress,5.3,3.6,Maritime Blockade Threats
RSP-00327,2025-05-01,Pakistan,Port Security Enhancement,Ministry of Finance,0.2,High,Completed,7.8,3.44,Maritime Blockade Threats
RSP-00328,2025-05-01,Pakistan,Refinery Capacity Expansion,Ministry of Energy,0.1,Medium,In Progress,6.1,2.82,Maritime Blockade Threats
RSP-00329,2025-05-01,Pakistan,Emergency Energy Import Deal,Ministry of Finance,0.3,High,Announced,6.6,2.29,Maritime Blockade Threats
RSP-00330,2025-05-01,Pakistan,Maritime Insurance Fund,Ministry of Energy,0.2,Medium,Completed,6.4,3.3,Maritime Blockade Threats
RSP-00331,2025-05-01,Bangladesh,Port Security Enhancement,Central Bank,0.2,Medium,Delayed,6.5,1.71,Maritime Blockade Threats
RSP-00332,2025-05-01,Taiwan,Alternative Supplier Agreement,Ministry of Trade,0.8,Medium,Completed,6.9,2.84,Maritime Blockade Threats
RSP-00333,2025-05-01,Taiwan,Coal-to-Gas Switching Ban,Ministry of Defense,1.0,Medium,In Progress,6.7,3.07,Maritime Blockade Threats
RSP-00334,2025-05-01,Taiwan,Alternative Supplier Agreement,Ministry of Trade,0.6,High,Announced,3.2,2.42,Maritime Blockade Threats
RSP-00335,2025-05-01,Taiwan,Coal-to-Gas Switching Ban,Central Bank,0.3,High,In Progress,6.9,2.65,Maritime Blockade Threats
RSP-00336,2025-05-01,Taiwan,Bilateral Defense Pact,Central Bank,0.7,High,Completed,7.2,3.16,Maritime Blockade Threats
RSP-00337,2025-05-01,Taiwan,Renewable Energy Fast-Track,National Oil Company,0.6,Critical,In Progress,9.4,2.88,Maritime Blockade Threats
RSP-00338,2025-05-01,Singapore,Freight Corridor Agreement,Ministry of Trade,0.7,Medium,In Progress,7.2,3.53,Maritime Blockade Threats
RSP-00339,2025-05-01,Singapore,Port Security Enhancement,Central Bank,0.8,High,Announced,5.9,3.91,Maritime Blockade Threats
RSP-00340,2025-05-01,Singapore,Coal-to-Gas Switching Ban,Ministry of Finance,0.4,Medium,In Progress,5.0,3.54,Maritime Blockade Threats
RSP-00341,2025-05-01,New Zealand,Coal-to-Gas Switching Ban,Ministry of Finance,0.1,High,In Progress,5.6,0.99,Maritime Blockade Threats
RSP-00342,2025-05-01,New Zealand,Alternative Supplier Agreement,Ministry of Energy,0.1,High,In Progress,5.3,1.06,Maritime Blockade Threats
RSP-00343,2025-05-01,New Zealand,Emergency Energy Import Deal,Ministry of Defense,0.1,High,Completed,4.8,1.09,Maritime Blockade Threats
RSP-00344,2025-05-01,Sri Lanka,LNG Terminal Fast-Track,Emergency Management Agency,0.1,High,Announced,6.4,3.29,Maritime Blockade Threats
RSP-00345,2025-05-01,Sri Lanka,Refinery Capacity Expansion,Ministry of Finance,0.1,High,Completed,5.8,4.17,Maritime Blockade Threats
RSP-00346,2025-05-01,Sri Lanka,Fuel Subsidy Increase,Ministry of Finance,0.1,High,Completed,8.8,3.74,Maritime Blockade Threats
RSP-00347,2025-05-01,Sri Lanka,Coal-to-Gas Switching Ban,Ministry of Defense,0.1,High,Completed,6.8,3.27,Maritime Blockade Threats
RSP-00348,2025-05-01,Sri Lanka,Alternative Supplier Agreement,Central Bank,0.1,High,In Progress,3.9,3.3,Maritime Blockade Threats
RSP-00349,2025-05-01,Sri Lanka,Strategic Fuel Stockpile Mandate,Ministry of Trade,0.1,Medium,Delayed,7.1,3.39,Maritime Blockade Threats
RSP-00350,2025-05-01,Myanmar,Cyber Defense for Energy Grid,Emergency Management Agency,0.1,High,In Progress,5.9,1.57,Maritime Blockade Threats
RSP-00351,2025-05-01,Myanmar,Refinery Capacity Expansion,Ministry of Energy,0.1,Low,Delayed,6.2,1.19,Maritime Blockade Threats
RSP-00352,2025-05-01,Cambodia,Freight Corridor Agreement,Ministry of Energy,0.1,Medium,Delayed,6.1,1.55,Maritime Blockade Threats
RSP-00353,2025-05-01,Cambodia,Port Security Enhancement,Ministry of Finance,0.1,High,In Progress,5.6,1.41,Maritime Blockade Threats
RSP-00354,2025-05-01,Cambodia,Naval Escort Deployment,Ministry of Trade,0.1,Critical,Delayed,5.9,1.78,Maritime Blockade Threats
RSP-00355,2025-05-01,Cambodia,LNG Terminal Fast-Track,Ministry of Energy,0.1,Critical,In Progress,3.3,1.62,Maritime Blockade Threats
RSP-00356,2025-05-01,Laos,Refinery Capacity Expansion,Ministry of Trade,0.1,Low,In Progress,8.2,0.39,Maritime Blockade Threats
RSP-00357,2025-05-01,Mongolia,Coal-to-Gas Switching Ban,Ministry of Energy,0.1,Critical,In Progress,3.7,0.22,Maritime Blockade Threats
RSP-00358,2025-06-01,China,Strategic Fuel Stockpile Mandate,Emergency Management Agency,12.7,High,Completed,7.9,1.7,Maritime Blockade Threats
RSP-00359,2025-06-01,China,Strategic Fuel Stockpile Mandate,Ministry of Finance,7.0,Low,Completed,7.4,1.66,Maritime Blockade Threats
RSP-00360,2025-06-01,China,Refinery Capacity Expansion,Central Bank,11.3,High,Completed,4.7,1.55,Maritime Blockade Threats
RSP-00361,2025-06-01,China,Refinery Capacity Expansion,Central Bank,6.7,Low,Announced,5.9,1.47,Maritime Blockade Threats
RSP-00362,2025-06-01,China,LNG Terminal Fast-Track,Ministry of Energy,6.4,Low,Announced,6.4,1.99,Maritime Blockade Threats
RSP-00363,2025-06-01,China,Renewable Energy Fast-Track,Ministry of Finance,5.8,Critical,In Progress,9.3,2.01,Maritime Blockade Threats
RSP-00364,2025-06-01,China,Refinery Capacity Expansion,Ministry of Defense,7.3,High,Announced,6.0,2.05,Maritime Blockade Threats
RSP-00365,2025-06-01,India,SPR Release,Maritime Authority,2.3,Critical,Completed,2.2,2.66,Maritime Blockade Threats
RSP-00366,2025-06-01,Japan,Cyber Defense for Energy Grid,Emergency Management Agency,4.6,Critical,Completed,3.3,3.73,Maritime Blockade Threats
RSP-00367,2025-06-01,Japan,Naval Escort Deployment,Emergency Management Agency,3.8,High,Announced,8.0,4.39,Maritime Blockade Threats
RSP-00368,2025-06-01,Japan,Renewable Energy Fast-Track,Emergency Management Agency,4.9,Medium,In Progress,6.1,3.63,Maritime Blockade Threats
RSP-00369,2025-06-01,Japan,Port Security Enhancement,National Oil Company,3.4,High,Completed,7.7,3.52,Maritime Blockade Threats
RSP-00370,2025-06-01,Japan,Coal-to-Gas Switching Ban,Emergency Management Agency,2.3,Medium,Announced,1.7,3.99,Maritime Blockade Threats
RSP-00371,2025-06-01,Japan,Renewable Energy Fast-Track,Emergency Management Agency,4.0,Critical,Completed,7.1,4.21,Maritime Blockade Threats
RSP-00372,2025-06-01,South Korea,Fuel Subsidy Increase,Maritime Authority,1.8,Critical,Delayed,7.7,2.3,Maritime Blockade Threats
RSP-00373,2025-06-01,South Korea,Naval Escort Deployment,Emergency Management Agency,2.0,High,Delayed,5.4,2.27,Maritime Blockade Threats
RSP-00374,2025-06-01,South Korea,Refinery Capacity Expansion,Ministry of Trade,2.2,Medium,Completed,5.4,3.21,Maritime Blockade Threats
RSP-00375,2025-06-01,South Korea,Maritime Insurance Fund,Ministry of Finance,1.3,High,Announced,5.5,2.55,Maritime Blockade Threats
RSP-00376,2025-06-01,South Korea,Coal-to-Gas Switching Ban,Ministry of Defense,0.8,High,In Progress,8.7,3.59,Maritime Blockade Threats
RSP-00377,2025-06-01,Australia,Maritime Insurance Fund,Ministry of Energy,0.4,Critical,Announced,6.3,0.56,Maritime Blockade Threats
RSP-00378,2025-06-01,Indonesia,SPR Release,Ministry of Trade,0.3,Critical,Announced,6.3,0.8,Maritime Blockade Threats
RSP-00379,2025-06-01,Thailand,Bilateral Defense Pact,Maritime Authority,0.5,Medium,Completed,4.7,1.68,Maritime Blockade Threats
RSP-00380,2025-06-01,Thailand,Port Security Enhancement,Ministry of Trade,0.4,High,In Progress,4.4,2.7,Maritime Blockade Threats
RSP-00381,2025-06-01,Thailand,LNG Terminal Fast-Track,Ministry of Trade,0.5,High,In Progress,5.8,2.58,Maritime Blockade Threats
RSP-00382,2025-06-01,Vietnam,Refinery Capacity Expansion,Ministry of Finance,0.1,Critical,Announced,5.3,0.75,Maritime Blockade Threats
RSP-00383,2025-06-01,Vietnam,Refinery Capacity Expansion,Ministry of Trade,0.1,Medium,Completed,4.1,1.01,Maritime Blockade Threats
RSP-00384,2025-06-01,Philippines,Alternative Supplier Agreement,Ministry of Finance,0.5,Critical,Announced,3.6,2.25,Maritime Blockade Threats
RSP-00385,2025-06-01,Malaysia,LNG Terminal Fast-Track,National Oil Company,0.1,High,Announced,5.7,0.49,Maritime Blockade Threats
RSP-00386,2025-06-01,Malaysia,Maritime Insurance Fund,Central Bank,0.1,Low,In Progress,7.0,0.41,Maritime Blockade Threats
RSP-00387,2025-06-01,Pakistan,LNG Terminal Fast-Track,Ministry of Finance,0.2,High,Announced,5.8,2.93,Maritime Blockade Threats
RSP-00388,2025-06-01,Pakistan,LNG Terminal Fast-Track,Ministry of Trade,0.2,High,In Progress,7.1,2.91,Maritime Blockade Threats
RSP-00389,2025-06-01,Pakistan,Naval Escort Deployment,Ministry of Finance,0.5,Critical,Announced,8.8,3.14,Maritime Blockade Threats
RSP-00390,2025-06-01,Bangladesh,Strategic Fuel Stockpile Mandate,Ministry of Finance,0.3,Medium,In Progress,6.3,2.04,Maritime Blockade Threats
RSP-00391,2025-06-01,Bangladesh,Fuel Subsidy Increase,Emergency Management Agency,0.1,Low,Delayed,8.4,1.48,Maritime Blockade Threats
RSP-00392,2025-06-01,Taiwan,Freight Corridor Agreement,Ministry of Energy,0.8,Low,Completed,5.0,3.68,Maritime Blockade Threats
RSP-00393,2025-06-01,Taiwan,Emergency Energy Import Deal,Ministry of Trade,0.6,Critical,Delayed,3.8,3.61,Maritime Blockade Threats
RSP-00394,2025-06-01,Taiwan,Naval Escort Deployment,Emergency Management Agency,0.7,Low,Completed,5.2,3.52,Maritime Blockade Threats
RSP-00395,2025-06-01,Taiwan,Port Security Enhancement,Emergency Management Agency,0.5,Medium,Delayed,5.2,3.49,Maritime Blockade Threats
RSP-00396,2025-06-01,Taiwan,Coal-to-Gas Switching Ban,Ministry of Defense,0.5,Low,Completed,4.7,3.86,Maritime Blockade Threats
RSP-00397,2025-06-01,Taiwan,Maritime Insurance Fund,Ministry of Defense,0.6,High,In Progress,8.8,2.94,Maritime Blockade Threats
RSP-00398,2025-06-01,Singapore,Alternative Supplier Agreement,Ministry of Defense,0.2,Critical,Delayed,5.5,2.78,Maritime Blockade Threats
RSP-00399,2025-06-01,Singapore,Freight Corridor Agreement,Ministry of Energy,0.5,Critical,In Progress,8.6,3.99,Maritime Blockade Threats
RSP-00400,2025-06-01,Singapore,Alternative Supplier Agreement,Ministry of Trade,0.5,Medium,Completed,9.1,3.86,Maritime Blockade Threats
RSP-00401,2025-06-01,Singapore,LNG Terminal Fast-Track,Ministry of Trade,0.2,High,In Progress,7.4,4.0,Maritime Blockade Threats
RSP-00402,2025-06-01,Singapore,Maritime Insurance Fund,Ministry of Defense,0.5,Medium,In Progress,9.5,3.06,Maritime Blockade Threats
RSP-00403,2025-06-01,Singapore,Alternative Supplier Agreement,National Oil Company,0.3,Critical,In Progress,5.0,2.53,Maritime Blockade Threats
RSP-00404,2025-06-01,Singapore,Emergency Energy Import Deal,National Oil Company,0.4,High,In Progress,4.9,3.49,Maritime Blockade Threats
RSP-00405,2025-06-01,New Zealand,Naval Escort Deployment,Ministry of Finance,0.1,Low,Completed,6.3,1.03,Maritime Blockade Threats
RSP-00406,2025-06-01,Sri Lanka,Port Security Enhancement,Maritime Authority,0.1,High,Announced,6.7,3.71,Maritime Blockade Threats
RSP-00407,2025-06-01,Sri Lanka,Freight Corridor Agreement,Maritime Authority,0.1,Medium,Completed,4.5,3.76,Maritime Blockade Threats
RSP-00408,2025-06-01,Sri Lanka,Fuel Subsidy Increase,Ministry of Defense,0.1,High,In Progress,2.1,3.78,Maritime Blockade Threats
RSP-00409,2025-06-01,Sri Lanka,Strategic Fuel Stockpile Mandate,National Oil Company,0.1,Medium,Delayed,7.6,4.34,Maritime Blockade Threats
RSP-00410,2025-06-01,Myanmar,Emergency Energy Import Deal,National Oil Company,0.1,Critical,In Progress,6.1,1.05,Maritime Blockade Threats
RSP-00411,2025-06-01,Cambodia,Refinery Capacity Expansion,Central Bank,0.1,Medium,In Progress,6.4,1.52,Maritime Blockade Threats
RSP-00412,2025-06-01,Laos,SPR Release,Ministry of Trade,0.1,Medium,Announced,7.0,0.47,Maritime Blockade Threats
RSP-00413,2025-06-01,Mongolia,Port Security Enhancement,Emergency Management Agency,0.1,High,Completed,5.2,0.18,Maritime Blockade Threats
RSP-00414,2025-07-01,China,Renewable Energy Fast-Track,Ministry of Finance,17.5,High,In Progress,8.2,3.16,Peak Disruption
RSP-00415,2025-07-01,China,Renewable Energy Fast-Track,Ministry of Defense,5.9,Critical,Completed,7.0,2.43,Peak Disruption
RSP-00416,2025-07-01,China,Alternative Supplier Agreement,Central Bank,5.7,Medium,Completed,5.9,2.97,Peak Disruption
RSP-00417,2025-07-01,China,Fuel Subsidy Increase,Maritime Authority,12.7,Medium,Completed,3.9,2.57,Peak Disruption
RSP-00418,2025-07-01,India,Alternative Supplier Agreement,Ministry of Finance,1.8,High,Delayed,6.5,4.63,Peak Disruption
RSP-00419,2025-07-01,India,Coal-to-Gas Switching Ban,National Oil Company,2.5,Critical,In Progress,9.2,3.86,Peak Disruption
RSP-00420,2025-07-01,India,Coal-to-Gas Switching Ban,Ministry of Trade,5.1,Critical,In Progress,6.6,4.57,Peak Disruption
RSP-00421,2025-07-01,Japan,Coal-to-Gas Switching Ban,National Oil Company,4.7,High,Completed,2.3,5.68,Peak Disruption
RSP-00422,2025-07-01,Japan,Emergency Energy Import Deal,Ministry of Trade,2.0,Critical,Completed,4.8,5.36,Peak Disruption
RSP-00423,2025-07-01,Japan,Naval Escort Deployment,Emergency Management Agency,3.4,Medium,Completed,8.8,6.27,Peak Disruption
RSP-00424,2025-07-01,Japan,Port Security Enhancement,Emergency Management Agency,4.1,High,Announced,5.3,5.39,Peak Disruption
RSP-00425,2025-07-01,South Korea,Renewable Energy Fast-Track,Ministry of Trade,2.5,Critical,Delayed,7.1,4.74,Peak Disruption
RSP-00426,2025-07-01,South Korea,Naval Escort Deployment,Ministry of Finance,0.9,High,Announced,7.3,4.25,Peak Disruption
RSP-00427,2025-07-01,South Korea,Alternative Supplier Agreement,Ministry of Trade,2.5,Critical,Delayed,5.3,3.74,Peak Disruption
RSP-00428,2025-07-01,Australia,Naval Escort Deployment,Ministry of Trade,0.4,High,Announced,4.8,0.96,Peak Disruption
RSP-00429,2025-07-01,Australia,LNG Terminal Fast-Track,Ministry of Energy,0.2,High,In Progress,6.7,0.79,Peak Disruption
RSP-00430,2025-07-01,Australia,Coal-to-Gas Switching Ban,National Oil Company,0.4,Low,Announced,8.0,0.91,Peak Disruption
RSP-00431,2025-07-01,Indonesia,LNG Terminal Fast-Track,National Oil Company,0.2,High,In Progress,6.3,1.05,Peak Disruption
RSP-00432,2025-07-01,Thailand,Freight Corridor Agreement,Maritime Authority,0.6,High,Completed,6.6,4.11,Peak Disruption
RSP-00433,2025-07-01,Thailand,Emergency Energy Import Deal,Ministry of Finance,0.5,Medium,Completed,5.8,3.16,Peak Disruption
RSP-00434,2025-07-01,Thailand,Port Security Enhancement,Ministry of Defense,0.2,High,In Progress,5.3,2.72,Peak Disruption
RSP-00435,2025-07-01,Thailand,Naval Escort Deployment,Emergency Management Agency,0.3,Medium,Completed,8.0,3.45,Peak Disruption
RSP-00436,2025-07-01,Thailand,Port Security Enhancement,Ministry of Finance,0.7,Critical,Delayed,3.6,3.97,Peak Disruption
RSP-00437,2025-07-01,Vietnam,Fuel Subsidy Increase,Emergency Management Agency,0.1,Critical,In Progress,5.0,1.48,Peak Disruption
RSP-00438,2025-07-01,Philippines,Coal-to-Gas Switching Ban,Ministry of Finance,0.5,Medium,Completed,5.5,3.47,Peak Disruption
RSP-00439,2025-07-01,Philippines,Port Security Enhancement,Ministry of Trade,0.2,Low,In Progress,5.0,4.42,Peak Disruption
RSP-00440,2025-07-01,Philippines,LNG Terminal Fast-Track,Central Bank,0.5,Critical,Announced,5.8,4.14,Peak Disruption
RSP-00441,2025-07-01,Malaysia,Maritime Insurance Fund,Central Bank,0.1,High,Announced,4.6,0.76,Peak Disruption
RSP-00442,2025-07-01,Malaysia,Maritime Insurance Fund,Ministry of Finance,0.1,High,Announced,5.1,0.85,Peak Disruption
RSP-00443,2025-07-01,Pakistan,Fuel Subsidy Increase,Central Bank,0.5,Critical,In Progress,6.0,3.51,Peak Disruption
RSP-00444,2025-07-01,Pakistan,Fuel Subsidy Increase,Maritime Authority,0.6,Critical,Completed,4.5,3.97,Peak Disruption
RSP-00445,2025-07-01,Pakistan,Port Security Enhancement,National Oil Company,0.4,Critical,Completed,6.1,3.89,Peak Disruption
RSP-00446,2025-07-01,Pakistan,SPR Release,Maritime Authority,0.4,Medium,In Progress,6.7,3.78,Peak Disruption
RSP-00447,2025-07-01,Pakistan,SPR Release,Central Bank,0.6,High,Completed,8.0,3.61,Peak Disruption
RSP-00448,2025-07-01,Pakistan,Coal-to-Gas Switching Ban,Ministry of Trade,0.3,Medium,Completed,6.5,4.63,Peak Disruption
RSP-00449,2025-07-01,Bangladesh,SPR Release,Maritime Authority,0.2,Low,In Progress,5.9,2.61,Peak Disruption
RSP-00450,2025-07-01,Bangladesh,Emergency Energy Import Deal,Ministry of Defense,0.2,High,In Progress,7.4,2.21,Peak Disruption
RSP-00451,2025-07-01,Bangladesh,SPR Release,Central Bank,0.2,High,In Progress,4.7,2.31,Peak Disruption
RSP-00452,2025-07-01,Taiwan,Alternative Supplier Agreement,Maritime Authority,0.6,High,In Progress,6.3,4.2,Peak Disruption
RSP-00453,2025-07-01,Taiwan,LNG Terminal Fast-Track,Ministry of Defense,0.5,Medium,In Progress,6.0,5.04,Peak Disruption
RSP-00454,2025-07-01,Taiwan,LNG Terminal Fast-Track,Ministry of Trade,1.0,Medium,In Progress,5.6,4.67,Peak Disruption
RSP-00455,2025-07-01,Singapore,SPR Release,Ministry of Finance,0.4,High,Announced,5.5,4.42,Peak Disruption
RSP-00456,2025-07-01,Singapore,Cyber Defense for Energy Grid,Ministry of Defense,0.2,High,Completed,6.9,5.43,Peak Disruption
RSP-00457,2025-07-01,Singapore,Refinery Capacity Expansion,Emergency Management Agency,0.6,High,Delayed,5.9,4.0,Peak Disruption
RSP-00458,2025-07-01,Singapore,Port Security Enhancement,Emergency Management Agency,0.7,High,In Progress,7.0,4.86,Peak Disruption
RSP-00459,2025-07-01,Singapore,Naval Escort Deployment,Ministry of Finance,1.0,Critical,In Progress,8.9,4.49,Peak Disruption
RSP-00460,2025-07-01,New Zealand,Naval Escort Deployment,Ministry of Defense,0.1,High,In Progress,3.9,1.43,Peak Disruption
RSP-00461,2025-07-01,Sri Lanka,Port Security Enhancement,Maritime Authority,0.1,Medium,Completed,5.6,5.01,Peak Disruption
RSP-00462,2025-07-01,Sri Lanka,Coal-to-Gas Switching Ban,Ministry of Defense,0.1,Low,Announced,5.0,4.16,Peak Disruption
RSP-00463,2025-07-01,Myanmar,Freight Corridor Agreement,National Oil Company,0.1,Medium,Announced,5.8,2.33,Peak Disruption
RSP-00464,2025-07-01,Myanmar,SPR Release,Emergency Management Agency,0.1,Critical,In Progress,5.7,2.04,Peak Disruption
RSP-00465,2025-07-01,Myanmar,Fuel Subsidy Increase,Emergency Management Agency,0.1,Critical,Announced,7.4,2.48,Peak Disruption
RSP-00466,2025-07-01,Myanmar,Freight Corridor Agreement,Ministry of Finance,0.1,Medium,Delayed,6.8,2.35,Peak Disruption
RSP-00467,2025-07-01,Cambodia,Naval Escort Deployment,Maritime Authority,0.1,Medium,Announced,5.5,2.34,Peak Disruption
RSP-00468,2025-07-01,Cambodia,Emergency Energy Import Deal,Ministry of Defense,0.1,Medium,Announced,10.0,1.94,Peak Disruption
RSP-00469,2025-07-01,Cambodia,Bilateral Defense Pact,Emergency Management Agency,0.1,Critical,In Progress,8.3,2.07,Peak Disruption
RSP-00470,2025-07-01,Laos,Fuel Subsidy Increase,Ministry of Trade,0.1,High,Delayed,5.9,0.73,Peak Disruption
RSP-00471,2025-07-01,Mongolia,Renewable Energy Fast-Track,Central Bank,0.1,High,Announced,6.5,0.33,Peak Disruption
RSP-00472,2025-08-01,China,Emergency Energy Import Deal,Ministry of Finance,7.4,Medium,In Progress,6.2,3.01,Peak Disruption
RSP-00473,2025-08-01,China,Port Security Enhancement,Emergency Management Agency,4.7,Critical,Completed,5.5,3.27,Peak Disruption
RSP-00474,2025-08-01,China,Port Security Enhancement,Ministry of Finance,12.5,High,Delayed,5.7,2.36,Peak Disruption
RSP-00475,2025-08-01,India,Bilateral Defense Pact,Ministry of Finance,3.5,Medium,Completed,6.5,3.99,Peak Disruption
RSP-00476,2025-08-01,India,Freight Corridor Agreement,Ministry of Finance,1.8,High,Completed,7.8,2.83,Peak Disruption
RSP-00477,2025-08-01,India,Emergency Energy Import Deal,Maritime Authority,2.4,Medium,In Progress,5.3,3.5,Peak Disruption
RSP-00478,2025-08-01,Japan,Alternative Supplier Agreement,Central Bank,4.5,High,Completed,5.7,4.93,Peak Disruption
RSP-00479,2025-08-01,Japan,Alternative Supplier Agreement,Ministry of Trade,5.0,High,In Progress,7.1,5.93,Peak Disruption
RSP-00480,2025-08-01,Japan,Strategic Fuel Stockpile Mandate,Emergency Management Agency,2.1,High,Announced,5.5,4.1,Peak Disruption
RSP-00481,2025-08-01,Japan,Emergency Energy Import Deal,Ministry of Energy,6.7,Medium,Announced,8.2,4.05,Peak Disruption
RSP-00482,2025-08-01,Japan,Strategic Fuel Stockpile Mandate,Ministry of Finance,2.2,Low,In Progress,5.5,5.67,Peak Disruption
RSP-00483,2025-08-01,Japan,Emergency Energy Import Deal,Emergency Management Agency,5.1,Medium,Completed,6.4,5.67,Peak Disruption
RSP-00484,2025-08-01,South Korea,Refinery Capacity Expansion,Ministry of Defense,1.2,Critical,Completed,6.2,4.91,Peak Disruption
RSP-00485,2025-08-01,South Korea,Bilateral Defense Pact,Ministry of Finance,0.8,Medium,In Progress,4.6,4.12,Peak Disruption
RSP-00486,2025-08-01,South Korea,Maritime Insurance Fund,Central Bank,1.1,Low,In Progress,7.6,5.17,Peak Disruption
RSP-00487,2025-08-01,South Korea,Cyber Defense for Energy Grid,Emergency Management Agency,1.4,High,In Progress,7.0,4.95,Peak Disruption
RSP-00488,2025-08-01,South Korea,Bilateral Defense Pact,Emergency Management Agency,2.0,Medium,Delayed,5.9,5.11,Peak Disruption
RSP-00489,2025-08-01,South Korea,Naval Escort Deployment,Emergency Management Agency,1.7,Critical,In Progress,3.4,4.88,Peak Disruption
RSP-00490,2025-08-01,South Korea,Coal-to-Gas Switching Ban,Emergency Management Agency,1.9,High,In Progress,4.8,4.94,Peak Disruption
RSP-00491,2025-08-01,South Korea,Emergency Energy Import Deal,Emergency Management Agency,2.3,High,Completed,5.9,4.77,Peak Disruption
RSP-00492,2025-08-01,South Korea,Freight Corridor Agreement,National Oil Company,2.2,Low,Announced,4.2,3.49,Peak Disruption
RSP-00493,2025-08-01,South Korea,Refinery Capacity Expansion,Emergency Management Agency,2.2,Medium,In Progress,3.9,3.37,Peak Disruption
RSP-00494,2025-08-01,Australia,SPR Release,Central Bank,0.6,Low,In Progress,7.0,0.78,Peak Disruption
RSP-00495,2025-08-01,Indonesia,Refinery Capacity Expansion,Maritime Authority,0.2,High,Completed,6.8,0.81,Peak Disruption
RSP-00496,2025-08-01,Thailand,Maritime Insurance Fund,Maritime Authority,0.2,High,Announced,5.4,2.54,Peak Disruption
RSP-00497,2025-08-01,Thailand,LNG Terminal Fast-Track,Maritime Authority,0.7,High,In Progress,4.2,3.42,Peak Disruption
RSP-00498,2025-08-01,Thailand,LNG Terminal Fast-Track,National Oil Company,0.4,Critical,Announced,7.0,3.5,Peak Disruption
RSP-00499,2025-08-01,Thailand,Refinery Capacity Expansion,Ministry of Defense,0.6,Medium,Delayed,8.9,3.47,Peak Disruption
RSP-00500,2025-08-01,Thailand,Fuel Subsidy Increase,Ministry of Trade,0.5,Medium,In Progress,5.8,4.11,Peak Disruption
RSP-00501,2025-08-01,Vietnam,Refinery Capacity Expansion,Central Bank,0.2,High,In Progress,3.2,1.21,Peak Disruption
RSP-00502,2025-08-01,Philippines,Cyber Defense for Energy Grid,Ministry of Energy,0.5,Critical,Completed,5.5,4.2,Peak Disruption
RSP-00503,2025-08-01,Philippines,Port Security Enhancement,Central Bank,0.5,Medium,Announced,8.2,3.57,Peak Disruption
RSP-00504,2025-08-01,Philippines,Fuel Subsidy Increase,Ministry of Trade,0.4,High,Announced,6.7,4.24,Peak Disruption
RSP-00505,2025-08-01,Malaysia,Freight Corridor Agreement,Ministry of Finance,0.1,High,Delayed,5.8,0.9,Peak Disruption
RSP-00506,2025-08-01,Pakistan,Fuel Subsidy Increase,Maritime Authority,0.4,Medium,In Progress,6.2,4.75,Peak Disruption
RSP-00507,2025-08-01,Pakistan,Naval Escort Deployment,Ministry of Defense,0.5,High,Completed,5.6,5.13,Peak Disruption
RSP-00508,2025-08-01,Pakistan,Naval Escort Deployment,Emergency Management Agency,0.6,Critical,Announced,5.4,5.17,Peak Disruption
RSP-00509,2025-08-01,Pakistan,SPR Release,Emergency Management Agency,0.1,Medium,Announced,7.0,4.64,Peak Disruption
RSP-00510,2025-08-01,Pakistan,Refinery Capacity Expansion,Maritime Authority,0.2,High,Completed,4.1,5.17,Peak Disruption
RSP-00511,2025-08-01,Pakistan,Strategic Fuel Stockpile Mandate,National Oil Company,0.3,Medium,Announced,6.9,4.58,Peak Disruption
RSP-00512,2025-08-01,Pakistan,Bilateral Defense Pact,National Oil Company,0.3,High,Completed,6.2,4.54,Peak Disruption
RSP-00513,2025-08-01,Pakistan,Cyber Defense for Energy Grid,Ministry of Finance,0.6,Low,Announced,5.0,4.98,Peak Disruption
RSP-00514,2025-08-01,Pakistan,Port Security Enhancement,Ministry of Defense,0.3,High,Announced,7.0,4.76,Peak Disruption
RSP-00515,2025-08-01,Pakistan,LNG Terminal Fast-Track,Ministry of Defense,0.2,Critical,Delayed,6.7,4.22,Peak Disruption
RSP-00516,2025-08-01,Bangladesh,Maritime Insurance Fund,Ministry of Trade,0.3,High,Completed,6.0,2.53,Peak Disruption
RSP-00517,2025-08-01,Bangladesh,Strategic Fuel Stockpile Mandate,Ministry of Defense,0.1,High,Completed,6.4,2.88,Peak Disruption
RSP-00518,2025-08-01,Bangladesh,Bilateral Defense Pact,Emergency Management Agency,0.4,Low,Announced,4.5,2.58,Peak Disruption
RSP-00519,2025-08-01,Bangladesh,Renewable Energy Fast-Track,Ministry of Finance,0.2,High,Completed,6.8,2.46,Peak Disruption
RSP-00520,2025-08-01,Taiwan,Maritime Insurance Fund,Maritime Authority,0.5,Critical,Delayed,5.1,4.62,Peak Disruption
RSP-00521,2025-08-01,Taiwan,Fuel Subsidy Increase,National Oil Company,0.5,High,Completed,5.0,4.36,Peak Disruption
RSP-00522,2025-08-01,Taiwan,Cyber Defense for Energy Grid,National Oil Company,0.6,Medium,Delayed,5.7,5.02,Peak Disruption
RSP-00523,2025-08-01,Taiwan,Freight Corridor Agreement,Ministry of Energy,0.8,Medium,In Progress,4.7,4.9,Peak Disruption
RSP-00524,2025-08-01,Taiwan,Coal-to-Gas Switching Ban,Central Bank,1.1,Critical,Completed,8.3,4.96,Peak Disruption
RSP-00525,2025-08-01,Singapore,Cyber Defense for Energy Grid,Ministry of Finance,0.8,Medium,Announced,6.8,5.79,Peak Disruption
RSP-00526,2025-08-01,Singapore,Port Security Enhancement,Ministry of Energy,0.7,High,Completed,4.7,4.36,Peak Disruption
RSP-00527,2025-08-01,Singapore,Renewable Energy Fast-Track,Ministry of Finance,0.3,Low,In Progress,5.6,3.87,Peak Disruption
RSP-00528,2025-08-01,Singapore,Fuel Subsidy Increase,Ministry of Energy,0.6,Medium,In Progress,5.5,4.9,Peak Disruption
RSP-00529,2025-08-01,Singapore,Bilateral Defense Pact,National Oil Company,0.4,High,In Progress,5.1,5.43,Peak Disruption
RSP-00530,2025-08-01,Singapore,Fuel Subsidy Increase,Maritime Authority,0.8,Medium,Completed,4.6,5.43,Peak Disruption
RSP-00531,2025-08-01,Singapore,Fuel Subsidy Increase,Ministry of Trade,0.7,Critical,In Progress,7.0,3.91,Peak Disruption
RSP-00532,2025-08-01,New Zealand,Port Security Enhancement,National Oil Company,0.1,High,Announced,5.5,1.99,Peak Disruption
RSP-00533,2025-08-01,New Zealand,Coal-to-Gas Switching Ban,Maritime Authority,0.1,Critical,In Progress,3.6,1.31,Peak Disruption
RSP-00534,2025-08-01,Sri Lanka,Strategic Fuel Stockpile Mandate,Ministry of Finance,0.1,High,Announced,8.7,5.97,Peak Disruption
RSP-00535,2025-08-01,Sri Lanka,Maritime Insurance Fund,Emergency Management Agency,0.1,High,In Progress,8.3,4.32,Peak Disruption
RSP-00536,2025-08-01,Sri Lanka,Emergency Energy Import Deal,Maritime Authority,0.2,Critical,In Progress,4.8,5.77,Peak Disruption
RSP-00537,2025-08-01,Sri Lanka,LNG Terminal Fast-Track,Emergency Management Agency,0.1,Critical,In Progress,8.6,6.75,Peak Disruption
RSP-00538,2025-08-01,Sri Lanka,Port Security Enhancement,Maritime Authority,0.1,Medium,Completed,6.0,5.71,Peak Disruption
RSP-00539,2025-08-01,Sri Lanka,Fuel Subsidy Increase,Ministry of Energy,0.1,High,Delayed,4.7,6.38,Peak Disruption
RSP-00540,2025-08-01,Sri Lanka,SPR Release,Emergency Management Agency,0.1,Medium,In Progress,7.8,5.66,Peak Disruption
RSP-00541,2025-08-01,Myanmar,Strategic Fuel Stockpile Mandate,Ministry of Finance,0.1,High,In Progress,6.8,2.54,Peak Disruption
RSP-00542,2025-08-01,Cambodia,Coal-to-Gas Switching Ban,Ministry of Defense,0.1,High,Delayed,6.3,2.65,Peak Disruption
RSP-00543,2025-08-01,Cambodia,Cyber Defense for Energy Grid,Maritime Authority,0.1,High,Announced,4.6,2.08,Peak Disruption
RSP-00544,2025-08-01,Cambodia,Maritime Insurance Fund,Emergency Management Agency,0.1,High,Delayed,5.8,2.57,Peak Disruption
RSP-00545,2025-08-01,Laos,Fuel Subsidy Increase,National Oil Company,0.1,High,Completed,4.7,0.71,Peak Disruption
RSP-00546,2025-08-01,Mongolia,Port Security Enhancement,Maritime Authority,0.1,Critical,Completed,6.2,0.33,Peak Disruption
RSP-00547,2025-09-01,China,Freight Corridor Agreement,Ministry of Defense,14.2,Critical,Announced,6.5,2.29,Peak Disruption
RSP-00548,2025-09-01,China,Emergency Energy Import Deal,Maritime Authority,15.4,Medium,Announced,7.3,3.19,Peak Disruption
RSP-00549,2025-09-01,China,Coal-to-Gas Switching Ban,Emergency Management Agency,14.0,High,In Progress,5.0,2.27,Peak Disruption
RSP-00550,2025-09-01,India,Port Security Enhancement,Emergency Management Agency,3.6,Medium,Announced,6.5,3.46,Peak Disruption
RSP-00551,2025-09-01,India,Coal-to-Gas Switching Ban,Ministry of Trade,3.6,High,Delayed,3.7,4.51,Peak Disruption
RSP-00552,2025-09-01,India,Alternative Supplier Agreement,Emergency Management Agency,5.4,Medium,Announced,5.2,2.96,Peak Disruption
RSP-00553,2025-09-01,India,Renewable Energy Fast-Track,Maritime Authority,5.0,Medium,In Progress,6.6,4.07,Peak Disruption
RSP-00554,2025-09-01,India,Alternative Supplier Agreement,Emergency Management Agency,3.6,Critical,Announced,7.4,3.19,Peak Disruption
RSP-00555,2025-09-01,Japan,Fuel Subsidy Increase,Emergency Management Agency,3.8,High,In Progress,6.6,4.44,Peak Disruption
RSP-00556,2025-09-01,Japan,Strategic Fuel Stockpile Mandate,Ministry of Trade,6.8,Medium,Completed,5.4,6.55,Peak Disruption
RSP-00557,2025-09-01,Japan,SPR Release,Central Bank,7.3,High,Delayed,5.9,4.67,Peak Disruption
RSP-00558,2025-09-01,Japan,Coal-to-Gas Switching Ban,Central Bank,6.0,Medium,In Progress,6.8,6.43,Peak Disruption
RSP-00559,2025-09-01,Japan,SPR Release,Ministry of Finance,6.0,Critical,In Progress,8.3,4.87,Peak Disruption
RSP-00560,2025-09-01,South Korea,SPR Release,Central Bank,0.6,Medium,In Progress,3.6,3.59,Peak Disruption
RSP-00561,2025-09-01,South Korea,Strategic Fuel Stockpile Mandate,Ministry of Energy,0.8,Medium,Delayed,6.0,3.4,Peak Disruption
RSP-00562,2025-09-01,South Korea,Alternative Supplier Agreement,National Oil Company,1.8,Medium,Announced,3.8,4.19,Peak Disruption
RSP-00563,2025-09-01,Australia,Strategic Fuel Stockpile Mandate,Ministry of Finance,0.2,Medium,Completed,6.7,0.98,Peak Disruption
RSP-00564,2025-09-01,Indonesia,Maritime Insurance Fund,Ministry of Defense,0.3,Low,In Progress,4.6,1.23,Peak Disruption
RSP-00565,2025-09-01,Thailand,Strategic Fuel Stockpile Mandate,National Oil Company,0.3,High,In Progress,6.8,3.31,Peak Disruption
RSP-00566,2025-09-01,Thailand,Renewable Energy Fast-Track,National Oil Company,0.5,Critical,In Progress,5.4,3.3,Peak Disruption
RSP-00567,2025-09-01,Vietnam,LNG Terminal Fast-Track,Central Bank,0.2,Medium,In Progress,6.1,1.15,Peak Disruption
RSP-00568,2025-09-01,Philippines,Freight Corridor Agreement,Maritime Authority,0.3,Medium,Announced,6.0,4.12,Peak Disruption
RSP-00569,2025-09-01,Malaysia,Bilateral Defense Pact,National Oil Company,0.1,Low,Completed,8.3,0.77,Peak Disruption
RSP-00570,2025-09-01,Pakistan,Cyber Defense for Energy Grid,Central Bank,0.6,High,Completed,4.9,5.41,Peak Disruption
RSP-00571,2025-09-01,Pakistan,Bilateral Defense Pact,Ministry of Trade,0.6,High,In Progress,7.1,4.66,Peak Disruption
RSP-00572,2025-09-01,Pakistan,Freight Corridor Agreement,Ministry of Energy,0.2,High,Completed,3.3,4.59,Peak Disruption
RSP-00573,2025-09-01,Pakistan,Cyber Defense for Energy Grid,Ministry of Defense,0.3,Medium,Completed,7.9,3.54,Peak Disruption
RSP-00574,2025-09-01,Pakistan,Freight Corridor Agreement,Emergency Management Agency,0.3,Low,Completed,4.6,5.45,Peak Disruption
RSP-00575,2025-09-01,Pakistan,Bilateral Defense Pact,Maritime Authority,0.7,Medium,Completed,7.9,4.02,Peak Disruption
RSP-00576,2025-09-01,Pakistan,Coal-to-Gas Switching Ban,Ministry of Energy,0.3,Low,Announced,4.4,3.41,Peak Disruption
RSP-00577,2025-09-01,Pakistan,Port Security Enhancement,Ministry of Trade,0.2,High,In Progress,7.4,4.52,Peak Disruption
RSP-00578,2025-09-01,Pakistan,Alternative Supplier Agreement,Ministry of Defense,0.4,Low,Announced,7.1,5.1,Peak Disruption
RSP-00579,2025-09-01,Bangladesh,Freight Corridor Agreement,Ministry of Energy,0.2,Low,Completed,4.8,2.47,Peak Disruption
RSP-00580,2025-09-01,Bangladesh,Fuel Subsidy Increase,Emergency Management Agency,0.2,Critical,Completed,7.3,2.55,Peak Disruption
RSP-00581,2025-09-01,Bangladesh,Cyber Defense for Energy Grid,Ministry of Trade,0.1,Medium,Delayed,8.0,2.16,Peak Disruption
RSP-00582,2025-09-01,Bangladesh,Freight Corridor Agreement,Ministry of Energy,0.1,Critical,Announced,6.3,2.33,Peak Disruption
RSP-00583,2025-09-01,Taiwan,Strategic Fuel Stockpile Mandate,Central Bank,0.4,Medium,In Progress,6.2,4.22,Peak Disruption
RSP-00584,2025-09-01,Taiwan,Freight Corridor Agreement,Ministry of Defense,1.0,Medium,Delayed,5.6,4.81,Peak Disruption
RSP-00585,2025-09-01,Singapore,Bilateral Defense Pact,Ministry of Trade,0.6,Medium,Completed,3.9,5.13,Peak Disruption
RSP-00586,2025-09-01,Singapore,Coal-to-Gas Switching Ban,Ministry of Finance,0.8,Medium,Announced,3.1,4.25,Peak Disruption
RSP-00587,2025-09-01,Singapore,Maritime Insurance Fund,Ministry of Trade,0.8,Medium,Completed,3.9,5.36,Peak Disruption
RSP-00588,2025-09-01,Singapore,Emergency Energy Import Deal,Emergency Management Agency,0.5,High,Announced,6.8,4.54,Peak Disruption
RSP-00589,2025-09-01,Singapore,Strategic Fuel Stockpile Mandate,Emergency Management Agency,0.3,Critical,In Progress,7.7,4.71,Peak Disruption
RSP-00590,2025-09-01,Singapore,Maritime Insurance Fund,Central Bank,0.5,Medium,Completed,4.7,5.34,Peak Disruption
RSP-00591,2025-09-01,New Zealand,Renewable Energy Fast-Track,Ministry of Defense,0.1,Medium,Completed,5.0,1.98,Peak Disruption
RSP-00592,2025-09-01,New Zealand,Renewable Energy Fast-Track,Central Bank,0.1,Medium,Announced,6.2,1.97,Peak Disruption
RSP-00593,2025-09-01,Sri Lanka,LNG Terminal Fast-Track,Emergency Management Agency,0.1,High,Announced,5.5,4.32,Peak Disruption
RSP-00594,2025-09-01,Sri Lanka,Emergency Energy Import Deal,Ministry of Energy,0.2,High,In Progress,8.3,5.3,Peak Disruption
RSP-00595,2025-09-01,Myanmar,Freight Corridor Agreement,Ministry of Trade,0.1,Low,Completed,6.7,1.64,Peak Disruption
RSP-00596,2025-09-01,Myanmar,Coal-to-Gas Switching Ban,Ministry of Energy,0.1,Medium,In Progress,5.0,2.55,Peak Disruption
RSP-00597,2025-09-01,Myanmar,Alternative Supplier Agreement,Ministry of Energy,0.1,Critical,Completed,8.2,1.75,Peak Disruption
RSP-00598,2025-09-01,Myanmar,Freight Corridor Agreement,Ministry of Trade,0.1,High,Completed,7.9,2.44,Peak Disruption
RSP-00599,2025-09-01,Myanmar,Coal-to-Gas Switching Ban,Maritime Authority,0.1,Critical,Completed,7.6,2.26,Peak Disruption
RSP-00600,2025-09-01,Myanmar,Renewable Energy Fast-Track,Ministry of Finance,0.1,High,Completed,6.4,2.45,Peak Disruption
RSP-00601,2025-09-01,Myanmar,Emergency Energy Import Deal,Central Bank,0.1,High,Announced,6.3,1.98,Peak Disruption
RSP-00602,2025-09-01,Cambodia,Fuel Subsidy Increase,National Oil Company,0.1,Medium,In Progress,8.0,2.5,Peak Disruption
RSP-00603,2025-09-01,Cambodia,Cyber Defense for Energy Grid,Ministry of Finance,0.1,Critical,Completed,6.4,2.68,Peak Disruption
RSP-00604,2025-09-01,Laos,Coal-to-Gas Switching Ban,Ministry of Defense,0.1,Medium,Completed,5.9,0.52,Peak Disruption
RSP-00605,2025-09-01,Mongolia,Emergency Energy Import Deal,Central Bank,0.1,High,Completed,5.4,0.34,Peak Disruption
RSP-00606,2025-10-01,China,Coal-to-Gas Switching Ban,Ministry of Defense,4.5,Low,In Progress,3.5,1.57,Fragile Stabilisation
RSP-00607,2025-10-01,China,Port Security Enhancement,Emergency Management Agency,8.8,Critical,Completed,6.8,1.52,Fragile Stabilisation
RSP-00608,2025-10-01,India,Emergency Energy Import Deal,Ministry of Trade,2.2,Low,Delayed,9.2,2.28,Fragile Stabilisation
RSP-00609,2025-10-01,India,Maritime Insurance Fund,Emergency Management Agency,1.1,High,Completed,9.7,1.45,Fragile Stabilisation
RSP-00610,2025-10-01,India,Emergency Energy Import Deal,National Oil Company,1.2,High,Completed,4.3,1.99,Fragile Stabilisation
RSP-00611,2025-10-01,Japan,Naval Escort Deployment,Central Bank,2.1,High,Delayed,5.1,2.25,Fragile Stabilisation
RSP-00612,2025-10-01,Japan,Emergency Energy Import Deal,Central Bank,3.9,Low,In Progress,7.8,3.24,Fragile Stabilisation
RSP-00613,2025-10-01,Japan,SPR Release,Maritime Authority,2.9,High,Delayed,7.2,2.39,Fragile Stabilisation
RSP-00614,2025-10-01,South Korea,Refinery Capacity Expansion,Maritime Authority,0.8,Critical,Delayed,5.4,2.48,Fragile Stabilisation
RSP-00615,2025-10-01,South Korea,Coal-to-Gas Switching Ban,National Oil Company,1.6,Medium,Completed,6.8,2.65,Fragile Stabilisation
RSP-00616,2025-10-01,South Korea,LNG Terminal Fast-Track,Ministry of Trade,1.4,Critical,Delayed,6.0,1.99,Fragile Stabilisation
RSP-00617,2025-10-01,South Korea,Refinery Capacity Expansion,Ministry of Defense,1.3,High,In Progress,5.6,2.48,Fragile Stabilisation
RSP-00618,2025-10-01,Australia,Cyber Defense for Energy Grid,National Oil Company,0.3,High,Delayed,7.0,0.45,Fragile Stabilisation
RSP-00619,2025-10-01,Indonesia,Refinery Capacity Expansion,Ministry of Finance,0.3,Medium,In Progress,7.4,0.64,Fragile Stabilisation
RSP-00620,2025-10-01,Indonesia,LNG Terminal Fast-Track,Ministry of Energy,0.3,Medium,Completed,5.8,0.47,Fragile Stabilisation
RSP-00621,2025-10-01,Thailand,Cyber Defense for Energy Grid,National Oil Company,0.2,Critical,Completed,7.0,1.74,Fragile Stabilisation
RSP-00622,2025-10-01,Vietnam,Strategic Fuel Stockpile Mandate,National Oil Company,0.1,High,Completed,8.0,0.76,Fragile Stabilisation
RSP-00623,2025-10-01,Philippines,LNG Terminal Fast-Track,Ministry of Defense,0.2,Low,Completed,5.5,1.79,Fragile Stabilisation
RSP-00624,2025-10-01,Malaysia,Cyber Defense for Energy Grid,Central Bank,0.1,High,In Progress,7.7,0.37,Fragile Stabilisation
RSP-00625,2025-10-01,Pakistan,Renewable Energy Fast-Track,Ministry of Energy,0.4,Critical,Announced,4.0,2.61,Fragile Stabilisation
RSP-00626,2025-10-01,Pakistan,Cyber Defense for Energy Grid,Ministry of Finance,0.3,High,In Progress,5.8,2.6,Fragile Stabilisation
RSP-00627,2025-10-01,Pakistan,Emergency Energy Import Deal,Maritime Authority,0.1,Critical,Announced,7.6,2.07,Fragile Stabilisation
RSP-00628,2025-10-01,Pakistan,Alternative Supplier Agreement,Ministry of Trade,0.2,Low,Delayed,7.3,1.95,Fragile Stabilisation
RSP-00629,2025-10-01,Bangladesh,LNG Terminal Fast-Track,Central Bank,0.2,Medium,Completed,8.7,1.06,Fragile Stabilisation
RSP-00630,2025-10-01,Bangladesh,LNG Terminal Fast-Track,Central Bank,0.2,Critical,In Progress,6.0,1.03,Fragile Stabilisation
RSP-00631,2025-10-01,Taiwan,Naval Escort Deployment,Ministry of Trade,0.8,Medium,Announced,4.3,2.27,Fragile Stabilisation
RSP-00632,2025-10-01,Taiwan,Freight Corridor Agreement,Maritime Authority,0.6,Medium,In Progress,3.9,2.6,Fragile Stabilisation
RSP-00633,2025-10-01,Taiwan,Naval Escort Deployment,Maritime Authority,0.3,High,Delayed,5.9,1.76,Fragile Stabilisation
RSP-00634,2025-10-01,Singapore,Freight Corridor Agreement,Ministry of Defense,0.7,Medium,Completed,5.5,2.32,Fragile Stabilisation
RSP-00635,2025-10-01,Singapore,Fuel Subsidy Increase,Central Bank,0.3,Low,Completed,2.9,2.02,Fragile Stabilisation
RSP-00636,2025-10-01,New Zealand,Bilateral Defense Pact,Maritime Authority,0.1,Medium,Announced,8.9,0.78,Fragile Stabilisation
RSP-00637,2025-10-01,New Zealand,Coal-to-Gas Switching Ban,Ministry of Defense,0.1,High,Announced,5.4,0.71,Fragile Stabilisation
RSP-00638,2025-10-01,New Zealand,Bilateral Defense Pact,Central Bank,0.1,High,Completed,6.7,1.02,Fragile Stabilisation
RSP-00639,2025-10-01,Sri Lanka,Port Security Enhancement,Ministry of Trade,0.1,High,Completed,6.4,2.82,Fragile Stabilisation
RSP-00640,2025-10-01,Sri Lanka,Freight Corridor Agreement,Emergency Management Agency,0.1,Medium,In Progress,3.9,2.47,Fragile Stabilisation
RSP-00641,2025-10-01,Sri Lanka,Cyber Defense for Energy Grid,Central Bank,0.1,Low,In Progress,6.6,3.03,Fragile Stabilisation
RSP-00642,2025-10-01,Sri Lanka,Alternative Supplier Agreement,National Oil Company,0.1,Critical,In Progress,3.9,2.56,Fragile Stabilisation
RSP-00643,2025-10-01,Sri Lanka,Port Security Enhancement,Ministry of Defense,0.1,High,Delayed,6.3,3.29,Fragile Stabilisation
RSP-00644,2025-10-01,Sri Lanka,Cyber Defense for Energy Grid,Ministry of Defense,0.1,Low,In Progress,4.2,2.84,Fragile Stabilisation
RSP-00645,2025-10-01,Sri Lanka,Maritime Insurance Fund,National Oil Company,0.1,Medium,Delayed,5.9,2.34,Fragile Stabilisation
RSP-00646,2025-10-01,Sri Lanka,Fuel Subsidy Increase,Central Bank,0.1,Low,Delayed,3.6,2.79,Fragile Stabilisation
RSP-00647,2025-10-01,Sri Lanka,Maritime Insurance Fund,Central Bank,0.1,Low,In Progress,7.8,2.9,Fragile Stabilisation
RSP-00648,2025-10-01,Myanmar,Renewable Energy Fast-Track,Ministry of Defense,0.1,High,Announced,5.4,0.84,Fragile Stabilisation
RSP-00649,2025-10-01,Myanmar,Alternative Supplier Agreement,Ministry of Defense,0.1,Medium,In Progress,6.4,0.95,Fragile Stabilisation
RSP-00650,2025-10-01,Cambodia,Renewable Energy Fast-Track,Ministry of Defense,0.1,Low,Completed,8.6,1.48,Fragile Stabilisation
RSP-00651,2025-10-01,Laos,LNG Terminal Fast-Track,National Oil Company,0.1,Medium,In Progress,6.9,0.25,Fragile Stabilisation
RSP-00652,2025-10-01,Mongolia,Strategic Fuel Stockpile Mandate,Maritime Authority,0.1,Critical,Delayed,4.2,0.13,Fragile Stabilisation
RSP-00653,2025-11-01,China,Cyber Defense for Energy Grid,Emergency Management Agency,9.0,High,Announced,5.1,1.46,Fragile Stabilisation
RSP-00654,2025-11-01,India,Freight Corridor Agreement,Ministry of Energy,2.9,Critical,In Progress,6.5,1.96,Fragile Stabilisation
RSP-00655,2025-11-01,India,Fuel Subsidy Increase,Ministry of Defense,2.7,High,In Progress,3.2,1.78,Fragile Stabilisation
RSP-00656,2025-11-01,India,LNG Terminal Fast-Track,Central Bank,2.9,High,Completed,5.8,1.52,Fragile Stabilisation
RSP-00657,2025-11-01,Japan,Renewable Energy Fast-Track,National Oil Company,4.5,Low,Completed,5.8,2.42,Fragile Stabilisation
RSP-00658,2025-11-01,Japan,Freight Corridor Agreement,Central Bank,3.6,Low,Delayed,7.7,2.7,Fragile Stabilisation
RSP-00659,2025-11-01,Japan,Alternative Supplier Agreement,Maritime Authority,1.5,High,Completed,6.4,2.28,Fragile Stabilisation
RSP-00660,2025-11-01,Japan,Renewable Energy Fast-Track,National Oil Company,2.3,Critical,Delayed,6.2,3.06,Fragile Stabilisation
RSP-00661,2025-11-01,South Korea,Strategic Fuel Stockpile Mandate,Ministry of Trade,0.7,Critical,Completed,5.2,1.7,Fragile Stabilisation
RSP-00662,2025-11-01,South Korea,Strategic Fuel Stockpile Mandate,Ministry of Defense,0.9,High,Completed,5.4,2.26,Fragile Stabilisation
RSP-00663,2025-11-01,South Korea,Maritime Insurance Fund,National Oil Company,1.1,Medium,In Progress,3.1,1.97,Fragile Stabilisation
RSP-00664,2025-11-01,South Korea,Emergency Energy Import Deal,National Oil Company,1.2,Critical,In Progress,4.1,2.2,Fragile Stabilisation
RSP-00665,2025-11-01,Australia,Naval Escort Deployment,Emergency Management Agency,0.2,Critical,In Progress,6.3,0.55,Fragile Stabilisation
RSP-00666,2025-11-01,Australia,SPR Release,Emergency Management Agency,0.2,Low,In Progress,4.6,0.34,Fragile Stabilisation
RSP-00667,2025-11-01,Indonesia,Cyber Defense for Energy Grid,Ministry of Energy,0.3,High,Completed,3.7,0.51,Fragile Stabilisation
RSP-00668,2025-11-01,Thailand,Fuel Subsidy Increase,Ministry of Defense,0.3,Critical,Announced,7.2,1.68,Fragile Stabilisation
RSP-00669,2025-11-01,Thailand,Refinery Capacity Expansion,Emergency Management Agency,0.2,High,In Progress,6.2,1.7,Fragile Stabilisation
RSP-00670,2025-11-01,Thailand,Cyber Defense for Energy Grid,National Oil Company,0.2,Low,In Progress,6.4,1.42,Fragile Stabilisation
RSP-00671,2025-11-01,Thailand,Alternative Supplier Agreement,Central Bank,0.4,High,Completed,5.4,1.32,Fragile Stabilisation
RSP-00672,2025-11-01,Thailand,Fuel Subsidy Increase,National Oil Company,0.4,Critical,Completed,8.1,1.58,Fragile Stabilisation
RSP-00673,2025-11-01,Vietnam,Cyber Defense for Energy Grid,Emergency Management Agency,0.1,Critical,Announced,6.4,0.6,Fragile Stabilisation
RSP-00674,2025-11-01,Philippines,Refinery Capacity Expansion,Emergency Management Agency,0.3,Medium,In Progress,6.7,2.13,Fragile Stabilisation
RSP-00675,2025-11-01,Philippines,Emergency Energy Import Deal,Ministry of Energy,0.2,Medium,Completed,3.8,1.8,Fragile Stabilisation
RSP-00676,2025-11-01,Philippines,Bilateral Defense Pact,Maritime Authority,0.3,Medium,Completed,6.1,1.67,Fragile Stabilisation
RSP-00677,2025-11-01,Malaysia,Freight Corridor Agreement,Central Bank,0.1,Low,Completed,6.1,0.31,Fragile Stabilisation
RSP-00678,2025-11-01,Pakistan,Bilateral Defense Pact,Ministry of Finance,0.1,High,Delayed,3.9,1.96,Fragile Stabilisation
RSP-00679,2025-11-01,Pakistan,Renewable Energy Fast-Track,Ministry of Energy,0.2,High,Announced,5.7,2.79,Fragile Stabilisation
RSP-00680,2025-11-01,Pakistan,Bilateral Defense Pact,Ministry of Energy,0.4,Low,In Progress,6.8,2.02,Fragile Stabilisation
RSP-00681,2025-11-01,Pakistan,Bilateral Defense Pact,Ministry of Defense,0.5,Critical,Announced,3.7,2.2,Fragile Stabilisation
RSP-00682,2025-11-01,Pakistan,Port Security Enhancement,Ministry of Trade,0.3,High,Announced,7.8,2.61,Fragile Stabilisation
RSP-00683,2025-11-01,Bangladesh,Fuel Subsidy Increase,Maritime Authority,0.2,High,Completed,6.4,1.15,Fragile Stabilisation
RSP-00684,2025-11-01,Bangladesh,Renewable Energy Fast-Track,Ministry of Finance,0.1,High,Delayed,6.4,1.54,Fragile Stabilisation
RSP-00685,2025-11-01,Taiwan,Maritime Insurance Fund,Ministry of Finance,0.4,High,In Progress,7.3,2.78,Fragile Stabilisation
RSP-00686,2025-11-01,Taiwan,Refinery Capacity Expansion,Ministry of Trade,0.6,Critical,Announced,6.4,2.09,Fragile Stabilisation
RSP-00687,2025-11-01,Taiwan,Bilateral Defense Pact,Ministry of Finance,0.8,High,Announced,6.9,2.11,Fragile Stabilisation
RSP-00688,2025-11-01,Taiwan,Fuel Subsidy Increase,Ministry of Defense,0.7,High,Announced,6.9,2.4,Fragile Stabilisation
RSP-00689,2025-11-01,Taiwan,Bilateral Defense Pact,National Oil Company,0.7,Medium,Announced,7.0,1.93,Fragile Stabilisation
RSP-00690,2025-11-01,Singapore,Naval Escort Deployment,Ministry of Defense,0.1,High,In Progress,6.9,2.71,Fragile Stabilisation
RSP-00691,2025-11-01,Singapore,Emergency Energy Import Deal,Ministry of Defense,0.6,High,In Progress,4.8,2.72,Fragile Stabilisation
RSP-00692,2025-11-01,Singapore,LNG Terminal Fast-Track,Ministry of Defense,0.3,Critical,In Progress,3.8,1.93,Fragile Stabilisation
RSP-00693,2025-11-01,Singapore,Maritime Insurance Fund,Ministry of Finance,0.6,Medium,In Progress,5.7,2.86,Fragile Stabilisation
RSP-00694,2025-11-01,Singapore,LNG Terminal Fast-Track,Maritime Authority,0.4,High,Announced,4.7,2.1,Fragile Stabilisation
RSP-00695,2025-11-01,New Zealand,SPR Release,Ministry of Finance,0.1,Medium,Announced,2.8,0.63,Fragile Stabilisation
RSP-00696,2025-11-01,New Zealand,Port Security Enhancement,Maritime Authority,0.1,Low,In Progress,4.7,1.03,Fragile Stabilisation
RSP-00697,2025-11-01,Sri Lanka,Port Security Enhancement,Emergency Management Agency,0.1,Critical,In Progress,6.0,2.6,Fragile Stabilisation
RSP-00698,2025-11-01,Sri Lanka,Cyber Defense for Energy Grid,Ministry of Trade,0.1,High,Announced,7.5,3.13,Fragile Stabilisation
RSP-00699,2025-11-01,Myanmar,Cyber Defense for Energy Grid,Ministry of Energy,0.1,Medium,Completed,5.1,0.99,Fragile Stabilisation
RSP-00700,2025-11-01,Cambodia,Bilateral Defense Pact,Emergency Management Agency,0.1,High,In Progress,3.8,1.11,Fragile Stabilisation
RSP-00701,2025-11-01,Cambodia,SPR Release,Ministry of Defense,0.1,Medium,In Progress,6.0,1.08,Fragile Stabilisation
RSP-00702,2025-11-01,Laos,Refinery Capacity Expansion,Ministry of Trade,0.1,Low,In Progress,7.6,0.31,Fragile Stabilisation
RSP-00703,2025-11-01,Mongolia,SPR Release,Ministry of Energy,0.1,Low,Delayed,3.3,0.16,Fragile Stabilisation
RSP-00704,2025-12-01,China,Strategic Fuel Stockpile Mandate,Ministry of Defense,5.5,Medium,Announced,6.2,1.16,Fragile Stabilisation
RSP-00705,2025-12-01,China,Bilateral Defense Pact,Ministry of Defense,8.9,Medium,Delayed,7.0,1.12,Fragile Stabilisation
RSP-00706,2025-12-01,India,Renewable Energy Fast-Track,Ministry of Energy,3.8,Low,Announced,7.2,1.7,Fragile Stabilisation
RSP-00707,2025-12-01,Japan,SPR Release,Central Bank,3.3,Critical,Announced,8.1,3.06,Fragile Stabilisation
RSP-00708,2025-12-01,Japan,Fuel Subsidy Increase,National Oil Company,3.5,High,Announced,6.7,2.83,Fragile Stabilisation
RSP-00709,2025-12-01,Japan,Renewable Energy Fast-Track,Ministry of Defense,2.9,Medium,Announced,5.7,3.11,Fragile Stabilisation
RSP-00710,2025-12-01,Japan,Port Security Enhancement,Ministry of Defense,2.5,Critical,In Progress,5.2,2.63,Fragile Stabilisation
RSP-00711,2025-12-01,Japan,Alternative Supplier Agreement,Ministry of Finance,3.4,Medium,Delayed,5.8,2.19,Fragile Stabilisation
RSP-00712,2025-12-01,Japan,LNG Terminal Fast-Track,Ministry of Defense,3.9,High,In Progress,8.0,3.05,Fragile Stabilisation
RSP-00713,2025-12-01,Japan,Bilateral Defense Pact,National Oil Company,2.1,Low,In Progress,6.5,3.04,Fragile Stabilisation
RSP-00714,2025-12-01,Japan,Freight Corridor Agreement,Ministry of Finance,4.0,Critical,In Progress,5.5,2.4,Fragile Stabilisation
RSP-00715,2025-12-01,South Korea,Bilateral Defense Pact,National Oil Company,1.9,Low,Delayed,6.9,2.53,Fragile Stabilisation
RSP-00716,2025-12-01,South Korea,Freight Corridor Agreement,Ministry of Energy,2.0,Medium,In Progress,8.7,2.37,Fragile Stabilisation
RSP-00717,2025-12-01,South Korea,Maritime Insurance Fund,Central Bank,1.8,High,Announced,4.7,1.9,Fragile Stabilisation
RSP-00718,2025-12-01,Australia,Cyber Defense for Energy Grid,Ministry of Energy,0.2,Medium,Announced,8.9,0.39,Fragile Stabilisation
RSP-00719,2025-12-01,Indonesia,Renewable Energy Fast-Track,Ministry of Energy,0.3,High,In Progress,2.5,0.42,Fragile Stabilisation
RSP-00720,2025-12-01,Thailand,Strategic Fuel Stockpile Mandate,National Oil Company,0.3,High,Announced,5.2,1.51,Fragile Stabilisation
RSP-00721,2025-12-01,Thailand,Cyber Defense for Energy Grid,Ministry of Energy,0.2,Medium,Completed,3.8,1.35,Fragile Stabilisation
RSP-00722,2025-12-01,Thailand,Port Security Enhancement,Central Bank,0.4,Medium,Completed,7.4,1.45,Fragile Stabilisation
RSP-00723,2025-12-01,Vietnam,Alternative Supplier Agreement,Ministry of Defense,0.1,High,In Progress,4.6,0.64,Fragile Stabilisation
RSP-00724,2025-12-01,Philippines,Maritime Insurance Fund,Ministry of Trade,0.4,Medium,Delayed,3.1,2.0,Fragile Stabilisation
RSP-00725,2025-12-01,Philippines,Alternative Supplier Agreement,Maritime Authority,0.3,High,In Progress,5.1,1.56,Fragile Stabilisation
RSP-00726,2025-12-01,Philippines,Emergency Energy Import Deal,Ministry of Energy,0.2,High,Completed,6.4,1.97,Fragile Stabilisation
RSP-00727,2025-12-01,Philippines,Bilateral Defense Pact,Ministry of Finance,0.1,High,Announced,6.6,2.19,Fragile Stabilisation
RSP-00728,2025-12-01,Philippines,Renewable Energy Fast-Track,Central Bank,0.2,High,Announced,6.1,1.8,Fragile Stabilisation
RSP-00729,2025-12-01,Philippines,Freight Corridor Agreement,National Oil Company,0.3,High,Completed,4.9,2.01,Fragile Stabilisation
RSP-00730,2025-12-01,Philippines,LNG Terminal Fast-Track,Ministry of Trade,0.2,High,Delayed,4.2,1.63,Fragile Stabilisation
RSP-00731,2025-12-01,Malaysia,SPR Release,Maritime Authority,0.1,High,Completed,5.9,0.37,Fragile Stabilisation
RSP-00732,2025-12-01,Malaysia,Freight Corridor Agreement,National Oil Company,0.1,High,Delayed,3.8,0.27,Fragile Stabilisation
RSP-00733,2025-12-01,Pakistan,Fuel Subsidy Increase,National Oil Company,0.2,Critical,Announced,5.6,2.0,Fragile Stabilisation
RSP-00734,2025-12-01,Pakistan,Strategic Fuel Stockpile Mandate,Ministry of Defense,0.4,Critical,In Progress,5.5,2.56,Fragile Stabilisation
RSP-00735,2025-12-01,Pakistan,Refinery Capacity Expansion,Central Bank,0.2,Medium,Completed,5.3,2.49,Fragile Stabilisation
RSP-00736,2025-12-01,Bangladesh,Alternative Supplier Agreement,Central Bank,0.1,High,Announced,6.8,1.49,Fragile Stabilisation
RSP-00737,2025-12-01,Taiwan,Refinery Capacity Expansion,Ministry of Energy,0.8,Medium,In Progress,5.5,2.87,Fragile Stabilisation
RSP-00738,2025-12-01,Taiwan,Naval Escort Deployment,Emergency Management Agency,0.9,High,Completed,6.5,2.77,Fragile Stabilisation
RSP-00739,2025-12-01,Singapore,SPR Release,Ministry of Trade,0.6,High,Completed,7.0,2.25,Fragile Stabilisation
RSP-00740,2025-12-01,Singapore,Emergency Energy Import Deal,Ministry of Trade,0.3,Critical,In Progress,5.4,2.0,Fragile Stabilisation
RSP-00741,2025-12-01,Singapore,Fuel Subsidy Increase,Ministry of Finance,0.4,High,In Progress,6.8,2.15,Fragile Stabilisation
RSP-00742,2025-12-01,Singapore,Coal-to-Gas Switching Ban,National Oil Company,0.5,Critical,Announced,7.6,1.92,Fragile Stabilisation
RSP-00743,2025-12-01,New Zealand,Freight Corridor Agreement,Central Bank,0.1,High,Announced,5.6,0.99,Fragile Stabilisation
RSP-00744,2025-12-01,New Zealand,Emergency Energy Import Deal,National Oil Company,0.1,Medium,Completed,4.9,0.87,Fragile Stabilisation
RSP-00745,2025-12-01,New Zealand,Naval Escort Deployment,National Oil Company,0.1,High,Announced,2.5,0.94,Fragile Stabilisation
RSP-00746,2025-12-01,Sri Lanka,Refinery Capacity Expansion,Central Bank,0.1,Critical,Delayed,5.1,2.38,Fragile Stabilisation
RSP-00747,2025-12-01,Sri Lanka,Emergency Energy Import Deal,Ministry of Finance,0.1,Medium,In Progress,8.4,3.07,Fragile Stabilisation
RSP-00748,2025-12-01,Myanmar,Coal-to-Gas Switching Ban,National Oil Company,0.1,Medium,In Progress,7.7,1.03,Fragile Stabilisation
RSP-00749,2025-12-01,Myanmar,Freight Corridor Agreement,Maritime Authority,0.1,Critical,Completed,9.1,0.84,Fragile Stabilisation
RSP-00750,2025-12-01,Cambodia,LNG Terminal Fast-Track,Ministry of Defense,0.1,Critical,In Progress,3.6,1.05,Fragile Stabilisation
RSP-00751,2025-12-01,Cambodia,Alternative Supplier Agreement,Ministry of Defense,0.1,Medium,In Progress,4.8,1.21,Fragile Stabilisation
RSP-00752,2025-12-01,Cambodia,Naval Escort Deployment,Central Bank,0.1,Medium,Announced,4.0,0.95,Fragile Stabilisation
RSP-00753,2025-12-01,Cambodia,Coal-to-Gas Switching Ban,Maritime Authority,0.1,Medium,Delayed,4.0,1.45,Fragile Stabilisation
RSP-00754,2025-12-01,Laos,Bilateral Defense Pact,Ministry of Defense,0.1,High,Announced,6.9,0.29,Fragile Stabilisation
RSP-00755,2025-12-01,Mongolia,Fuel Subsidy Increase,Ministry of Trade,0.1,High,Delayed,9.1,0.14,Fragile Stabilisation
RSP-00756,2026-01-01,China,Fuel Subsidy Increase,Central Bank,9.2,Medium,Completed,7.0,0.64,Ongoing Uncertainty
RSP-00757,2026-01-01,China,Strategic Fuel Stockpile Mandate,Ministry of Energy,4.0,High,Announced,6.2,0.5,Ongoing Uncertainty
RSP-00758,2026-01-01,India,Naval Escort Deployment,Ministry of Defense,2.9,High,In Progress,5.5,0.98,Ongoing Uncertainty
RSP-00759,2026-01-01,India,Cyber Defense for Energy Grid,Ministry of Trade,2.8,Low,Completed,4.1,0.97,Ongoing Uncertainty
RSP-00760,2026-01-01,India,Bilateral Defense Pact,Ministry of Finance,1.1,Medium,Completed,6.5,0.97,Ongoing Uncertainty
RSP-00761,2026-01-01,India,Bilateral Defense Pact,Ministry of Defense,1.5,Low,In Progress,8.1,0.76,Ongoing Uncertainty
RSP-00762,2026-01-01,Japan,Freight Corridor Agreement,Ministry of Trade,1.8,Medium,Completed,5.1,1.14,Ongoing Uncertainty
RSP-00763,2026-01-01,Japan,Emergency Energy Import Deal,Maritime Authority,1.5,Low,Delayed,3.1,1.54,Ongoing Uncertainty
RSP-00764,2026-01-01,Japan,Freight Corridor Agreement,Emergency Management Agency,4.0,Medium,In Progress,6.6,1.62,Ongoing Uncertainty
RSP-00765,2026-01-01,South Korea,Coal-to-Gas Switching Ban,Ministry of Defense,0.7,Medium,In Progress,6.8,1.1,Ongoing Uncertainty
RSP-00766,2026-01-01,South Korea,Strategic Fuel Stockpile Mandate,Ministry of Energy,0.8,Medium,Completed,4.4,0.82,Ongoing Uncertainty
RSP-00767,2026-01-01,Australia,Freight Corridor Agreement,Ministry of Defense,0.1,Medium,Announced,4.5,0.25,Ongoing Uncertainty
RSP-00768,2026-01-01,Indonesia,Fuel Subsidy Increase,Ministry of Defense,0.1,Medium,In Progress,6.5,0.25,Ongoing Uncertainty
RSP-00769,2026-01-01,Thailand,Naval Escort Deployment,Ministry of Finance,0.1,Critical,In Progress,8.6,0.66,Ongoing Uncertainty
RSP-00770,2026-01-01,Thailand,SPR Release,Maritime Authority,0.3,High,Completed,5.9,0.84,Ongoing Uncertainty
RSP-00771,2026-01-01,Thailand,Freight Corridor Agreement,Ministry of Finance,0.3,Low,In Progress,6.3,0.74,Ongoing Uncertainty
RSP-00772,2026-01-01,Vietnam,Port Security Enhancement,Ministry of Trade,0.1,Medium,Announced,5.2,0.35,Ongoing Uncertainty
RSP-00773,2026-01-01,Philippines,Renewable Energy Fast-Track,Ministry of Energy,0.2,High,Completed,7.1,0.96,Ongoing Uncertainty
RSP-00774,2026-01-01,Philippines,Renewable Energy Fast-Track,National Oil Company,0.2,Low,In Progress,6.2,0.92,Ongoing Uncertainty
RSP-00775,2026-01-01,Philippines,SPR Release,Central Bank,0.2,Low,Announced,6.0,0.94,Ongoing Uncertainty
RSP-00776,2026-01-01,Malaysia,Maritime Insurance Fund,Ministry of Trade,0.1,Low,In Progress,5.7,0.18,Ongoing Uncertainty
RSP-00777,2026-01-01,Pakistan,Renewable Energy Fast-Track,Central Bank,0.1,Medium,Completed,4.0,0.86,Ongoing Uncertainty
RSP-00778,2026-01-01,Pakistan,Naval Escort Deployment,Central Bank,0.2,Medium,In Progress,7.2,1.17,Ongoing Uncertainty
RSP-00779,2026-01-01,Bangladesh,SPR Release,Ministry of Energy,0.2,Critical,Announced,6.2,0.74,Ongoing Uncertainty
RSP-00780,2026-01-01,Bangladesh,Bilateral Defense Pact,Ministry of Trade,0.1,Low,Delayed,7.8,0.68,Ongoing Uncertainty
RSP-00781,2026-01-01,Bangladesh,Port Security Enhancement,Central Bank,0.2,Low,In Progress,4.8,0.65,Ongoing Uncertainty
RSP-00782,2026-01-01,Bangladesh,Port Security Enhancement,Ministry of Energy,0.2,High,Completed,3.6,0.59,Ongoing Uncertainty
RSP-00783,2026-01-01,Taiwan,Bilateral Defense Pact,Central Bank,0.7,Low,Completed,4.5,1.03,Ongoing Uncertainty
RSP-00784,2026-01-01,Taiwan,Maritime Insurance Fund,Emergency Management Agency,0.8,Low,In Progress,7.1,1.45,Ongoing Uncertainty
RSP-00785,2026-01-01,Taiwan,Port Security Enhancement,Ministry of Energy,0.6,Low,Announced,7.6,1.08,Ongoing Uncertainty
RSP-00786,2026-01-01,Taiwan,Bilateral Defense Pact,Ministry of Energy,0.3,High,In Progress,6.1,1.19,Ongoing Uncertainty
RSP-00787,2026-01-01,Taiwan,Maritime Insurance Fund,National Oil Company,0.4,Low,Completed,4.5,1.25,Ongoing Uncertainty
RSP-00788,2026-01-01,Singapore,LNG Terminal Fast-Track,National Oil Company,0.3,Low,Delayed,4.2,1.41,Ongoing Uncertainty
RSP-00789,2026-01-01,Singapore,Port Security Enhancement,Emergency Management Agency,0.2,Low,In Progress,2.7,1.43,Ongoing Uncertainty
RSP-00790,2026-01-01,New Zealand,SPR Release,Maritime Authority,0.1,Low,In Progress,6.3,0.33,Ongoing Uncertainty
RSP-00791,2026-01-01,Sri Lanka,Strategic Fuel Stockpile Mandate,Maritime Authority,0.1,Medium,Completed,5.4,1.25,Ongoing Uncertainty
RSP-00792,2026-01-01,Sri Lanka,Maritime Insurance Fund,Central Bank,0.1,Critical,In Progress,7.5,1.54,Ongoing Uncertainty
RSP-00793,2026-01-01,Myanmar,Coal-to-Gas Switching Ban,National Oil Company,0.1,High,Announced,7.5,0.47,Ongoing Uncertainty
RSP-00794,2026-01-01,Cambodia,SPR Release,Emergency Management Agency,0.1,Medium,In Progress,6.7,0.66,Ongoing Uncertainty
RSP-00795,2026-01-01,Laos,Maritime Insurance Fund,Ministry of Finance,0.1,Medium,In Progress,4.4,0.12,Ongoing Uncertainty
RSP-00796,2026-01-01,Mongolia,LNG Terminal Fast-Track,Ministry of Trade,0.1,Low,Announced,4.1,0.08,Ongoing Uncertainty
RSP-00797,2026-02-01,China,Bilateral Defense Pact,Maritime Authority,8.8,Medium,Delayed,4.6,0.52,Ongoing Uncertainty
RSP-00798,2026-02-01,India,Maritime Insurance Fund,Ministry of Defense,2.4,Medium,In Progress,6.5,1.15,Ongoing Uncertainty
RSP-00799,2026-02-01,India,Fuel Subsidy Increase,Ministry of Defense,0.9,Low,Completed,3.1,1.15,Ongoing Uncertainty
RSP-00800,2026-02-01,India,Fuel Subsidy Increase,Central Bank,1.1,Low,Announced,5.4,1.04,Ongoing Uncertainty
RSP-00801,2026-02-01,Japan,Cyber Defense for Energy Grid,Emergency Management Agency,3.5,Medium,In Progress,3.0,1.37,Ongoing Uncertainty
RSP-00802,2026-02-01,Japan,Port Security Enhancement,Central Bank,1.5,High,In Progress,4.8,1.16,Ongoing Uncertainty
RSP-00803,2026-02-01,South Korea,Naval Escort Deployment,Ministry of Trade,1.5,Low,Announced,9.5,1.05,Ongoing Uncertainty
RSP-00804,2026-02-01,South Korea,Strategic Fuel Stockpile Mandate,Maritime Authority,0.9,High,Delayed,6.4,1.27,Ongoing Uncertainty
RSP-00805,2026-02-01,Australia,Cyber Defense for Energy Grid,Ministry of Defense,0.3,High,Announced,4.5,0.17,Ongoing Uncertainty
RSP-00806,2026-02-01,Indonesia,Bilateral Defense Pact,Ministry of Energy,0.3,High,In Progress,7.0,0.24,Ongoing Uncertainty
RSP-00807,2026-02-01,Indonesia,Bilateral Defense Pact,Ministry of Trade,0.2,Low,Completed,6.1,0.28,Ongoing Uncertainty
RSP-00808,2026-02-01,Thailand,Maritime Insurance Fund,Ministry of Defense,0.2,Critical,Completed,6.3,0.75,Ongoing Uncertainty
RSP-00809,2026-02-01,Vietnam,Refinery Capacity Expansion,Ministry of Energy,0.1,High,Completed,5.7,0.41,Ongoing Uncertainty
RSP-00810,2026-02-01,Vietnam,SPR Release,Maritime Authority,0.1,Medium,Announced,7.2,0.31,Ongoing Uncertainty
RSP-00811,2026-02-01,Philippines,Strategic Fuel Stockpile Mandate,Central Bank,0.2,Low,Announced,6.0,1.06,Ongoing Uncertainty
RSP-00812,2026-02-01,Philippines,Maritime Insurance Fund,Maritime Authority,0.3,Low,Completed,8.0,1.09,Ongoing Uncertainty
RSP-00813,2026-02-01,Malaysia,Maritime Insurance Fund,Central Bank,0.1,Low,In Progress,8.4,0.14,Ongoing Uncertainty
RSP-00814,2026-02-01,Pakistan,Bilateral Defense Pact,Maritime Authority,0.1,Medium,In Progress,6.3,0.98,Ongoing Uncertainty
RSP-00815,2026-02-01,Pakistan,Freight Corridor Agreement,Ministry of Defense,0.3,Medium,Completed,9.0,1.32,Ongoing Uncertainty
RSP-00816,2026-02-01,Pakistan,Port Security Enhancement,Ministry of Finance,0.1,Low,Announced,5.7,1.17,Ongoing Uncertainty
RSP-00817,2026-02-01,Bangladesh,Refinery Capacity Expansion,Emergency Management Agency,0.2,Medium,In Progress,9.5,0.56,Ongoing Uncertainty
RSP-00818,2026-02-01,Taiwan,Renewable Energy Fast-Track,Ministry of Trade,0.3,Medium,Delayed,7.8,1.45,Ongoing Uncertainty
RSP-00819,2026-02-01,Taiwan,Alternative Supplier Agreement,Ministry of Trade,0.3,Low,Announced,3.8,1.4,Ongoing Uncertainty
RSP-00820,2026-02-01,Taiwan,Cyber Defense for Energy Grid,Maritime Authority,0.8,Medium,Announced,3.1,1.07,Ongoing Uncertainty
RSP-00821,2026-02-01,Taiwan,Maritime Insurance Fund,Ministry of Trade,0.9,Medium,Completed,8.3,0.98,Ongoing Uncertainty
RSP-00822,2026-02-01,Singapore,Fuel Subsidy Increase,Maritime Authority,0.2,Low,Announced,7.1,1.22,Ongoing Uncertainty
RSP-00823,2026-02-01,Singapore,Strategic Fuel Stockpile Mandate,Ministry of Finance,0.1,Medium,Completed,7.4,1.32,Ongoing Uncertainty
RSP-00824,2026-02-01,Singapore,Renewable Energy Fast-Track,Ministry of Defense,0.4,Medium,In Progress,5.1,1.03,Ongoing Uncertainty
RSP-00825,2026-02-01,Singapore,Fuel Subsidy Increase,Ministry of Trade,0.4,Medium,Completed,4.3,1.13,Ongoing Uncertainty
RSP-00826,2026-02-01,Singapore,Coal-to-Gas Switching Ban,Ministry of Energy,0.3,Critical,In Progress,8.0,1.31,Ongoing Uncertainty
RSP-00827,2026-02-01,New Zealand,Bilateral Defense Pact,Ministry of Energy,0.1,Medium,Completed,6.4,0.5,Ongoing Uncertainty
RSP-00828,2026-02-01,Sri Lanka,Naval Escort Deployment,Ministry of Finance,0.1,Low,In Progress,3.6,1.13,Ongoing Uncertainty
RSP-00829,2026-02-01,Sri Lanka,Alternative Supplier Agreement,Ministry of Energy,0.1,Low,Announced,5.6,1.37,Ongoing Uncertainty
RSP-00830,2026-02-01,Sri Lanka,Maritime Insurance Fund,Ministry of Energy,0.1,Medium,Delayed,4.8,1.33,Ongoing Uncertainty
RSP-00831,2026-02-01,Myanmar,Renewable Energy Fast-Track,Maritime Authority,0.1,High,Delayed,6.0,0.62,Ongoing Uncertainty
RSP-00832,2026-02-01,Cambodia,Fuel Subsidy Increase,National Oil Company,0.1,Low,Completed,4.2,0.46,Ongoing Uncertainty
RSP-00833,2026-02-01,Cambodia,Bilateral Defense Pact,Ministry of Trade,0.1,Medium,Completed,6.9,0.71,Ongoing Uncertainty
RSP-00834,2026-02-01,Laos,Emergency Energy Import Deal,Ministry of Trade,0.1,Low,Completed,7.1,0.13,Ongoing Uncertainty
RSP-00835,2026-02-01,Mongolia,Alternative Supplier Agreement,Ministry of Trade,0.1,High,Delayed,5.8,0.09,Ongoing Uncertainty
RSP-00836,2026-03-01,China,SPR Release,National Oil Company,6.4,Medium,Delayed,6.4,0.79,Ongoing Uncertainty
RSP-00837,2026-03-01,India,Strategic Fuel Stockpile Mandate,Central Bank,1.5,Medium,Delayed,3.0,0.89,Ongoing Uncertainty
RSP-00838,2026-03-01,India,Emergency Energy Import Deal,National Oil Company,1.0,Low,In Progress,4.8,1.05,Ongoing Uncertainty
RSP-00839,2026-03-01,India,SPR Release,Ministry of Energy,2.1,Low,Announced,6.0,1.03,Ongoing Uncertainty
RSP-00840,2026-03-01,Japan,Maritime Insurance Fund,Ministry of Trade,1.5,High,Delayed,4.6,1.17,Ongoing Uncertainty
RSP-00841,2026-03-01,Japan,Renewable Energy Fast-Track,Ministry of Finance,2.4,High,Completed,6.0,1.16,Ongoing Uncertainty
RSP-00842,2026-03-01,Japan,Fuel Subsidy Increase,Central Bank,2.8,Medium,Completed,3.6,1.4,Ongoing Uncertainty
RSP-00843,2026-03-01,Japan,Naval Escort Deployment,Ministry of Energy,4.8,Critical,In Progress,6.7,1.04,Ongoing Uncertainty
RSP-00844,2026-03-01,South Korea,Cyber Defense for Energy Grid,Ministry of Defense,1.0,High,Delayed,5.0,1.33,Ongoing Uncertainty
RSP-00845,2026-03-01,South Korea,Refinery Capacity Expansion,Emergency Management Agency,1.1,High,In Progress,6.1,0.82,Ongoing Uncertainty
RSP-00846,2026-03-01,South Korea,LNG Terminal Fast-Track,Emergency Management Agency,1.6,Low,Completed,10.0,1.03,Ongoing Uncertainty
RSP-00847,2026-03-01,Australia,Freight Corridor Agreement,Ministry of Energy,0.1,Low,In Progress,6.9,0.28,Ongoing Uncertainty
RSP-00848,2026-03-01,Indonesia,Refinery Capacity Expansion,Ministry of Trade,0.3,Medium,Announced,4.1,0.32,Ongoing Uncertainty
RSP-00849,2026-03-01,Thailand,Cyber Defense for Energy Grid,Emergency Management Agency,0.2,Medium,In Progress,6.6,0.65,Ongoing Uncertainty
RSP-00850,2026-03-01,Vietnam,Freight Corridor Agreement,Maritime Authority,0.1,Medium,In Progress,7.8,0.27,Ongoing Uncertainty
RSP-00851,2026-03-01,Philippines,Naval Escort Deployment,Ministry of Energy,0.1,Low,In Progress,6.2,0.9,Ongoing Uncertainty
RSP-00852,2026-03-01,Malaysia,Port Security Enhancement,Emergency Management Agency,0.1,Medium,In Progress,5.9,0.19,Ongoing Uncertainty
RSP-00853,2026-03-01,Pakistan,SPR Release,Maritime Authority,0.2,Low,Completed,5.3,0.88,Ongoing Uncertainty
RSP-00854,2026-03-01,Pakistan,Renewable Energy Fast-Track,National Oil Company,0.2,Low,Delayed,7.8,0.94,Ongoing Uncertainty
RSP-00855,2026-03-01,Pakistan,Fuel Subsidy Increase,Central Bank,0.2,Medium,Delayed,4.3,1.05,Ongoing Uncertainty
RSP-00856,2026-03-01,Bangladesh,Coal-to-Gas Switching Ban,Ministry of Trade,0.2,High,Delayed,5.0,0.66,Ongoing Uncertainty
RSP-00857,2026-03-01,Bangladesh,Renewable Energy Fast-Track,National Oil Company,0.1,Medium,Announced,7.3,0.6,Ongoing Uncertainty
RSP-00858,2026-03-01,Taiwan,Alternative Supplier Agreement,Ministry of Defense,0.5,Medium,Delayed,6.3,1.36,Ongoing Uncertainty
RSP-00859,2026-03-01,Taiwan,Refinery Capacity Expansion,Ministry of Defense,0.8,Low,Completed,7.2,1.3,Ongoing Uncertainty
RSP-00860,2026-03-01,Taiwan,Emergency Energy Import Deal,Emergency Management Agency,0.4,Medium,Completed,7.5,1.42,Ongoing Uncertainty
RSP-00861,2026-03-01,Taiwan,Refinery Capacity Expansion,Maritime Authority,0.2,Medium,Completed,5.0,1.08,Ongoing Uncertainty
RSP-00862,2026-03-01,Singapore,Naval Escort Deployment,Ministry of Finance,0.4,Low,Delayed,6.5,1.32,Ongoing Uncertainty
RSP-00863,2026-03-01,Singapore,Coal-to-Gas Switching Ban,Emergency Management Agency,0.2,Low,In Progress,7.7,1.27,Ongoing Uncertainty
RSP-00864,2026-03-01,Singapore,Renewable Energy Fast-Track,Ministry of Defense,0.2,Medium,Announced,4.9,0.91,Ongoing Uncertainty
RSP-00865,2026-03-01,Singapore,Bilateral Defense Pact,Central Bank,0.4,Low,In Progress,7.9,0.95,Ongoing Uncertainty
RSP-00866,2026-03-01,Singapore,Port Security Enhancement,Ministry of Defense,0.5,Medium,Announced,6.8,1.25,Ongoing Uncertainty
RSP-00867,2026-03-01,Singapore,Renewable Energy Fast-Track,Central Bank,0.4,Low,In Progress,6.5,1.2,Ongoing Uncertainty
RSP-00868,2026-03-01,Singapore,Bilateral Defense Pact,Ministry of Energy,0.5,Low,In Progress,6.4,1.48,Ongoing Uncertainty
RSP-00869,2026-03-01,Singapore,Bilateral Defense Pact,Central Bank,0.6,Medium,Announced,4.7,1.13,Ongoing Uncertainty
RSP-00870,2026-03-01,Singapore,Refinery Capacity Expansion,Ministry of Energy,0.2,Low,Completed,7.8,1.45,Ongoing Uncertainty
RSP-00871,2026-03-01,New Zealand,Fuel Subsidy Increase,Ministry of Trade,0.1,Medium,In Progress,5.8,0.38,Ongoing Uncertainty
RSP-00872,2026-03-01,Sri Lanka,Refinery Capacity Expansion,Ministry of Finance,0.1,High,Announced,4.6,1.13,Ongoing Uncertainty
RSP-00873,2026-03-01,Sri Lanka,Alternative Supplier Agreement,Maritime Authority,0.1,Low,Announced,5.9,1.59,Ongoing Uncertainty
RSP-00874,2026-03-01,Sri Lanka,Freight Corridor Agreement,Emergency Management Agency,0.1,Low,Delayed,6.0,1.53,Ongoing Uncertainty
RSP-00875,2026-03-01,Sri Lanka,Emergency Energy Import Deal,Ministry of Finance,0.1,Medium,In Progress,4.8,1.45,Ongoing Uncertainty
RSP-00876,2026-03-01,Sri Lanka,Emergency Energy Import Deal,Emergency Management Agency,0.1,High,Announced,8.3,1.39,Ongoing Uncertainty
RSP-00877,2026-03-01,Sri Lanka,Maritime Insurance Fund,National Oil Company,0.1,Medium,In Progress,7.8,1.56,Ongoing Uncertainty
RSP-00878,2026-03-01,Sri Lanka,Emergency Energy Import Deal,Ministry of Energy,0.1,Low,Completed,6.1,1.56,Ongoing Uncertainty
RSP-00879,2026-03-01,Sri Lanka,Maritime Insurance Fund,Maritime Authority,0.1,Low,Delayed,3.1,1.14,Ongoing Uncertainty
RSP-00880,2026-03-01,Myanmar,Strategic Fuel Stockpile Mandate,Ministry of Energy,0.1,Low,Announced,8.0,0.5,Ongoing Uncertainty
RSP-00881,2026-03-01,Myanmar,Port Security Enhancement,Maritime Authority,0.1,High,In Progress,4.9,0.4,Ongoing Uncertainty
RSP-00882,2026-03-01,Cambodia,Refinery Capacity Expansion,Ministry of Finance,0.1,Medium,Completed,5.0,0.49,Ongoing Uncertainty
RSP-00883,2026-03-01,Cambodia,Refinery Capacity Expansion,Ministry of Trade,0.1,High,Announced,8.0,0.47,Ongoing Uncertainty
RSP-00884,2026-03-01,Laos,Maritime Insurance Fund,Ministry of Defense,0.1,Medium,In Progress,6.7,0.11,Ongoing Uncertainty
RSP-00885,2026-03-01,Mongolia,Freight Corridor Agreement,Ministry of Defense,0.1,Medium,In Progress,7.6,0.09,Ongoing Uncertainty
