Date,Country,Sector,Supply_Chain_Disruption_Index,Estimated_GDP_Impact_MUSD,Avg_Delivery_Delay_Days,Input_Cost_Increase_Pct,Inventory_Stress_Score,Supplier_Diversification_Score,Conflict_Phase
2024-10-01,China,Energy,20.0,0.0,0.9,0.0,3.3,6.5,Initial Escalation
2024-10-01,China,Manufacturing,10.3,0.0,1.1,0.0,2.1,6.5,Initial Escalation
2024-10-01,China,Agriculture,7.5,0.0,1.1,0.0,1.1,6.5,Initial Escalation
2024-10-01,China,Pharmaceuticals,5.5,0.0,1.0,0.0,1.0,6.5,Initial Escalation
2024-10-01,China,Electronics,8.1,0.0,1.0,0.0,1.5,6.5,Initial Escalation
2024-10-01,China,Automotive,11.4,0.0,1.0,0.0,1.9,6.5,Initial Escalation
2024-10-01,China,Textiles,4.4,0.0,0.9,0.0,0.9,6.5,Initial Escalation
2024-10-01,China,Chemicals,13.2,0.0,1.1,0.0,2.3,6.5,Initial Escalation
2024-10-01,India,Energy,22.7,0.0,1.0,0.0,4.6,5.0,Initial Escalation
2024-10-01,India,Manufacturing,15.7,0.0,0.9,0.0,2.8,5.0,Initial Escalation
2024-10-01,India,Agriculture,9.6,0.0,1.1,0.0,1.6,5.0,Initial Escalation
2024-10-01,India,Pharmaceuticals,7.3,0.0,0.9,0.0,1.5,5.0,Initial Escalation
2024-10-01,India,Electronics,11.3,0.0,1.0,0.0,2.2,5.0,Initial Escalation
2024-10-01,India,Automotive,13.8,0.0,0.9,0.0,2.5,5.0,Initial Escalation
2024-10-01,India,Textiles,7.6,0.0,0.9,0.0,1.3,5.0,Initial Escalation
2024-10-01,India,Chemicals,19.9,0.0,1.0,0.0,3.5,5.0,Initial Escalation
2024-10-01,Japan,Energy,34.0,0.0,1.0,0.0,6.9,3.0,Initial Escalation
2024-10-01,Japan,Manufacturing,23.3,0.0,1.0,0.0,4.4,3.0,Initial Escalation
2024-10-01,Japan,Agriculture,14.0,0.0,1.1,0.0,2.5,3.0,Initial Escalation
2024-10-01,Japan,Pharmaceuticals,10.6,0.0,0.9,0.0,2.0,3.0,Initial Escalation
2024-10-01,Japan,Electronics,17.2,0.0,0.9,0.0,3.0,3.0,Initial Escalation
2024-10-01,Japan,Automotive,20.9,0.0,1.0,0.0,3.8,3.0,Initial Escalation
2024-10-01,Japan,Textiles,10.2,0.0,1.1,0.0,1.7,3.0,Initial Escalation
2024-10-01,Japan,Chemicals,24.7,0.0,1.0,0.0,4.2,3.0,Initial Escalation
2024-10-01,South Korea,Energy,28.2,0.0,1.0,0.0,5.4,4.2,Initial Escalation
2024-10-01,South Korea,Manufacturing,20.3,0.0,0.9,0.0,3.4,4.2,Initial Escalation
2024-10-01,South Korea,Agriculture,12.2,0.0,0.9,0.0,1.9,4.2,Initial Escalation
2024-10-01,South Korea,Pharmaceuticals,10.8,0.0,1.0,0.0,1.6,4.2,Initial Escalation
2024-10-01,South Korea,Electronics,14.4,0.0,1.1,0.0,2.7,4.2,Initial Escalation
2024-10-01,South Korea,Automotive,15.4,0.0,1.0,0.0,2.9,4.2,Initial Escalation
2024-10-01,South Korea,Textiles,7.0,0.0,0.9,0.0,1.4,4.2,Initial Escalation
2024-10-01,South Korea,Chemicals,21.3,0.0,1.1,0.0,4.0,4.2,Initial Escalation
2024-10-01,Australia,Energy,5.4,0.0,1.0,0.0,1.2,8.8,Initial Escalation
2024-10-01,Australia,Manufacturing,4.5,0.0,1.1,0.0,0.7,8.8,Initial Escalation
2024-10-01,Australia,Agriculture,2.4,0.0,0.9,0.0,0.4,8.8,Initial Escalation
2024-10-01,Australia,Pharmaceuticals,2.2,0.0,1.0,0.0,0.3,8.8,Initial Escalation
2024-10-01,Australia,Electronics,3.4,0.0,1.0,0.0,0.5,8.8,Initial Escalation
2024-10-01,Australia,Automotive,3.3,0.0,1.1,0.0,0.7,8.8,Initial Escalation
2024-10-01,Australia,Textiles,1.9,0.0,1.0,0.0,0.3,8.8,Initial Escalation
2024-10-01,Australia,Chemicals,4.0,0.0,1.1,0.0,0.8,8.8,Initial Escalation
2024-10-01,Indonesia,Energy,7.0,0.0,0.9,0.0,1.3,8.6,Initial Escalation
2024-10-01,Indonesia,Manufacturing,5.0,0.0,1.1,0.0,0.9,8.6,Initial Escalation
2024-10-01,Indonesia,Agriculture,2.6,0.0,1.1,0.0,0.5,8.6,Initial Escalation
2024-10-01,Indonesia,Pharmaceuticals,2.6,0.0,1.0,0.0,0.4,8.6,Initial Escalation
2024-10-01,Indonesia,Electronics,3.1,0.0,1.0,0.0,0.6,8.6,Initial Escalation
2024-10-01,Indonesia,Automotive,4.4,0.0,1.0,0.0,0.7,8.6,Initial Escalation
2024-10-01,Indonesia,Textiles,2.1,0.0,0.9,0.0,0.4,8.6,Initial Escalation
2024-10-01,Indonesia,Chemicals,4.9,0.0,0.9,0.0,1.0,8.6,Initial Escalation
2024-10-01,Thailand,Energy,24.2,0.0,1.1,0.0,4.3,5.6,Initial Escalation
2024-10-01,Thailand,Manufacturing,13.5,0.0,1.0,0.0,2.5,5.6,Initial Escalation
2024-10-01,Thailand,Agriculture,7.4,0.0,1.1,0.0,1.5,5.6,Initial Escalation
2024-10-01,Thailand,Pharmaceuticals,8.0,0.0,0.9,0.0,1.2,5.6,Initial Escalation
2024-10-01,Thailand,Electronics,11.2,0.0,1.1,0.0,2.1,5.6,Initial Escalation
2024-10-01,Thailand,Automotive,11.5,0.0,1.0,0.0,2.3,5.6,Initial Escalation
2024-10-01,Thailand,Textiles,6.4,0.0,1.1,0.0,1.0,5.6,Initial Escalation
2024-10-01,Thailand,Chemicals,14.8,0.0,1.0,0.0,2.6,5.6,Initial Escalation
2024-10-01,Vietnam,Energy,9.2,0.0,1.1,0.0,1.5,8.2,Initial Escalation
2024-10-01,Vietnam,Manufacturing,5.5,0.0,0.9,0.0,1.2,8.2,Initial Escalation
2024-10-01,Vietnam,Agriculture,2.9,0.0,1.1,0.0,0.6,8.2,Initial Escalation
2024-10-01,Vietnam,Pharmaceuticals,3.0,0.0,0.9,0.0,0.6,8.2,Initial Escalation
2024-10-01,Vietnam,Electronics,3.7,0.0,1.0,0.0,0.7,8.2,Initial Escalation
2024-10-01,Vietnam,Automotive,6.0,0.0,1.0,0.0,0.9,8.2,Initial Escalation
2024-10-01,Vietnam,Textiles,2.8,0.0,1.0,0.0,0.4,8.2,Initial Escalation
2024-10-01,Vietnam,Chemicals,7.1,0.0,1.1,0.0,1.1,8.2,Initial Escalation
2024-10-01,Philippines,Energy,24.9,0.0,1.0,0.0,4.7,5.2,Initial Escalation
2024-10-01,Philippines,Manufacturing,17.5,0.0,1.0,0.0,2.9,5.2,Initial Escalation
2024-10-01,Philippines,Agriculture,8.8,0.0,0.9,0.0,1.7,5.2,Initial Escalation
2024-10-01,Philippines,Pharmaceuticals,8.3,0.0,1.0,0.0,1.3,5.2,Initial Escalation
2024-10-01,Philippines,Electronics,13.3,0.0,0.9,0.0,2.3,5.2,Initial Escalation
2024-10-01,Philippines,Automotive,14.0,0.0,0.9,0.0,2.4,5.2,Initial Escalation
2024-10-01,Philippines,Textiles,7.5,0.0,1.1,0.0,1.3,5.2,Initial Escalation
2024-10-01,Philippines,Chemicals,19.0,0.0,1.1,0.0,3.2,5.2,Initial Escalation
2024-10-01,Malaysia,Energy,4.4,0.0,1.0,0.0,0.9,9.0,Initial Escalation
2024-10-01,Malaysia,Manufacturing,3.1,0.0,1.0,0.0,0.6,9.0,Initial Escalation
2024-10-01,Malaysia,Agriculture,1.6,0.0,1.0,0.0,0.3,9.0,Initial Escalation
2024-10-01,Malaysia,Pharmaceuticals,1.4,0.0,0.9,0.0,0.3,9.0,Initial Escalation
2024-10-01,Malaysia,Electronics,2.6,0.0,1.1,0.0,0.5,9.0,Initial Escalation
2024-10-01,Malaysia,Automotive,3.1,0.0,1.1,0.0,0.5,9.0,Initial Escalation
2024-10-01,Malaysia,Textiles,1.1,0.0,0.9,0.0,0.2,9.0,Initial Escalation
2024-10-01,Malaysia,Chemicals,3.3,0.0,1.1,0.0,0.6,9.0,Initial Escalation
2024-10-01,Pakistan,Energy,33.4,0.0,1.0,0.0,5.5,4.0,Initial Escalation
2024-10-01,Pakistan,Manufacturing,17.5,0.0,1.0,0.0,3.8,4.0,Initial Escalation
2024-10-01,Pakistan,Agriculture,13.3,0.0,0.9,0.0,2.1,4.0,Initial Escalation
2024-10-01,Pakistan,Pharmaceuticals,9.7,0.0,1.0,0.0,1.8,4.0,Initial Escalation
2024-10-01,Pakistan,Electronics,15.4,0.0,1.0,0.0,2.6,4.0,Initial Escalation
2024-10-01,Pakistan,Automotive,17.6,0.0,1.0,0.0,3.0,4.0,Initial Escalation
2024-10-01,Pakistan,Textiles,9.3,0.0,0.9,0.0,1.4,4.0,Initial Escalation
2024-10-01,Pakistan,Chemicals,23.2,0.0,1.0,0.0,3.6,4.0,Initial Escalation
2024-10-01,Bangladesh,Energy,15.5,0.0,1.0,0.0,2.8,6.6,Initial Escalation
2024-10-01,Bangladesh,Manufacturing,9.7,0.0,0.9,0.0,1.8,6.6,Initial Escalation
2024-10-01,Bangladesh,Agriculture,5.8,0.0,0.9,0.0,1.1,6.6,Initial Escalation
2024-10-01,Bangladesh,Pharmaceuticals,5.9,0.0,0.9,0.0,1.0,6.6,Initial Escalation
2024-10-01,Bangladesh,Electronics,8.2,0.0,1.1,0.0,1.5,6.6,Initial Escalation
2024-10-01,Bangladesh,Automotive,9.8,0.0,0.9,0.0,1.8,6.6,Initial Escalation
2024-10-01,Bangladesh,Textiles,4.3,0.0,1.0,0.0,0.9,6.6,Initial Escalation
2024-10-01,Bangladesh,Chemicals,12.0,0.0,0.9,0.0,2.3,6.6,Initial Escalation
2024-10-01,Taiwan,Energy,26.3,0.0,1.1,0.0,5.7,3.8,Initial Escalation
2024-10-01,Taiwan,Manufacturing,18.5,0.0,1.1,0.0,3.7,3.8,Initial Escalation
2024-10-01,Taiwan,Agriculture,12.3,0.0,1.1,0.0,2.3,3.8,Initial Escalation
2024-10-01,Taiwan,Pharmaceuticals,11.1,0.0,0.9,0.0,1.8,3.8,Initial Escalation
2024-10-01,Taiwan,Electronics,13.7,0.0,1.0,0.0,3.0,3.8,Initial Escalation
2024-10-01,Taiwan,Automotive,20.0,0.0,1.1,0.0,3.2,3.8,Initial Escalation
2024-10-01,Taiwan,Textiles,8.0,0.0,1.1,0.0,1.5,3.8,Initial Escalation
2024-10-01,Taiwan,Chemicals,23.4,0.0,1.0,0.0,4.3,3.8,Initial Escalation
2024-10-01,Singapore,Energy,27.9,0.0,0.9,0.0,6.2,3.6,Initial Escalation
2024-10-01,Singapore,Manufacturing,19.0,0.0,1.0,0.0,4.1,3.6,Initial Escalation
2024-10-01,Singapore,Agriculture,11.2,0.0,1.0,0.0,2.2,3.6,Initial Escalation
2024-10-01,Singapore,Pharmaceuticals,11.6,0.0,1.1,0.0,1.9,3.6,Initial Escalation
2024-10-01,Singapore,Electronics,14.9,0.0,1.0,0.0,2.6,3.6,Initial Escalation
2024-10-01,Singapore,Automotive,20.0,0.0,1.0,0.0,3.6,3.6,Initial Escalation
2024-10-01,Singapore,Textiles,9.4,0.0,0.9,0.0,1.7,3.6,Initial Escalation
2024-10-01,Singapore,Chemicals,21.0,0.0,1.0,0.0,4.4,3.6,Initial Escalation
2024-10-01,New Zealand,Energy,10.0,0.0,1.1,0.0,1.9,7.8,Initial Escalation
2024-10-01,New Zealand,Manufacturing,8.1,0.0,1.0,0.0,1.3,7.8,Initial Escalation
2024-10-01,New Zealand,Agriculture,4.4,0.0,0.9,0.0,0.8,7.8,Initial Escalation
2024-10-01,New Zealand,Pharmaceuticals,4.0,0.0,1.1,0.0,0.7,7.8,Initial Escalation
2024-10-01,New Zealand,Electronics,6.3,0.0,1.1,0.0,1.1,7.8,Initial Escalation
2024-10-01,New Zealand,Automotive,7.6,0.0,1.0,0.0,1.2,7.8,Initial Escalation
2024-10-01,New Zealand,Textiles,3.2,0.0,1.0,0.0,0.6,7.8,Initial Escalation
2024-10-01,New Zealand,Chemicals,8.9,0.0,0.9,0.0,1.5,7.8,Initial Escalation
2024-10-01,Sri Lanka,Energy,36.9,0.0,0.9,0.0,6.4,2.8,Initial Escalation
2024-10-01,Sri Lanka,Manufacturing,24.2,0.0,1.0,0.0,4.0,2.8,Initial Escalation
2024-10-01,Sri Lanka,Agriculture,12.6,0.0,1.0,0.0,2.6,2.8,Initial Escalation
2024-10-01,Sri Lanka,Pharmaceuticals,12.9,0.0,1.0,0.0,2.1,2.8,Initial Escalation
2024-10-01,Sri Lanka,Electronics,20.0,0.0,1.1,0.0,3.5,2.8,Initial Escalation
2024-10-01,Sri Lanka,Automotive,18.8,0.0,1.1,0.0,3.6,2.8,Initial Escalation
2024-10-01,Sri Lanka,Textiles,8.9,0.0,1.0,0.0,1.8,2.8,Initial Escalation
2024-10-01,Sri Lanka,Chemicals,25.3,0.0,1.0,0.0,4.9,2.8,Initial Escalation
2024-10-01,Myanmar,Energy,13.1,0.0,1.0,0.0,2.6,7.2,Initial Escalation
2024-10-01,Myanmar,Manufacturing,7.9,0.0,1.0,0.0,1.5,7.2,Initial Escalation
2024-10-01,Myanmar,Agriculture,4.7,0.0,1.1,0.0,1.0,7.2,Initial Escalation
2024-10-01,Myanmar,Pharmaceuticals,4.6,0.0,1.0,0.0,0.8,7.2,Initial Escalation
2024-10-01,Myanmar,Electronics,6.1,0.0,1.0,0.0,1.3,7.2,Initial Escalation
2024-10-01,Myanmar,Automotive,8.7,0.0,1.0,0.0,1.6,7.2,Initial Escalation
2024-10-01,Myanmar,Textiles,3.5,0.0,1.1,0.0,0.8,7.2,Initial Escalation
2024-10-01,Myanmar,Chemicals,9.2,0.0,0.9,0.0,1.7,7.2,Initial Escalation
2024-10-01,Cambodia,Energy,16.6,0.0,1.1,0.0,2.8,6.8,Initial Escalation
2024-10-01,Cambodia,Manufacturing,9.4,0.0,1.0,0.0,1.9,6.8,Initial Escalation
2024-10-01,Cambodia,Agriculture,6.1,0.0,1.1,0.0,1.1,6.8,Initial Escalation
2024-10-01,Cambodia,Pharmaceuticals,5.2,0.0,1.1,0.0,0.9,6.8,Initial Escalation
2024-10-01,Cambodia,Electronics,8.1,0.0,0.9,0.0,1.6,6.8,Initial Escalation
2024-10-01,Cambodia,Automotive,11.0,0.0,1.1,0.0,1.9,6.8,Initial Escalation
2024-10-01,Cambodia,Textiles,4.9,0.0,1.1,0.0,0.9,6.8,Initial Escalation
2024-10-01,Cambodia,Chemicals,11.9,0.0,1.0,0.0,2.1,6.8,Initial Escalation
2024-10-01,Laos,Energy,4.3,0.0,1.1,0.0,0.7,9.2,Initial Escalation
2024-10-01,Laos,Manufacturing,2.6,0.0,0.9,0.0,0.5,9.2,Initial Escalation
2024-10-01,Laos,Agriculture,1.4,0.0,0.9,0.0,0.3,9.2,Initial Escalation
2024-10-01,Laos,Pharmaceuticals,1.2,0.0,1.1,0.0,0.2,9.2,Initial Escalation
2024-10-01,Laos,Electronics,2.0,0.0,0.9,0.0,0.4,9.2,Initial Escalation
2024-10-01,Laos,Automotive,2.2,0.0,0.9,0.0,0.5,9.2,Initial Escalation
2024-10-01,Laos,Textiles,1.0,0.0,1.0,0.0,0.2,9.2,Initial Escalation
2024-10-01,Laos,Chemicals,2.8,0.0,1.1,0.0,0.6,9.2,Initial Escalation
2024-10-01,Mongolia,Energy,2.1,0.0,1.0,0.0,0.4,9.6,Initial Escalation
2024-10-01,Mongolia,Manufacturing,1.3,0.0,1.0,0.0,0.2,9.6,Initial Escalation
2024-10-01,Mongolia,Agriculture,0.8,0.0,0.9,0.0,0.1,9.6,Initial Escalation
2024-10-01,Mongolia,Pharmaceuticals,0.7,0.0,1.1,0.0,0.1,9.6,Initial Escalation
2024-10-01,Mongolia,Electronics,1.1,0.0,1.1,0.0,0.2,9.6,Initial Escalation
2024-10-01,Mongolia,Automotive,1.2,0.0,1.0,0.0,0.2,9.6,Initial Escalation
2024-10-01,Mongolia,Textiles,0.5,0.0,1.0,0.0,0.1,9.6,Initial Escalation
2024-10-01,Mongolia,Chemicals,1.5,0.0,0.9,0.0,0.3,9.6,Initial Escalation
2024-11-01,China,Energy,19.6,0.0,0.9,0.0,3.4,6.5,Initial Escalation
2024-11-01,China,Manufacturing,11.9,0.0,1.0,0.0,2.0,6.5,Initial Escalation
2024-11-01,China,Agriculture,7.0,0.0,1.1,0.0,1.3,6.5,Initial Escalation
2024-11-01,China,Pharmaceuticals,5.7,0.0,0.9,0.0,1.0,6.5,Initial Escalation
2024-11-01,China,Electronics,9.7,0.0,1.0,0.0,1.5,6.5,Initial Escalation
2024-11-01,China,Automotive,9.9,0.0,1.0,0.0,1.9,6.5,Initial Escalation
2024-11-01,China,Textiles,4.5,0.0,1.1,0.0,0.9,6.5,Initial Escalation
2024-11-01,China,Chemicals,12.7,0.0,0.9,0.0,2.3,6.5,Initial Escalation
2024-11-01,India,Energy,23.6,0.0,0.9,0.0,4.4,5.0,Initial Escalation
2024-11-01,India,Manufacturing,15.3,0.0,1.1,0.0,2.7,5.0,Initial Escalation
2024-11-01,India,Agriculture,9.2,0.0,0.9,0.0,1.8,5.0,Initial Escalation
2024-11-01,India,Pharmaceuticals,9.4,0.0,1.1,0.0,1.5,5.0,Initial Escalation
2024-11-01,India,Electronics,11.8,0.0,1.1,0.0,2.1,5.0,Initial Escalation
2024-11-01,India,Automotive,14.3,0.0,1.0,0.0,2.9,5.0,Initial Escalation
2024-11-01,India,Textiles,6.6,0.0,1.0,0.0,1.2,5.0,Initial Escalation
2024-11-01,India,Chemicals,20.3,0.0,0.9,0.0,3.4,5.0,Initial Escalation
2024-11-01,Japan,Energy,31.7,0.0,1.0,0.0,6.4,3.0,Initial Escalation
2024-11-01,Japan,Manufacturing,21.3,0.0,1.1,0.0,4.4,3.0,Initial Escalation
2024-11-01,Japan,Agriculture,13.3,0.0,1.0,0.0,2.5,3.0,Initial Escalation
2024-11-01,Japan,Pharmaceuticals,12.9,0.0,0.9,0.0,2.1,3.0,Initial Escalation
2024-11-01,Japan,Electronics,17.8,0.0,0.9,0.0,3.0,3.0,Initial Escalation
2024-11-01,Japan,Automotive,18.7,0.0,1.1,0.0,3.6,3.0,Initial Escalation
2024-11-01,Japan,Textiles,9.1,0.0,1.0,0.0,1.8,3.0,Initial Escalation
2024-11-01,Japan,Chemicals,22.7,0.0,1.0,0.0,4.9,3.0,Initial Escalation
2024-11-01,South Korea,Energy,30.5,0.0,1.1,0.0,5.0,4.2,Initial Escalation
2024-11-01,South Korea,Manufacturing,20.0,0.0,1.0,0.0,3.1,4.2,Initial Escalation
2024-11-01,South Korea,Agriculture,10.8,0.0,0.9,0.0,2.0,4.2,Initial Escalation
2024-11-01,South Korea,Pharmaceuticals,8.9,0.0,1.0,0.0,1.8,4.2,Initial Escalation
2024-11-01,South Korea,Electronics,14.8,0.0,1.1,0.0,2.4,4.2,Initial Escalation
2024-11-01,South Korea,Automotive,18.0,0.0,1.1,0.0,2.9,4.2,Initial Escalation
2024-11-01,South Korea,Textiles,8.7,0.0,1.1,0.0,1.5,4.2,Initial Escalation
2024-11-01,South Korea,Chemicals,19.6,0.0,1.0,0.0,4.0,4.2,Initial Escalation
2024-11-01,Australia,Energy,5.4,0.0,0.9,0.0,1.1,8.8,Initial Escalation
2024-11-01,Australia,Manufacturing,3.5,0.0,0.9,0.0,0.7,8.8,Initial Escalation
2024-11-01,Australia,Agriculture,2.4,0.0,1.1,0.0,0.4,8.8,Initial Escalation
2024-11-01,Australia,Pharmaceuticals,1.7,0.0,0.9,0.0,0.4,8.8,Initial Escalation
2024-11-01,Australia,Electronics,2.9,0.0,1.0,0.0,0.5,8.8,Initial Escalation
2024-11-01,Australia,Automotive,3.7,0.0,1.0,0.0,0.7,8.8,Initial Escalation
2024-11-01,Australia,Textiles,1.7,0.0,0.9,0.0,0.3,8.8,Initial Escalation
2024-11-01,Australia,Chemicals,3.9,0.0,0.9,0.0,0.7,8.8,Initial Escalation
2024-11-01,Indonesia,Energy,6.5,0.0,0.9,0.0,1.3,8.6,Initial Escalation
2024-11-01,Indonesia,Manufacturing,4.9,0.0,1.0,0.0,0.9,8.6,Initial Escalation
2024-11-01,Indonesia,Agriculture,2.6,0.0,1.1,0.0,0.5,8.6,Initial Escalation
2024-11-01,Indonesia,Pharmaceuticals,2.5,0.0,0.9,0.0,0.5,8.6,Initial Escalation
2024-11-01,Indonesia,Electronics,3.3,0.0,0.9,0.0,0.7,8.6,Initial Escalation
2024-11-01,Indonesia,Automotive,3.9,0.0,1.0,0.0,0.8,8.6,Initial Escalation
2024-11-01,Indonesia,Textiles,2.2,0.0,0.9,0.0,0.3,8.6,Initial Escalation
2024-11-01,Indonesia,Chemicals,4.5,0.0,0.9,0.0,0.9,8.6,Initial Escalation
2024-11-01,Thailand,Energy,22.2,0.0,0.9,0.0,4.2,5.6,Initial Escalation
2024-11-01,Thailand,Manufacturing,15.2,0.0,1.1,0.0,2.4,5.6,Initial Escalation
2024-11-01,Thailand,Agriculture,8.6,0.0,0.9,0.0,1.6,5.6,Initial Escalation
2024-11-01,Thailand,Pharmaceuticals,7.9,0.0,1.0,0.0,1.3,5.6,Initial Escalation
2024-11-01,Thailand,Electronics,9.9,0.0,0.9,0.0,1.8,5.6,Initial Escalation
2024-11-01,Thailand,Automotive,15.2,0.0,1.1,0.0,2.2,5.6,Initial Escalation
2024-11-01,Thailand,Textiles,6.4,0.0,0.9,0.0,1.1,5.6,Initial Escalation
2024-11-01,Thailand,Chemicals,17.6,0.0,1.0,0.0,2.7,5.6,Initial Escalation
2024-11-01,Vietnam,Energy,8.1,0.0,1.0,0.0,1.5,8.2,Initial Escalation
2024-11-01,Vietnam,Manufacturing,5.7,0.0,1.1,0.0,1.0,8.2,Initial Escalation
2024-11-01,Vietnam,Agriculture,3.3,0.0,0.9,0.0,0.6,8.2,Initial Escalation
2024-11-01,Vietnam,Pharmaceuticals,2.9,0.0,1.1,0.0,0.5,8.2,Initial Escalation
2024-11-01,Vietnam,Electronics,5.0,0.0,0.9,0.0,0.8,8.2,Initial Escalation
2024-11-01,Vietnam,Automotive,5.1,0.0,1.0,0.0,1.0,8.2,Initial Escalation
2024-11-01,Vietnam,Textiles,2.5,0.0,1.0,0.0,0.5,8.2,Initial Escalation
2024-11-01,Vietnam,Chemicals,7.1,0.0,1.0,0.0,1.1,8.2,Initial Escalation
2024-11-01,Philippines,Energy,20.2,0.0,1.0,0.0,4.3,5.2,Initial Escalation
2024-11-01,Philippines,Manufacturing,14.3,0.0,1.0,0.0,2.8,5.2,Initial Escalation
2024-11-01,Philippines,Agriculture,8.1,0.0,1.1,0.0,1.7,5.2,Initial Escalation
2024-11-01,Philippines,Pharmaceuticals,8.4,0.0,1.0,0.0,1.3,5.2,Initial Escalation
2024-11-01,Philippines,Electronics,10.6,0.0,1.1,0.0,2.2,5.2,Initial Escalation
2024-11-01,Philippines,Automotive,15.7,0.0,1.0,0.0,2.4,5.2,Initial Escalation
2024-11-01,Philippines,Textiles,6.0,0.0,1.0,0.0,1.1,5.2,Initial Escalation
2024-11-01,Philippines,Chemicals,17.1,0.0,0.9,0.0,3.2,5.2,Initial Escalation
2024-11-01,Malaysia,Energy,5.1,0.0,1.0,0.0,0.8,9.0,Initial Escalation
2024-11-01,Malaysia,Manufacturing,3.1,0.0,1.1,0.0,0.6,9.0,Initial Escalation
2024-11-01,Malaysia,Agriculture,2.1,0.0,0.9,0.0,0.3,9.0,Initial Escalation
2024-11-01,Malaysia,Pharmaceuticals,1.7,0.0,1.1,0.0,0.3,9.0,Initial Escalation
2024-11-01,Malaysia,Electronics,2.5,0.0,1.1,0.0,0.4,9.0,Initial Escalation
2024-11-01,Malaysia,Automotive,2.7,0.0,1.0,0.0,0.6,9.0,Initial Escalation
2024-11-01,Malaysia,Textiles,1.5,0.0,1.0,0.0,0.3,9.0,Initial Escalation
2024-11-01,Malaysia,Chemicals,3.6,0.0,1.1,0.0,0.6,9.0,Initial Escalation
2024-11-01,Pakistan,Energy,27.6,0.0,1.0,0.0,5.2,4.0,Initial Escalation
2024-11-01,Pakistan,Manufacturing,19.7,0.0,0.9,0.0,3.8,4.0,Initial Escalation
2024-11-01,Pakistan,Agriculture,10.5,0.0,0.9,0.0,2.3,4.0,Initial Escalation
2024-11-01,Pakistan,Pharmaceuticals,8.8,0.0,1.0,0.0,1.8,4.0,Initial Escalation
2024-11-01,Pakistan,Electronics,16.0,0.0,0.9,0.0,2.8,4.0,Initial Escalation
2024-11-01,Pakistan,Automotive,18.1,0.0,1.0,0.0,3.5,4.0,Initial Escalation
2024-11-01,Pakistan,Textiles,7.4,0.0,1.1,0.0,1.6,4.0,Initial Escalation
2024-11-01,Pakistan,Chemicals,19.9,0.0,1.1,0.0,3.8,4.0,Initial Escalation
2024-11-01,Bangladesh,Energy,15.6,0.0,1.1,0.0,2.8,6.6,Initial Escalation
2024-11-01,Bangladesh,Manufacturing,10.6,0.0,1.0,0.0,2.1,6.6,Initial Escalation
2024-11-01,Bangladesh,Agriculture,7.2,0.0,1.1,0.0,1.1,6.6,Initial Escalation
2024-11-01,Bangladesh,Pharmaceuticals,6.0,0.0,1.1,0.0,0.9,6.6,Initial Escalation
2024-11-01,Bangladesh,Electronics,9.0,0.0,1.1,0.0,1.6,6.6,Initial Escalation
2024-11-01,Bangladesh,Automotive,8.9,0.0,1.1,0.0,2.0,6.6,Initial Escalation
2024-11-01,Bangladesh,Textiles,4.7,0.0,1.1,0.0,0.8,6.6,Initial Escalation
2024-11-01,Bangladesh,Chemicals,13.1,0.0,1.1,0.0,2.4,6.6,Initial Escalation
2024-11-01,Taiwan,Energy,33.1,0.0,1.0,0.0,5.6,3.8,Initial Escalation
2024-11-01,Taiwan,Manufacturing,20.4,0.0,1.0,0.0,3.5,3.8,Initial Escalation
2024-11-01,Taiwan,Agriculture,11.4,0.0,1.0,0.0,2.2,3.8,Initial Escalation
2024-11-01,Taiwan,Pharmaceuticals,11.2,0.0,1.1,0.0,2.0,3.8,Initial Escalation
2024-11-01,Taiwan,Electronics,17.2,0.0,1.0,0.0,3.0,3.8,Initial Escalation
2024-11-01,Taiwan,Automotive,18.4,0.0,1.1,0.0,3.4,3.8,Initial Escalation
2024-11-01,Taiwan,Textiles,9.1,0.0,1.1,0.0,1.5,3.8,Initial Escalation
2024-11-01,Taiwan,Chemicals,20.3,0.0,1.0,0.0,4.1,3.8,Initial Escalation
2024-11-01,Singapore,Energy,33.3,0.0,1.1,0.0,5.5,3.6,Initial Escalation
2024-11-01,Singapore,Manufacturing,18.9,0.0,1.1,0.0,3.6,3.6,Initial Escalation
2024-11-01,Singapore,Agriculture,12.1,0.0,1.1,0.0,2.2,3.6,Initial Escalation
2024-11-01,Singapore,Pharmaceuticals,11.9,0.0,1.1,0.0,1.9,3.6,Initial Escalation
2024-11-01,Singapore,Electronics,17.4,0.0,0.9,0.0,2.7,3.6,Initial Escalation
2024-11-01,Singapore,Automotive,17.1,0.0,1.0,0.0,3.5,3.6,Initial Escalation
2024-11-01,Singapore,Textiles,7.7,0.0,0.9,0.0,1.5,3.6,Initial Escalation
2024-11-01,Singapore,Chemicals,21.7,0.0,0.9,0.0,4.6,3.6,Initial Escalation
2024-11-01,New Zealand,Energy,10.5,0.0,1.0,0.0,2.1,7.8,Initial Escalation
2024-11-01,New Zealand,Manufacturing,6.6,0.0,1.0,0.0,1.4,7.8,Initial Escalation
2024-11-01,New Zealand,Agriculture,4.3,0.0,1.1,0.0,0.7,7.8,Initial Escalation
2024-11-01,New Zealand,Pharmaceuticals,4.2,0.0,1.0,0.0,0.6,7.8,Initial Escalation
2024-11-01,New Zealand,Electronics,5.5,0.0,0.9,0.0,1.0,7.8,Initial Escalation
2024-11-01,New Zealand,Automotive,7.6,0.0,1.1,0.0,1.1,7.8,Initial Escalation
2024-11-01,New Zealand,Textiles,3.3,0.0,0.9,0.0,0.5,7.8,Initial Escalation
2024-11-01,New Zealand,Chemicals,9.0,0.0,1.1,0.0,1.3,7.8,Initial Escalation
2024-11-01,Sri Lanka,Energy,35.7,0.0,1.1,0.0,6.5,2.8,Initial Escalation
2024-11-01,Sri Lanka,Manufacturing,21.5,0.0,1.0,0.0,4.2,2.8,Initial Escalation
2024-11-01,Sri Lanka,Agriculture,12.1,0.0,1.1,0.0,2.3,2.8,Initial Escalation
2024-11-01,Sri Lanka,Pharmaceuticals,13.0,0.0,1.1,0.0,2.3,2.8,Initial Escalation
2024-11-01,Sri Lanka,Electronics,15.8,0.0,0.9,0.0,3.0,2.8,Initial Escalation
2024-11-01,Sri Lanka,Automotive,21.5,0.0,1.0,0.0,3.7,2.8,Initial Escalation
2024-11-01,Sri Lanka,Textiles,9.9,0.0,1.0,0.0,1.8,2.8,Initial Escalation
2024-11-01,Sri Lanka,Chemicals,26.6,0.0,0.9,0.0,5.1,2.8,Initial Escalation
2024-11-01,Myanmar,Energy,14.7,0.0,1.0,0.0,2.8,7.2,Initial Escalation
2024-11-01,Myanmar,Manufacturing,8.6,0.0,1.1,0.0,1.8,7.2,Initial Escalation
2024-11-01,Myanmar,Agriculture,5.4,0.0,1.0,0.0,0.9,7.2,Initial Escalation
2024-11-01,Myanmar,Pharmaceuticals,4.7,0.0,0.9,0.0,0.9,7.2,Initial Escalation
2024-11-01,Myanmar,Electronics,6.7,0.0,1.1,0.0,1.3,7.2,Initial Escalation
2024-11-01,Myanmar,Automotive,7.8,0.0,1.1,0.0,1.5,7.2,Initial Escalation
2024-11-01,Myanmar,Textiles,4.3,0.0,0.9,0.0,0.7,7.2,Initial Escalation
2024-11-01,Myanmar,Chemicals,8.9,0.0,1.1,0.0,1.7,7.2,Initial Escalation
2024-11-01,Cambodia,Energy,17.1,0.0,1.1,0.0,2.8,6.8,Initial Escalation
2024-11-01,Cambodia,Manufacturing,11.9,0.0,1.0,0.0,2.1,6.8,Initial Escalation
2024-11-01,Cambodia,Agriculture,6.2,0.0,0.9,0.0,1.0,6.8,Initial Escalation
2024-11-01,Cambodia,Pharmaceuticals,5.6,0.0,0.9,0.0,0.9,6.8,Initial Escalation
2024-11-01,Cambodia,Electronics,8.7,0.0,1.0,0.0,1.4,6.8,Initial Escalation
2024-11-01,Cambodia,Automotive,9.7,0.0,1.1,0.0,1.7,6.8,Initial Escalation
2024-11-01,Cambodia,Textiles,4.9,0.0,1.1,0.0,0.7,6.8,Initial Escalation
2024-11-01,Cambodia,Chemicals,11.1,0.0,1.1,0.0,2.1,6.8,Initial Escalation
2024-11-01,Laos,Energy,4.3,0.0,1.1,0.0,0.7,9.2,Initial Escalation
2024-11-01,Laos,Manufacturing,2.5,0.0,0.9,0.0,0.5,9.2,Initial Escalation
2024-11-01,Laos,Agriculture,1.3,0.0,0.9,0.0,0.3,9.2,Initial Escalation
2024-11-01,Laos,Pharmaceuticals,1.5,0.0,1.1,0.0,0.3,9.2,Initial Escalation
2024-11-01,Laos,Electronics,1.8,0.0,1.0,0.0,0.4,9.2,Initial Escalation
2024-11-01,Laos,Automotive,2.5,0.0,1.1,0.0,0.4,9.2,Initial Escalation
2024-11-01,Laos,Textiles,1.2,0.0,1.0,0.0,0.2,9.2,Initial Escalation
2024-11-01,Laos,Chemicals,2.6,0.0,0.9,0.0,0.5,9.2,Initial Escalation
2024-11-01,Mongolia,Energy,2.2,0.0,1.0,0.0,0.3,9.6,Initial Escalation
2024-11-01,Mongolia,Manufacturing,1.2,0.0,1.0,0.0,0.2,9.6,Initial Escalation
2024-11-01,Mongolia,Agriculture,0.9,0.0,1.0,0.0,0.1,9.6,Initial Escalation
2024-11-01,Mongolia,Pharmaceuticals,0.7,0.0,0.9,0.0,0.1,9.6,Initial Escalation
2024-11-01,Mongolia,Electronics,1.1,0.0,1.1,0.0,0.2,9.6,Initial Escalation
2024-11-01,Mongolia,Automotive,1.2,0.0,1.1,0.0,0.2,9.6,Initial Escalation
2024-11-01,Mongolia,Textiles,0.6,0.0,0.9,0.0,0.1,9.6,Initial Escalation
2024-11-01,Mongolia,Chemicals,1.5,0.0,0.9,0.0,0.3,9.6,Initial Escalation
2024-12-01,China,Energy,17.1,0.0,1.1,0.0,3.0,6.5,Initial Escalation
2024-12-01,China,Manufacturing,9.9,0.0,1.0,0.0,2.0,6.5,Initial Escalation
2024-12-01,China,Agriculture,6.6,0.0,0.9,0.0,1.3,6.5,Initial Escalation
2024-12-01,China,Pharmaceuticals,5.8,0.0,1.1,0.0,1.1,6.5,Initial Escalation
2024-12-01,China,Electronics,8.6,0.0,1.1,0.0,1.5,6.5,Initial Escalation
2024-12-01,China,Automotive,11.0,0.0,0.9,0.0,1.9,6.5,Initial Escalation
2024-12-01,China,Textiles,4.8,0.0,1.1,0.0,0.9,6.5,Initial Escalation
2024-12-01,China,Chemicals,11.1,0.0,1.1,0.0,2.3,6.5,Initial Escalation
2024-12-01,India,Energy,26.7,0.0,1.0,0.0,4.6,5.0,Initial Escalation
2024-12-01,India,Manufacturing,16.8,0.0,0.9,0.0,3.2,5.0,Initial Escalation
2024-12-01,India,Agriculture,9.6,0.0,1.1,0.0,1.9,5.0,Initial Escalation
2024-12-01,India,Pharmaceuticals,7.2,0.0,1.0,0.0,1.4,5.0,Initial Escalation
2024-12-01,India,Electronics,11.7,0.0,1.1,0.0,2.1,5.0,Initial Escalation
2024-12-01,India,Automotive,13.3,0.0,1.0,0.0,2.8,5.0,Initial Escalation
2024-12-01,India,Textiles,7.8,0.0,1.1,0.0,1.3,5.0,Initial Escalation
2024-12-01,India,Chemicals,19.6,0.0,0.9,0.0,3.3,5.0,Initial Escalation
2024-12-01,Japan,Energy,35.6,0.0,1.1,0.0,6.3,3.0,Initial Escalation
2024-12-01,Japan,Manufacturing,21.7,0.0,1.0,0.0,3.9,3.0,Initial Escalation
2024-12-01,Japan,Agriculture,13.9,0.0,0.9,0.0,2.5,3.0,Initial Escalation
2024-12-01,Japan,Pharmaceuticals,12.8,0.0,0.9,0.0,2.3,3.0,Initial Escalation
2024-12-01,Japan,Electronics,18.0,0.0,1.0,0.0,3.5,3.0,Initial Escalation
2024-12-01,Japan,Automotive,22.5,0.0,0.9,0.0,3.5,3.0,Initial Escalation
2024-12-01,Japan,Textiles,8.8,0.0,1.1,0.0,1.8,3.0,Initial Escalation
2024-12-01,Japan,Chemicals,24.3,0.0,1.0,0.0,4.5,3.0,Initial Escalation
2024-12-01,South Korea,Energy,31.0,0.0,1.0,0.0,5.4,4.2,Initial Escalation
2024-12-01,South Korea,Manufacturing,19.0,0.0,1.1,0.0,3.6,4.2,Initial Escalation
2024-12-01,South Korea,Agriculture,12.2,0.0,1.1,0.0,2.0,4.2,Initial Escalation
2024-12-01,South Korea,Pharmaceuticals,8.6,0.0,1.1,0.0,1.6,4.2,Initial Escalation
2024-12-01,South Korea,Electronics,15.6,0.0,1.1,0.0,2.7,4.2,Initial Escalation
2024-12-01,South Korea,Automotive,16.4,0.0,0.9,0.0,3.5,4.2,Initial Escalation
2024-12-01,South Korea,Textiles,8.3,0.0,1.0,0.0,1.4,4.2,Initial Escalation
2024-12-01,South Korea,Chemicals,18.1,0.0,1.1,0.0,3.5,4.2,Initial Escalation
2024-12-01,Australia,Energy,6.2,0.0,0.9,0.0,1.1,8.8,Initial Escalation
2024-12-01,Australia,Manufacturing,3.9,0.0,1.0,0.0,0.7,8.8,Initial Escalation
2024-12-01,Australia,Agriculture,2.4,0.0,1.0,0.0,0.4,8.8,Initial Escalation
2024-12-01,Australia,Pharmaceuticals,2.1,0.0,0.9,0.0,0.3,8.8,Initial Escalation
2024-12-01,Australia,Electronics,2.8,0.0,0.9,0.0,0.5,8.8,Initial Escalation
2024-12-01,Australia,Automotive,4.0,0.0,0.9,0.0,0.7,8.8,Initial Escalation
2024-12-01,Australia,Textiles,1.8,0.0,0.9,0.0,0.3,8.8,Initial Escalation
2024-12-01,Australia,Chemicals,4.7,0.0,1.0,0.0,0.8,8.8,Initial Escalation
2024-12-01,Indonesia,Energy,7.0,0.0,1.0,0.0,1.4,8.6,Initial Escalation
2024-12-01,Indonesia,Manufacturing,4.8,0.0,1.1,0.0,0.9,8.6,Initial Escalation
2024-12-01,Indonesia,Agriculture,2.8,0.0,0.9,0.0,0.5,8.6,Initial Escalation
2024-12-01,Indonesia,Pharmaceuticals,2.1,0.0,1.1,0.0,0.4,8.6,Initial Escalation
2024-12-01,Indonesia,Electronics,3.3,0.0,0.9,0.0,0.7,8.6,Initial Escalation
2024-12-01,Indonesia,Automotive,4.6,0.0,1.1,0.0,0.7,8.6,Initial Escalation
2024-12-01,Indonesia,Textiles,1.9,0.0,0.9,0.0,0.3,8.6,Initial Escalation
2024-12-01,Indonesia,Chemicals,4.8,0.0,1.0,0.0,1.0,8.6,Initial Escalation
2024-12-01,Thailand,Energy,24.2,0.0,1.0,0.0,3.6,5.6,Initial Escalation
2024-12-01,Thailand,Manufacturing,16.5,0.0,1.0,0.0,2.9,5.6,Initial Escalation
2024-12-01,Thailand,Agriculture,9.3,0.0,0.9,0.0,1.6,5.6,Initial Escalation
2024-12-01,Thailand,Pharmaceuticals,6.5,0.0,1.0,0.0,1.2,5.6,Initial Escalation
2024-12-01,Thailand,Electronics,11.7,0.0,1.1,0.0,2.1,5.6,Initial Escalation
2024-12-01,Thailand,Automotive,11.4,0.0,1.0,0.0,2.5,5.6,Initial Escalation
2024-12-01,Thailand,Textiles,6.2,0.0,0.9,0.0,1.1,5.6,Initial Escalation
2024-12-01,Thailand,Chemicals,13.9,0.0,1.1,0.0,3.1,5.6,Initial Escalation
2024-12-01,Vietnam,Energy,8.4,0.0,0.9,0.0,1.6,8.2,Initial Escalation
2024-12-01,Vietnam,Manufacturing,6.4,0.0,0.9,0.0,1.0,8.2,Initial Escalation
2024-12-01,Vietnam,Agriculture,3.3,0.0,0.9,0.0,0.6,8.2,Initial Escalation
2024-12-01,Vietnam,Pharmaceuticals,3.3,0.0,1.0,0.0,0.5,8.2,Initial Escalation
2024-12-01,Vietnam,Electronics,4.1,0.0,0.9,0.0,0.7,8.2,Initial Escalation
2024-12-01,Vietnam,Automotive,5.5,0.0,1.1,0.0,1.1,8.2,Initial Escalation
2024-12-01,Vietnam,Textiles,2.3,0.0,0.9,0.0,0.4,8.2,Initial Escalation
2024-12-01,Vietnam,Chemicals,5.9,0.0,1.1,0.0,1.2,8.2,Initial Escalation
2024-12-01,Philippines,Energy,24.3,0.0,1.1,0.0,4.4,5.2,Initial Escalation
2024-12-01,Philippines,Manufacturing,14.4,0.0,1.0,0.0,2.7,5.2,Initial Escalation
2024-12-01,Philippines,Agriculture,8.6,0.0,1.1,0.0,1.6,5.2,Initial Escalation
2024-12-01,Philippines,Pharmaceuticals,7.6,0.0,1.0,0.0,1.3,5.2,Initial Escalation
2024-12-01,Philippines,Electronics,11.3,0.0,1.1,0.0,2.2,5.2,Initial Escalation
2024-12-01,Philippines,Automotive,14.7,0.0,0.9,0.0,2.6,5.2,Initial Escalation
2024-12-01,Philippines,Textiles,6.2,0.0,0.9,0.0,1.1,5.2,Initial Escalation
2024-12-01,Philippines,Chemicals,18.4,0.0,0.9,0.0,2.9,5.2,Initial Escalation
2024-12-01,Malaysia,Energy,4.2,0.0,1.0,0.0,0.8,9.0,Initial Escalation
2024-12-01,Malaysia,Manufacturing,2.9,0.0,0.9,0.0,0.6,9.0,Initial Escalation
2024-12-01,Malaysia,Agriculture,2.1,0.0,1.0,0.0,0.3,9.0,Initial Escalation
2024-12-01,Malaysia,Pharmaceuticals,1.5,0.0,1.1,0.0,0.3,9.0,Initial Escalation
2024-12-01,Malaysia,Electronics,2.3,0.0,1.1,0.0,0.4,9.0,Initial Escalation
2024-12-01,Malaysia,Automotive,3.3,0.0,1.0,0.0,0.5,9.0,Initial Escalation
2024-12-01,Malaysia,Textiles,1.3,0.0,0.9,0.0,0.2,9.0,Initial Escalation
2024-12-01,Malaysia,Chemicals,3.5,0.0,1.1,0.0,0.7,9.0,Initial Escalation
2024-12-01,Pakistan,Energy,30.3,0.0,0.9,0.0,5.0,4.0,Initial Escalation
2024-12-01,Pakistan,Manufacturing,16.9,0.0,1.0,0.0,3.7,4.0,Initial Escalation
2024-12-01,Pakistan,Agriculture,12.5,0.0,1.1,0.0,1.9,4.0,Initial Escalation
2024-12-01,Pakistan,Pharmaceuticals,8.7,0.0,0.9,0.0,1.9,4.0,Initial Escalation
2024-12-01,Pakistan,Electronics,16.3,0.0,1.0,0.0,2.9,4.0,Initial Escalation
2024-12-01,Pakistan,Automotive,18.2,0.0,1.1,0.0,3.1,4.0,Initial Escalation
2024-12-01,Pakistan,Textiles,9.1,0.0,1.0,0.0,1.5,4.0,Initial Escalation
2024-12-01,Pakistan,Chemicals,20.7,0.0,1.0,0.0,4.2,4.0,Initial Escalation
2024-12-01,Bangladesh,Energy,16.3,0.0,1.1,0.0,3.0,6.6,Initial Escalation
2024-12-01,Bangladesh,Manufacturing,12.5,0.0,1.0,0.0,2.0,6.6,Initial Escalation
2024-12-01,Bangladesh,Agriculture,6.2,0.0,1.0,0.0,1.1,6.6,Initial Escalation
2024-12-01,Bangladesh,Pharmaceuticals,4.8,0.0,0.9,0.0,1.0,6.6,Initial Escalation
2024-12-01,Bangladesh,Electronics,8.4,0.0,0.9,0.0,1.6,6.6,Initial Escalation
2024-12-01,Bangladesh,Automotive,9.9,0.0,0.9,0.0,1.7,6.6,Initial Escalation
2024-12-01,Bangladesh,Textiles,4.4,0.0,0.9,0.0,0.9,6.6,Initial Escalation
2024-12-01,Bangladesh,Chemicals,13.8,0.0,1.1,0.0,2.2,6.6,Initial Escalation
2024-12-01,Taiwan,Energy,28.3,0.0,0.9,0.0,5.3,3.8,Initial Escalation
2024-12-01,Taiwan,Manufacturing,20.4,0.0,1.1,0.0,4.0,3.8,Initial Escalation
2024-12-01,Taiwan,Agriculture,11.1,0.0,0.9,0.0,2.0,3.8,Initial Escalation
2024-12-01,Taiwan,Pharmaceuticals,9.8,0.0,1.0,0.0,1.7,3.8,Initial Escalation
2024-12-01,Taiwan,Electronics,15.5,0.0,1.1,0.0,2.8,3.8,Initial Escalation
2024-12-01,Taiwan,Automotive,20.0,0.0,1.1,0.0,3.1,3.8,Initial Escalation
2024-12-01,Taiwan,Textiles,7.8,0.0,0.9,0.0,1.7,3.8,Initial Escalation
2024-12-01,Taiwan,Chemicals,20.7,0.0,1.0,0.0,4.4,3.8,Initial Escalation
2024-12-01,Singapore,Energy,35.9,0.0,0.9,0.0,6.0,3.6,Initial Escalation
2024-12-01,Singapore,Manufacturing,19.1,0.0,0.9,0.0,4.2,3.6,Initial Escalation
2024-12-01,Singapore,Agriculture,11.8,0.0,0.9,0.0,2.3,3.6,Initial Escalation
2024-12-01,Singapore,Pharmaceuticals,11.2,0.0,0.9,0.0,1.8,3.6,Initial Escalation
2024-12-01,Singapore,Electronics,13.9,0.0,1.1,0.0,2.9,3.6,Initial Escalation
2024-12-01,Singapore,Automotive,17.5,0.0,1.0,0.0,3.8,3.6,Initial Escalation
2024-12-01,Singapore,Textiles,10.0,0.0,1.0,0.0,1.7,3.6,Initial Escalation
2024-12-01,Singapore,Chemicals,26.0,0.0,1.1,0.0,4.1,3.6,Initial Escalation
2024-12-01,New Zealand,Energy,11.1,0.0,1.1,0.0,2.1,7.8,Initial Escalation
2024-12-01,New Zealand,Manufacturing,7.2,0.0,1.1,0.0,1.3,7.8,Initial Escalation
2024-12-01,New Zealand,Agriculture,4.6,0.0,1.0,0.0,0.8,7.8,Initial Escalation
2024-12-01,New Zealand,Pharmaceuticals,3.7,0.0,1.1,0.0,0.6,7.8,Initial Escalation
2024-12-01,New Zealand,Electronics,4.8,0.0,1.1,0.0,1.0,7.8,Initial Escalation
2024-12-01,New Zealand,Automotive,6.7,0.0,1.1,0.0,1.2,7.8,Initial Escalation
2024-12-01,New Zealand,Textiles,3.5,0.0,0.9,0.0,0.6,7.8,Initial Escalation
2024-12-01,New Zealand,Chemicals,8.7,0.0,1.0,0.0,1.5,7.8,Initial Escalation
2024-12-01,Sri Lanka,Energy,30.5,0.0,1.0,0.0,6.9,2.8,Initial Escalation
2024-12-01,Sri Lanka,Manufacturing,24.4,0.0,1.0,0.0,4.4,2.8,Initial Escalation
2024-12-01,Sri Lanka,Agriculture,14.2,0.0,0.9,0.0,2.7,2.8,Initial Escalation
2024-12-01,Sri Lanka,Pharmaceuticals,12.4,0.0,1.1,0.0,2.3,2.8,Initial Escalation
2024-12-01,Sri Lanka,Electronics,16.0,0.0,0.9,0.0,3.0,2.8,Initial Escalation
2024-12-01,Sri Lanka,Automotive,21.5,0.0,1.1,0.0,4.1,2.8,Initial Escalation
2024-12-01,Sri Lanka,Textiles,10.7,0.0,1.1,0.0,1.9,2.8,Initial Escalation
2024-12-01,Sri Lanka,Chemicals,24.2,0.0,0.9,0.0,4.9,2.8,Initial Escalation
2024-12-01,Myanmar,Energy,15.3,0.0,0.9,0.0,2.7,7.2,Initial Escalation
2024-12-01,Myanmar,Manufacturing,9.8,0.0,1.0,0.0,1.8,7.2,Initial Escalation
2024-12-01,Myanmar,Agriculture,6.1,0.0,1.0,0.0,1.0,7.2,Initial Escalation
2024-12-01,Myanmar,Pharmaceuticals,4.6,0.0,1.0,0.0,0.8,7.2,Initial Escalation
2024-12-01,Myanmar,Electronics,6.6,0.0,1.1,0.0,1.3,7.2,Initial Escalation
2024-12-01,Myanmar,Automotive,9.7,0.0,0.9,0.0,1.5,7.2,Initial Escalation
2024-12-01,Myanmar,Textiles,4.3,0.0,1.0,0.0,0.7,7.2,Initial Escalation
2024-12-01,Myanmar,Chemicals,11.0,0.0,1.1,0.0,1.7,7.2,Initial Escalation
2024-12-01,Cambodia,Energy,16.7,0.0,1.0,0.0,2.9,6.8,Initial Escalation
2024-12-01,Cambodia,Manufacturing,9.2,0.0,1.1,0.0,1.7,6.8,Initial Escalation
2024-12-01,Cambodia,Agriculture,5.6,0.0,0.9,0.0,1.1,6.8,Initial Escalation
2024-12-01,Cambodia,Pharmaceuticals,6.0,0.0,1.1,0.0,0.9,6.8,Initial Escalation
2024-12-01,Cambodia,Electronics,7.3,0.0,1.1,0.0,1.3,6.8,Initial Escalation
2024-12-01,Cambodia,Automotive,10.8,0.0,1.1,0.0,1.6,6.8,Initial Escalation
2024-12-01,Cambodia,Textiles,4.4,0.0,0.9,0.0,0.8,6.8,Initial Escalation
2024-12-01,Cambodia,Chemicals,11.6,0.0,1.0,0.0,2.0,6.8,Initial Escalation
2024-12-01,Laos,Energy,3.6,0.0,0.9,0.0,0.7,9.2,Initial Escalation
2024-12-01,Laos,Manufacturing,2.4,0.0,1.1,0.0,0.5,9.2,Initial Escalation
2024-12-01,Laos,Agriculture,1.8,0.0,0.9,0.0,0.3,9.2,Initial Escalation
2024-12-01,Laos,Pharmaceuticals,1.4,0.0,1.0,0.0,0.3,9.2,Initial Escalation
2024-12-01,Laos,Electronics,2.2,0.0,0.9,0.0,0.4,9.2,Initial Escalation
2024-12-01,Laos,Automotive,2.1,0.0,0.9,0.0,0.4,9.2,Initial Escalation
2024-12-01,Laos,Textiles,1.0,0.0,1.0,0.0,0.2,9.2,Initial Escalation
2024-12-01,Laos,Chemicals,2.9,0.0,1.1,0.0,0.5,9.2,Initial Escalation
2024-12-01,Mongolia,Energy,2.0,0.0,1.1,0.0,0.3,9.6,Initial Escalation
2024-12-01,Mongolia,Manufacturing,1.2,0.0,0.9,0.0,0.3,9.6,Initial Escalation
2024-12-01,Mongolia,Agriculture,0.8,0.0,1.0,0.0,0.1,9.6,Initial Escalation
2024-12-01,Mongolia,Pharmaceuticals,0.7,0.0,1.1,0.0,0.1,9.6,Initial Escalation
2024-12-01,Mongolia,Electronics,0.9,0.0,1.0,0.0,0.2,9.6,Initial Escalation
2024-12-01,Mongolia,Automotive,1.1,0.0,1.1,0.0,0.2,9.6,Initial Escalation
2024-12-01,Mongolia,Textiles,0.6,0.0,1.1,0.0,0.1,9.6,Initial Escalation
2024-12-01,Mongolia,Chemicals,1.4,0.0,1.1,0.0,0.3,9.6,Initial Escalation
2025-01-01,China,Energy,20.8,1.2,6.8,3.93,4.8,7.1,Regional Spread
2025-01-01,China,Manufacturing,17.6,0.7,4.9,2.65,3.0,7.1,Regional Spread
2025-01-01,China,Agriculture,8.6,0.5,3.4,1.33,1.6,7.1,Regional Spread
2025-01-01,China,Pharmaceuticals,9.0,0.3,2.9,1.21,1.5,7.1,Regional Spread
2025-01-01,China,Electronics,10.7,0.5,4.4,2.04,2.2,7.1,Regional Spread
2025-01-01,China,Automotive,15.9,0.7,4.3,2.27,2.8,7.1,Regional Spread
2025-01-01,China,Textiles,7.3,0.3,2.2,1.08,1.3,7.1,Regional Spread
2025-01-01,China,Chemicals,19.1,0.8,5.1,2.79,3.1,7.1,Regional Spread
2025-01-01,India,Energy,36.2,0.3,10.5,4.81,6.4,5.6,Regional Spread
2025-01-01,India,Manufacturing,22.2,0.2,6.8,3.42,4.0,5.6,Regional Spread
2025-01-01,India,Agriculture,13.1,0.1,3.9,1.97,2.3,5.6,Regional Spread
2025-01-01,India,Pharmaceuticals,13.1,0.1,3.8,1.73,1.9,5.6,Regional Spread
2025-01-01,India,Electronics,18.3,0.2,5.9,2.26,3.3,5.6,Regional Spread
2025-01-01,India,Automotive,19.3,0.2,6.6,3.19,4.2,5.6,Regional Spread
2025-01-01,India,Textiles,10.7,0.1,3.5,1.38,1.7,5.6,Regional Spread
2025-01-01,India,Chemicals,22.6,0.3,9.2,3.35,4.5,5.6,Regional Spread
2025-01-01,Japan,Energy,55.1,0.5,16.4,7.5,8.5,3.6,Regional Spread
2025-01-01,Japan,Manufacturing,30.5,0.3,10.5,4.65,5.9,3.6,Regional Spread
2025-01-01,Japan,Agriculture,16.9,0.2,6.3,3.03,3.5,3.6,Regional Spread
2025-01-01,Japan,Pharmaceuticals,16.4,0.2,4.9,2.54,3.3,3.6,Regional Spread
2025-01-01,Japan,Electronics,27.1,0.2,7.2,3.38,4.1,3.6,Regional Spread
2025-01-01,Japan,Automotive,33.5,0.3,9.3,4.69,5.7,3.6,Regional Spread
2025-01-01,Japan,Textiles,12.1,0.1,4.4,2.11,2.4,3.6,Regional Spread
2025-01-01,Japan,Chemicals,39.8,0.4,11.3,4.87,6.8,3.6,Regional Spread
2025-01-01,South Korea,Energy,43.1,0.2,11.6,5.63,7.1,4.8,Regional Spread
2025-01-01,South Korea,Manufacturing,29.9,0.1,8.3,3.61,4.7,4.8,Regional Spread
2025-01-01,South Korea,Agriculture,17.2,0.1,4.5,2.47,3.1,4.8,Regional Spread
2025-01-01,South Korea,Pharmaceuticals,11.4,0.1,4.0,1.85,2.6,4.8,Regional Spread
2025-01-01,South Korea,Electronics,21.7,0.1,5.7,2.79,3.4,4.8,Regional Spread
2025-01-01,South Korea,Automotive,21.4,0.1,8.0,3.23,4.4,4.8,Regional Spread
2025-01-01,South Korea,Textiles,10.6,0.0,3.8,1.78,2.0,4.8,Regional Spread
2025-01-01,South Korea,Chemicals,26.9,0.1,10.1,5.26,5.6,4.8,Regional Spread
2025-01-01,Australia,Energy,8.2,0.0,2.7,1.09,1.7,9.4,Regional Spread
2025-01-01,Australia,Manufacturing,5.9,0.0,1.7,0.98,1.0,9.4,Regional Spread
2025-01-01,Australia,Agriculture,3.0,0.0,1.1,0.45,0.6,9.4,Regional Spread
2025-01-01,Australia,Pharmaceuticals,2.9,0.0,0.9,0.47,0.5,9.4,Regional Spread
2025-01-01,Australia,Electronics,3.6,0.0,1.5,0.7,0.8,9.4,Regional Spread
2025-01-01,Australia,Automotive,5.5,0.0,1.9,0.65,0.9,9.4,Regional Spread
2025-01-01,Australia,Textiles,2.3,0.0,0.9,0.41,0.4,9.4,Regional Spread
2025-01-01,Australia,Chemicals,6.3,0.0,2.0,0.89,1.0,9.4,Regional Spread
2025-01-01,Indonesia,Energy,9.1,0.0,3.3,1.83,1.7,9.2,Regional Spread
2025-01-01,Indonesia,Manufacturing,6.1,0.0,1.9,1.1,1.2,9.2,Regional Spread
2025-01-01,Indonesia,Agriculture,3.4,0.0,1.1,0.58,0.8,9.2,Regional Spread
2025-01-01,Indonesia,Pharmaceuticals,3.4,0.0,1.0,0.5,0.6,9.2,Regional Spread
2025-01-01,Indonesia,Electronics,5.2,0.0,1.4,0.75,0.9,9.2,Regional Spread
2025-01-01,Indonesia,Automotive,5.8,0.0,1.8,0.91,1.0,9.2,Regional Spread
2025-01-01,Indonesia,Textiles,3.0,0.0,1.1,0.4,0.5,9.2,Regional Spread
2025-01-01,Indonesia,Chemicals,7.2,0.0,2.1,1.16,1.2,9.2,Regional Spread
2025-01-01,Thailand,Energy,26.1,0.0,11.4,3.94,5.3,6.2,Regional Spread
2025-01-01,Thailand,Manufacturing,17.5,0.0,5.8,3.13,3.5,6.2,Regional Spread
2025-01-01,Thailand,Agriculture,13.3,0.0,3.9,2.13,2.0,6.2,Regional Spread
2025-01-01,Thailand,Pharmaceuticals,9.5,0.0,3.4,1.74,1.9,6.2,Regional Spread
2025-01-01,Thailand,Electronics,14.5,0.0,4.7,2.21,2.9,6.2,Regional Spread
2025-01-01,Thailand,Automotive,16.3,0.0,5.6,2.46,3.4,6.2,Regional Spread
2025-01-01,Thailand,Textiles,8.9,0.0,2.4,1.13,1.6,6.2,Regional Spread
2025-01-01,Thailand,Chemicals,21.2,0.0,6.3,2.93,4.3,6.2,Regional Spread
2025-01-01,Vietnam,Energy,12.1,0.0,4.1,2.2,2.2,8.8,Regional Spread
2025-01-01,Vietnam,Manufacturing,7.7,0.0,2.7,1.4,1.6,8.8,Regional Spread
2025-01-01,Vietnam,Agriculture,4.4,0.0,1.4,0.83,0.8,8.8,Regional Spread
2025-01-01,Vietnam,Pharmaceuticals,4.4,0.0,1.2,0.74,0.7,8.8,Regional Spread
2025-01-01,Vietnam,Electronics,6.1,0.0,1.8,1.11,1.0,8.8,Regional Spread
2025-01-01,Vietnam,Automotive,8.6,0.0,2.3,1.23,1.4,8.8,Regional Spread
2025-01-01,Vietnam,Textiles,3.5,0.0,1.1,0.5,0.6,8.8,Regional Spread
2025-01-01,Vietnam,Chemicals,9.5,0.0,3.0,1.49,1.6,8.8,Regional Spread
2025-01-01,Philippines,Energy,35.7,0.0,10.4,5.2,6.6,5.8,Regional Spread
2025-01-01,Philippines,Manufacturing,25.5,0.0,6.6,3.68,4.1,5.8,Regional Spread
2025-01-01,Philippines,Agriculture,12.8,0.0,3.9,2.27,2.4,5.8,Regional Spread
2025-01-01,Philippines,Pharmaceuticals,10.5,0.0,3.5,1.93,1.8,5.8,Regional Spread
2025-01-01,Philippines,Electronics,18.7,0.0,5.9,2.65,3.2,5.8,Regional Spread
2025-01-01,Philippines,Automotive,20.2,0.0,6.5,3.63,3.9,5.8,Regional Spread
2025-01-01,Philippines,Textiles,8.5,0.0,3.0,1.43,1.5,5.8,Regional Spread
2025-01-01,Philippines,Chemicals,26.9,0.0,7.7,3.44,4.7,5.8,Regional Spread
2025-01-01,Malaysia,Energy,7.1,0.0,2.3,0.92,1.2,9.6,Regional Spread
2025-01-01,Malaysia,Manufacturing,4.6,0.0,1.4,0.74,0.9,9.6,Regional Spread
2025-01-01,Malaysia,Agriculture,2.9,0.0,1.1,0.37,0.4,9.6,Regional Spread
2025-01-01,Malaysia,Pharmaceuticals,2.4,0.0,1.0,0.35,0.4,9.6,Regional Spread
2025-01-01,Malaysia,Electronics,3.1,0.0,1.1,0.45,0.6,9.6,Regional Spread
2025-01-01,Malaysia,Automotive,4.1,0.0,1.5,0.68,0.7,9.6,Regional Spread
2025-01-01,Malaysia,Textiles,1.8,0.0,0.9,0.32,0.3,9.6,Regional Spread
2025-01-01,Malaysia,Chemicals,5.4,0.0,1.5,0.87,1.0,9.6,Regional Spread
2025-01-01,Pakistan,Energy,36.3,0.0,12.8,6.05,7.2,4.6,Regional Spread
2025-01-01,Pakistan,Manufacturing,29.7,0.0,8.1,4.17,4.6,4.6,Regional Spread
2025-01-01,Pakistan,Agriculture,14.4,0.0,5.9,2.78,3.2,4.6,Regional Spread
2025-01-01,Pakistan,Pharmaceuticals,14.2,0.0,4.9,2.08,2.4,4.6,Regional Spread
2025-01-01,Pakistan,Electronics,20.6,0.0,7.2,3.11,4.1,4.6,Regional Spread
2025-01-01,Pakistan,Automotive,28.4,0.0,7.1,3.7,4.2,4.6,Regional Spread
2025-01-01,Pakistan,Textiles,11.1,0.0,3.6,1.73,2.0,4.6,Regional Spread
2025-01-01,Pakistan,Chemicals,31.4,0.0,11.0,5.32,6.0,4.6,Regional Spread
2025-01-01,Bangladesh,Energy,26.6,0.0,8.4,3.89,4.3,7.2,Regional Spread
2025-01-01,Bangladesh,Manufacturing,16.4,0.0,5.6,2.34,2.6,7.2,Regional Spread
2025-01-01,Bangladesh,Agriculture,8.3,0.0,2.6,1.59,1.7,7.2,Regional Spread
2025-01-01,Bangladesh,Pharmaceuticals,6.9,0.0,2.9,1.2,1.3,7.2,Regional Spread
2025-01-01,Bangladesh,Electronics,10.1,0.0,3.6,1.56,1.9,7.2,Regional Spread
2025-01-01,Bangladesh,Automotive,14.3,0.0,4.9,2.19,2.5,7.2,Regional Spread
2025-01-01,Bangladesh,Textiles,5.7,0.0,2.0,1.04,1.3,7.2,Regional Spread
2025-01-01,Bangladesh,Chemicals,15.2,0.0,4.9,2.65,3.3,7.2,Regional Spread
2025-01-01,Taiwan,Energy,37.9,0.1,13.6,7.48,8.0,4.4,Regional Spread
2025-01-01,Taiwan,Manufacturing,30.3,0.1,8.4,4.96,5.0,4.4,Regional Spread
2025-01-01,Taiwan,Agriculture,15.5,0.0,5.4,2.52,2.8,4.4,Regional Spread
2025-01-01,Taiwan,Pharmaceuticals,16.1,0.0,4.3,2.47,2.6,4.4,Regional Spread
2025-01-01,Taiwan,Electronics,18.5,0.0,7.4,3.34,3.9,4.4,Regional Spread
2025-01-01,Taiwan,Automotive,28.0,0.1,7.7,4.59,4.5,4.4,Regional Spread
2025-01-01,Taiwan,Textiles,13.1,0.0,3.6,1.84,2.2,4.4,Regional Spread
2025-01-01,Taiwan,Chemicals,35.1,0.1,9.3,5.38,5.8,4.4,Regional Spread
2025-01-01,Singapore,Energy,48.3,0.1,13.2,8.13,8.1,4.2,Regional Spread
2025-01-01,Singapore,Manufacturing,31.5,0.0,8.9,4.69,5.7,4.2,Regional Spread
2025-01-01,Singapore,Agriculture,19.7,0.0,6.0,2.69,3.2,4.2,Regional Spread
2025-01-01,Singapore,Pharmaceuticals,15.2,0.0,5.4,2.03,2.7,4.2,Regional Spread
2025-01-01,Singapore,Electronics,23.0,0.0,6.5,3.94,4.3,4.2,Regional Spread
2025-01-01,Singapore,Automotive,23.6,0.0,9.2,3.54,5.1,4.2,Regional Spread
2025-01-01,Singapore,Textiles,12.1,0.0,4.4,1.93,2.3,4.2,Regional Spread
2025-01-01,Singapore,Chemicals,32.4,0.0,10.3,5.03,6.0,4.2,Regional Spread
2025-01-01,New Zealand,Energy,15.0,0.0,4.6,2.27,3.0,8.4,Regional Spread
2025-01-01,New Zealand,Manufacturing,11.4,0.0,3.2,1.7,1.9,8.4,Regional Spread
2025-01-01,New Zealand,Agriculture,6.8,0.0,2.2,0.87,1.2,8.4,Regional Spread
2025-01-01,New Zealand,Pharmaceuticals,4.5,0.0,1.9,0.91,0.9,8.4,Regional Spread
2025-01-01,New Zealand,Electronics,8.5,0.0,2.2,1.21,1.4,8.4,Regional Spread
2025-01-01,New Zealand,Automotive,8.3,0.0,2.8,1.46,1.8,8.4,Regional Spread
2025-01-01,New Zealand,Textiles,3.7,0.0,1.6,0.57,0.8,8.4,Regional Spread
2025-01-01,New Zealand,Chemicals,12.0,0.0,3.3,1.61,2.0,8.4,Regional Spread
2025-01-01,Sri Lanka,Energy,46.0,0.0,14.3,6.5,9.1,3.4,Regional Spread
2025-01-01,Sri Lanka,Manufacturing,32.8,0.0,11.8,5.93,6.6,3.4,Regional Spread
2025-01-01,Sri Lanka,Agriculture,19.5,0.0,5.4,3.42,3.3,3.4,Regional Spread
2025-01-01,Sri Lanka,Pharmaceuticals,14.4,0.0,4.9,2.78,2.9,3.4,Regional Spread
2025-01-01,Sri Lanka,Electronics,22.8,0.0,8.4,4.12,4.3,3.4,Regional Spread
2025-01-01,Sri Lanka,Automotive,26.7,0.0,8.7,5.1,6.0,3.4,Regional Spread
2025-01-01,Sri Lanka,Textiles,13.3,0.0,5.0,1.82,2.5,3.4,Regional Spread
2025-01-01,Sri Lanka,Chemicals,38.3,0.0,11.3,4.8,6.8,3.4,Regional Spread
2025-01-01,Myanmar,Energy,21.4,0.0,6.3,3.37,3.8,7.8,Regional Spread
2025-01-01,Myanmar,Manufacturing,14.5,0.0,4.7,1.77,2.2,7.8,Regional Spread
2025-01-01,Myanmar,Agriculture,8.4,0.0,2.4,1.1,1.4,7.8,Regional Spread
2025-01-01,Myanmar,Pharmaceuticals,7.1,0.0,2.1,1.11,1.2,7.8,Regional Spread
2025-01-01,Myanmar,Electronics,10.7,0.0,3.1,1.37,1.7,7.8,Regional Spread
2025-01-01,Myanmar,Automotive,11.8,0.0,3.4,2.04,2.1,7.8,Regional Spread
2025-01-01,Myanmar,Textiles,5.7,0.0,1.9,0.91,1.0,7.8,Regional Spread
2025-01-01,Myanmar,Chemicals,11.9,0.0,4.3,2.02,2.7,7.8,Regional Spread
2025-01-01,Cambodia,Energy,20.6,0.0,8.0,2.95,3.8,7.4,Regional Spread
2025-01-01,Cambodia,Manufacturing,13.8,0.0,4.3,2.24,2.7,7.4,Regional Spread
2025-01-01,Cambodia,Agriculture,8.4,0.0,3.1,1.26,1.7,7.4,Regional Spread
2025-01-01,Cambodia,Pharmaceuticals,6.9,0.0,2.7,1.24,1.4,7.4,Regional Spread
2025-01-01,Cambodia,Electronics,11.8,0.0,3.2,1.9,2.0,7.4,Regional Spread
2025-01-01,Cambodia,Automotive,15.2,0.0,4.7,2.01,2.6,7.4,Regional Spread
2025-01-01,Cambodia,Textiles,7.0,0.0,2.2,0.88,1.2,7.4,Regional Spread
2025-01-01,Cambodia,Chemicals,16.1,0.0,5.8,2.59,3.0,7.4,Regional Spread
2025-01-01,Laos,Energy,5.9,0.0,1.9,0.92,1.0,9.8,Regional Spread
2025-01-01,Laos,Manufacturing,3.5,0.0,1.1,0.63,0.6,9.8,Regional Spread
2025-01-01,Laos,Agriculture,2.3,0.0,1.0,0.28,0.4,9.8,Regional Spread
2025-01-01,Laos,Pharmaceuticals,1.6,0.0,1.1,0.32,0.3,9.8,Regional Spread
2025-01-01,Laos,Electronics,2.4,0.0,1.0,0.4,0.5,9.8,Regional Spread
2025-01-01,Laos,Automotive,3.7,0.0,0.9,0.51,0.6,9.8,Regional Spread
2025-01-01,Laos,Textiles,1.4,0.0,0.9,0.28,0.3,9.8,Regional Spread
2025-01-01,Laos,Chemicals,4.0,0.0,1.2,0.58,0.7,9.8,Regional Spread
2025-01-01,Mongolia,Energy,2.5,0.0,1.1,0.45,0.5,10.0,Regional Spread
2025-01-01,Mongolia,Manufacturing,1.6,0.0,0.9,0.33,0.3,10.0,Regional Spread
2025-01-01,Mongolia,Agriculture,1.1,0.0,0.9,0.18,0.2,10.0,Regional Spread
2025-01-01,Mongolia,Pharmaceuticals,1.0,0.0,1.1,0.15,0.2,10.0,Regional Spread
2025-01-01,Mongolia,Electronics,1.3,0.0,1.1,0.21,0.2,10.0,Regional Spread
2025-01-01,Mongolia,Automotive,1.8,0.0,0.9,0.31,0.3,10.0,Regional Spread
2025-01-01,Mongolia,Textiles,0.7,0.0,0.9,0.11,0.1,10.0,Regional Spread
2025-01-01,Mongolia,Chemicals,1.8,0.0,1.1,0.35,0.3,10.0,Regional Spread
2025-02-01,China,Energy,26.3,1.1,8.6,3.79,4.3,7.1,Regional Spread
2025-02-01,China,Manufacturing,15.4,0.9,5.8,2.38,2.7,7.1,Regional Spread
2025-02-01,China,Agriculture,10.7,0.4,2.8,1.65,1.9,7.1,Regional Spread
2025-02-01,China,Pharmaceuticals,8.4,0.3,2.3,1.46,1.6,7.1,Regional Spread
2025-02-01,China,Electronics,11.3,0.5,4.2,1.63,2.2,7.1,Regional Spread
2025-02-01,China,Automotive,14.8,0.7,5.2,2.57,2.8,7.1,Regional Spread
2025-02-01,China,Textiles,7.0,0.4,2.3,1.11,1.2,7.1,Regional Spread
2025-02-01,China,Chemicals,20.1,0.7,5.9,2.29,3.4,7.1,Regional Spread
2025-02-01,India,Energy,29.2,0.3,11.2,5.86,6.4,5.6,Regional Spread
2025-02-01,India,Manufacturing,22.4,0.2,7.9,3.96,4.5,5.6,Regional Spread
2025-02-01,India,Agriculture,11.8,0.2,4.6,1.87,2.3,5.6,Regional Spread
2025-02-01,India,Pharmaceuticals,11.0,0.1,3.5,1.94,2.0,5.6,Regional Spread
2025-02-01,India,Electronics,19.4,0.2,5.2,3.07,3.1,5.6,Regional Spread
2025-02-01,India,Automotive,20.4,0.3,7.0,3.78,4.0,5.6,Regional Spread
2025-02-01,India,Textiles,10.1,0.1,3.1,1.52,1.8,5.6,Regional Spread
2025-02-01,India,Chemicals,28.4,0.3,9.2,3.41,4.7,5.6,Regional Spread
2025-02-01,Japan,Energy,50.8,0.5,15.9,6.81,8.1,3.6,Regional Spread
2025-02-01,Japan,Manufacturing,36.2,0.4,10.4,5.86,5.9,3.6,Regional Spread
2025-02-01,Japan,Agriculture,19.8,0.2,6.1,3.21,3.4,3.6,Regional Spread
2025-02-01,Japan,Pharmaceuticals,14.9,0.2,5.7,2.4,3.1,3.6,Regional Spread
2025-02-01,Japan,Electronics,21.1,0.2,8.9,3.82,4.3,3.6,Regional Spread
2025-02-01,Japan,Automotive,26.3,0.3,9.4,5.01,5.6,3.6,Regional Spread
2025-02-01,Japan,Textiles,14.9,0.2,4.3,1.86,2.3,3.6,Regional Spread
2025-02-01,Japan,Chemicals,33.4,0.4,11.3,4.92,6.6,3.6,Regional Spread
2025-02-01,South Korea,Energy,37.9,0.2,14.5,6.34,7.9,4.8,Regional Spread
2025-02-01,South Korea,Manufacturing,30.4,0.1,9.0,3.61,5.1,4.8,Regional Spread
2025-02-01,South Korea,Agriculture,16.8,0.1,4.4,2.74,3.0,4.8,Regional Spread
2025-02-01,South Korea,Pharmaceuticals,12.5,0.0,4.0,1.94,2.6,4.8,Regional Spread
2025-02-01,South Korea,Electronics,17.5,0.1,6.5,3.39,3.4,4.8,Regional Spread
2025-02-01,South Korea,Automotive,26.4,0.1,8.2,3.52,4.5,4.8,Regional Spread
2025-02-01,South Korea,Textiles,9.7,0.1,3.3,1.98,2.1,4.8,Regional Spread
2025-02-01,South Korea,Chemicals,32.5,0.1,10.7,4.94,4.9,4.8,Regional Spread
2025-02-01,Australia,Energy,8.9,0.0,2.5,1.28,1.6,9.4,Regional Spread
2025-02-01,Australia,Manufacturing,4.8,0.0,1.9,0.91,1.1,9.4,Regional Spread
2025-02-01,Australia,Agriculture,3.6,0.0,1.1,0.52,0.5,9.4,Regional Spread
2025-02-01,Australia,Pharmaceuticals,2.8,0.0,1.0,0.5,0.5,9.4,Regional Spread
2025-02-01,Australia,Electronics,4.7,0.0,1.2,0.55,0.8,9.4,Regional Spread
2025-02-01,Australia,Automotive,4.9,0.0,1.8,0.7,0.9,9.4,Regional Spread
2025-02-01,Australia,Textiles,2.0,0.0,0.9,0.36,0.4,9.4,Regional Spread
2025-02-01,Australia,Chemicals,6.1,0.0,2.1,1.04,1.1,9.4,Regional Spread
2025-02-01,Indonesia,Energy,8.7,0.0,3.6,1.43,2.0,9.2,Regional Spread
2025-02-01,Indonesia,Manufacturing,6.0,0.0,2.2,0.97,1.3,9.2,Regional Spread
2025-02-01,Indonesia,Agriculture,4.2,0.0,1.3,0.68,0.8,9.2,Regional Spread
2025-02-01,Indonesia,Pharmaceuticals,3.8,0.0,1.2,0.44,0.6,9.2,Regional Spread
2025-02-01,Indonesia,Electronics,4.7,0.0,1.7,0.73,1.0,9.2,Regional Spread
2025-02-01,Indonesia,Automotive,5.8,0.0,1.9,0.87,1.1,9.2,Regional Spread
2025-02-01,Indonesia,Textiles,3.0,0.0,0.9,0.5,0.5,9.2,Regional Spread
2025-02-01,Indonesia,Chemicals,6.8,0.0,2.6,1.02,1.3,9.2,Regional Spread
2025-02-01,Thailand,Energy,32.4,0.0,8.7,4.59,6.0,6.2,Regional Spread
2025-02-01,Thailand,Manufacturing,18.8,0.0,7.4,3.14,4.0,6.2,Regional Spread
2025-02-01,Thailand,Agriculture,10.2,0.0,3.9,1.84,2.2,6.2,Regional Spread
2025-02-01,Thailand,Pharmaceuticals,9.4,0.0,3.4,1.44,1.8,6.2,Regional Spread
2025-02-01,Thailand,Electronics,16.0,0.0,4.7,2.8,3.0,6.2,Regional Spread
2025-02-01,Thailand,Automotive,18.9,0.0,5.8,2.46,3.3,6.2,Regional Spread
2025-02-01,Thailand,Textiles,8.9,0.0,2.5,1.21,1.4,6.2,Regional Spread
2025-02-01,Thailand,Chemicals,23.6,0.0,7.7,3.11,4.4,6.2,Regional Spread
2025-02-01,Vietnam,Energy,13.0,0.0,3.9,1.95,2.2,8.8,Regional Spread
2025-02-01,Vietnam,Manufacturing,8.3,0.0,2.6,1.41,1.4,8.8,Regional Spread
2025-02-01,Vietnam,Agriculture,5.4,0.0,1.5,0.68,0.8,8.8,Regional Spread
2025-02-01,Vietnam,Pharmaceuticals,4.2,0.0,1.5,0.7,0.7,8.8,Regional Spread
2025-02-01,Vietnam,Electronics,6.5,0.0,2.1,0.81,1.0,8.8,Regional Spread
2025-02-01,Vietnam,Automotive,7.5,0.0,2.2,1.25,1.4,8.8,Regional Spread
2025-02-01,Vietnam,Textiles,3.0,0.0,1.0,0.45,0.6,8.8,Regional Spread
2025-02-01,Vietnam,Chemicals,7.5,0.0,2.8,1.39,1.5,8.8,Regional Spread
2025-02-01,Philippines,Energy,30.3,0.0,10.1,5.14,5.9,5.8,Regional Spread
2025-02-01,Philippines,Manufacturing,19.9,0.0,6.3,3.12,4.1,5.8,Regional Spread
2025-02-01,Philippines,Agriculture,14.7,0.0,3.8,1.85,2.2,5.8,Regional Spread
2025-02-01,Philippines,Pharmaceuticals,9.6,0.0,3.5,1.72,2.2,5.8,Regional Spread
2025-02-01,Philippines,Electronics,17.2,0.0,5.5,2.21,3.2,5.8,Regional Spread
2025-02-01,Philippines,Automotive,18.7,0.0,6.7,3.13,3.6,5.8,Regional Spread
2025-02-01,Philippines,Textiles,9.3,0.0,2.9,1.28,1.8,5.8,Regional Spread
2025-02-01,Philippines,Chemicals,23.0,0.0,8.0,3.31,4.7,5.8,Regional Spread
2025-02-01,Malaysia,Energy,6.3,0.0,2.0,0.89,1.3,9.6,Regional Spread
2025-02-01,Malaysia,Manufacturing,3.8,0.0,1.5,0.63,0.8,9.6,Regional Spread
2025-02-01,Malaysia,Agriculture,2.9,0.0,0.9,0.46,0.4,9.6,Regional Spread
2025-02-01,Malaysia,Pharmaceuticals,2.0,0.0,1.1,0.38,0.4,9.6,Regional Spread
2025-02-01,Malaysia,Electronics,3.7,0.0,1.2,0.43,0.6,9.6,Regional Spread
2025-02-01,Malaysia,Automotive,4.3,0.0,1.5,0.58,0.7,9.6,Regional Spread
2025-02-01,Malaysia,Textiles,1.6,0.0,1.1,0.32,0.4,9.6,Regional Spread
2025-02-01,Malaysia,Chemicals,4.1,0.0,1.4,0.88,0.8,9.6,Regional Spread
2025-02-01,Pakistan,Energy,40.3,0.0,13.9,6.4,7.1,4.6,Regional Spread
2025-02-01,Pakistan,Manufacturing,24.9,0.0,10.0,4.16,5.0,4.6,Regional Spread
2025-02-01,Pakistan,Agriculture,18.5,0.0,5.7,2.17,3.2,4.6,Regional Spread
2025-02-01,Pakistan,Pharmaceuticals,12.2,0.0,4.5,2.51,2.5,4.6,Regional Spread
2025-02-01,Pakistan,Electronics,22.7,0.0,6.2,3.79,3.9,4.6,Regional Spread
2025-02-01,Pakistan,Automotive,26.8,0.0,8.4,3.48,4.8,4.6,Regional Spread
2025-02-01,Pakistan,Textiles,10.7,0.0,3.6,2.07,2.3,4.6,Regional Spread
2025-02-01,Pakistan,Chemicals,30.2,0.0,10.1,5.2,5.2,4.6,Regional Spread
2025-02-01,Bangladesh,Energy,20.4,0.0,7.5,3.76,4.3,7.2,Regional Spread
2025-02-01,Bangladesh,Manufacturing,16.3,0.0,4.7,2.39,2.8,7.2,Regional Spread
2025-02-01,Bangladesh,Agriculture,8.7,0.0,2.6,1.31,1.6,7.2,Regional Spread
2025-02-01,Bangladesh,Pharmaceuticals,7.8,0.0,2.7,1.23,1.5,7.2,Regional Spread
2025-02-01,Bangladesh,Electronics,11.4,0.0,3.8,2.11,2.3,7.2,Regional Spread
2025-02-01,Bangladesh,Automotive,12.7,0.0,4.1,2.41,2.6,7.2,Regional Spread
2025-02-01,Bangladesh,Textiles,6.2,0.0,2.0,0.86,1.1,7.2,Regional Spread
2025-02-01,Bangladesh,Chemicals,16.3,0.0,4.7,2.24,3.2,7.2,Regional Spread
2025-02-01,Taiwan,Energy,44.3,0.1,16.0,7.2,8.3,4.4,Regional Spread
2025-02-01,Taiwan,Manufacturing,26.9,0.1,8.1,4.72,5.1,4.4,Regional Spread
2025-02-01,Taiwan,Agriculture,18.0,0.0,6.0,2.8,3.2,4.4,Regional Spread
2025-02-01,Taiwan,Pharmaceuticals,16.5,0.0,5.2,1.88,2.4,4.4,Regional Spread
2025-02-01,Taiwan,Electronics,24.2,0.0,7.3,3.32,4.3,4.4,Regional Spread
2025-02-01,Taiwan,Automotive,27.9,0.1,9.7,3.39,5.2,4.4,Regional Spread
2025-02-01,Taiwan,Textiles,12.3,0.0,4.4,1.74,2.0,4.4,Regional Spread
2025-02-01,Taiwan,Chemicals,29.6,0.1,10.1,4.76,5.7,4.4,Regional Spread
2025-02-01,Singapore,Energy,38.5,0.1,16.0,6.13,8.7,4.2,Regional Spread
2025-02-01,Singapore,Manufacturing,28.0,0.0,8.3,4.85,5.5,4.2,Regional Spread
2025-02-01,Singapore,Agriculture,15.5,0.0,6.0,2.23,2.9,4.2,Regional Spread
2025-02-01,Singapore,Pharmaceuticals,12.9,0.0,5.3,2.49,2.5,4.2,Regional Spread
2025-02-01,Singapore,Electronics,20.3,0.0,8.0,3.58,3.9,4.2,Regional Spread
2025-02-01,Singapore,Automotive,25.1,0.0,7.8,3.63,4.8,4.2,Regional Spread
2025-02-01,Singapore,Textiles,10.7,0.0,4.0,2.14,2.3,4.2,Regional Spread
2025-02-01,Singapore,Chemicals,34.7,0.0,9.2,5.05,5.8,4.2,Regional Spread
2025-02-01,New Zealand,Energy,14.3,0.0,4.8,2.65,3.1,8.4,Regional Spread
2025-02-01,New Zealand,Manufacturing,11.3,0.0,2.9,1.87,1.7,8.4,Regional Spread
2025-02-01,New Zealand,Agriculture,5.2,0.0,1.8,0.78,1.0,8.4,Regional Spread
2025-02-01,New Zealand,Pharmaceuticals,5.7,0.0,1.8,0.95,1.0,8.4,Regional Spread
2025-02-01,New Zealand,Electronics,8.9,0.0,2.2,1.3,1.4,8.4,Regional Spread
2025-02-01,New Zealand,Automotive,9.2,0.0,3.5,1.74,1.8,8.4,Regional Spread
2025-02-01,New Zealand,Textiles,4.6,0.0,1.2,0.72,0.7,8.4,Regional Spread
2025-02-01,New Zealand,Chemicals,11.7,0.0,4.1,1.51,2.2,8.4,Regional Spread
2025-02-01,Sri Lanka,Energy,45.2,0.0,17.5,7.61,9.6,3.4,Regional Spread
2025-02-01,Sri Lanka,Manufacturing,28.5,0.0,10.9,6.09,5.7,3.4,Regional Spread
2025-02-01,Sri Lanka,Agriculture,20.3,0.0,7.2,3.43,3.9,3.4,Regional Spread
2025-02-01,Sri Lanka,Pharmaceuticals,14.5,0.0,5.9,2.75,2.8,3.4,Regional Spread
2025-02-01,Sri Lanka,Electronics,25.9,0.0,7.1,4.35,4.2,3.4,Regional Spread
2025-02-01,Sri Lanka,Automotive,31.2,0.0,9.5,5.54,5.0,3.4,Regional Spread
2025-02-01,Sri Lanka,Textiles,13.6,0.0,4.1,2.24,2.5,3.4,Regional Spread
2025-02-01,Sri Lanka,Chemicals,33.6,0.0,11.2,5.84,5.9,3.4,Regional Spread
2025-02-01,Myanmar,Energy,17.0,0.0,7.2,3.04,3.4,7.8,Regional Spread
2025-02-01,Myanmar,Manufacturing,12.6,0.0,4.2,2.12,2.4,7.8,Regional Spread
2025-02-01,Myanmar,Agriculture,7.2,0.0,2.7,1.32,1.4,7.8,Regional Spread
2025-02-01,Myanmar,Pharmaceuticals,5.8,0.0,2.1,1.16,1.3,7.8,Regional Spread
2025-02-01,Myanmar,Electronics,9.2,0.0,3.4,1.49,1.8,7.8,Regional Spread
2025-02-01,Myanmar,Automotive,11.8,0.0,4.4,2.12,2.1,7.8,Regional Spread
2025-02-01,Myanmar,Textiles,5.0,0.0,1.7,0.71,1.0,7.8,Regional Spread
2025-02-01,Myanmar,Chemicals,12.5,0.0,4.5,1.9,2.5,7.8,Regional Spread
2025-02-01,Cambodia,Energy,19.2,0.0,7.4,3.6,4.1,7.4,Regional Spread
2025-02-01,Cambodia,Manufacturing,12.8,0.0,5.3,1.93,2.7,7.4,Regional Spread
2025-02-01,Cambodia,Agriculture,7.9,0.0,2.4,1.52,1.5,7.4,Regional Spread
2025-02-01,Cambodia,Pharmaceuticals,8.2,0.0,2.6,1.29,1.3,7.4,Regional Spread
2025-02-01,Cambodia,Electronics,12.4,0.0,3.3,1.51,2.0,7.4,Regional Spread
2025-02-01,Cambodia,Automotive,15.1,0.0,4.9,2.29,2.2,7.4,Regional Spread
2025-02-01,Cambodia,Textiles,5.8,0.0,2.0,0.97,1.2,7.4,Regional Spread
2025-02-01,Cambodia,Chemicals,14.1,0.0,5.6,2.39,2.8,7.4,Regional Spread
2025-02-01,Laos,Energy,6.3,0.0,1.9,0.96,1.0,9.8,Regional Spread
2025-02-01,Laos,Manufacturing,4.0,0.0,1.2,0.51,0.7,9.8,Regional Spread
2025-02-01,Laos,Agriculture,2.1,0.0,1.0,0.39,0.4,9.8,Regional Spread
2025-02-01,Laos,Pharmaceuticals,1.7,0.0,1.1,0.3,0.3,9.8,Regional Spread
2025-02-01,Laos,Electronics,3.0,0.0,1.0,0.4,0.5,9.8,Regional Spread
2025-02-01,Laos,Automotive,3.4,0.0,1.0,0.5,0.6,9.8,Regional Spread
2025-02-01,Laos,Textiles,1.7,0.0,1.1,0.26,0.3,9.8,Regional Spread
2025-02-01,Laos,Chemicals,4.0,0.0,1.1,0.71,0.8,9.8,Regional Spread
2025-02-01,Mongolia,Energy,2.8,0.0,1.0,0.49,0.5,10.0,Regional Spread
2025-02-01,Mongolia,Manufacturing,1.8,0.0,1.0,0.27,0.3,10.0,Regional Spread
2025-02-01,Mongolia,Agriculture,1.1,0.0,1.0,0.17,0.2,10.0,Regional Spread
2025-02-01,Mongolia,Pharmaceuticals,0.9,0.0,1.0,0.13,0.2,10.0,Regional Spread
2025-02-01,Mongolia,Electronics,1.3,0.0,1.0,0.21,0.2,10.0,Regional Spread
2025-02-01,Mongolia,Automotive,1.6,0.0,1.1,0.29,0.3,10.0,Regional Spread
2025-02-01,Mongolia,Textiles,0.8,0.0,1.0,0.11,0.2,10.0,Regional Spread
2025-02-01,Mongolia,Chemicals,1.7,0.0,1.0,0.3,0.4,10.0,Regional Spread
2025-03-01,China,Energy,21.1,1.2,6.8,3.78,4.6,7.1,Regional Spread
2025-03-01,China,Manufacturing,13.9,0.7,5.8,2.28,2.9,7.1,Regional Spread
2025-03-01,China,Agriculture,8.5,0.4,3.5,1.22,1.6,7.1,Regional Spread
2025-03-01,China,Pharmaceuticals,7.0,0.4,3.0,1.49,1.4,7.1,Regional Spread
2025-03-01,China,Electronics,13.2,0.6,4.5,2.02,2.4,7.1,Regional Spread
2025-03-01,China,Automotive,12.7,0.8,5.5,2.0,2.8,7.1,Regional Spread
2025-03-01,China,Textiles,7.1,0.3,2.2,0.91,1.2,7.1,Regional Spread
2025-03-01,China,Chemicals,16.2,1.0,6.5,2.89,3.4,7.1,Regional Spread
2025-03-01,India,Energy,32.7,0.4,10.9,5.17,5.8,5.6,Regional Spread
2025-03-01,India,Manufacturing,24.9,0.2,8.2,3.12,3.8,5.6,Regional Spread
2025-03-01,India,Agriculture,11.4,0.1,4.2,1.95,2.5,5.6,Regional Spread
2025-03-01,India,Pharmaceuticals,11.7,0.1,4.3,1.81,2.3,5.6,Regional Spread
2025-03-01,India,Electronics,19.7,0.1,5.8,2.31,3.4,5.6,Regional Spread
2025-03-01,India,Automotive,22.9,0.2,6.4,3.0,4.1,5.6,Regional Spread
2025-03-01,India,Textiles,9.4,0.1,3.2,1.47,1.8,5.6,Regional Spread
2025-03-01,India,Chemicals,24.2,0.3,7.1,4.3,4.8,5.6,Regional Spread
2025-03-01,Japan,Energy,48.6,0.6,16.4,6.83,8.9,3.6,Regional Spread
2025-03-01,Japan,Manufacturing,28.2,0.3,10.7,4.29,5.6,3.6,Regional Spread
2025-03-01,Japan,Agriculture,18.8,0.2,5.5,2.74,3.4,3.6,Regional Spread
2025-03-01,Japan,Pharmaceuticals,17.3,0.2,5.6,2.87,2.7,3.6,Regional Spread
2025-03-01,Japan,Electronics,23.6,0.3,8.7,3.73,4.1,3.6,Regional Spread
2025-03-01,Japan,Automotive,33.2,0.4,10.6,4.85,5.8,3.6,Regional Spread
2025-03-01,Japan,Textiles,15.3,0.1,4.5,2.03,2.6,3.6,Regional Spread
2025-03-01,Japan,Chemicals,36.9,0.4,13.0,4.99,5.9,3.6,Regional Spread
2025-03-01,South Korea,Energy,37.0,0.2,13.9,6.38,6.9,4.8,Regional Spread
2025-03-01,South Korea,Manufacturing,27.3,0.1,8.4,4.22,4.8,4.8,Regional Spread
2025-03-01,South Korea,Agriculture,15.6,0.1,5.3,2.27,2.6,4.8,Regional Spread
2025-03-01,South Korea,Pharmaceuticals,13.9,0.1,4.9,1.76,2.6,4.8,Regional Spread
2025-03-01,South Korea,Electronics,20.2,0.1,6.6,3.23,3.3,4.8,Regional Spread
2025-03-01,South Korea,Automotive,27.9,0.1,7.8,3.96,4.7,4.8,Regional Spread
2025-03-01,South Korea,Textiles,10.9,0.1,3.4,1.56,2.0,4.8,Regional Spread
2025-03-01,South Korea,Chemicals,30.5,0.1,10.1,3.85,5.8,4.8,Regional Spread
2025-03-01,Australia,Energy,8.4,0.0,2.7,1.16,1.4,9.4,Regional Spread
2025-03-01,Australia,Manufacturing,5.0,0.0,2.0,0.77,0.9,9.4,Regional Spread
2025-03-01,Australia,Agriculture,3.5,0.0,1.1,0.5,0.6,9.4,Regional Spread
2025-03-01,Australia,Pharmaceuticals,2.4,0.0,1.0,0.49,0.5,9.4,Regional Spread
2025-03-01,Australia,Electronics,4.6,0.0,1.5,0.72,0.7,9.4,Regional Spread
2025-03-01,Australia,Automotive,5.1,0.0,1.7,0.81,0.9,9.4,Regional Spread
2025-03-01,Australia,Textiles,2.6,0.0,1.1,0.41,0.4,9.4,Regional Spread
2025-03-01,Australia,Chemicals,5.6,0.0,2.1,1.07,1.0,9.4,Regional Spread
2025-03-01,Indonesia,Energy,9.0,0.0,2.9,1.52,1.7,9.2,Regional Spread
2025-03-01,Indonesia,Manufacturing,6.7,0.0,2.0,1.04,1.2,9.2,Regional Spread
2025-03-01,Indonesia,Agriculture,4.2,0.0,1.3,0.64,0.7,9.2,Regional Spread
2025-03-01,Indonesia,Pharmaceuticals,3.3,0.0,1.2,0.5,0.6,9.2,Regional Spread
2025-03-01,Indonesia,Electronics,4.6,0.0,1.6,0.81,0.9,9.2,Regional Spread
2025-03-01,Indonesia,Automotive,5.6,0.0,1.9,0.79,1.1,9.2,Regional Spread
2025-03-01,Indonesia,Textiles,3.0,0.0,0.9,0.49,0.5,9.2,Regional Spread
2025-03-01,Indonesia,Chemicals,8.2,0.0,2.2,1.1,1.2,9.2,Regional Spread
2025-03-01,Thailand,Energy,28.6,0.0,11.3,4.0,5.2,6.2,Regional Spread
2025-03-01,Thailand,Manufacturing,20.0,0.0,6.1,2.98,3.5,6.2,Regional Spread
2025-03-01,Thailand,Agriculture,10.9,0.0,4.3,1.65,2.1,6.2,Regional Spread
2025-03-01,Thailand,Pharmaceuticals,11.4,0.0,3.6,1.6,1.8,6.2,Regional Spread
2025-03-01,Thailand,Electronics,14.7,0.0,5.1,2.55,3.0,6.2,Regional Spread
2025-03-01,Thailand,Automotive,18.4,0.0,5.2,3.26,3.1,6.2,Regional Spread
2025-03-01,Thailand,Textiles,7.4,0.0,2.8,1.53,1.4,6.2,Regional Spread
2025-03-01,Thailand,Chemicals,24.4,0.0,8.2,3.42,4.1,6.2,Regional Spread
2025-03-01,Vietnam,Energy,11.1,0.0,4.3,2.0,2.2,8.8,Regional Spread
2025-03-01,Vietnam,Manufacturing,8.0,0.0,2.6,1.07,1.4,8.8,Regional Spread
2025-03-01,Vietnam,Agriculture,4.2,0.0,1.6,0.74,0.9,8.8,Regional Spread
2025-03-01,Vietnam,Pharmaceuticals,4.0,0.0,1.5,0.62,0.7,8.8,Regional Spread
2025-03-01,Vietnam,Electronics,6.5,0.0,2.1,0.81,1.2,8.8,Regional Spread
2025-03-01,Vietnam,Automotive,6.6,0.0,2.7,1.06,1.3,8.8,Regional Spread
2025-03-01,Vietnam,Textiles,3.3,0.0,0.9,0.57,0.7,8.8,Regional Spread
2025-03-01,Vietnam,Chemicals,9.1,0.0,3.1,1.46,1.6,8.8,Regional Spread
2025-03-01,Philippines,Energy,36.9,0.0,11.6,5.01,6.1,5.8,Regional Spread
2025-03-01,Philippines,Manufacturing,21.8,0.0,7.7,3.08,4.0,5.8,Regional Spread
2025-03-01,Philippines,Agriculture,12.8,0.0,3.7,1.76,2.4,5.8,Regional Spread
2025-03-01,Philippines,Pharmaceuticals,9.8,0.0,3.5,1.48,2.1,5.8,Regional Spread
2025-03-01,Philippines,Electronics,16.2,0.0,4.6,2.87,3.2,5.8,Regional Spread
2025-03-01,Philippines,Automotive,18.1,0.0,6.1,2.92,3.6,5.8,Regional Spread
2025-03-01,Philippines,Textiles,10.6,0.0,2.7,1.37,1.8,5.8,Regional Spread
2025-03-01,Philippines,Chemicals,25.5,0.0,6.7,3.44,4.8,5.8,Regional Spread
2025-03-01,Malaysia,Energy,6.4,0.0,2.5,1.09,1.2,9.6,Regional Spread
2025-03-01,Malaysia,Manufacturing,4.2,0.0,1.4,0.58,0.7,9.6,Regional Spread
2025-03-01,Malaysia,Agriculture,2.9,0.0,1.0,0.46,0.5,9.6,Regional Spread
2025-03-01,Malaysia,Pharmaceuticals,2.1,0.0,1.0,0.4,0.4,9.6,Regional Spread
2025-03-01,Malaysia,Electronics,3.4,0.0,0.9,0.47,0.6,9.6,Regional Spread
2025-03-01,Malaysia,Automotive,4.2,0.0,1.4,0.58,0.7,9.6,Regional Spread
2025-03-01,Malaysia,Textiles,1.7,0.0,1.0,0.32,0.3,9.6,Regional Spread
2025-03-01,Malaysia,Chemicals,5.2,0.0,1.4,0.8,0.9,9.6,Regional Spread
2025-03-01,Pakistan,Energy,37.5,0.0,15.3,6.31,7.6,4.6,Regional Spread
2025-03-01,Pakistan,Manufacturing,29.1,0.0,7.7,5.09,4.6,4.6,Regional Spread
2025-03-01,Pakistan,Agriculture,17.9,0.0,5.1,2.62,2.8,4.6,Regional Spread
2025-03-01,Pakistan,Pharmaceuticals,14.8,0.0,5.0,1.92,2.5,4.6,Regional Spread
2025-03-01,Pakistan,Electronics,18.3,0.0,5.8,3.55,4.1,4.6,Regional Spread
2025-03-01,Pakistan,Automotive,26.8,0.0,8.0,3.75,4.2,4.6,Regional Spread
2025-03-01,Pakistan,Textiles,11.1,0.0,3.2,1.5,2.3,4.6,Regional Spread
2025-03-01,Pakistan,Chemicals,27.2,0.0,8.5,3.85,5.3,4.6,Regional Spread
2025-03-01,Bangladesh,Energy,25.1,0.0,7.1,3.95,4.1,7.2,Regional Spread
2025-03-01,Bangladesh,Manufacturing,17.6,0.0,5.5,2.83,2.7,7.2,Regional Spread
2025-03-01,Bangladesh,Agriculture,9.4,0.0,2.8,1.35,1.8,7.2,Regional Spread
2025-03-01,Bangladesh,Pharmaceuticals,8.3,0.0,2.7,1.02,1.5,7.2,Regional Spread
2025-03-01,Bangladesh,Electronics,11.0,0.0,3.5,2.1,2.3,7.2,Regional Spread
2025-03-01,Bangladesh,Automotive,15.9,0.0,4.9,2.0,2.5,7.2,Regional Spread
2025-03-01,Bangladesh,Textiles,5.8,0.0,2.3,0.83,1.2,7.2,Regional Spread
2025-03-01,Bangladesh,Chemicals,17.1,0.0,5.4,2.97,2.8,7.2,Regional Spread
2025-03-01,Taiwan,Energy,39.8,0.1,15.8,7.02,8.3,4.4,Regional Spread
2025-03-01,Taiwan,Manufacturing,25.8,0.1,9.4,4.35,5.0,4.4,Regional Spread
2025-03-01,Taiwan,Agriculture,16.9,0.0,4.8,2.87,2.8,4.4,Regional Spread
2025-03-01,Taiwan,Pharmaceuticals,14.3,0.0,5.1,2.51,2.8,4.4,Regional Spread
2025-03-01,Taiwan,Electronics,20.3,0.0,7.3,3.1,3.8,4.4,Regional Spread
2025-03-01,Taiwan,Automotive,29.4,0.1,8.1,4.53,4.4,4.4,Regional Spread
2025-03-01,Taiwan,Textiles,11.2,0.0,4.0,1.71,2.1,4.4,Regional Spread
2025-03-01,Taiwan,Chemicals,32.2,0.1,9.1,5.49,6.0,4.4,Regional Spread
2025-03-01,Singapore,Energy,50.8,0.1,13.6,6.66,7.3,4.2,Regional Spread
2025-03-01,Singapore,Manufacturing,27.5,0.0,8.6,4.56,5.8,4.2,Regional Spread
2025-03-01,Singapore,Agriculture,19.7,0.0,6.0,2.5,3.3,4.2,Regional Spread
2025-03-01,Singapore,Pharmaceuticals,12.8,0.0,4.6,2.17,2.6,4.2,Regional Spread
2025-03-01,Singapore,Electronics,23.9,0.0,6.2,3.83,4.3,4.2,Regional Spread
2025-03-01,Singapore,Automotive,26.6,0.0,9.1,3.91,4.9,4.2,Regional Spread
2025-03-01,Singapore,Textiles,12.8,0.0,3.5,2.25,2.3,4.2,Regional Spread
2025-03-01,Singapore,Chemicals,33.8,0.0,11.3,4.18,5.9,4.2,Regional Spread
2025-03-01,New Zealand,Energy,15.6,0.0,5.3,2.74,2.6,8.4,Regional Spread
2025-03-01,New Zealand,Manufacturing,11.2,0.0,3.8,1.83,1.9,8.4,Regional Spread
2025-03-01,New Zealand,Agriculture,5.3,0.0,1.9,0.93,1.0,8.4,Regional Spread
2025-03-01,New Zealand,Pharmaceuticals,5.6,0.0,1.5,0.69,0.9,8.4,Regional Spread
2025-03-01,New Zealand,Electronics,8.7,0.0,2.8,1.03,1.4,8.4,Regional Spread
2025-03-01,New Zealand,Automotive,9.9,0.0,2.6,1.36,1.7,8.4,Regional Spread
2025-03-01,New Zealand,Textiles,4.1,0.0,1.4,0.67,0.7,8.4,Regional Spread
2025-03-01,New Zealand,Chemicals,10.3,0.0,4.1,1.83,2.1,8.4,Regional Spread
2025-03-01,Sri Lanka,Energy,45.1,0.0,16.1,7.21,8.9,3.4,Regional Spread
2025-03-01,Sri Lanka,Manufacturing,32.8,0.0,11.2,5.66,6.5,3.4,Regional Spread
2025-03-01,Sri Lanka,Agriculture,17.9,0.0,6.0,3.4,3.9,3.4,Regional Spread
2025-03-01,Sri Lanka,Pharmaceuticals,18.6,0.0,5.5,2.57,3.0,3.4,Regional Spread
2025-03-01,Sri Lanka,Electronics,24.2,0.0,7.4,4.59,4.3,3.4,Regional Spread
2025-03-01,Sri Lanka,Automotive,26.5,0.0,10.3,5.26,6.1,3.4,Regional Spread
2025-03-01,Sri Lanka,Textiles,14.3,0.0,4.8,2.01,2.3,3.4,Regional Spread
2025-03-01,Sri Lanka,Chemicals,37.4,0.0,13.4,5.24,7.0,3.4,Regional Spread
2025-03-01,Myanmar,Energy,20.0,0.0,6.8,2.73,3.3,7.8,Regional Spread
2025-03-01,Myanmar,Manufacturing,13.8,0.0,4.1,2.3,2.4,7.8,Regional Spread
2025-03-01,Myanmar,Agriculture,7.0,0.0,2.8,1.2,1.4,7.8,Regional Spread
2025-03-01,Myanmar,Pharmaceuticals,5.9,0.0,2.4,1.07,1.1,7.8,Regional Spread
2025-03-01,Myanmar,Electronics,8.9,0.0,3.6,1.25,1.9,7.8,Regional Spread
2025-03-01,Myanmar,Automotive,10.5,0.0,3.8,2.1,2.3,7.8,Regional Spread
2025-03-01,Myanmar,Textiles,6.0,0.0,2.0,0.96,0.9,7.8,Regional Spread
2025-03-01,Myanmar,Chemicals,14.2,0.0,4.6,2.4,2.5,7.8,Regional Spread
2025-03-01,Cambodia,Energy,19.8,0.0,6.2,3.19,3.7,7.4,Regional Spread
2025-03-01,Cambodia,Manufacturing,14.4,0.0,4.3,2.25,2.8,7.4,Regional Spread
2025-03-01,Cambodia,Agriculture,9.4,0.0,2.8,1.13,1.7,7.4,Regional Spread
2025-03-01,Cambodia,Pharmaceuticals,8.4,0.0,2.7,1.11,1.2,7.4,Regional Spread
2025-03-01,Cambodia,Electronics,9.6,0.0,3.3,1.71,1.9,7.4,Regional Spread
2025-03-01,Cambodia,Automotive,14.1,0.0,4.3,2.22,2.7,7.4,Regional Spread
2025-03-01,Cambodia,Textiles,5.6,0.0,2.0,1.08,1.0,7.4,Regional Spread
2025-03-01,Cambodia,Chemicals,13.7,0.0,5.3,2.07,2.9,7.4,Regional Spread
2025-03-01,Laos,Energy,5.4,0.0,1.7,0.86,0.9,9.8,Regional Spread
2025-03-01,Laos,Manufacturing,4.1,0.0,1.3,0.47,0.7,9.8,Regional Spread
2025-03-01,Laos,Agriculture,2.1,0.0,0.9,0.3,0.4,9.8,Regional Spread
2025-03-01,Laos,Pharmaceuticals,2.1,0.0,1.0,0.34,0.3,9.8,Regional Spread
2025-03-01,Laos,Electronics,3.0,0.0,0.9,0.47,0.6,9.8,Regional Spread
2025-03-01,Laos,Automotive,3.0,0.0,1.0,0.61,0.6,9.8,Regional Spread
2025-03-01,Laos,Textiles,1.7,0.0,1.1,0.27,0.3,9.8,Regional Spread
2025-03-01,Laos,Chemicals,3.9,0.0,1.3,0.68,0.8,9.8,Regional Spread
2025-03-01,Mongolia,Energy,2.6,0.0,0.9,0.51,0.5,10.0,Regional Spread
2025-03-01,Mongolia,Manufacturing,1.8,0.0,1.0,0.3,0.3,10.0,Regional Spread
2025-03-01,Mongolia,Agriculture,1.1,0.0,1.0,0.19,0.2,10.0,Regional Spread
2025-03-01,Mongolia,Pharmaceuticals,0.9,0.0,1.0,0.14,0.2,10.0,Regional Spread
2025-03-01,Mongolia,Electronics,1.2,0.0,0.9,0.2,0.3,10.0,Regional Spread
2025-03-01,Mongolia,Automotive,1.7,0.0,1.0,0.24,0.3,10.0,Regional Spread
2025-03-01,Mongolia,Textiles,0.8,0.0,1.1,0.1,0.1,10.0,Regional Spread
2025-03-01,Mongolia,Chemicals,1.8,0.0,1.1,0.27,0.3,10.0,Regional Spread
2025-04-01,China,Energy,32.0,2.0,16.6,7.56,5.8,7.7,Maritime Blockade Threats
2025-04-01,China,Manufacturing,19.2,1.3,11.0,5.0,3.8,7.7,Maritime Blockade Threats
2025-04-01,China,Agriculture,11.0,1.1,6.7,2.75,2.1,7.7,Maritime Blockade Threats
2025-04-01,China,Pharmaceuticals,9.9,0.8,5.2,2.4,1.8,7.7,Maritime Blockade Threats
2025-04-01,China,Electronics,16.7,1.0,7.0,3.95,3.0,7.7,Maritime Blockade Threats
2025-04-01,China,Automotive,20.8,1.3,9.4,4.42,3.4,7.7,Maritime Blockade Threats
2025-04-01,China,Textiles,9.7,0.6,4.0,1.8,1.6,7.7,Maritime Blockade Threats
2025-04-01,China,Chemicals,21.9,1.8,10.1,5.23,4.1,7.7,Maritime Blockade Threats
2025-04-01,India,Energy,38.6,0.7,19.7,9.45,8.7,6.2,Maritime Blockade Threats
2025-04-01,India,Manufacturing,30.5,0.4,15.9,6.56,5.5,6.2,Maritime Blockade Threats
2025-04-01,India,Agriculture,18.4,0.3,8.6,4.22,3.2,6.2,Maritime Blockade Threats
2025-04-01,India,Pharmaceuticals,13.5,0.2,7.3,3.16,2.5,6.2,Maritime Blockade Threats
2025-04-01,India,Electronics,20.3,0.4,12.3,5.75,4.1,6.2,Maritime Blockade Threats
2025-04-01,India,Automotive,28.2,0.5,12.3,5.42,5.4,6.2,Maritime Blockade Threats
2025-04-01,India,Textiles,10.9,0.2,5.7,2.85,2.1,6.2,Maritime Blockade Threats
2025-04-01,India,Chemicals,33.2,0.6,17.9,7.63,5.6,6.2,Maritime Blockade Threats
2025-04-01,Japan,Energy,56.5,1.0,30.2,16.72,10.0,4.2,Maritime Blockade Threats
2025-04-01,Japan,Manufacturing,39.6,0.7,22.4,8.86,7.6,4.2,Maritime Blockade Threats
2025-04-01,Japan,Agriculture,23.0,0.3,12.6,6.57,4.0,4.2,Maritime Blockade Threats
2025-04-01,Japan,Pharmaceuticals,22.5,0.3,11.7,4.99,3.8,4.2,Maritime Blockade Threats
2025-04-01,Japan,Electronics,35.7,0.6,15.6,7.68,5.3,4.2,Maritime Blockade Threats
2025-04-01,Japan,Automotive,39.0,0.8,17.5,9.06,6.6,4.2,Maritime Blockade Threats
2025-04-01,Japan,Textiles,18.7,0.3,10.0,3.68,3.0,4.2,Maritime Blockade Threats
2025-04-01,Japan,Chemicals,41.6,0.8,21.2,9.61,8.7,4.2,Maritime Blockade Threats
2025-04-01,South Korea,Energy,47.7,0.3,25.1,13.48,8.5,5.4,Maritime Blockade Threats
2025-04-01,South Korea,Manufacturing,39.2,0.2,16.2,9.04,6.2,5.4,Maritime Blockade Threats
2025-04-01,South Korea,Agriculture,20.2,0.1,8.9,5.38,3.6,5.4,Maritime Blockade Threats
2025-04-01,South Korea,Pharmaceuticals,18.3,0.1,8.3,3.7,2.9,5.4,Maritime Blockade Threats
2025-04-01,South Korea,Electronics,29.3,0.2,13.2,5.39,4.9,5.4,Maritime Blockade Threats
2025-04-01,South Korea,Automotive,29.0,0.2,16.1,6.51,6.1,5.4,Maritime Blockade Threats
2025-04-01,South Korea,Textiles,12.3,0.1,7.2,4.05,2.3,5.4,Maritime Blockade Threats
2025-04-01,South Korea,Chemicals,42.3,0.3,19.6,10.35,7.2,5.4,Maritime Blockade Threats
2025-04-01,Australia,Energy,9.2,0.1,6.0,3.0,1.8,10.0,Maritime Blockade Threats
2025-04-01,Australia,Manufacturing,7.8,0.1,3.9,1.98,1.3,10.0,Maritime Blockade Threats
2025-04-01,Australia,Agriculture,4.4,0.0,2.2,1.1,0.7,10.0,Maritime Blockade Threats
2025-04-01,Australia,Pharmaceuticals,3.1,0.0,1.8,0.95,0.6,10.0,Maritime Blockade Threats
2025-04-01,Australia,Electronics,5.8,0.0,2.6,1.25,0.9,10.0,Maritime Blockade Threats
2025-04-01,Australia,Automotive,7.5,0.0,3.2,1.7,1.1,10.0,Maritime Blockade Threats
2025-04-01,Australia,Textiles,3.3,0.0,1.3,0.83,0.5,10.0,Maritime Blockade Threats
2025-04-01,Australia,Chemicals,7.8,0.1,4.0,1.63,1.4,10.0,Maritime Blockade Threats
2025-04-01,Indonesia,Energy,12.8,0.1,7.3,3.26,2.4,9.8,Maritime Blockade Threats
2025-04-01,Indonesia,Manufacturing,9.0,0.0,4.7,2.37,1.6,9.8,Maritime Blockade Threats
2025-04-01,Indonesia,Agriculture,5.2,0.0,2.5,1.03,0.9,9.8,Maritime Blockade Threats
2025-04-01,Indonesia,Pharmaceuticals,3.8,0.0,2.3,1.07,0.7,9.8,Maritime Blockade Threats
2025-04-01,Indonesia,Electronics,5.8,0.0,3.2,1.44,1.1,9.8,Maritime Blockade Threats
2025-04-01,Indonesia,Automotive,6.9,0.0,4.0,2.13,1.4,9.8,Maritime Blockade Threats
2025-04-01,Indonesia,Textiles,3.4,0.0,2.0,0.88,0.6,9.8,Maritime Blockade Threats
2025-04-01,Indonesia,Chemicals,9.3,0.1,4.6,2.6,1.6,9.8,Maritime Blockade Threats
2025-04-01,Thailand,Energy,40.8,0.1,18.0,11.02,7.1,6.8,Maritime Blockade Threats
2025-04-01,Thailand,Manufacturing,26.8,0.1,12.5,6.63,4.9,6.8,Maritime Blockade Threats
2025-04-01,Thailand,Agriculture,13.0,0.0,6.7,4.21,2.5,6.8,Maritime Blockade Threats
2025-04-01,Thailand,Pharmaceuticals,14.7,0.0,6.7,3.49,2.2,6.8,Maritime Blockade Threats
2025-04-01,Thailand,Electronics,19.9,0.0,9.6,4.31,3.5,6.8,Maritime Blockade Threats
2025-04-01,Thailand,Automotive,26.0,0.1,13.3,5.0,4.1,6.8,Maritime Blockade Threats
2025-04-01,Thailand,Textiles,11.9,0.0,5.6,2.46,2.1,6.8,Maritime Blockade Threats
2025-04-01,Thailand,Chemicals,26.3,0.1,15.3,6.87,5.0,6.8,Maritime Blockade Threats
2025-04-01,Vietnam,Energy,14.1,0.0,8.7,3.92,2.7,9.4,Maritime Blockade Threats
2025-04-01,Vietnam,Manufacturing,10.5,0.0,4.8,2.16,2.0,9.4,Maritime Blockade Threats
2025-04-01,Vietnam,Agriculture,6.4,0.0,3.5,1.22,1.1,9.4,Maritime Blockade Threats
2025-04-01,Vietnam,Pharmaceuticals,5.4,0.0,2.9,1.19,1.0,9.4,Maritime Blockade Threats
2025-04-01,Vietnam,Electronics,8.0,0.0,3.6,1.77,1.4,9.4,Maritime Blockade Threats
2025-04-01,Vietnam,Automotive,9.0,0.0,4.2,2.5,1.8,9.4,Maritime Blockade Threats
2025-04-01,Vietnam,Textiles,4.8,0.0,2.4,1.15,0.7,9.4,Maritime Blockade Threats
2025-04-01,Vietnam,Chemicals,10.2,0.0,6.5,2.71,2.1,9.4,Maritime Blockade Threats
2025-04-01,Philippines,Energy,37.0,0.1,19.4,9.87,8.0,6.4,Maritime Blockade Threats
2025-04-01,Philippines,Manufacturing,27.5,0.1,14.7,6.85,5.5,6.4,Maritime Blockade Threats
2025-04-01,Philippines,Agriculture,18.3,0.0,8.7,3.89,3.1,6.4,Maritime Blockade Threats
2025-04-01,Philippines,Pharmaceuticals,15.2,0.0,6.8,3.32,2.4,6.4,Maritime Blockade Threats
2025-04-01,Philippines,Electronics,19.3,0.0,10.3,4.57,3.5,6.4,Maritime Blockade Threats
2025-04-01,Philippines,Automotive,24.3,0.1,12.9,7.14,4.3,6.4,Maritime Blockade Threats
2025-04-01,Philippines,Textiles,10.6,0.0,5.3,2.89,2.0,6.4,Maritime Blockade Threats
2025-04-01,Philippines,Chemicals,28.2,0.0,17.5,7.6,5.8,6.4,Maritime Blockade Threats
2025-04-01,Malaysia,Energy,7.3,0.0,4.4,2.37,1.4,10.0,Maritime Blockade Threats
2025-04-01,Malaysia,Manufacturing,5.8,0.0,3.3,1.37,1.0,10.0,Maritime Blockade Threats
2025-04-01,Malaysia,Agriculture,3.0,0.0,1.7,0.9,0.6,10.0,Maritime Blockade Threats
2025-04-01,Malaysia,Pharmaceuticals,3.2,0.0,1.3,0.62,0.5,10.0,Maritime Blockade Threats
2025-04-01,Malaysia,Electronics,4.1,0.0,2.5,1.07,0.8,10.0,Maritime Blockade Threats
2025-04-01,Malaysia,Automotive,5.8,0.0,2.9,1.34,1.0,10.0,Maritime Blockade Threats
2025-04-01,Malaysia,Textiles,2.1,0.0,1.2,0.51,0.4,10.0,Maritime Blockade Threats
2025-04-01,Malaysia,Chemicals,6.7,0.0,3.5,1.43,1.2,10.0,Maritime Blockade Threats
2025-04-01,Pakistan,Energy,55.8,0.1,23.1,15.16,10.0,5.2,Maritime Blockade Threats
2025-04-01,Pakistan,Manufacturing,35.8,0.1,19.8,7.94,6.3,5.2,Maritime Blockade Threats
2025-04-01,Pakistan,Agriculture,19.3,0.0,10.3,4.93,4.1,5.2,Maritime Blockade Threats
2025-04-01,Pakistan,Pharmaceuticals,16.8,0.0,9.7,4.99,3.2,5.2,Maritime Blockade Threats
2025-04-01,Pakistan,Electronics,24.1,0.0,15.0,7.46,4.7,5.2,Maritime Blockade Threats
2025-04-01,Pakistan,Automotive,32.5,0.1,18.2,8.69,5.9,5.2,Maritime Blockade Threats
2025-04-01,Pakistan,Textiles,14.5,0.0,6.8,3.05,2.9,5.2,Maritime Blockade Threats
2025-04-01,Pakistan,Chemicals,44.3,0.1,19.9,9.88,7.3,5.2,Maritime Blockade Threats
2025-04-01,Bangladesh,Energy,33.5,0.1,13.1,7.41,5.6,7.8,Maritime Blockade Threats
2025-04-01,Bangladesh,Manufacturing,21.9,0.0,11.5,4.29,3.3,7.8,Maritime Blockade Threats
2025-04-01,Bangladesh,Agriculture,10.5,0.0,6.5,2.78,2.1,7.8,Maritime Blockade Threats
2025-04-01,Bangladesh,Pharmaceuticals,10.2,0.0,5.2,2.59,1.7,7.8,Maritime Blockade Threats
2025-04-01,Bangladesh,Electronics,16.8,0.0,6.6,3.52,2.6,7.8,Maritime Blockade Threats
2025-04-01,Bangladesh,Automotive,17.7,0.0,8.7,4.0,3.1,7.8,Maritime Blockade Threats
2025-04-01,Bangladesh,Textiles,7.9,0.0,4.6,2.18,1.4,7.8,Maritime Blockade Threats
2025-04-01,Bangladesh,Chemicals,22.6,0.0,9.9,5.8,4.1,7.8,Maritime Blockade Threats
2025-04-01,Taiwan,Energy,56.0,0.2,32.0,15.21,9.3,5.0,Maritime Blockade Threats
2025-04-01,Taiwan,Manufacturing,40.0,0.1,17.4,7.89,6.7,5.0,Maritime Blockade Threats
2025-04-01,Taiwan,Agriculture,19.8,0.1,10.6,5.5,4.2,5.0,Maritime Blockade Threats
2025-04-01,Taiwan,Pharmaceuticals,17.1,0.1,9.7,4.73,3.1,5.0,Maritime Blockade Threats
2025-04-01,Taiwan,Electronics,31.8,0.1,15.0,7.85,5.5,5.0,Maritime Blockade Threats
2025-04-01,Taiwan,Automotive,35.4,0.1,18.2,7.79,6.1,5.0,Maritime Blockade Threats
2025-04-01,Taiwan,Textiles,17.1,0.0,7.5,4.14,3.0,5.0,Maritime Blockade Threats
2025-04-01,Taiwan,Chemicals,37.2,0.1,18.6,8.23,7.4,5.0,Maritime Blockade Threats
2025-04-01,Singapore,Energy,52.1,0.1,27.9,14.16,10.0,4.8,Maritime Blockade Threats
2025-04-01,Singapore,Manufacturing,32.4,0.1,17.8,10.27,7.2,4.8,Maritime Blockade Threats
2025-04-01,Singapore,Agriculture,21.4,0.0,12.4,5.61,4.1,4.8,Maritime Blockade Threats
2025-04-01,Singapore,Pharmaceuticals,16.4,0.0,10.5,4.65,3.7,4.8,Maritime Blockade Threats
2025-04-01,Singapore,Electronics,29.3,0.1,15.8,7.45,4.9,4.8,Maritime Blockade Threats
2025-04-01,Singapore,Automotive,31.1,0.1,16.3,7.63,6.8,4.8,Maritime Blockade Threats
2025-04-01,Singapore,Textiles,17.6,0.0,6.9,4.39,3.0,4.8,Maritime Blockade Threats
2025-04-01,Singapore,Chemicals,36.8,0.1,23.0,8.43,7.6,4.8,Maritime Blockade Threats
2025-04-01,New Zealand,Energy,21.0,0.0,9.4,4.39,3.7,9.0,Maritime Blockade Threats
2025-04-01,New Zealand,Manufacturing,13.9,0.0,6.5,2.72,2.2,9.0,Maritime Blockade Threats
2025-04-01,New Zealand,Agriculture,8.3,0.0,4.0,1.69,1.4,9.0,Maritime Blockade Threats
2025-04-01,New Zealand,Pharmaceuticals,7.2,0.0,3.5,1.38,1.1,9.0,Maritime Blockade Threats
2025-04-01,New Zealand,Electronics,10.2,0.0,5.1,2.13,1.9,9.0,Maritime Blockade Threats
2025-04-01,New Zealand,Automotive,12.8,0.0,6.7,3.33,2.2,9.0,Maritime Blockade Threats
2025-04-01,New Zealand,Textiles,5.0,0.0,3.1,1.15,1.0,9.0,Maritime Blockade Threats
2025-04-01,New Zealand,Chemicals,13.6,0.0,8.3,4.1,2.9,9.0,Maritime Blockade Threats
2025-04-01,Sri Lanka,Energy,69.7,0.0,29.5,15.69,10.0,4.0,Maritime Blockade Threats
2025-04-01,Sri Lanka,Manufacturing,40.1,0.0,22.4,9.61,7.3,4.0,Maritime Blockade Threats
2025-04-01,Sri Lanka,Agriculture,26.8,0.0,11.8,6.77,5.0,4.0,Maritime Blockade Threats
2025-04-01,Sri Lanka,Pharmaceuticals,22.9,0.0,10.6,5.83,3.7,4.0,Maritime Blockade Threats
2025-04-01,Sri Lanka,Electronics,29.1,0.0,16.2,8.87,5.6,4.0,Maritime Blockade Threats
2025-04-01,Sri Lanka,Automotive,37.4,0.0,20.0,9.14,7.5,4.0,Maritime Blockade Threats
2025-04-01,Sri Lanka,Textiles,15.2,0.0,10.2,4.99,3.5,4.0,Maritime Blockade Threats
2025-04-01,Sri Lanka,Chemicals,43.2,0.0,25.2,10.39,8.9,4.0,Maritime Blockade Threats
2025-04-01,Myanmar,Energy,23.2,0.0,12.7,5.14,5.0,8.4,Maritime Blockade Threats
2025-04-01,Myanmar,Manufacturing,18.0,0.0,7.2,4.73,3.1,8.4,Maritime Blockade Threats
2025-04-01,Myanmar,Agriculture,9.0,0.0,5.2,2.68,1.8,8.4,Maritime Blockade Threats
2025-04-01,Myanmar,Pharmaceuticals,8.2,0.0,3.9,2.12,1.6,8.4,Maritime Blockade Threats
2025-04-01,Myanmar,Electronics,11.2,0.0,6.9,2.92,2.2,8.4,Maritime Blockade Threats
2025-04-01,Myanmar,Automotive,16.9,0.0,8.3,3.36,2.5,8.4,Maritime Blockade Threats
2025-04-01,Myanmar,Textiles,7.9,0.0,3.7,1.8,1.3,8.4,Maritime Blockade Threats
2025-04-01,Myanmar,Chemicals,20.2,0.0,10.4,4.82,3.1,8.4,Maritime Blockade Threats
2025-04-01,Cambodia,Energy,28.8,0.0,13.4,6.61,5.5,8.0,Maritime Blockade Threats
2025-04-01,Cambodia,Manufacturing,17.9,0.0,10.0,5.33,3.8,8.0,Maritime Blockade Threats
2025-04-01,Cambodia,Agriculture,12.2,0.0,4.8,3.01,1.8,8.0,Maritime Blockade Threats
2025-04-01,Cambodia,Pharmaceuticals,9.0,0.0,5.2,1.99,1.6,8.0,Maritime Blockade Threats
2025-04-01,Cambodia,Electronics,14.8,0.0,8.0,3.91,2.4,8.0,Maritime Blockade Threats
2025-04-01,Cambodia,Automotive,19.7,0.0,9.6,4.88,3.4,8.0,Maritime Blockade Threats
2025-04-01,Cambodia,Textiles,7.5,0.0,3.5,2.19,1.4,8.0,Maritime Blockade Threats
2025-04-01,Cambodia,Chemicals,17.8,0.0,9.1,5.48,3.5,8.0,Maritime Blockade Threats
2025-04-01,Laos,Energy,7.0,0.0,3.5,1.78,1.4,10.0,Maritime Blockade Threats
2025-04-01,Laos,Manufacturing,4.3,0.0,2.4,1.02,0.9,10.0,Maritime Blockade Threats
2025-04-01,Laos,Agriculture,3.1,0.0,1.6,0.56,0.5,10.0,Maritime Blockade Threats
2025-04-01,Laos,Pharmaceuticals,2.3,0.0,1.3,0.52,0.4,10.0,Maritime Blockade Threats
2025-04-01,Laos,Electronics,3.2,0.0,2.0,0.8,0.6,10.0,Maritime Blockade Threats
2025-04-01,Laos,Automotive,4.3,0.0,2.5,1.0,0.8,10.0,Maritime Blockade Threats
2025-04-01,Laos,Textiles,1.7,0.0,1.1,0.45,0.4,10.0,Maritime Blockade Threats
2025-04-01,Laos,Chemicals,4.6,0.0,3.0,1.16,0.9,10.0,Maritime Blockade Threats
2025-04-01,Mongolia,Energy,3.3,0.0,1.6,0.8,0.6,10.0,Maritime Blockade Threats
2025-04-01,Mongolia,Manufacturing,2.0,0.0,1.4,0.53,0.5,10.0,Maritime Blockade Threats
2025-04-01,Mongolia,Agriculture,1.3,0.0,1.1,0.28,0.2,10.0,Maritime Blockade Threats
2025-04-01,Mongolia,Pharmaceuticals,1.1,0.0,1.1,0.25,0.2,10.0,Maritime Blockade Threats
2025-04-01,Mongolia,Electronics,1.7,0.0,1.0,0.51,0.3,10.0,Maritime Blockade Threats
2025-04-01,Mongolia,Automotive,2.3,0.0,1.2,0.44,0.4,10.0,Maritime Blockade Threats
2025-04-01,Mongolia,Textiles,1.1,0.0,1.1,0.27,0.2,10.0,Maritime Blockade Threats
2025-04-01,Mongolia,Chemicals,2.7,0.0,1.3,0.55,0.5,10.0,Maritime Blockade Threats
2025-05-01,China,Energy,30.6,2.1,18.1,8.93,6.1,7.7,Maritime Blockade Threats
2025-05-01,China,Manufacturing,18.2,1.3,12.1,4.63,3.5,7.7,Maritime Blockade Threats
2025-05-01,China,Agriculture,10.6,0.7,6.7,3.2,2.3,7.7,Maritime Blockade Threats
2025-05-01,China,Pharmaceuticals,9.3,0.9,6.0,2.47,1.7,7.7,Maritime Blockade Threats
2025-05-01,China,Electronics,14.1,1.1,8.8,4.33,3.1,7.7,Maritime Blockade Threats
2025-05-01,China,Automotive,20.1,1.5,10.2,4.9,3.8,7.7,Maritime Blockade Threats
2025-05-01,China,Textiles,7.7,0.6,4.7,1.94,1.6,7.7,Maritime Blockade Threats
2025-05-01,China,Chemicals,25.6,1.9,10.6,5.33,3.8,7.7,Maritime Blockade Threats
2025-05-01,India,Energy,37.6,0.8,20.3,10.31,8.3,6.2,Maritime Blockade Threats
2025-05-01,India,Manufacturing,31.1,0.5,15.8,5.87,5.6,6.2,Maritime Blockade Threats
2025-05-01,India,Agriculture,19.1,0.3,8.9,3.99,3.3,6.2,Maritime Blockade Threats
2025-05-01,India,Pharmaceuticals,16.1,0.2,6.5,3.66,2.9,6.2,Maritime Blockade Threats
2025-05-01,India,Electronics,25.2,0.4,9.5,5.25,3.7,6.2,Maritime Blockade Threats
2025-05-01,India,Automotive,27.9,0.5,14.6,6.37,5.2,6.2,Maritime Blockade Threats
2025-05-01,India,Textiles,11.7,0.2,5.6,2.56,2.0,6.2,Maritime Blockade Threats
2025-05-01,India,Chemicals,29.2,0.5,18.4,8.02,5.9,6.2,Maritime Blockade Threats
2025-05-01,Japan,Energy,71.9,1.1,27.0,17.13,10.0,4.2,Maritime Blockade Threats
2025-05-01,Japan,Manufacturing,44.2,0.7,19.8,11.22,7.0,4.2,Maritime Blockade Threats
2025-05-01,Japan,Agriculture,22.1,0.5,14.1,6.59,4.4,4.2,Maritime Blockade Threats
2025-05-01,Japan,Pharmaceuticals,22.6,0.4,12.1,5.64,4.0,4.2,Maritime Blockade Threats
2025-05-01,Japan,Electronics,26.8,0.6,13.6,8.44,6.2,4.2,Maritime Blockade Threats
2025-05-01,Japan,Automotive,35.5,0.5,17.9,10.5,6.5,4.2,Maritime Blockade Threats
2025-05-01,Japan,Textiles,17.6,0.3,9.1,4.23,3.3,4.2,Maritime Blockade Threats
2025-05-01,Japan,Chemicals,42.7,0.8,25.1,10.57,7.9,4.2,Maritime Blockade Threats
2025-05-01,South Korea,Energy,44.1,0.3,28.1,11.72,8.8,5.4,Maritime Blockade Threats
2025-05-01,South Korea,Manufacturing,29.7,0.3,19.5,7.64,6.8,5.4,Maritime Blockade Threats
2025-05-01,South Korea,Agriculture,17.5,0.1,9.0,4.69,3.8,5.4,Maritime Blockade Threats
2025-05-01,South Korea,Pharmaceuticals,15.3,0.1,8.7,3.83,3.4,5.4,Maritime Blockade Threats
2025-05-01,South Korea,Electronics,25.8,0.2,12.2,7.24,5.0,5.4,Maritime Blockade Threats
2025-05-01,South Korea,Automotive,27.6,0.2,18.0,7.53,6.2,5.4,Maritime Blockade Threats
2025-05-01,South Korea,Textiles,15.7,0.1,6.1,4.06,2.8,5.4,Maritime Blockade Threats
2025-05-01,South Korea,Chemicals,42.2,0.3,17.9,10.08,6.8,5.4,Maritime Blockade Threats
2025-05-01,Australia,Energy,10.0,0.1,5.9,2.69,1.8,10.0,Maritime Blockade Threats
2025-05-01,Australia,Manufacturing,6.7,0.0,3.6,1.65,1.3,10.0,Maritime Blockade Threats
2025-05-01,Australia,Agriculture,4.3,0.0,2.4,0.84,0.8,10.0,Maritime Blockade Threats
2025-05-01,Australia,Pharmaceuticals,3.6,0.0,1.6,0.72,0.7,10.0,Maritime Blockade Threats
2025-05-01,Australia,Electronics,6.1,0.0,2.6,1.24,1.0,10.0,Maritime Blockade Threats
2025-05-01,Australia,Automotive,7.5,0.0,3.3,1.54,1.3,10.0,Maritime Blockade Threats
2025-05-01,Australia,Textiles,2.9,0.0,1.3,0.69,0.5,10.0,Maritime Blockade Threats
2025-05-01,Australia,Chemicals,6.6,0.1,3.9,1.95,1.3,10.0,Maritime Blockade Threats
2025-05-01,Indonesia,Energy,12.2,0.1,6.8,3.17,2.4,9.8,Maritime Blockade Threats
2025-05-01,Indonesia,Manufacturing,7.7,0.1,4.9,1.73,1.6,9.8,Maritime Blockade Threats
2025-05-01,Indonesia,Agriculture,5.6,0.0,2.2,1.33,0.9,9.8,Maritime Blockade Threats
2025-05-01,Indonesia,Pharmaceuticals,4.7,0.0,1.9,1.0,0.8,9.8,Maritime Blockade Threats
2025-05-01,Indonesia,Electronics,6.7,0.0,3.3,1.5,1.1,9.8,Maritime Blockade Threats
2025-05-01,Indonesia,Automotive,7.3,0.0,4.1,1.85,1.4,9.8,Maritime Blockade Threats
2025-05-01,Indonesia,Textiles,3.1,0.0,1.6,0.95,0.7,9.8,Maritime Blockade Threats
2025-05-01,Indonesia,Chemicals,10.0,0.1,5.2,2.44,1.6,9.8,Maritime Blockade Threats
2025-05-01,Thailand,Energy,34.9,0.1,17.2,10.78,7.8,6.8,Maritime Blockade Threats
2025-05-01,Thailand,Manufacturing,26.6,0.1,11.7,6.31,4.9,6.8,Maritime Blockade Threats
2025-05-01,Thailand,Agriculture,13.9,0.0,8.5,4.35,2.7,6.8,Maritime Blockade Threats
2025-05-01,Thailand,Pharmaceuticals,13.9,0.0,6.1,3.52,2.2,6.8,Maritime Blockade Threats
2025-05-01,Thailand,Electronics,20.4,0.0,8.9,4.26,3.5,6.8,Maritime Blockade Threats
2025-05-01,Thailand,Automotive,22.6,0.0,11.4,6.04,4.5,6.8,Maritime Blockade Threats
2025-05-01,Thailand,Textiles,11.5,0.0,4.7,2.46,2.0,6.8,Maritime Blockade Threats
2025-05-01,Thailand,Chemicals,30.8,0.1,14.5,7.07,5.5,6.8,Maritime Blockade Threats
2025-05-01,Vietnam,Energy,17.1,0.0,8.6,3.67,2.6,9.4,Maritime Blockade Threats
2025-05-01,Vietnam,Manufacturing,10.9,0.0,6.0,2.33,1.9,9.4,Maritime Blockade Threats
2025-05-01,Vietnam,Agriculture,5.5,0.0,2.8,1.27,1.0,9.4,Maritime Blockade Threats
2025-05-01,Vietnam,Pharmaceuticals,5.6,0.0,2.3,1.13,1.0,9.4,Maritime Blockade Threats
2025-05-01,Vietnam,Electronics,7.7,0.0,4.4,1.66,1.5,9.4,Maritime Blockade Threats
2025-05-01,Vietnam,Automotive,10.9,0.0,4.7,2.15,1.7,9.4,Maritime Blockade Threats
2025-05-01,Vietnam,Textiles,3.8,0.0,2.4,1.02,0.8,9.4,Maritime Blockade Threats
2025-05-01,Vietnam,Chemicals,10.8,0.0,5.1,3.09,2.2,9.4,Maritime Blockade Threats
2025-05-01,Philippines,Energy,39.9,0.1,19.2,9.58,7.2,6.4,Maritime Blockade Threats
2025-05-01,Philippines,Manufacturing,30.8,0.1,14.9,5.86,4.7,6.4,Maritime Blockade Threats
2025-05-01,Philippines,Agriculture,16.5,0.0,7.4,4.37,3.2,6.4,Maritime Blockade Threats
2025-05-01,Philippines,Pharmaceuticals,14.2,0.0,7.9,3.87,2.4,6.4,Maritime Blockade Threats
2025-05-01,Philippines,Electronics,18.3,0.0,10.8,4.62,4.1,6.4,Maritime Blockade Threats
2025-05-01,Philippines,Automotive,24.7,0.1,12.6,6.24,5.2,6.4,Maritime Blockade Threats
2025-05-01,Philippines,Textiles,11.7,0.0,5.8,3.35,2.3,6.4,Maritime Blockade Threats
2025-05-01,Philippines,Chemicals,31.9,0.1,15.3,6.7,6.0,6.4,Maritime Blockade Threats
2025-05-01,Malaysia,Energy,8.4,0.0,4.5,2.2,1.6,10.0,Maritime Blockade Threats
2025-05-01,Malaysia,Manufacturing,5.7,0.0,2.8,1.21,1.1,10.0,Maritime Blockade Threats
2025-05-01,Malaysia,Agriculture,3.6,0.0,1.7,0.72,0.6,10.0,Maritime Blockade Threats
2025-05-01,Malaysia,Pharmaceuticals,2.8,0.0,1.4,0.75,0.5,10.0,Maritime Blockade Threats
2025-05-01,Malaysia,Electronics,4.5,0.0,2.0,1.17,0.7,10.0,Maritime Blockade Threats
2025-05-01,Malaysia,Automotive,5.5,0.0,2.7,1.4,0.9,10.0,Maritime Blockade Threats
2025-05-01,Malaysia,Textiles,2.5,0.0,1.2,0.51,0.4,10.0,Maritime Blockade Threats
2025-05-01,Malaysia,Chemicals,5.4,0.0,2.7,1.45,1.1,10.0,Maritime Blockade Threats
2025-05-01,Pakistan,Energy,56.2,0.1,23.7,11.83,10.0,5.2,Maritime Blockade Threats
2025-05-01,Pakistan,Manufacturing,30.6,0.1,18.0,8.78,5.9,5.2,Maritime Blockade Threats
2025-05-01,Pakistan,Agriculture,22.0,0.0,11.4,5.21,3.6,5.2,Maritime Blockade Threats
2025-05-01,Pakistan,Pharmaceuticals,20.1,0.0,8.6,4.26,3.3,5.2,Maritime Blockade Threats
2025-05-01,Pakistan,Electronics,24.3,0.0,11.6,6.15,5.1,5.2,Maritime Blockade Threats
2025-05-01,Pakistan,Automotive,28.6,0.0,16.5,8.84,5.7,5.2,Maritime Blockade Threats
2025-05-01,Pakistan,Textiles,15.1,0.0,6.5,3.83,2.9,5.2,Maritime Blockade Threats
2025-05-01,Pakistan,Chemicals,42.3,0.1,21.2,9.72,7.4,5.2,Maritime Blockade Threats
2025-05-01,Bangladesh,Energy,33.6,0.1,14.5,6.07,5.8,7.8,Maritime Blockade Threats
2025-05-01,Bangladesh,Manufacturing,19.6,0.0,10.8,4.54,3.8,7.8,Maritime Blockade Threats
2025-05-01,Bangladesh,Agriculture,11.2,0.0,6.0,3.02,2.0,7.8,Maritime Blockade Threats
2025-05-01,Bangladesh,Pharmaceuticals,10.5,0.0,5.5,2.71,1.7,7.8,Maritime Blockade Threats
2025-05-01,Bangladesh,Electronics,16.0,0.0,6.5,3.16,2.9,7.8,Maritime Blockade Threats
2025-05-01,Bangladesh,Automotive,16.5,0.0,8.7,3.81,3.2,7.8,Maritime Blockade Threats
2025-05-01,Bangladesh,Textiles,8.0,0.0,4.4,1.89,1.6,7.8,Maritime Blockade Threats
2025-05-01,Bangladesh,Chemicals,24.5,0.0,11.1,6.18,4.2,7.8,Maritime Blockade Threats
2025-05-01,Taiwan,Energy,49.9,0.2,32.0,12.08,9.2,5.0,Maritime Blockade Threats
2025-05-01,Taiwan,Manufacturing,42.0,0.1,16.5,9.79,6.9,5.0,Maritime Blockade Threats
2025-05-01,Taiwan,Agriculture,20.4,0.1,10.2,4.49,4.0,5.0,Maritime Blockade Threats
2025-05-01,Taiwan,Pharmaceuticals,18.8,0.1,8.3,4.89,3.1,5.0,Maritime Blockade Threats
2025-05-01,Taiwan,Electronics,31.2,0.1,15.2,5.58,5.3,5.0,Maritime Blockade Threats
2025-05-01,Taiwan,Automotive,29.4,0.1,14.7,8.64,6.6,5.0,Maritime Blockade Threats
2025-05-01,Taiwan,Textiles,15.1,0.0,7.3,3.87,2.5,5.0,Maritime Blockade Threats
2025-05-01,Taiwan,Chemicals,39.5,0.1,20.0,10.88,7.2,5.0,Maritime Blockade Threats
2025-05-01,Singapore,Energy,49.4,0.1,29.0,15.19,10.0,4.8,Maritime Blockade Threats
2025-05-01,Singapore,Manufacturing,39.9,0.1,20.8,8.88,6.6,4.8,Maritime Blockade Threats
2025-05-01,Singapore,Agriculture,22.9,0.0,9.6,4.45,4.1,4.8,Maritime Blockade Threats
2025-05-01,Singapore,Pharmaceuticals,19.6,0.0,9.9,4.01,3.3,4.8,Maritime Blockade Threats
2025-05-01,Singapore,Electronics,32.0,0.1,13.5,7.57,4.8,4.8,Maritime Blockade Threats
2025-05-01,Singapore,Automotive,30.5,0.1,16.8,7.32,5.8,4.8,Maritime Blockade Threats
2025-05-01,Singapore,Textiles,17.0,0.0,7.0,4.23,2.9,4.8,Maritime Blockade Threats
2025-05-01,Singapore,Chemicals,44.4,0.1,19.7,11.12,7.4,4.8,Maritime Blockade Threats
2025-05-01,New Zealand,Energy,22.6,0.0,11.5,5.13,3.4,9.0,Maritime Blockade Threats
2025-05-01,New Zealand,Manufacturing,13.8,0.0,5.9,3.51,2.2,9.0,Maritime Blockade Threats
2025-05-01,New Zealand,Agriculture,8.9,0.0,4.2,1.64,1.5,9.0,Maritime Blockade Threats
2025-05-01,New Zealand,Pharmaceuticals,7.2,0.0,3.5,1.62,1.1,9.0,Maritime Blockade Threats
2025-05-01,New Zealand,Electronics,9.0,0.0,5.2,2.43,1.7,9.0,Maritime Blockade Threats
2025-05-01,New Zealand,Automotive,11.2,0.0,5.7,3.15,2.1,9.0,Maritime Blockade Threats
2025-05-01,New Zealand,Textiles,6.0,0.0,2.6,1.2,1.0,9.0,Maritime Blockade Threats
2025-05-01,New Zealand,Chemicals,13.3,0.0,6.2,3.44,2.8,9.0,Maritime Blockade Threats
2025-05-01,Sri Lanka,Energy,65.8,0.0,31.5,15.97,10.0,4.0,Maritime Blockade Threats
2025-05-01,Sri Lanka,Manufacturing,42.1,0.0,20.3,10.29,8.0,4.0,Maritime Blockade Threats
2025-05-01,Sri Lanka,Agriculture,23.0,0.0,11.8,6.81,4.5,4.0,Maritime Blockade Threats
2025-05-01,Sri Lanka,Pharmaceuticals,19.3,0.0,12.3,5.23,4.1,4.0,Maritime Blockade Threats
2025-05-01,Sri Lanka,Electronics,27.8,0.0,17.0,8.1,5.7,4.0,Maritime Blockade Threats
2025-05-01,Sri Lanka,Automotive,39.9,0.0,20.9,8.24,7.0,4.0,Maritime Blockade Threats
2025-05-01,Sri Lanka,Textiles,16.5,0.0,8.1,5.05,3.1,4.0,Maritime Blockade Threats
2025-05-01,Sri Lanka,Chemicals,41.5,0.0,24.8,9.32,9.1,4.0,Maritime Blockade Threats
2025-05-01,Myanmar,Energy,23.3,0.0,12.4,5.69,4.6,8.4,Maritime Blockade Threats
2025-05-01,Myanmar,Manufacturing,18.5,0.0,8.3,3.44,3.1,8.4,Maritime Blockade Threats
2025-05-01,Myanmar,Agriculture,8.6,0.0,4.3,2.08,1.8,8.4,Maritime Blockade Threats
2025-05-01,Myanmar,Pharmaceuticals,7.5,0.0,4.6,1.85,1.4,8.4,Maritime Blockade Threats
2025-05-01,Myanmar,Electronics,13.5,0.0,6.7,2.68,2.4,8.4,Maritime Blockade Threats
2025-05-01,Myanmar,Automotive,15.3,0.0,8.6,3.24,2.7,8.4,Maritime Blockade Threats
2025-05-01,Myanmar,Textiles,6.9,0.0,3.3,1.6,1.2,8.4,Maritime Blockade Threats
2025-05-01,Myanmar,Chemicals,15.7,0.0,8.3,4.76,3.3,8.4,Maritime Blockade Threats
2025-05-01,Cambodia,Energy,29.0,0.0,14.5,7.31,5.6,8.0,Maritime Blockade Threats
2025-05-01,Cambodia,Manufacturing,17.3,0.0,8.6,5.43,3.5,8.0,Maritime Blockade Threats
2025-05-01,Cambodia,Agriculture,12.3,0.0,5.0,2.93,2.2,8.0,Maritime Blockade Threats
2025-05-01,Cambodia,Pharmaceuticals,10.9,0.0,4.5,1.91,1.8,8.0,Maritime Blockade Threats
2025-05-01,Cambodia,Electronics,13.1,0.0,7.1,3.13,2.5,8.0,Maritime Blockade Threats
2025-05-01,Cambodia,Automotive,20.0,0.0,8.3,4.87,2.9,8.0,Maritime Blockade Threats
2025-05-01,Cambodia,Textiles,8.3,0.0,4.4,1.96,1.5,8.0,Maritime Blockade Threats
2025-05-01,Cambodia,Chemicals,18.0,0.0,9.8,4.23,3.5,8.0,Maritime Blockade Threats
2025-05-01,Laos,Energy,6.7,0.0,3.4,1.83,1.2,10.0,Maritime Blockade Threats
2025-05-01,Laos,Manufacturing,5.1,0.0,2.2,0.98,0.8,10.0,Maritime Blockade Threats
2025-05-01,Laos,Agriculture,2.5,0.0,1.3,0.76,0.5,10.0,Maritime Blockade Threats
2025-05-01,Laos,Pharmaceuticals,2.4,0.0,1.3,0.57,0.4,10.0,Maritime Blockade Threats
2025-05-01,Laos,Electronics,3.2,0.0,1.7,0.81,0.6,10.0,Maritime Blockade Threats
2025-05-01,Laos,Automotive,3.9,0.0,1.9,1.17,0.8,10.0,Maritime Blockade Threats
2025-05-01,Laos,Textiles,2.2,0.0,1.1,0.44,0.4,10.0,Maritime Blockade Threats
2025-05-01,Laos,Chemicals,5.0,0.0,2.5,1.08,1.0,10.0,Maritime Blockade Threats
2025-05-01,Mongolia,Energy,3.7,0.0,1.8,0.88,0.7,10.0,Maritime Blockade Threats
2025-05-01,Mongolia,Manufacturing,2.3,0.0,1.1,0.67,0.4,10.0,Maritime Blockade Threats
2025-05-01,Mongolia,Agriculture,1.4,0.0,0.9,0.28,0.3,10.0,Maritime Blockade Threats
2025-05-01,Mongolia,Pharmaceuticals,1.2,0.0,0.9,0.29,0.2,10.0,Maritime Blockade Threats
2025-05-01,Mongolia,Electronics,2.0,0.0,1.0,0.36,0.3,10.0,Maritime Blockade Threats
2025-05-01,Mongolia,Automotive,2.3,0.0,1.0,0.57,0.4,10.0,Maritime Blockade Threats
2025-05-01,Mongolia,Textiles,1.0,0.0,0.9,0.25,0.2,10.0,Maritime Blockade Threats
2025-05-01,Mongolia,Chemicals,2.5,0.0,1.3,0.59,0.4,10.0,Maritime Blockade Threats
2025-06-01,China,Energy,29.7,2.4,17.7,8.33,5.3,7.7,Maritime Blockade Threats
2025-06-01,China,Manufacturing,21.3,1.3,11.9,4.16,3.5,7.7,Maritime Blockade Threats
2025-06-01,China,Agriculture,10.8,1.1,5.8,2.5,2.1,7.7,Maritime Blockade Threats
2025-06-01,China,Pharmaceuticals,8.9,0.7,4.6,2.14,2.0,7.7,Maritime Blockade Threats
2025-06-01,China,Electronics,17.9,1.1,8.7,3.76,2.6,7.7,Maritime Blockade Threats
2025-06-01,China,Automotive,17.8,1.5,10.2,4.83,3.5,7.7,Maritime Blockade Threats
2025-06-01,China,Textiles,8.4,0.7,4.3,2.19,1.6,7.7,Maritime Blockade Threats
2025-06-01,China,Chemicals,20.1,1.9,12.2,5.19,3.9,7.7,Maritime Blockade Threats
2025-06-01,India,Energy,45.7,0.7,21.8,11.36,8.5,6.2,Maritime Blockade Threats
2025-06-01,India,Manufacturing,33.0,0.4,12.9,8.31,5.0,6.2,Maritime Blockade Threats
2025-06-01,India,Agriculture,17.0,0.3,8.7,3.69,2.9,6.2,Maritime Blockade Threats
2025-06-01,India,Pharmaceuticals,16.2,0.3,6.4,3.62,2.6,6.2,Maritime Blockade Threats
2025-06-01,India,Electronics,22.9,0.3,11.0,5.73,3.7,6.2,Maritime Blockade Threats
2025-06-01,India,Automotive,30.1,0.4,15.6,7.61,5.3,6.2,Maritime Blockade Threats
2025-06-01,India,Textiles,13.5,0.2,6.1,3.22,2.2,6.2,Maritime Blockade Threats
2025-06-01,India,Chemicals,30.8,0.6,15.6,8.06,5.6,6.2,Maritime Blockade Threats
2025-06-01,Japan,Energy,59.2,1.2,29.4,14.35,10.0,4.2,Maritime Blockade Threats
2025-06-01,Japan,Manufacturing,44.1,0.7,22.2,10.31,8.0,4.2,Maritime Blockade Threats
2025-06-01,Japan,Agriculture,21.0,0.3,13.0,5.27,4.6,4.2,Maritime Blockade Threats
2025-06-01,Japan,Pharmaceuticals,19.7,0.4,10.7,5.01,3.6,4.2,Maritime Blockade Threats
2025-06-01,Japan,Electronics,28.0,0.5,17.6,8.96,5.8,4.2,Maritime Blockade Threats
2025-06-01,Japan,Automotive,39.2,0.7,17.9,10.05,6.8,4.2,Maritime Blockade Threats
2025-06-01,Japan,Textiles,16.6,0.3,10.0,4.78,3.4,4.2,Maritime Blockade Threats
2025-06-01,Japan,Chemicals,44.0,0.9,20.6,11.58,7.9,4.2,Maritime Blockade Threats
2025-06-01,South Korea,Energy,45.8,0.4,28.3,13.62,9.1,5.4,Maritime Blockade Threats
2025-06-01,South Korea,Manufacturing,37.3,0.2,18.1,7.13,5.8,5.4,Maritime Blockade Threats
2025-06-01,South Korea,Agriculture,18.2,0.1,11.5,5.06,3.3,5.4,Maritime Blockade Threats
2025-06-01,South Korea,Pharmaceuticals,14.8,0.1,8.0,4.12,3.1,5.4,Maritime Blockade Threats
2025-06-01,South Korea,Electronics,27.9,0.2,12.0,7.16,4.2,5.4,Maritime Blockade Threats
2025-06-01,South Korea,Automotive,34.9,0.2,17.2,7.48,5.7,5.4,Maritime Blockade Threats
2025-06-01,South Korea,Textiles,12.8,0.1,7.0,3.39,2.5,5.4,Maritime Blockade Threats
2025-06-01,South Korea,Chemicals,33.8,0.3,17.5,9.72,6.9,5.4,Maritime Blockade Threats
2025-06-01,Australia,Energy,11.8,0.1,4.9,2.51,1.9,10.0,Maritime Blockade Threats
2025-06-01,Australia,Manufacturing,6.2,0.1,4.1,1.57,1.3,10.0,Maritime Blockade Threats
2025-06-01,Australia,Agriculture,3.5,0.0,1.9,0.83,0.7,10.0,Maritime Blockade Threats
2025-06-01,Australia,Pharmaceuticals,3.3,0.0,2.0,0.99,0.7,10.0,Maritime Blockade Threats
2025-06-01,Australia,Electronics,5.2,0.0,2.9,1.26,1.0,10.0,Maritime Blockade Threats
2025-06-01,Australia,Automotive,6.5,0.0,3.3,1.52,1.2,10.0,Maritime Blockade Threats
2025-06-01,Australia,Textiles,3.4,0.0,1.5,0.75,0.5,10.0,Maritime Blockade Threats
2025-06-01,Australia,Chemicals,7.2,0.0,4.3,1.58,1.5,10.0,Maritime Blockade Threats
2025-06-01,Indonesia,Energy,13.3,0.1,5.5,3.51,2.4,9.8,Maritime Blockade Threats
2025-06-01,Indonesia,Manufacturing,7.5,0.1,4.0,2.11,1.5,9.8,Maritime Blockade Threats
2025-06-01,Indonesia,Agriculture,5.3,0.0,2.7,1.09,0.9,9.8,Maritime Blockade Threats
2025-06-01,Indonesia,Pharmaceuticals,3.9,0.0,1.9,1.21,0.8,9.8,Maritime Blockade Threats
2025-06-01,Indonesia,Electronics,5.8,0.0,3.6,1.4,1.1,9.8,Maritime Blockade Threats
2025-06-01,Indonesia,Automotive,8.3,0.0,3.4,1.77,1.4,9.8,Maritime Blockade Threats
2025-06-01,Indonesia,Textiles,3.7,0.0,1.9,0.98,0.7,9.8,Maritime Blockade Threats
2025-06-01,Indonesia,Chemicals,8.8,0.1,5.1,2.11,1.6,9.8,Maritime Blockade Threats
2025-06-01,Thailand,Energy,35.6,0.1,20.7,8.33,7.1,6.8,Maritime Blockade Threats
2025-06-01,Thailand,Manufacturing,24.7,0.1,11.6,6.47,4.3,6.8,Maritime Blockade Threats
2025-06-01,Thailand,Agriculture,13.0,0.0,8.6,3.06,2.7,6.8,Maritime Blockade Threats
2025-06-01,Thailand,Pharmaceuticals,11.3,0.0,6.0,3.04,2.3,6.8,Maritime Blockade Threats
2025-06-01,Thailand,Electronics,19.1,0.0,8.7,4.12,3.5,6.8,Maritime Blockade Threats
2025-06-01,Thailand,Automotive,23.8,0.1,13.5,6.81,4.4,6.8,Maritime Blockade Threats
2025-06-01,Thailand,Textiles,11.7,0.0,5.3,2.23,1.9,6.8,Maritime Blockade Threats
2025-06-01,Thailand,Chemicals,27.0,0.1,13.9,5.63,4.7,6.8,Maritime Blockade Threats
2025-06-01,Vietnam,Energy,16.1,0.0,8.8,3.42,3.1,9.4,Maritime Blockade Threats
2025-06-01,Vietnam,Manufacturing,9.9,0.0,5.1,2.35,1.8,9.4,Maritime Blockade Threats
2025-06-01,Vietnam,Agriculture,6.2,0.0,3.5,1.59,1.0,9.4,Maritime Blockade Threats
2025-06-01,Vietnam,Pharmaceuticals,4.8,0.0,3.0,1.14,1.0,9.4,Maritime Blockade Threats
2025-06-01,Vietnam,Electronics,7.5,0.0,3.7,1.62,1.5,9.4,Maritime Blockade Threats
2025-06-01,Vietnam,Automotive,10.8,0.0,4.4,2.03,1.7,9.4,Maritime Blockade Threats
2025-06-01,Vietnam,Textiles,4.9,0.0,2.2,1.2,0.7,9.4,Maritime Blockade Threats
2025-06-01,Vietnam,Chemicals,12.6,0.0,5.3,2.89,1.9,9.4,Maritime Blockade Threats
2025-06-01,Philippines,Energy,49.2,0.1,20.4,11.81,7.1,6.4,Maritime Blockade Threats
2025-06-01,Philippines,Manufacturing,25.6,0.0,13.7,6.26,5.4,6.4,Maritime Blockade Threats
2025-06-01,Philippines,Agriculture,16.5,0.0,8.1,3.67,3.3,6.4,Maritime Blockade Threats
2025-06-01,Philippines,Pharmaceuticals,16.4,0.0,6.5,3.97,2.6,6.4,Maritime Blockade Threats
2025-06-01,Philippines,Electronics,21.0,0.0,10.0,5.06,3.9,6.4,Maritime Blockade Threats
2025-06-01,Philippines,Automotive,23.2,0.0,12.5,5.68,5.0,6.4,Maritime Blockade Threats
2025-06-01,Philippines,Textiles,11.7,0.0,6.8,2.39,2.1,6.4,Maritime Blockade Threats
2025-06-01,Philippines,Chemicals,28.6,0.1,13.5,6.55,5.9,6.4,Maritime Blockade Threats
2025-06-01,Malaysia,Energy,9.0,0.0,4.0,2.13,1.6,10.0,Maritime Blockade Threats
2025-06-01,Malaysia,Manufacturing,6.4,0.0,3.2,1.33,1.0,10.0,Maritime Blockade Threats
2025-06-01,Malaysia,Agriculture,3.7,0.0,1.7,0.7,0.6,10.0,Maritime Blockade Threats
2025-06-01,Malaysia,Pharmaceuticals,3.2,0.0,1.4,0.59,0.5,10.0,Maritime Blockade Threats
2025-06-01,Malaysia,Electronics,4.3,0.0,2.0,0.85,0.7,10.0,Maritime Blockade Threats
2025-06-01,Malaysia,Automotive,5.7,0.0,2.8,1.3,1.0,10.0,Maritime Blockade Threats
2025-06-01,Malaysia,Textiles,2.3,0.0,1.3,0.67,0.4,10.0,Maritime Blockade Threats
2025-06-01,Malaysia,Chemicals,7.1,0.0,3.1,1.63,1.2,10.0,Maritime Blockade Threats
2025-06-01,Pakistan,Energy,60.9,0.1,27.7,14.17,9.8,5.2,Maritime Blockade Threats
2025-06-01,Pakistan,Manufacturing,33.8,0.1,16.0,7.16,6.7,5.2,Maritime Blockade Threats
2025-06-01,Pakistan,Agriculture,18.8,0.0,10.8,5.12,3.7,5.2,Maritime Blockade Threats
2025-06-01,Pakistan,Pharmaceuticals,17.2,0.0,8.8,3.95,3.5,5.2,Maritime Blockade Threats
2025-06-01,Pakistan,Electronics,23.6,0.0,15.5,6.13,4.9,5.2,Maritime Blockade Threats
2025-06-01,Pakistan,Automotive,29.8,0.0,16.6,6.65,6.5,5.2,Maritime Blockade Threats
2025-06-01,Pakistan,Textiles,13.4,0.0,8.4,4.02,2.9,5.2,Maritime Blockade Threats
2025-06-01,Pakistan,Chemicals,35.0,0.1,20.9,9.45,6.7,5.2,Maritime Blockade Threats
2025-06-01,Bangladesh,Energy,30.8,0.1,12.9,8.28,5.3,7.8,Maritime Blockade Threats
2025-06-01,Bangladesh,Manufacturing,18.8,0.0,10.6,4.75,3.5,7.8,Maritime Blockade Threats
2025-06-01,Bangladesh,Agriculture,12.4,0.0,5.0,3.13,2.2,7.8,Maritime Blockade Threats
2025-06-01,Bangladesh,Pharmaceuticals,9.5,0.0,4.6,2.55,1.8,7.8,Maritime Blockade Threats
2025-06-01,Bangladesh,Electronics,16.6,0.0,8.5,3.86,2.7,7.8,Maritime Blockade Threats
2025-06-01,Bangladesh,Automotive,20.3,0.0,8.4,4.86,3.2,7.8,Maritime Blockade Threats
2025-06-01,Bangladesh,Textiles,7.8,0.0,4.8,1.73,1.4,7.8,Maritime Blockade Threats
2025-06-01,Bangladesh,Chemicals,24.7,0.0,12.3,5.25,3.9,7.8,Maritime Blockade Threats
2025-06-01,Taiwan,Energy,59.1,0.2,27.5,14.76,10.0,5.0,Maritime Blockade Threats
2025-06-01,Taiwan,Manufacturing,31.9,0.1,18.8,9.81,7.0,5.0,Maritime Blockade Threats
2025-06-01,Taiwan,Agriculture,20.7,0.1,9.8,5.44,4.2,5.0,Maritime Blockade Threats
2025-06-01,Taiwan,Pharmaceuticals,21.3,0.1,10.1,4.1,3.3,5.0,Maritime Blockade Threats
2025-06-01,Taiwan,Electronics,28.2,0.1,14.4,6.06,5.6,5.0,Maritime Blockade Threats
2025-06-01,Taiwan,Automotive,32.7,0.1,19.7,7.75,5.7,5.0,Maritime Blockade Threats
2025-06-01,Taiwan,Textiles,15.6,0.0,8.7,3.37,2.6,5.0,Maritime Blockade Threats
2025-06-01,Taiwan,Chemicals,44.3,0.1,17.6,9.78,7.4,5.0,Maritime Blockade Threats
2025-06-01,Singapore,Energy,61.8,0.1,28.5,14.09,10.0,4.8,Maritime Blockade Threats
2025-06-01,Singapore,Manufacturing,35.4,0.1,19.8,8.77,7.1,4.8,Maritime Blockade Threats
2025-06-01,Singapore,Agriculture,23.2,0.0,11.1,5.91,4.1,4.8,Maritime Blockade Threats
2025-06-01,Singapore,Pharmaceuticals,19.5,0.0,9.1,4.47,3.7,4.8,Maritime Blockade Threats
2025-06-01,Singapore,Electronics,32.1,0.1,16.2,6.82,5.1,4.8,Maritime Blockade Threats
2025-06-01,Singapore,Automotive,37.7,0.1,15.0,9.88,5.9,4.8,Maritime Blockade Threats
2025-06-01,Singapore,Textiles,17.6,0.0,7.7,4.13,2.7,4.8,Maritime Blockade Threats
2025-06-01,Singapore,Chemicals,39.5,0.1,18.6,10.29,6.9,4.8,Maritime Blockade Threats
2025-06-01,New Zealand,Energy,21.3,0.0,10.0,4.96,3.7,9.0,Maritime Blockade Threats
2025-06-01,New Zealand,Manufacturing,11.7,0.0,6.6,3.05,2.7,9.0,Maritime Blockade Threats
2025-06-01,New Zealand,Agriculture,7.2,0.0,3.9,1.82,1.5,9.0,Maritime Blockade Threats
2025-06-01,New Zealand,Pharmaceuticals,6.6,0.0,2.9,1.47,1.3,9.0,Maritime Blockade Threats
2025-06-01,New Zealand,Electronics,9.3,0.0,4.6,2.69,1.8,9.0,Maritime Blockade Threats
2025-06-01,New Zealand,Automotive,13.6,0.0,5.7,3.1,2.3,9.0,Maritime Blockade Threats
2025-06-01,New Zealand,Textiles,6.1,0.0,2.8,1.33,0.9,9.0,Maritime Blockade Threats
2025-06-01,New Zealand,Chemicals,15.5,0.0,7.2,3.92,2.6,9.0,Maritime Blockade Threats
2025-06-01,Sri Lanka,Energy,70.4,0.0,35.7,16.31,10.0,4.0,Maritime Blockade Threats
2025-06-01,Sri Lanka,Manufacturing,45.9,0.0,22.9,10.35,7.2,4.0,Maritime Blockade Threats
2025-06-01,Sri Lanka,Agriculture,28.0,0.0,13.7,5.12,4.6,4.0,Maritime Blockade Threats
2025-06-01,Sri Lanka,Pharmaceuticals,22.9,0.0,10.2,4.31,3.9,4.0,Maritime Blockade Threats
2025-06-01,Sri Lanka,Electronics,30.7,0.0,16.7,8.56,6.1,4.0,Maritime Blockade Threats
2025-06-01,Sri Lanka,Automotive,39.7,0.0,22.3,8.34,7.6,4.0,Maritime Blockade Threats
2025-06-01,Sri Lanka,Textiles,19.1,0.0,9.9,4.45,3.4,4.0,Maritime Blockade Threats
2025-06-01,Sri Lanka,Chemicals,44.3,0.0,20.8,12.02,8.9,4.0,Maritime Blockade Threats
2025-06-01,Myanmar,Energy,28.4,0.0,14.3,5.97,4.7,8.4,Maritime Blockade Threats
2025-06-01,Myanmar,Manufacturing,17.9,0.0,9.6,3.99,3.2,8.4,Maritime Blockade Threats
2025-06-01,Myanmar,Agriculture,8.9,0.0,4.6,2.46,1.8,8.4,Maritime Blockade Threats
2025-06-01,Myanmar,Pharmaceuticals,8.7,0.0,4.6,1.86,1.5,8.4,Maritime Blockade Threats
2025-06-01,Myanmar,Electronics,10.6,0.0,5.9,3.04,2.4,8.4,Maritime Blockade Threats
2025-06-01,Myanmar,Automotive,17.2,0.0,8.3,4.21,2.9,8.4,Maritime Blockade Threats
2025-06-01,Myanmar,Textiles,7.7,0.0,3.2,1.47,1.4,8.4,Maritime Blockade Threats
2025-06-01,Myanmar,Chemicals,17.7,0.0,9.1,4.59,3.3,8.4,Maritime Blockade Threats
2025-06-01,Cambodia,Energy,26.1,0.0,13.2,7.06,5.2,8.0,Maritime Blockade Threats
2025-06-01,Cambodia,Manufacturing,17.1,0.0,8.7,5.44,3.8,8.0,Maritime Blockade Threats
2025-06-01,Cambodia,Agriculture,12.1,0.0,6.4,3.15,1.9,8.0,Maritime Blockade Threats
2025-06-01,Cambodia,Pharmaceuticals,10.7,0.0,5.1,2.67,1.7,8.0,Maritime Blockade Threats
2025-06-01,Cambodia,Electronics,13.4,0.0,6.9,3.72,2.8,8.0,Maritime Blockade Threats
2025-06-01,Cambodia,Automotive,17.2,0.0,8.6,4.81,3.2,8.0,Maritime Blockade Threats
2025-06-01,Cambodia,Textiles,8.2,0.0,4.0,2.08,1.3,8.0,Maritime Blockade Threats
2025-06-01,Cambodia,Chemicals,22.3,0.0,9.3,4.6,3.5,8.0,Maritime Blockade Threats
2025-06-01,Laos,Energy,7.4,0.0,3.7,1.63,1.3,10.0,Maritime Blockade Threats
2025-06-01,Laos,Manufacturing,4.2,0.0,2.5,1.26,0.9,10.0,Maritime Blockade Threats
2025-06-01,Laos,Agriculture,2.4,0.0,1.4,0.61,0.5,10.0,Maritime Blockade Threats
2025-06-01,Laos,Pharmaceuticals,2.4,0.0,1.2,0.54,0.4,10.0,Maritime Blockade Threats
2025-06-01,Laos,Electronics,3.3,0.0,1.8,0.99,0.6,10.0,Maritime Blockade Threats
2025-06-01,Laos,Automotive,4.1,0.0,2.1,1.13,0.7,10.0,Maritime Blockade Threats
2025-06-01,Laos,Textiles,1.9,0.0,1.0,0.45,0.4,10.0,Maritime Blockade Threats
2025-06-01,Laos,Chemicals,4.8,0.0,2.7,1.14,1.0,10.0,Maritime Blockade Threats
2025-06-01,Mongolia,Energy,3.5,0.0,1.6,0.89,0.6,10.0,Maritime Blockade Threats
2025-06-01,Mongolia,Manufacturing,2.6,0.0,1.1,0.65,0.4,10.0,Maritime Blockade Threats
2025-06-01,Mongolia,Agriculture,1.3,0.0,1.1,0.37,0.3,10.0,Maritime Blockade Threats
2025-06-01,Mongolia,Pharmaceuticals,1.2,0.0,0.9,0.3,0.2,10.0,Maritime Blockade Threats
2025-06-01,Mongolia,Electronics,2.0,0.0,0.9,0.39,0.3,10.0,Maritime Blockade Threats
2025-06-01,Mongolia,Automotive,2.3,0.0,1.0,0.46,0.4,10.0,Maritime Blockade Threats
2025-06-01,Mongolia,Textiles,1.0,0.0,1.0,0.27,0.2,10.0,Maritime Blockade Threats
2025-06-01,Mongolia,Chemicals,2.8,0.0,1.4,0.72,0.4,10.0,Maritime Blockade Threats
2025-07-01,China,Energy,36.3,3.0,21.7,11.28,6.6,8.3,Peak Disruption
2025-07-01,China,Manufacturing,29.3,2.8,15.5,7.74,4.4,8.3,Peak Disruption
2025-07-01,China,Agriculture,13.4,1.3,9.8,4.61,3.0,8.3,Peak Disruption
2025-07-01,China,Pharmaceuticals,11.0,1.1,7.2,3.91,2.3,8.3,Peak Disruption
2025-07-01,China,Electronics,22.0,2.0,10.3,5.98,3.6,8.3,Peak Disruption
2025-07-01,China,Automotive,26.6,2.1,15.4,8.13,4.5,8.3,Peak Disruption
2025-07-01,China,Textiles,10.8,1.0,6.7,3.24,2.0,8.3,Peak Disruption
2025-07-01,China,Chemicals,28.4,2.3,14.7,8.11,4.8,8.3,Peak Disruption
2025-07-01,India,Energy,59.7,1.2,29.1,14.47,10.0,6.8,Peak Disruption
2025-07-01,India,Manufacturing,32.2,0.8,25.3,11.56,6.6,6.8,Peak Disruption
2025-07-01,India,Agriculture,20.1,0.4,13.6,5.3,4.0,6.8,Peak Disruption
2025-07-01,India,Pharmaceuticals,15.8,0.4,11.0,5.05,3.6,6.8,Peak Disruption
2025-07-01,India,Electronics,29.1,0.5,15.0,8.06,5.0,6.8,Peak Disruption
2025-07-01,India,Automotive,32.5,0.5,21.3,11.02,6.2,6.8,Peak Disruption
2025-07-01,India,Textiles,14.1,0.2,10.0,5.25,2.6,6.8,Peak Disruption
2025-07-01,India,Chemicals,38.7,0.8,22.2,11.3,6.7,6.8,Peak Disruption
2025-07-01,Japan,Energy,68.3,1.5,54.6,25.24,10.0,4.8,Peak Disruption
2025-07-01,Japan,Manufacturing,47.1,0.9,33.2,15.17,8.5,4.8,Peak Disruption
2025-07-01,Japan,Agriculture,29.8,0.7,17.8,8.44,5.0,4.8,Peak Disruption
2025-07-01,Japan,Pharmaceuticals,28.6,0.4,14.0,8.42,4.8,4.8,Peak Disruption
2025-07-01,Japan,Electronics,39.8,0.9,25.1,10.8,7.6,4.8,Peak Disruption
2025-07-01,Japan,Automotive,50.7,1.0,26.6,15.0,8.3,4.8,Peak Disruption
2025-07-01,Japan,Textiles,20.1,0.5,12.2,7.41,3.8,4.8,Peak Disruption
2025-07-01,Japan,Chemicals,53.3,0.9,30.4,15.9,9.9,4.8,Peak Disruption
2025-07-01,South Korea,Energy,62.4,0.6,34.4,19.12,10.0,6.0,Peak Disruption
2025-07-01,South Korea,Manufacturing,40.0,0.4,22.6,11.68,8.2,6.0,Peak Disruption
2025-07-01,South Korea,Agriculture,25.7,0.2,15.0,6.19,4.5,6.0,Peak Disruption
2025-07-01,South Korea,Pharmaceuticals,20.7,0.2,12.7,6.02,3.5,6.0,Peak Disruption
2025-07-01,South Korea,Electronics,31.8,0.3,20.4,10.19,5.2,6.0,Peak Disruption
2025-07-01,South Korea,Automotive,33.8,0.4,24.4,10.01,6.8,6.0,Peak Disruption
2025-07-01,South Korea,Textiles,17.2,0.1,11.1,5.12,3.0,6.0,Peak Disruption
2025-07-01,South Korea,Chemicals,50.3,0.4,30.1,12.69,8.3,6.0,Peak Disruption
2025-07-01,Australia,Energy,12.4,0.1,9.3,3.3,2.2,10.0,Peak Disruption
2025-07-01,Australia,Manufacturing,9.0,0.1,4.7,2.39,1.5,10.0,Peak Disruption
2025-07-01,Australia,Agriculture,4.9,0.0,2.9,1.38,1.0,10.0,Peak Disruption
2025-07-01,Australia,Pharmaceuticals,5.0,0.0,3.0,1.27,0.8,10.0,Peak Disruption
2025-07-01,Australia,Electronics,6.4,0.1,3.8,1.9,1.3,10.0,Peak Disruption
2025-07-01,Australia,Automotive,8.9,0.1,5.6,2.76,1.6,10.0,Peak Disruption
2025-07-01,Australia,Textiles,3.9,0.0,2.4,1.06,0.6,10.0,Peak Disruption
2025-07-01,Australia,Chemicals,9.0,0.1,5.6,2.59,1.8,10.0,Peak Disruption
2025-07-01,Indonesia,Energy,13.5,0.1,8.5,5.42,2.7,10.0,Peak Disruption
2025-07-01,Indonesia,Manufacturing,10.2,0.1,6.3,2.82,2.0,10.0,Peak Disruption
2025-07-01,Indonesia,Agriculture,5.4,0.0,4.0,1.86,1.2,10.0,Peak Disruption
2025-07-01,Indonesia,Pharmaceuticals,5.4,0.0,2.8,1.43,1.0,10.0,Peak Disruption
2025-07-01,Indonesia,Electronics,9.0,0.0,4.7,2.59,1.3,10.0,Peak Disruption
2025-07-01,Indonesia,Automotive,10.7,0.1,5.2,2.69,1.8,10.0,Peak Disruption
2025-07-01,Indonesia,Textiles,4.6,0.0,2.5,1.15,0.7,10.0,Peak Disruption
2025-07-01,Indonesia,Chemicals,12.1,0.1,6.5,3.33,2.2,10.0,Peak Disruption
2025-07-01,Thailand,Energy,43.3,0.1,25.6,16.43,7.9,7.4,Peak Disruption
2025-07-01,Thailand,Manufacturing,27.4,0.1,16.9,7.88,5.5,7.4,Peak Disruption
2025-07-01,Thailand,Agriculture,17.3,0.1,10.8,6.52,3.7,7.4,Peak Disruption
2025-07-01,Thailand,Pharmaceuticals,15.4,0.0,10.2,5.39,3.2,7.4,Peak Disruption
2025-07-01,Thailand,Electronics,21.3,0.1,13.2,6.82,4.3,7.4,Peak Disruption
2025-07-01,Thailand,Automotive,27.0,0.1,15.7,9.27,5.2,7.4,Peak Disruption
2025-07-01,Thailand,Textiles,13.9,0.0,7.8,3.86,2.4,7.4,Peak Disruption
2025-07-01,Thailand,Chemicals,38.8,0.1,21.1,11.98,5.7,7.4,Peak Disruption
2025-07-01,Vietnam,Energy,16.7,0.0,11.4,5.49,3.2,10.0,Peak Disruption
2025-07-01,Vietnam,Manufacturing,13.1,0.0,7.5,3.13,2.3,10.0,Peak Disruption
2025-07-01,Vietnam,Agriculture,7.2,0.0,5.2,2.05,1.4,10.0,Peak Disruption
2025-07-01,Vietnam,Pharmaceuticals,5.5,0.0,4.0,2.14,1.1,10.0,Peak Disruption
2025-07-01,Vietnam,Electronics,10.6,0.0,5.5,2.99,1.8,10.0,Peak Disruption
2025-07-01,Vietnam,Automotive,10.7,0.0,7.9,2.94,1.9,10.0,Peak Disruption
2025-07-01,Vietnam,Textiles,5.4,0.0,2.9,1.45,0.9,10.0,Peak Disruption
2025-07-01,Vietnam,Chemicals,15.9,0.0,9.8,3.57,2.7,10.0,Peak Disruption
2025-07-01,Philippines,Energy,52.1,0.1,27.8,16.47,10.0,7.0,Peak Disruption
2025-07-01,Philippines,Manufacturing,38.9,0.1,21.3,12.06,6.5,7.0,Peak Disruption
2025-07-01,Philippines,Agriculture,22.1,0.0,11.8,5.01,4.0,7.0,Peak Disruption
2025-07-01,Philippines,Pharmaceuticals,19.0,0.0,9.7,4.7,3.3,7.0,Peak Disruption
2025-07-01,Philippines,Electronics,23.6,0.1,16.6,9.1,5.2,7.0,Peak Disruption
2025-07-01,Philippines,Automotive,33.3,0.1,18.8,10.3,6.1,7.0,Peak Disruption
2025-07-01,Philippines,Textiles,12.9,0.0,10.0,4.38,2.6,7.0,Peak Disruption
2025-07-01,Philippines,Chemicals,37.8,0.1,25.7,10.67,7.0,7.0,Peak Disruption
2025-07-01,Malaysia,Energy,11.5,0.0,6.8,2.84,1.8,10.0,Peak Disruption
2025-07-01,Malaysia,Manufacturing,7.5,0.0,4.1,1.98,1.4,10.0,Peak Disruption
2025-07-01,Malaysia,Agriculture,3.8,0.0,2.3,1.02,0.7,10.0,Peak Disruption
2025-07-01,Malaysia,Pharmaceuticals,3.9,0.0,1.9,0.92,0.6,10.0,Peak Disruption
2025-07-01,Malaysia,Electronics,5.9,0.0,3.6,1.57,0.9,10.0,Peak Disruption
2025-07-01,Malaysia,Automotive,6.4,0.0,3.5,2.21,1.2,10.0,Peak Disruption
2025-07-01,Malaysia,Textiles,3.1,0.0,1.6,0.83,0.5,10.0,Peak Disruption
2025-07-01,Malaysia,Chemicals,7.8,0.0,4.6,2.2,1.4,10.0,Peak Disruption
2025-07-01,Pakistan,Energy,73.8,0.1,42.2,19.74,10.0,5.8,Peak Disruption
2025-07-01,Pakistan,Manufacturing,38.6,0.1,24.7,14.31,7.9,5.8,Peak Disruption
2025-07-01,Pakistan,Agriculture,22.0,0.0,18.0,7.03,4.8,5.8,Peak Disruption
2025-07-01,Pakistan,Pharmaceuticals,22.7,0.0,15.4,5.42,3.7,5.8,Peak Disruption
2025-07-01,Pakistan,Electronics,33.6,0.1,17.4,10.86,6.1,5.8,Peak Disruption
2025-07-01,Pakistan,Automotive,35.1,0.1,22.7,10.55,6.9,5.8,Peak Disruption
2025-07-01,Pakistan,Textiles,20.8,0.0,12.0,4.94,3.6,5.8,Peak Disruption
2025-07-01,Pakistan,Chemicals,51.4,0.1,29.4,12.63,8.8,5.8,Peak Disruption
2025-07-01,Bangladesh,Energy,36.6,0.1,19.6,9.4,6.7,8.4,Peak Disruption
2025-07-01,Bangladesh,Manufacturing,26.0,0.0,14.7,6.33,4.3,8.4,Peak Disruption
2025-07-01,Bangladesh,Agriculture,13.0,0.0,8.5,3.93,2.4,8.4,Peak Disruption
2025-07-01,Bangladesh,Pharmaceuticals,11.4,0.0,7.3,4.21,2.2,8.4,Peak Disruption
2025-07-01,Bangladesh,Electronics,20.0,0.0,12.1,4.69,3.3,8.4,Peak Disruption
2025-07-01,Bangladesh,Automotive,24.2,0.0,14.7,6.84,4.4,8.4,Peak Disruption
2025-07-01,Bangladesh,Textiles,9.1,0.0,5.5,3.14,2.0,8.4,Peak Disruption
2025-07-01,Bangladesh,Chemicals,22.8,0.0,17.8,6.53,4.5,8.4,Peak Disruption
2025-07-01,Taiwan,Energy,74.2,0.2,39.5,20.51,10.0,5.6,Peak Disruption
2025-07-01,Taiwan,Manufacturing,42.8,0.2,28.0,12.84,7.8,5.6,Peak Disruption
2025-07-01,Taiwan,Agriculture,26.8,0.1,15.1,9.19,5.3,5.6,Peak Disruption
2025-07-01,Taiwan,Pharmaceuticals,23.6,0.1,15.8,5.97,3.9,5.6,Peak Disruption
2025-07-01,Taiwan,Electronics,38.5,0.1,22.3,8.35,5.8,5.6,Peak Disruption
2025-07-01,Taiwan,Automotive,37.0,0.2,22.8,11.25,6.8,5.6,Peak Disruption
2025-07-01,Taiwan,Textiles,19.3,0.1,11.3,5.88,3.5,5.6,Peak Disruption
2025-07-01,Taiwan,Chemicals,48.1,0.2,31.6,13.56,9.5,5.6,Peak Disruption
2025-07-01,Singapore,Energy,60.8,0.1,42.6,19.05,10.0,5.4,Peak Disruption
2025-07-01,Singapore,Manufacturing,45.9,0.1,32.8,12.15,9.1,5.4,Peak Disruption
2025-07-01,Singapore,Agriculture,28.9,0.1,17.3,9.25,4.5,5.4,Peak Disruption
2025-07-01,Singapore,Pharmaceuticals,23.7,0.1,14.8,6.99,4.3,5.4,Peak Disruption
2025-07-01,Singapore,Electronics,38.5,0.1,24.4,12.06,6.7,5.4,Peak Disruption
2025-07-01,Singapore,Automotive,39.5,0.1,24.0,11.16,7.4,5.4,Peak Disruption
2025-07-01,Singapore,Textiles,22.0,0.0,12.7,5.92,3.7,5.4,Peak Disruption
2025-07-01,Singapore,Chemicals,51.3,0.1,28.0,15.0,9.5,5.4,Peak Disruption
2025-07-01,New Zealand,Energy,20.8,0.0,14.7,8.35,4.8,9.6,Peak Disruption
2025-07-01,New Zealand,Manufacturing,18.5,0.0,11.4,5.11,3.2,9.6,Peak Disruption
2025-07-01,New Zealand,Agriculture,9.6,0.0,6.5,3.04,1.6,9.6,Peak Disruption
2025-07-01,New Zealand,Pharmaceuticals,8.6,0.0,4.6,2.75,1.5,9.6,Peak Disruption
2025-07-01,New Zealand,Electronics,13.9,0.0,6.9,3.98,2.2,9.6,Peak Disruption
2025-07-01,New Zealand,Automotive,16.6,0.0,10.1,4.36,2.5,9.6,Peak Disruption
2025-07-01,New Zealand,Textiles,5.8,0.0,4.0,1.91,1.2,9.6,Peak Disruption
2025-07-01,New Zealand,Chemicals,18.6,0.0,12.0,4.38,3.3,9.6,Peak Disruption
2025-07-01,Sri Lanka,Energy,67.0,0.0,42.8,25.28,10.0,4.6,Peak Disruption
2025-07-01,Sri Lanka,Manufacturing,54.9,0.0,29.3,13.65,9.4,4.6,Peak Disruption
2025-07-01,Sri Lanka,Agriculture,28.1,0.0,17.8,9.43,5.0,4.6,Peak Disruption
2025-07-01,Sri Lanka,Pharmaceuticals,26.3,0.0,14.0,7.69,4.8,4.6,Peak Disruption
2025-07-01,Sri Lanka,Electronics,38.3,0.0,23.8,11.0,7.7,4.6,Peak Disruption
2025-07-01,Sri Lanka,Automotive,41.5,0.0,25.7,15.33,8.1,4.6,Peak Disruption
2025-07-01,Sri Lanka,Textiles,21.0,0.0,13.7,6.03,4.1,4.6,Peak Disruption
2025-07-01,Sri Lanka,Chemicals,61.0,0.0,38.1,14.47,10.0,4.6,Peak Disruption
2025-07-01,Myanmar,Energy,26.7,0.0,17.2,9.14,5.8,9.0,Peak Disruption
2025-07-01,Myanmar,Manufacturing,20.8,0.0,13.3,7.1,3.4,9.0,Peak Disruption
2025-07-01,Myanmar,Agriculture,11.5,0.0,7.0,3.87,2.1,9.0,Peak Disruption
2025-07-01,Myanmar,Pharmaceuticals,9.2,0.0,5.6,3.11,1.7,9.0,Peak Disruption
2025-07-01,Myanmar,Electronics,15.3,0.0,8.3,3.85,2.6,9.0,Peak Disruption
2025-07-01,Myanmar,Automotive,21.4,0.0,12.4,5.9,3.5,9.0,Peak Disruption
2025-07-01,Myanmar,Textiles,9.6,0.0,4.5,2.2,1.7,9.0,Peak Disruption
2025-07-01,Myanmar,Chemicals,24.2,0.0,14.1,6.68,3.8,9.0,Peak Disruption
2025-07-01,Cambodia,Energy,33.2,0.0,20.2,8.92,5.8,8.6,Peak Disruption
2025-07-01,Cambodia,Manufacturing,22.6,0.0,12.7,7.02,4.3,8.6,Peak Disruption
2025-07-01,Cambodia,Agriculture,15.2,0.0,8.6,4.74,2.3,8.6,Peak Disruption
2025-07-01,Cambodia,Pharmaceuticals,10.6,0.0,7.3,4.02,1.9,8.6,Peak Disruption
2025-07-01,Cambodia,Electronics,16.4,0.0,10.4,5.39,3.3,8.6,Peak Disruption
2025-07-01,Cambodia,Automotive,22.5,0.0,13.8,6.71,3.7,8.6,Peak Disruption
2025-07-01,Cambodia,Textiles,8.4,0.0,6.1,3.27,1.9,8.6,Peak Disruption
2025-07-01,Cambodia,Chemicals,27.4,0.0,14.5,7.7,4.9,8.6,Peak Disruption
2025-07-01,Laos,Energy,8.8,0.0,5.9,2.24,1.6,10.0,Peak Disruption
2025-07-01,Laos,Manufacturing,5.1,0.0,3.7,1.86,1.0,10.0,Peak Disruption
2025-07-01,Laos,Agriculture,3.1,0.0,2.1,0.86,0.6,10.0,Peak Disruption
2025-07-01,Laos,Pharmaceuticals,3.3,0.0,1.7,0.88,0.6,10.0,Peak Disruption
2025-07-01,Laos,Electronics,4.2,0.0,2.6,1.28,0.8,10.0,Peak Disruption
2025-07-01,Laos,Automotive,4.7,0.0,3.6,1.75,0.9,10.0,Peak Disruption
2025-07-01,Laos,Textiles,2.3,0.0,1.6,0.6,0.4,10.0,Peak Disruption
2025-07-01,Laos,Chemicals,6.3,0.0,3.4,2.07,1.2,10.0,Peak Disruption
2025-07-01,Mongolia,Energy,4.3,0.0,2.6,1.33,0.8,10.0,Peak Disruption
2025-07-01,Mongolia,Manufacturing,2.5,0.0,1.6,0.92,0.5,10.0,Peak Disruption
2025-07-01,Mongolia,Agriculture,1.8,0.0,0.9,0.47,0.3,10.0,Peak Disruption
2025-07-01,Mongolia,Pharmaceuticals,1.4,0.0,0.9,0.4,0.3,10.0,Peak Disruption
2025-07-01,Mongolia,Electronics,1.9,0.0,1.5,0.7,0.4,10.0,Peak Disruption
2025-07-01,Mongolia,Automotive,2.3,0.0,1.4,0.93,0.5,10.0,Peak Disruption
2025-07-01,Mongolia,Textiles,1.3,0.0,1.0,0.31,0.2,10.0,Peak Disruption
2025-07-01,Mongolia,Chemicals,3.0,0.0,2.0,0.86,0.6,10.0,Peak Disruption
2025-08-01,China,Energy,35.6,3.9,27.1,11.62,6.8,8.3,Peak Disruption
2025-08-01,China,Manufacturing,28.6,2.4,15.4,8.79,4.8,8.3,Peak Disruption
2025-08-01,China,Agriculture,16.9,1.4,9.2,4.99,2.6,8.3,Peak Disruption
2025-08-01,China,Pharmaceuticals,12.4,1.0,9.1,3.31,2.5,8.3,Peak Disruption
2025-08-01,China,Electronics,16.3,1.7,13.2,6.47,3.5,8.3,Peak Disruption
2025-08-01,China,Automotive,20.0,2.3,14.2,7.1,4.5,8.3,Peak Disruption
2025-08-01,China,Textiles,12.0,1.0,7.1,3.12,1.9,8.3,Peak Disruption
2025-08-01,China,Chemicals,28.4,2.3,15.5,8.64,4.8,8.3,Peak Disruption
2025-08-01,India,Energy,54.3,1.2,34.6,15.71,10.0,6.8,Peak Disruption
2025-08-01,India,Manufacturing,34.4,0.6,22.9,9.92,6.4,6.8,Peak Disruption
2025-08-01,India,Agriculture,23.4,0.3,12.7,7.19,3.9,6.8,Peak Disruption
2025-08-01,India,Pharmaceuticals,16.2,0.3,10.4,5.69,3.4,6.8,Peak Disruption
2025-08-01,India,Electronics,28.9,0.4,17.3,7.15,4.7,6.8,Peak Disruption
2025-08-01,India,Automotive,28.1,0.6,18.1,10.8,6.5,6.8,Peak Disruption
2025-08-01,India,Textiles,13.4,0.3,10.3,4.07,2.9,6.8,Peak Disruption
2025-08-01,India,Chemicals,43.7,0.8,21.7,11.14,6.9,6.8,Peak Disruption
2025-08-01,Japan,Energy,80.1,1.7,43.2,19.46,10.0,4.8,Peak Disruption
2025-08-01,Japan,Manufacturing,54.5,1.1,33.3,16.67,9.0,4.8,Peak Disruption
2025-08-01,Japan,Agriculture,28.4,0.6,20.9,9.99,5.1,4.8,Peak Disruption
2025-08-01,Japan,Pharmaceuticals,27.4,0.5,15.0,7.83,4.7,4.8,Peak Disruption
2025-08-01,Japan,Electronics,38.5,0.9,25.3,10.13,7.3,4.8,Peak Disruption
2025-08-01,Japan,Automotive,43.2,0.9,28.3,15.49,9.2,4.8,Peak Disruption
2025-08-01,Japan,Textiles,22.6,0.4,12.7,5.5,3.9,4.8,Peak Disruption
2025-08-01,Japan,Chemicals,52.7,1.1,31.6,17.55,9.7,4.8,Peak Disruption
2025-08-01,South Korea,Energy,67.5,0.6,43.8,17.52,10.0,6.0,Peak Disruption
2025-08-01,South Korea,Manufacturing,45.3,0.4,27.8,14.06,7.0,6.0,Peak Disruption
2025-08-01,South Korea,Agriculture,21.0,0.2,12.9,6.61,4.1,6.0,Peak Disruption
2025-08-01,South Korea,Pharmaceuticals,22.5,0.2,13.8,6.73,4.1,6.0,Peak Disruption
2025-08-01,South Korea,Electronics,32.2,0.3,20.9,9.21,6.2,6.0,Peak Disruption
2025-08-01,South Korea,Automotive,41.0,0.3,21.4,12.55,7.0,6.0,Peak Disruption
2025-08-01,South Korea,Textiles,15.4,0.2,10.2,5.05,3.3,6.0,Peak Disruption
2025-08-01,South Korea,Chemicals,47.7,0.4,31.6,11.63,8.6,6.0,Peak Disruption
2025-08-01,Australia,Energy,12.0,0.1,8.7,4.47,2.2,10.0,Peak Disruption
2025-08-01,Australia,Manufacturing,9.6,0.1,5.0,2.42,1.5,10.0,Peak Disruption
2025-08-01,Australia,Agriculture,5.6,0.0,2.8,1.58,0.9,10.0,Peak Disruption
2025-08-01,Australia,Pharmaceuticals,4.9,0.0,2.8,1.45,0.8,10.0,Peak Disruption
2025-08-01,Australia,Electronics,6.4,0.1,3.5,1.77,1.1,10.0,Peak Disruption
2025-08-01,Australia,Automotive,7.9,0.1,4.9,2.68,1.4,10.0,Peak Disruption
2025-08-01,Australia,Textiles,3.7,0.0,2.3,0.94,0.6,10.0,Peak Disruption
2025-08-01,Australia,Chemicals,9.9,0.1,5.3,3.07,1.7,10.0,Peak Disruption
2025-08-01,Indonesia,Energy,14.8,0.1,8.8,4.67,2.9,10.0,Peak Disruption
2025-08-01,Indonesia,Manufacturing,9.6,0.1,6.4,3.35,1.7,10.0,Peak Disruption
2025-08-01,Indonesia,Agriculture,6.2,0.0,3.9,1.98,1.0,10.0,Peak Disruption
2025-08-01,Indonesia,Pharmaceuticals,4.9,0.0,2.9,1.8,0.9,10.0,Peak Disruption
2025-08-01,Indonesia,Electronics,8.6,0.0,5.2,1.96,1.3,10.0,Peak Disruption
2025-08-01,Indonesia,Automotive,10.0,0.1,5.7,2.74,1.8,10.0,Peak Disruption
2025-08-01,Indonesia,Textiles,4.4,0.0,3.0,1.31,0.8,10.0,Peak Disruption
2025-08-01,Indonesia,Chemicals,11.3,0.1,7.5,3.03,2.0,10.0,Peak Disruption
2025-08-01,Thailand,Energy,52.2,0.1,25.6,15.31,9.5,7.4,Peak Disruption
2025-08-01,Thailand,Manufacturing,29.7,0.1,22.3,9.32,5.4,7.4,Peak Disruption
2025-08-01,Thailand,Agriculture,20.4,0.0,11.3,4.75,3.3,7.4,Peak Disruption
2025-08-01,Thailand,Pharmaceuticals,16.1,0.0,9.6,5.0,2.8,7.4,Peak Disruption
2025-08-01,Thailand,Electronics,26.0,0.1,14.5,6.79,4.1,7.4,Peak Disruption
2025-08-01,Thailand,Automotive,32.8,0.1,15.9,8.88,5.5,7.4,Peak Disruption
2025-08-01,Thailand,Textiles,11.8,0.0,7.4,4.06,2.6,7.4,Peak Disruption
2025-08-01,Thailand,Chemicals,39.5,0.1,21.3,11.52,6.3,7.4,Peak Disruption
2025-08-01,Vietnam,Energy,16.9,0.1,11.8,6.04,3.7,10.0,Peak Disruption
2025-08-01,Vietnam,Manufacturing,14.6,0.0,8.0,3.9,2.4,10.0,Peak Disruption
2025-08-01,Vietnam,Agriculture,6.4,0.0,5.2,2.55,1.2,10.0,Peak Disruption
2025-08-01,Vietnam,Pharmaceuticals,5.6,0.0,4.0,1.93,1.2,10.0,Peak Disruption
2025-08-01,Vietnam,Electronics,8.8,0.0,5.5,2.74,1.9,10.0,Peak Disruption
2025-08-01,Vietnam,Automotive,11.7,0.0,7.9,3.1,2.2,10.0,Peak Disruption
2025-08-01,Vietnam,Textiles,5.5,0.0,3.1,1.52,0.9,10.0,Peak Disruption
2025-08-01,Vietnam,Chemicals,15.9,0.0,8.1,4.19,2.6,10.0,Peak Disruption
2025-08-01,Philippines,Energy,45.2,0.1,34.4,18.02,8.8,7.0,Peak Disruption
2025-08-01,Philippines,Manufacturing,32.5,0.1,24.6,11.33,6.7,7.0,Peak Disruption
2025-08-01,Philippines,Agriculture,20.1,0.1,13.4,5.24,3.4,7.0,Peak Disruption
2025-08-01,Philippines,Pharmaceuticals,15.9,0.0,10.5,5.62,3.4,7.0,Peak Disruption
2025-08-01,Philippines,Electronics,26.9,0.1,18.5,7.18,4.6,7.0,Peak Disruption
2025-08-01,Philippines,Automotive,35.3,0.1,20.4,10.31,5.6,7.0,Peak Disruption
2025-08-01,Philippines,Textiles,16.0,0.0,10.3,3.94,2.8,7.0,Peak Disruption
2025-08-01,Philippines,Chemicals,41.1,0.1,20.9,11.79,6.4,7.0,Peak Disruption
2025-08-01,Malaysia,Energy,10.8,0.0,6.3,3.61,2.0,10.0,Peak Disruption
2025-08-01,Malaysia,Manufacturing,6.0,0.0,3.9,2.05,1.1,10.0,Peak Disruption
2025-08-01,Malaysia,Agriculture,4.1,0.0,2.5,1.16,0.8,10.0,Peak Disruption
2025-08-01,Malaysia,Pharmaceuticals,3.7,0.0,2.2,1.05,0.6,10.0,Peak Disruption
2025-08-01,Malaysia,Electronics,4.6,0.0,3.1,1.31,1.0,10.0,Peak Disruption
2025-08-01,Malaysia,Automotive,6.2,0.0,3.8,1.76,1.1,10.0,Peak Disruption
2025-08-01,Malaysia,Textiles,2.8,0.0,2.0,0.97,0.5,10.0,Peak Disruption
2025-08-01,Malaysia,Chemicals,8.1,0.0,4.8,2.35,1.4,10.0,Peak Disruption
2025-08-01,Pakistan,Energy,60.3,0.1,35.2,17.66,10.0,5.8,Peak Disruption
2025-08-01,Pakistan,Manufacturing,45.2,0.1,27.5,13.71,8.2,5.8,Peak Disruption
2025-08-01,Pakistan,Agriculture,25.3,0.0,16.3,6.72,4.8,5.8,Peak Disruption
2025-08-01,Pakistan,Pharmaceuticals,19.0,0.0,13.9,7.13,3.6,5.8,Peak Disruption
2025-08-01,Pakistan,Electronics,37.2,0.1,19.3,10.15,6.2,5.8,Peak Disruption
2025-08-01,Pakistan,Automotive,36.7,0.1,26.7,11.6,7.2,5.8,Peak Disruption
2025-08-01,Pakistan,Textiles,17.5,0.0,11.8,6.35,3.5,5.8,Peak Disruption
2025-08-01,Pakistan,Chemicals,40.3,0.1,27.9,16.2,8.1,5.8,Peak Disruption
2025-08-01,Bangladesh,Energy,39.0,0.1,25.6,11.88,6.8,8.4,Peak Disruption
2025-08-01,Bangladesh,Manufacturing,26.8,0.1,13.6,8.17,4.4,8.4,Peak Disruption
2025-08-01,Bangladesh,Agriculture,14.2,0.0,9.2,3.76,2.3,8.4,Peak Disruption
2025-08-01,Bangladesh,Pharmaceuticals,13.5,0.0,8.0,3.94,2.1,8.4,Peak Disruption
2025-08-01,Bangladesh,Electronics,20.3,0.0,10.7,4.79,3.2,8.4,Peak Disruption
2025-08-01,Bangladesh,Automotive,20.2,0.0,11.9,7.67,4.2,8.4,Peak Disruption
2025-08-01,Bangladesh,Textiles,10.9,0.0,5.9,2.8,1.9,8.4,Peak Disruption
2025-08-01,Bangladesh,Chemicals,28.0,0.1,18.3,7.92,4.8,8.4,Peak Disruption
2025-08-01,Taiwan,Energy,70.8,0.2,36.1,23.32,10.0,5.6,Peak Disruption
2025-08-01,Taiwan,Manufacturing,42.7,0.2,30.6,14.13,7.6,5.6,Peak Disruption
2025-08-01,Taiwan,Agriculture,26.3,0.1,14.6,8.07,5.0,5.6,Peak Disruption
2025-08-01,Taiwan,Pharmaceuticals,23.4,0.1,16.0,5.72,3.9,5.6,Peak Disruption
2025-08-01,Taiwan,Electronics,35.1,0.2,20.2,11.6,6.3,5.6,Peak Disruption
2025-08-01,Taiwan,Automotive,46.5,0.1,22.7,12.84,8.0,5.6,Peak Disruption
2025-08-01,Taiwan,Textiles,18.7,0.1,11.8,6.56,3.2,5.6,Peak Disruption
2025-08-01,Taiwan,Chemicals,43.8,0.2,28.5,13.81,8.4,5.6,Peak Disruption
2025-08-01,Singapore,Energy,74.7,0.2,38.5,23.33,10.0,5.4,Peak Disruption
2025-08-01,Singapore,Manufacturing,48.4,0.1,24.8,12.52,8.1,5.4,Peak Disruption
2025-08-01,Singapore,Agriculture,26.0,0.1,16.1,7.26,4.9,5.4,Peak Disruption
2025-08-01,Singapore,Pharmaceuticals,25.0,0.1,16.0,5.92,3.8,5.4,Peak Disruption
2025-08-01,Singapore,Electronics,33.2,0.1,23.7,11.94,6.9,5.4,Peak Disruption
2025-08-01,Singapore,Automotive,46.8,0.1,24.5,14.44,7.1,5.4,Peak Disruption
2025-08-01,Singapore,Textiles,22.0,0.0,10.9,4.79,3.5,5.4,Peak Disruption
2025-08-01,Singapore,Chemicals,45.2,0.1,27.8,15.04,9.4,5.4,Peak Disruption
2025-08-01,New Zealand,Energy,24.4,0.0,16.1,8.3,4.7,9.6,Peak Disruption
2025-08-01,New Zealand,Manufacturing,15.9,0.0,8.7,4.1,3.0,9.6,Peak Disruption
2025-08-01,New Zealand,Agriculture,9.8,0.0,5.5,2.56,1.8,9.6,Peak Disruption
2025-08-01,New Zealand,Pharmaceuticals,8.8,0.0,4.6,2.74,1.6,9.6,Peak Disruption
2025-08-01,New Zealand,Electronics,13.0,0.0,8.5,3.53,2.3,9.6,Peak Disruption
2025-08-01,New Zealand,Automotive,14.5,0.0,9.9,4.17,2.7,9.6,Peak Disruption
2025-08-01,New Zealand,Textiles,7.0,0.0,4.5,2.03,1.3,9.6,Peak Disruption
2025-08-01,New Zealand,Chemicals,19.7,0.0,12.2,6.07,2.9,9.6,Peak Disruption
2025-08-01,Sri Lanka,Energy,71.6,0.0,53.4,23.39,10.0,4.6,Peak Disruption
2025-08-01,Sri Lanka,Manufacturing,44.7,0.0,32.5,13.02,8.9,4.6,Peak Disruption
2025-08-01,Sri Lanka,Agriculture,29.8,0.0,18.7,10.22,5.1,4.6,Peak Disruption
2025-08-01,Sri Lanka,Pharmaceuticals,26.4,0.0,13.9,7.08,4.4,4.6,Peak Disruption
2025-08-01,Sri Lanka,Electronics,44.4,0.0,27.1,12.45,6.4,4.6,Peak Disruption
2025-08-01,Sri Lanka,Automotive,42.6,0.0,32.4,12.36,8.7,4.6,Peak Disruption
2025-08-01,Sri Lanka,Textiles,21.5,0.0,12.4,7.03,3.7,4.6,Peak Disruption
2025-08-01,Sri Lanka,Chemicals,60.7,0.0,34.5,18.52,10.0,4.6,Peak Disruption
2025-08-01,Myanmar,Energy,28.1,0.0,18.6,8.7,5.8,9.0,Peak Disruption
2025-08-01,Myanmar,Manufacturing,20.6,0.0,11.8,5.46,3.5,9.0,Peak Disruption
2025-08-01,Myanmar,Agriculture,13.4,0.0,6.8,3.63,2.3,9.0,Peak Disruption
2025-08-01,Myanmar,Pharmaceuticals,10.1,0.0,6.8,2.73,1.7,9.0,Peak Disruption
2025-08-01,Myanmar,Electronics,14.7,0.0,9.4,4.2,3.0,9.0,Peak Disruption
2025-08-01,Myanmar,Automotive,17.3,0.0,10.4,5.93,3.7,9.0,Peak Disruption
2025-08-01,Myanmar,Textiles,8.7,0.0,5.3,2.19,1.7,9.0,Peak Disruption
2025-08-01,Myanmar,Chemicals,22.5,0.0,13.9,5.75,4.3,9.0,Peak Disruption
2025-08-01,Cambodia,Energy,39.6,0.0,24.6,11.04,6.6,8.6,Peak Disruption
2025-08-01,Cambodia,Manufacturing,25.2,0.0,16.1,7.63,4.4,8.6,Peak Disruption
2025-08-01,Cambodia,Agriculture,13.1,0.0,7.6,4.61,2.7,8.6,Peak Disruption
2025-08-01,Cambodia,Pharmaceuticals,10.4,0.0,7.9,3.33,2.0,8.6,Peak Disruption
2025-08-01,Cambodia,Electronics,17.6,0.0,11.4,4.5,3.0,8.6,Peak Disruption
2025-08-01,Cambodia,Automotive,21.7,0.0,11.3,6.61,3.6,8.6,Peak Disruption
2025-08-01,Cambodia,Textiles,10.0,0.0,6.6,2.37,1.7,8.6,Peak Disruption
2025-08-01,Cambodia,Chemicals,28.1,0.0,17.0,6.78,4.9,8.6,Peak Disruption
2025-08-01,Laos,Energy,9.1,0.0,4.8,2.38,1.7,10.0,Peak Disruption
2025-08-01,Laos,Manufacturing,6.4,0.0,4.1,1.74,1.0,10.0,Peak Disruption
2025-08-01,Laos,Agriculture,3.2,0.0,1.9,0.92,0.7,10.0,Peak Disruption
2025-08-01,Laos,Pharmaceuticals,3.2,0.0,1.8,0.97,0.5,10.0,Peak Disruption
2025-08-01,Laos,Electronics,4.2,0.0,2.8,1.16,0.7,10.0,Peak Disruption
2025-08-01,Laos,Automotive,6.0,0.0,3.6,1.46,0.9,10.0,Peak Disruption
2025-08-01,Laos,Textiles,2.6,0.0,1.7,0.72,0.4,10.0,Peak Disruption
2025-08-01,Laos,Chemicals,6.7,0.0,4.4,2.11,1.1,10.0,Peak Disruption
2025-08-01,Mongolia,Energy,3.9,0.0,2.3,1.28,0.8,10.0,Peak Disruption
2025-08-01,Mongolia,Manufacturing,3.0,0.0,2.0,0.93,0.6,10.0,Peak Disruption
2025-08-01,Mongolia,Agriculture,1.8,0.0,0.9,0.41,0.3,10.0,Peak Disruption
2025-08-01,Mongolia,Pharmaceuticals,1.4,0.0,1.1,0.48,0.3,10.0,Peak Disruption
2025-08-01,Mongolia,Electronics,2.3,0.0,1.2,0.59,0.4,10.0,Peak Disruption
2025-08-01,Mongolia,Automotive,2.8,0.0,1.8,0.79,0.5,10.0,Peak Disruption
2025-08-01,Mongolia,Textiles,1.1,0.0,1.0,0.39,0.2,10.0,Peak Disruption
2025-08-01,Mongolia,Chemicals,3.3,0.0,2.2,1.05,0.6,10.0,Peak Disruption
2025-09-01,China,Energy,35.3,2.9,20.6,13.29,7.5,8.3,Peak Disruption
2025-09-01,China,Manufacturing,26.6,2.8,17.7,6.72,5.0,8.3,Peak Disruption
2025-09-01,China,Agriculture,16.3,1.2,9.9,3.95,2.7,8.3,Peak Disruption
2025-09-01,China,Pharmaceuticals,12.0,1.4,8.6,3.36,2.4,8.3,Peak Disruption
2025-09-01,China,Electronics,20.8,2.0,13.6,6.37,3.3,8.3,Peak Disruption
2025-09-01,China,Automotive,22.9,2.3,16.6,7.47,3.9,8.3,Peak Disruption
2025-09-01,China,Textiles,11.4,0.8,6.1,3.16,2.0,8.3,Peak Disruption
2025-09-01,China,Chemicals,25.5,2.7,18.9,8.16,4.6,8.3,Peak Disruption
2025-09-01,India,Energy,58.4,0.9,31.6,13.36,10.0,6.8,Peak Disruption
2025-09-01,India,Manufacturing,35.5,0.7,20.7,11.71,7.1,6.8,Peak Disruption
2025-09-01,India,Agriculture,21.2,0.3,14.7,5.96,4.2,6.8,Peak Disruption
2025-09-01,India,Pharmaceuticals,20.6,0.3,10.7,4.82,3.2,6.8,Peak Disruption
2025-09-01,India,Electronics,24.5,0.6,15.9,7.45,4.6,6.8,Peak Disruption
2025-09-01,India,Automotive,36.2,0.6,22.8,9.23,6.3,6.8,Peak Disruption
2025-09-01,India,Textiles,16.6,0.3,8.0,3.99,2.5,6.8,Peak Disruption
2025-09-01,India,Chemicals,38.8,0.7,21.3,13.57,7.6,6.8,Peak Disruption
2025-09-01,Japan,Energy,69.7,1.4,47.9,18.8,10.0,4.8,Peak Disruption
2025-09-01,Japan,Manufacturing,52.1,0.9,31.5,15.66,9.0,4.8,Peak Disruption
2025-09-01,Japan,Agriculture,27.6,0.7,18.0,9.9,5.4,4.8,Peak Disruption
2025-09-01,Japan,Pharmaceuticals,22.6,0.5,18.0,8.78,5.1,4.8,Peak Disruption
2025-09-01,Japan,Electronics,42.7,0.9,20.8,12.21,6.7,4.8,Peak Disruption
2025-09-01,Japan,Automotive,51.7,0.9,32.0,14.12,9.2,4.8,Peak Disruption
2025-09-01,Japan,Textiles,18.7,0.4,14.5,7.22,4.0,4.8,Peak Disruption
2025-09-01,Japan,Chemicals,54.9,1.3,32.3,13.61,10.0,4.8,Peak Disruption
2025-09-01,South Korea,Energy,53.4,0.5,44.0,15.53,10.0,6.0,Peak Disruption
2025-09-01,South Korea,Manufacturing,41.1,0.3,24.0,11.41,7.0,6.0,Peak Disruption
2025-09-01,South Korea,Agriculture,21.7,0.2,14.2,7.84,4.5,6.0,Peak Disruption
2025-09-01,South Korea,Pharmaceuticals,20.3,0.1,13.8,5.66,3.5,6.0,Peak Disruption
2025-09-01,South Korea,Electronics,31.4,0.3,20.5,9.43,5.2,6.0,Peak Disruption
2025-09-01,South Korea,Automotive,37.4,0.4,23.4,10.7,7.4,6.0,Peak Disruption
2025-09-01,South Korea,Textiles,19.7,0.1,9.9,5.58,3.3,6.0,Peak Disruption
2025-09-01,South Korea,Chemicals,51.9,0.3,24.8,14.86,7.5,6.0,Peak Disruption
2025-09-01,Australia,Energy,13.0,0.1,8.9,4.2,2.3,10.0,Peak Disruption
2025-09-01,Australia,Manufacturing,8.4,0.1,5.9,2.95,1.5,10.0,Peak Disruption
2025-09-01,Australia,Agriculture,5.0,0.0,2.7,1.73,1.0,10.0,Peak Disruption
2025-09-01,Australia,Pharmaceuticals,4.5,0.0,2.8,1.32,0.7,10.0,Peak Disruption
2025-09-01,Australia,Electronics,7.4,0.0,4.0,1.83,1.3,10.0,Peak Disruption
2025-09-01,Australia,Automotive,8.2,0.1,4.5,2.35,1.6,10.0,Peak Disruption
2025-09-01,Australia,Textiles,3.5,0.0,2.3,1.17,0.7,10.0,Peak Disruption
2025-09-01,Australia,Chemicals,10.7,0.1,5.7,2.95,1.6,10.0,Peak Disruption
2025-09-01,Indonesia,Energy,17.0,0.1,8.8,5.06,3.1,10.0,Peak Disruption
2025-09-01,Indonesia,Manufacturing,10.5,0.1,6.0,3.45,1.9,10.0,Peak Disruption
2025-09-01,Indonesia,Agriculture,6.2,0.0,3.9,1.88,1.2,10.0,Peak Disruption
2025-09-01,Indonesia,Pharmaceuticals,5.3,0.0,3.2,1.42,1.0,10.0,Peak Disruption
2025-09-01,Indonesia,Electronics,7.8,0.1,4.8,2.58,1.4,10.0,Peak Disruption
2025-09-01,Indonesia,Automotive,10.0,0.1,5.6,2.76,1.8,10.0,Peak Disruption
2025-09-01,Indonesia,Textiles,4.8,0.0,2.8,1.12,0.8,10.0,Peak Disruption
2025-09-01,Indonesia,Chemicals,12.9,0.1,6.0,3.63,2.1,10.0,Peak Disruption
2025-09-01,Thailand,Energy,46.2,0.1,27.1,12.39,8.7,7.4,Peak Disruption
2025-09-01,Thailand,Manufacturing,30.0,0.1,17.1,8.49,5.8,7.4,Peak Disruption
2025-09-01,Thailand,Agriculture,19.9,0.0,11.2,4.75,3.4,7.4,Peak Disruption
2025-09-01,Thailand,Pharmaceuticals,17.9,0.0,11.3,5.19,3.1,7.4,Peak Disruption
2025-09-01,Thailand,Electronics,23.2,0.1,15.6,7.3,4.0,7.4,Peak Disruption
2025-09-01,Thailand,Automotive,28.5,0.1,19.6,9.12,4.8,7.4,Peak Disruption
2025-09-01,Thailand,Textiles,12.9,0.0,8.0,4.49,2.6,7.4,Peak Disruption
2025-09-01,Thailand,Chemicals,38.4,0.1,24.0,8.97,6.6,7.4,Peak Disruption
2025-09-01,Vietnam,Energy,22.0,0.0,12.9,5.93,3.2,10.0,Peak Disruption
2025-09-01,Vietnam,Manufacturing,12.3,0.0,7.5,3.2,2.3,10.0,Peak Disruption
2025-09-01,Vietnam,Agriculture,7.0,0.0,4.8,1.95,1.5,10.0,Peak Disruption
2025-09-01,Vietnam,Pharmaceuticals,6.3,0.0,3.9,1.86,1.1,10.0,Peak Disruption
2025-09-01,Vietnam,Electronics,9.4,0.0,6.3,2.92,1.8,10.0,Peak Disruption
2025-09-01,Vietnam,Automotive,11.4,0.0,8.2,4.1,2.0,10.0,Peak Disruption
2025-09-01,Vietnam,Textiles,5.7,0.0,3.8,1.83,0.9,10.0,Peak Disruption
2025-09-01,Vietnam,Chemicals,14.2,0.0,8.0,3.9,2.5,10.0,Peak Disruption
2025-09-01,Philippines,Energy,49.6,0.1,36.2,16.56,8.8,7.0,Peak Disruption
2025-09-01,Philippines,Manufacturing,33.4,0.1,19.6,11.81,6.4,7.0,Peak Disruption
2025-09-01,Philippines,Agriculture,19.0,0.0,10.9,5.94,3.4,7.0,Peak Disruption
2025-09-01,Philippines,Pharmaceuticals,17.0,0.0,11.7,5.79,3.4,7.0,Peak Disruption
2025-09-01,Philippines,Electronics,29.2,0.1,16.4,8.32,5.0,7.0,Peak Disruption
2025-09-01,Philippines,Automotive,31.4,0.1,20.9,8.25,5.3,7.0,Peak Disruption
2025-09-01,Philippines,Textiles,14.9,0.0,10.1,4.89,2.5,7.0,Peak Disruption
2025-09-01,Philippines,Chemicals,41.0,0.1,23.6,11.23,6.3,7.0,Peak Disruption
2025-09-01,Malaysia,Energy,12.0,0.0,7.0,3.52,1.9,10.0,Peak Disruption
2025-09-01,Malaysia,Manufacturing,6.3,0.0,4.5,1.82,1.3,10.0,Peak Disruption
2025-09-01,Malaysia,Agriculture,4.0,0.0,2.3,1.08,0.8,10.0,Peak Disruption
2025-09-01,Malaysia,Pharmaceuticals,3.3,0.0,2.5,1.11,0.6,10.0,Peak Disruption
2025-09-01,Malaysia,Electronics,4.6,0.0,3.0,1.81,0.9,10.0,Peak Disruption
2025-09-01,Malaysia,Automotive,6.8,0.0,4.0,1.57,1.2,10.0,Peak Disruption
2025-09-01,Malaysia,Textiles,2.5,0.0,1.9,0.8,0.6,10.0,Peak Disruption
2025-09-01,Malaysia,Chemicals,8.6,0.0,4.9,2.26,1.5,10.0,Peak Disruption
2025-09-01,Pakistan,Energy,71.4,0.1,43.4,20.65,10.0,5.8,Peak Disruption
2025-09-01,Pakistan,Manufacturing,37.8,0.1,25.8,10.9,7.2,5.8,Peak Disruption
2025-09-01,Pakistan,Agriculture,25.8,0.1,16.5,6.41,4.4,5.8,Peak Disruption
2025-09-01,Pakistan,Pharmaceuticals,23.8,0.0,11.8,7.36,3.6,5.8,Peak Disruption
2025-09-01,Pakistan,Electronics,35.7,0.1,18.5,9.8,5.9,5.8,Peak Disruption
2025-09-01,Pakistan,Automotive,41.7,0.1,26.8,11.42,7.9,5.8,Peak Disruption
2025-09-01,Pakistan,Textiles,16.9,0.0,12.4,5.62,3.1,5.8,Peak Disruption
2025-09-01,Pakistan,Chemicals,50.7,0.1,27.5,12.85,8.1,5.8,Peak Disruption
2025-09-01,Bangladesh,Energy,36.1,0.1,25.0,11.24,6.1,8.4,Peak Disruption
2025-09-01,Bangladesh,Manufacturing,27.5,0.0,17.2,8.14,4.4,8.4,Peak Disruption
2025-09-01,Bangladesh,Agriculture,15.4,0.0,7.6,4.07,2.4,8.4,Peak Disruption
2025-09-01,Bangladesh,Pharmaceuticals,13.0,0.0,6.5,3.55,2.3,8.4,Peak Disruption
2025-09-01,Bangladesh,Electronics,16.6,0.0,12.9,5.17,3.4,8.4,Peak Disruption
2025-09-01,Bangladesh,Automotive,23.7,0.0,12.9,7.07,3.7,8.4,Peak Disruption
2025-09-01,Bangladesh,Textiles,9.8,0.0,6.4,3.5,1.8,8.4,Peak Disruption
2025-09-01,Bangladesh,Chemicals,26.7,0.1,15.7,8.8,4.5,8.4,Peak Disruption
2025-09-01,Taiwan,Energy,58.2,0.2,37.2,17.36,10.0,5.6,Peak Disruption
2025-09-01,Taiwan,Manufacturing,41.7,0.2,26.1,11.81,7.9,5.6,Peak Disruption
2025-09-01,Taiwan,Agriculture,24.8,0.1,16.5,8.81,5.1,5.6,Peak Disruption
2025-09-01,Taiwan,Pharmaceuticals,20.5,0.1,12.3,5.85,4.0,5.6,Peak Disruption
2025-09-01,Taiwan,Electronics,29.1,0.1,19.3,11.42,6.5,5.6,Peak Disruption
2025-09-01,Taiwan,Automotive,38.9,0.1,26.6,10.66,7.1,5.6,Peak Disruption
2025-09-01,Taiwan,Textiles,19.7,0.1,11.5,5.49,3.3,5.6,Peak Disruption
2025-09-01,Taiwan,Chemicals,48.4,0.2,26.2,13.92,8.3,5.6,Peak Disruption
2025-09-01,Singapore,Energy,64.4,0.2,43.1,17.06,10.0,5.4,Peak Disruption
2025-09-01,Singapore,Manufacturing,42.0,0.1,31.2,13.03,7.8,5.4,Peak Disruption
2025-09-01,Singapore,Agriculture,29.9,0.1,18.3,9.42,5.0,5.4,Peak Disruption
2025-09-01,Singapore,Pharmaceuticals,21.2,0.1,13.2,6.92,4.3,5.4,Peak Disruption
2025-09-01,Singapore,Electronics,32.5,0.1,19.5,9.83,6.0,5.4,Peak Disruption
2025-09-01,Singapore,Automotive,40.0,0.1,24.4,10.81,7.7,5.4,Peak Disruption
2025-09-01,Singapore,Textiles,16.7,0.1,12.5,5.43,3.7,5.4,Peak Disruption
2025-09-01,Singapore,Chemicals,57.2,0.1,35.0,17.28,8.3,5.4,Peak Disruption
2025-09-01,New Zealand,Energy,24.4,0.0,15.9,5.97,4.8,9.6,Peak Disruption
2025-09-01,New Zealand,Manufacturing,16.6,0.0,9.5,5.32,2.9,9.6,Peak Disruption
2025-09-01,New Zealand,Agriculture,9.9,0.0,5.9,2.98,1.9,9.6,Peak Disruption
2025-09-01,New Zealand,Pharmaceuticals,8.3,0.0,4.6,2.2,1.3,9.6,Peak Disruption
2025-09-01,New Zealand,Electronics,13.5,0.0,7.4,3.43,2.0,9.6,Peak Disruption
2025-09-01,New Zealand,Automotive,13.3,0.0,9.2,4.56,2.7,9.6,Peak Disruption
2025-09-01,New Zealand,Textiles,6.3,0.0,3.6,1.77,1.3,9.6,Peak Disruption
2025-09-01,New Zealand,Chemicals,18.2,0.0,10.4,5.88,3.2,9.6,Peak Disruption
2025-09-01,Sri Lanka,Energy,85.3,0.0,51.2,27.52,10.0,4.6,Peak Disruption
2025-09-01,Sri Lanka,Manufacturing,58.5,0.0,36.9,13.05,9.8,4.6,Peak Disruption
2025-09-01,Sri Lanka,Agriculture,30.2,0.0,17.3,8.25,5.2,4.6,Peak Disruption
2025-09-01,Sri Lanka,Pharmaceuticals,29.4,0.0,14.2,8.6,4.8,4.6,Peak Disruption
2025-09-01,Sri Lanka,Electronics,42.1,0.0,25.5,10.61,6.6,4.6,Peak Disruption
2025-09-01,Sri Lanka,Automotive,51.0,0.0,33.5,13.11,8.0,4.6,Peak Disruption
2025-09-01,Sri Lanka,Textiles,22.2,0.0,13.6,6.25,3.8,4.6,Peak Disruption
2025-09-01,Sri Lanka,Chemicals,52.3,0.0,31.3,19.2,9.9,4.6,Peak Disruption
2025-09-01,Myanmar,Energy,33.2,0.0,19.4,7.65,5.9,9.0,Peak Disruption
2025-09-01,Myanmar,Manufacturing,21.6,0.0,12.0,7.02,3.7,9.0,Peak Disruption
2025-09-01,Myanmar,Agriculture,12.4,0.0,8.1,3.21,2.1,9.0,Peak Disruption
2025-09-01,Myanmar,Pharmaceuticals,9.8,0.0,5.4,3.23,1.9,9.0,Peak Disruption
2025-09-01,Myanmar,Electronics,14.2,0.0,8.5,4.87,2.8,9.0,Peak Disruption
2025-09-01,Myanmar,Automotive,16.7,0.0,9.9,6.11,3.1,9.0,Peak Disruption
2025-09-01,Myanmar,Textiles,8.0,0.0,5.6,2.58,1.4,9.0,Peak Disruption
2025-09-01,Myanmar,Chemicals,20.7,0.0,14.4,7.36,4.3,9.0,Peak Disruption
2025-09-01,Cambodia,Energy,32.9,0.0,20.8,11.45,6.9,8.6,Peak Disruption
2025-09-01,Cambodia,Manufacturing,22.3,0.0,16.3,7.82,4.1,8.6,Peak Disruption
2025-09-01,Cambodia,Agriculture,15.4,0.0,7.7,3.78,2.6,8.6,Peak Disruption
2025-09-01,Cambodia,Pharmaceuticals,13.0,0.0,7.1,3.14,2.2,8.6,Peak Disruption
2025-09-01,Cambodia,Electronics,16.4,0.0,11.9,5.42,3.1,8.6,Peak Disruption
2025-09-01,Cambodia,Automotive,21.8,0.0,13.2,6.12,3.6,8.6,Peak Disruption
2025-09-01,Cambodia,Textiles,8.7,0.0,6.0,2.85,1.7,8.6,Peak Disruption
2025-09-01,Cambodia,Chemicals,24.8,0.0,16.0,7.37,4.6,8.6,Peak Disruption
2025-09-01,Laos,Energy,9.5,0.0,5.8,2.67,1.6,10.0,Peak Disruption
2025-09-01,Laos,Manufacturing,6.4,0.0,3.8,1.53,1.0,10.0,Peak Disruption
2025-09-01,Laos,Agriculture,3.2,0.0,2.0,1.1,0.6,10.0,Peak Disruption
2025-09-01,Laos,Pharmaceuticals,3.1,0.0,1.8,0.79,0.5,10.0,Peak Disruption
2025-09-01,Laos,Electronics,4.8,0.0,2.6,1.09,0.8,10.0,Peak Disruption
2025-09-01,Laos,Automotive,4.7,0.0,3.4,1.48,1.0,10.0,Peak Disruption
2025-09-01,Laos,Textiles,2.4,0.0,1.3,0.61,0.4,10.0,Peak Disruption
2025-09-01,Laos,Chemicals,6.9,0.0,3.9,1.74,1.1,10.0,Peak Disruption
2025-09-01,Mongolia,Energy,4.0,0.0,2.8,1.51,0.7,10.0,Peak Disruption
2025-09-01,Mongolia,Manufacturing,2.9,0.0,1.6,0.87,0.5,10.0,Peak Disruption
2025-09-01,Mongolia,Agriculture,1.7,0.0,1.0,0.57,0.3,10.0,Peak Disruption
2025-09-01,Mongolia,Pharmaceuticals,1.5,0.0,1.0,0.41,0.2,10.0,Peak Disruption
2025-09-01,Mongolia,Electronics,2.1,0.0,1.3,0.71,0.4,10.0,Peak Disruption
2025-09-01,Mongolia,Automotive,2.5,0.0,1.7,0.77,0.5,10.0,Peak Disruption
2025-09-01,Mongolia,Textiles,1.2,0.0,0.9,0.34,0.2,10.0,Peak Disruption
2025-09-01,Mongolia,Chemicals,2.9,0.0,1.8,1.1,0.6,10.0,Peak Disruption
2025-10-01,China,Energy,31.8,1.6,11.5,5.11,4.8,7.4,Fragile Stabilisation
2025-10-01,China,Manufacturing,18.6,1.1,6.8,4.2,3.4,7.4,Fragile Stabilisation
2025-10-01,China,Agriculture,10.2,0.7,3.9,2.5,2.0,7.4,Fragile Stabilisation
2025-10-01,China,Pharmaceuticals,9.8,0.6,4.2,2.12,1.8,7.4,Fragile Stabilisation
2025-10-01,China,Electronics,14.0,0.9,6.0,2.63,2.4,7.4,Fragile Stabilisation
2025-10-01,China,Automotive,17.2,0.9,7.4,3.17,3.2,7.4,Fragile Stabilisation
2025-10-01,China,Textiles,6.6,0.5,3.0,1.37,1.5,7.4,Fragile Stabilisation
2025-10-01,China,Chemicals,18.8,1.4,7.7,4.23,3.7,7.4,Fragile Stabilisation
2025-10-01,India,Energy,43.3,0.6,16.8,6.82,6.5,5.9,Fragile Stabilisation
2025-10-01,India,Manufacturing,28.9,0.3,11.1,4.74,4.8,5.9,Fragile Stabilisation
2025-10-01,India,Agriculture,16.6,0.2,5.6,3.22,2.8,5.9,Fragile Stabilisation
2025-10-01,India,Pharmaceuticals,12.5,0.2,5.5,2.59,2.5,5.9,Fragile Stabilisation
2025-10-01,India,Electronics,21.8,0.3,9.0,3.43,3.5,5.9,Fragile Stabilisation
2025-10-01,India,Automotive,24.4,0.4,9.2,4.83,3.9,5.9,Fragile Stabilisation
2025-10-01,India,Textiles,9.3,0.1,5.0,2.02,2.2,5.9,Fragile Stabilisation
2025-10-01,India,Chemicals,24.3,0.4,12.4,5.83,4.8,5.9,Fragile Stabilisation
2025-10-01,Japan,Energy,58.6,0.8,23.6,10.79,9.4,3.9,Fragile Stabilisation
2025-10-01,Japan,Manufacturing,38.2,0.4,16.7,7.86,7.1,3.9,Fragile Stabilisation
2025-10-01,Japan,Agriculture,22.3,0.3,8.3,4.44,4.1,3.9,Fragile Stabilisation
2025-10-01,Japan,Pharmaceuticals,19.2,0.2,8.0,4.03,3.2,3.9,Fragile Stabilisation
2025-10-01,Japan,Electronics,30.8,0.5,12.6,5.8,5.5,3.9,Fragile Stabilisation
2025-10-01,Japan,Automotive,35.7,0.5,16.6,7.43,6.5,3.9,Fragile Stabilisation
2025-10-01,Japan,Textiles,13.7,0.3,7.4,3.65,2.7,3.9,Fragile Stabilisation
2025-10-01,Japan,Chemicals,40.0,0.6,15.9,7.92,6.9,3.9,Fragile Stabilisation
2025-10-01,South Korea,Energy,39.5,0.3,19.1,8.52,8.6,5.1,Fragile Stabilisation
2025-10-01,South Korea,Manufacturing,32.4,0.2,14.7,5.4,5.6,5.1,Fragile Stabilisation
2025-10-01,South Korea,Agriculture,15.4,0.1,6.4,3.75,2.9,5.1,Fragile Stabilisation
2025-10-01,South Korea,Pharmaceuticals,15.7,0.1,5.5,2.65,3.0,5.1,Fragile Stabilisation
2025-10-01,South Korea,Electronics,23.5,0.1,9.8,4.05,4.1,5.1,Fragile Stabilisation
2025-10-01,South Korea,Automotive,27.8,0.2,13.5,5.88,5.5,5.1,Fragile Stabilisation
2025-10-01,South Korea,Textiles,11.6,0.1,5.0,2.26,2.5,5.1,Fragile Stabilisation
2025-10-01,South Korea,Chemicals,30.4,0.2,13.3,7.24,5.5,5.1,Fragile Stabilisation
2025-10-01,Australia,Energy,8.8,0.0,4.5,1.97,1.7,9.7,Fragile Stabilisation
2025-10-01,Australia,Manufacturing,6.7,0.0,2.6,1.17,1.2,9.7,Fragile Stabilisation
2025-10-01,Australia,Agriculture,4.0,0.0,1.8,0.78,0.7,9.7,Fragile Stabilisation
2025-10-01,Australia,Pharmaceuticals,3.4,0.0,1.3,0.75,0.6,9.7,Fragile Stabilisation
2025-10-01,Australia,Electronics,4.4,0.0,2.3,1.06,0.9,9.7,Fragile Stabilisation
2025-10-01,Australia,Automotive,6.2,0.0,2.3,1.19,1.1,9.7,Fragile Stabilisation
2025-10-01,Australia,Textiles,2.9,0.0,1.2,0.47,0.4,9.7,Fragile Stabilisation
2025-10-01,Australia,Chemicals,6.7,0.0,2.7,1.24,1.2,9.7,Fragile Stabilisation
2025-10-01,Indonesia,Energy,10.7,0.1,5.1,2.7,2.0,9.5,Fragile Stabilisation
2025-10-01,Indonesia,Manufacturing,8.4,0.0,2.9,1.44,1.3,9.5,Fragile Stabilisation
2025-10-01,Indonesia,Agriculture,4.0,0.0,2.1,0.78,0.8,9.5,Fragile Stabilisation
2025-10-01,Indonesia,Pharmaceuticals,3.4,0.0,1.8,0.69,0.7,9.5,Fragile Stabilisation
2025-10-01,Indonesia,Electronics,4.9,0.0,2.2,1.12,1.1,9.5,Fragile Stabilisation
2025-10-01,Indonesia,Automotive,7.8,0.0,2.7,1.31,1.3,9.5,Fragile Stabilisation
2025-10-01,Indonesia,Textiles,3.1,0.0,1.5,0.53,0.5,9.5,Fragile Stabilisation
2025-10-01,Indonesia,Chemicals,7.8,0.0,3.0,1.56,1.5,9.5,Fragile Stabilisation
2025-10-01,Thailand,Energy,34.8,0.1,13.4,6.63,6.7,6.5,Fragile Stabilisation
2025-10-01,Thailand,Manufacturing,22.5,0.0,10.8,4.77,4.0,6.5,Fragile Stabilisation
2025-10-01,Thailand,Agriculture,12.9,0.0,6.4,2.28,2.4,6.5,Fragile Stabilisation
2025-10-01,Thailand,Pharmaceuticals,10.8,0.0,5.3,2.78,2.1,6.5,Fragile Stabilisation
2025-10-01,Thailand,Electronics,19.6,0.0,7.4,3.53,3.5,6.5,Fragile Stabilisation
2025-10-01,Thailand,Automotive,20.6,0.0,8.2,3.61,3.9,6.5,Fragile Stabilisation
2025-10-01,Thailand,Textiles,9.0,0.0,4.6,1.87,1.7,6.5,Fragile Stabilisation
2025-10-01,Thailand,Chemicals,23.0,0.0,9.2,5.23,4.7,6.5,Fragile Stabilisation
2025-10-01,Vietnam,Energy,12.9,0.0,5.4,3.1,2.3,9.1,Fragile Stabilisation
2025-10-01,Vietnam,Manufacturing,10.7,0.0,3.7,2.1,1.8,9.1,Fragile Stabilisation
2025-10-01,Vietnam,Agriculture,5.6,0.0,2.6,1.22,1.0,9.1,Fragile Stabilisation
2025-10-01,Vietnam,Pharmaceuticals,5.2,0.0,2.2,0.98,0.8,9.1,Fragile Stabilisation
2025-10-01,Vietnam,Electronics,6.3,0.0,2.7,1.6,1.4,9.1,Fragile Stabilisation
2025-10-01,Vietnam,Automotive,8.9,0.0,3.1,1.68,1.5,9.1,Fragile Stabilisation
2025-10-01,Vietnam,Textiles,3.9,0.0,1.5,0.76,0.7,9.1,Fragile Stabilisation
2025-10-01,Vietnam,Chemicals,11.4,0.0,4.9,1.83,2.0,9.1,Fragile Stabilisation
2025-10-01,Philippines,Energy,41.0,0.0,14.4,6.94,6.3,6.1,Fragile Stabilisation
2025-10-01,Philippines,Manufacturing,23.6,0.0,10.0,5.0,4.7,6.1,Fragile Stabilisation
2025-10-01,Philippines,Agriculture,16.9,0.0,6.9,3.33,2.9,6.1,Fragile Stabilisation
2025-10-01,Philippines,Pharmaceuticals,13.4,0.0,5.8,2.19,2.5,6.1,Fragile Stabilisation
2025-10-01,Philippines,Electronics,19.8,0.0,6.9,3.51,3.7,6.1,Fragile Stabilisation
2025-10-01,Philippines,Automotive,21.1,0.0,9.3,5.33,4.6,6.1,Fragile Stabilisation
2025-10-01,Philippines,Textiles,10.4,0.0,3.9,2.52,1.8,6.1,Fragile Stabilisation
2025-10-01,Philippines,Chemicals,28.8,0.0,13.2,6.33,5.4,6.1,Fragile Stabilisation
2025-10-01,Malaysia,Energy,8.1,0.0,3.4,1.64,1.4,9.9,Fragile Stabilisation
2025-10-01,Malaysia,Manufacturing,5.5,0.0,2.5,1.17,0.8,9.9,Fragile Stabilisation
2025-10-01,Malaysia,Agriculture,3.1,0.0,1.3,0.56,0.5,9.9,Fragile Stabilisation
2025-10-01,Malaysia,Pharmaceuticals,2.6,0.0,1.2,0.44,0.4,9.9,Fragile Stabilisation
2025-10-01,Malaysia,Electronics,4.0,0.0,1.8,0.67,0.7,9.9,Fragile Stabilisation
2025-10-01,Malaysia,Automotive,5.1,0.0,1.8,1.03,0.8,9.9,Fragile Stabilisation
2025-10-01,Malaysia,Textiles,2.1,0.0,0.9,0.47,0.4,9.9,Fragile Stabilisation
2025-10-01,Malaysia,Chemicals,6.2,0.0,2.2,1.3,1.1,9.9,Fragile Stabilisation
2025-10-01,Pakistan,Energy,41.4,0.1,19.6,11.27,8.0,4.9,Fragile Stabilisation
2025-10-01,Pakistan,Manufacturing,33.6,0.0,11.8,6.57,5.8,4.9,Fragile Stabilisation
2025-10-01,Pakistan,Agriculture,17.3,0.0,7.4,3.3,3.3,4.9,Fragile Stabilisation
2025-10-01,Pakistan,Pharmaceuticals,14.3,0.0,7.5,3.03,2.9,4.9,Fragile Stabilisation
2025-10-01,Pakistan,Electronics,20.6,0.0,11.1,4.83,4.6,4.9,Fragile Stabilisation
2025-10-01,Pakistan,Automotive,25.5,0.0,14.2,6.05,5.1,4.9,Fragile Stabilisation
2025-10-01,Pakistan,Textiles,13.3,0.0,5.1,2.58,2.5,4.9,Fragile Stabilisation
2025-10-01,Pakistan,Chemicals,37.4,0.0,13.1,8.14,5.8,4.9,Fragile Stabilisation
2025-10-01,Bangladesh,Energy,25.4,0.0,12.8,4.78,4.7,7.5,Fragile Stabilisation
2025-10-01,Bangladesh,Manufacturing,20.0,0.0,8.0,3.12,3.0,7.5,Fragile Stabilisation
2025-10-01,Bangladesh,Agriculture,10.4,0.0,4.9,2.29,1.9,7.5,Fragile Stabilisation
2025-10-01,Bangladesh,Pharmaceuticals,8.7,0.0,4.1,1.66,1.8,7.5,Fragile Stabilisation
2025-10-01,Bangladesh,Electronics,12.5,0.0,5.6,3.18,2.4,7.5,Fragile Stabilisation
2025-10-01,Bangladesh,Automotive,14.9,0.0,6.8,3.06,3.2,7.5,Fragile Stabilisation
2025-10-01,Bangladesh,Textiles,8.0,0.0,3.0,1.58,1.3,7.5,Fragile Stabilisation
2025-10-01,Bangladesh,Chemicals,21.5,0.0,8.6,3.66,3.6,7.5,Fragile Stabilisation
2025-10-01,Taiwan,Energy,55.2,0.1,18.9,9.2,9.4,4.7,Fragile Stabilisation
2025-10-01,Taiwan,Manufacturing,33.9,0.1,14.1,6.41,5.7,4.7,Fragile Stabilisation
2025-10-01,Taiwan,Agriculture,18.2,0.1,7.9,4.48,3.4,4.7,Fragile Stabilisation
2025-10-01,Taiwan,Pharmaceuticals,14.4,0.0,6.8,3.97,3.0,4.7,Fragile Stabilisation
2025-10-01,Taiwan,Electronics,26.7,0.1,10.0,5.36,4.5,4.7,Fragile Stabilisation
2025-10-01,Taiwan,Automotive,26.6,0.1,14.6,6.9,5.2,4.7,Fragile Stabilisation
2025-10-01,Taiwan,Textiles,13.6,0.0,5.9,3.18,2.4,4.7,Fragile Stabilisation
2025-10-01,Taiwan,Chemicals,40.1,0.1,15.4,6.49,6.4,4.7,Fragile Stabilisation
2025-10-01,Singapore,Energy,52.6,0.1,19.8,10.39,8.9,4.5,Fragile Stabilisation
2025-10-01,Singapore,Manufacturing,34.0,0.0,14.7,7.33,6.2,4.5,Fragile Stabilisation
2025-10-01,Singapore,Agriculture,22.5,0.0,7.5,4.16,3.7,4.5,Fragile Stabilisation
2025-10-01,Singapore,Pharmaceuticals,18.2,0.0,6.1,3.22,3.0,4.5,Fragile Stabilisation
2025-10-01,Singapore,Electronics,23.6,0.0,9.2,5.14,4.2,4.5,Fragile Stabilisation
2025-10-01,Singapore,Automotive,26.8,0.1,14.5,5.46,5.9,4.5,Fragile Stabilisation
2025-10-01,Singapore,Textiles,14.5,0.0,5.3,3.12,2.7,4.5,Fragile Stabilisation
2025-10-01,Singapore,Chemicals,34.3,0.1,13.5,8.22,7.3,4.5,Fragile Stabilisation
2025-10-01,New Zealand,Energy,16.3,0.0,8.4,3.73,3.0,8.7,Fragile Stabilisation
2025-10-01,New Zealand,Manufacturing,13.1,0.0,5.0,2.05,2.0,8.7,Fragile Stabilisation
2025-10-01,New Zealand,Agriculture,6.9,0.0,2.8,1.49,1.3,8.7,Fragile Stabilisation
2025-10-01,New Zealand,Pharmaceuticals,6.7,0.0,2.2,1.31,1.0,8.7,Fragile Stabilisation
2025-10-01,New Zealand,Electronics,9.8,0.0,3.9,1.78,1.6,8.7,Fragile Stabilisation
2025-10-01,New Zealand,Automotive,9.8,0.0,4.9,2.43,2.1,8.7,Fragile Stabilisation
2025-10-01,New Zealand,Textiles,4.8,0.0,2.0,1.14,0.8,8.7,Fragile Stabilisation
2025-10-01,New Zealand,Chemicals,13.5,0.0,5.1,2.87,2.1,8.7,Fragile Stabilisation
2025-10-01,Sri Lanka,Energy,63.5,0.0,23.4,11.48,10.0,3.7,Fragile Stabilisation
2025-10-01,Sri Lanka,Manufacturing,33.0,0.0,15.4,7.94,6.5,3.7,Fragile Stabilisation
2025-10-01,Sri Lanka,Agriculture,23.3,0.0,9.4,4.4,3.8,3.7,Fragile Stabilisation
2025-10-01,Sri Lanka,Pharmaceuticals,20.6,0.0,8.9,3.96,3.2,3.7,Fragile Stabilisation
2025-10-01,Sri Lanka,Electronics,31.7,0.0,10.7,6.18,4.7,3.7,Fragile Stabilisation
2025-10-01,Sri Lanka,Automotive,37.4,0.0,13.1,6.59,6.7,3.7,Fragile Stabilisation
2025-10-01,Sri Lanka,Textiles,16.7,0.0,7.5,3.23,2.9,3.7,Fragile Stabilisation
2025-10-01,Sri Lanka,Chemicals,44.7,0.0,17.4,9.64,6.9,3.7,Fragile Stabilisation
2025-10-01,Myanmar,Energy,21.2,0.0,8.8,4.41,4.4,8.1,Fragile Stabilisation
2025-10-01,Myanmar,Manufacturing,16.0,0.0,7.2,3.21,2.9,8.1,Fragile Stabilisation
2025-10-01,Myanmar,Agriculture,8.4,0.0,3.5,1.83,1.6,8.1,Fragile Stabilisation
2025-10-01,Myanmar,Pharmaceuticals,8.5,0.0,2.8,1.56,1.3,8.1,Fragile Stabilisation
2025-10-01,Myanmar,Electronics,9.6,0.0,5.4,1.87,1.9,8.1,Fragile Stabilisation
2025-10-01,Myanmar,Automotive,15.4,0.0,6.6,3.09,2.6,8.1,Fragile Stabilisation
2025-10-01,Myanmar,Textiles,5.7,0.0,2.2,1.22,1.0,8.1,Fragile Stabilisation
2025-10-01,Myanmar,Chemicals,13.9,0.0,5.9,3.49,2.8,8.1,Fragile Stabilisation
2025-10-01,Cambodia,Energy,26.5,0.0,10.7,4.72,4.5,7.7,Fragile Stabilisation
2025-10-01,Cambodia,Manufacturing,18.7,0.0,7.7,3.32,2.8,7.7,Fragile Stabilisation
2025-10-01,Cambodia,Agriculture,9.5,0.0,4.6,2.05,1.8,7.7,Fragile Stabilisation
2025-10-01,Cambodia,Pharmaceuticals,7.7,0.0,3.8,1.76,1.5,7.7,Fragile Stabilisation
2025-10-01,Cambodia,Electronics,12.0,0.0,5.4,2.79,2.3,7.7,Fragile Stabilisation
2025-10-01,Cambodia,Automotive,16.4,0.0,6.5,3.21,2.7,7.7,Fragile Stabilisation
2025-10-01,Cambodia,Textiles,7.4,0.0,3.3,1.43,1.2,7.7,Fragile Stabilisation
2025-10-01,Cambodia,Chemicals,20.9,0.0,8.9,3.33,3.5,7.7,Fragile Stabilisation
2025-10-01,Laos,Energy,5.8,0.0,3.0,1.29,1.2,10.0,Fragile Stabilisation
2025-10-01,Laos,Manufacturing,3.8,0.0,2.0,0.89,0.7,10.0,Fragile Stabilisation
2025-10-01,Laos,Agriculture,2.8,0.0,0.9,0.47,0.4,10.0,Fragile Stabilisation
2025-10-01,Laos,Pharmaceuticals,2.4,0.0,1.0,0.46,0.4,10.0,Fragile Stabilisation
2025-10-01,Laos,Electronics,3.2,0.0,1.4,0.71,0.5,10.0,Fragile Stabilisation
2025-10-01,Laos,Automotive,3.9,0.0,1.8,0.93,0.8,10.0,Fragile Stabilisation
2025-10-01,Laos,Textiles,2.0,0.0,1.1,0.32,0.3,10.0,Fragile Stabilisation
2025-10-01,Laos,Chemicals,4.3,0.0,1.7,0.83,0.8,10.0,Fragile Stabilisation
2025-10-01,Mongolia,Energy,3.0,0.0,1.2,0.72,0.5,10.0,Fragile Stabilisation
2025-10-01,Mongolia,Manufacturing,1.8,0.0,0.9,0.39,0.4,10.0,Fragile Stabilisation
2025-10-01,Mongolia,Agriculture,1.0,0.0,1.0,0.27,0.2,10.0,Fragile Stabilisation
2025-10-01,Mongolia,Pharmaceuticals,1.2,0.0,1.1,0.22,0.2,10.0,Fragile Stabilisation
2025-10-01,Mongolia,Electronics,1.6,0.0,1.0,0.38,0.3,10.0,Fragile Stabilisation
2025-10-01,Mongolia,Automotive,2.1,0.0,0.9,0.42,0.4,10.0,Fragile Stabilisation
2025-10-01,Mongolia,Textiles,0.8,0.0,1.1,0.17,0.2,10.0,Fragile Stabilisation
2025-10-01,Mongolia,Chemicals,2.0,0.0,1.0,0.5,0.4,10.0,Fragile Stabilisation
2025-11-01,China,Energy,25.2,1.5,10.5,5.43,4.9,7.4,Fragile Stabilisation
2025-11-01,China,Manufacturing,16.5,1.3,8.6,4.47,3.2,7.4,Fragile Stabilisation
2025-11-01,China,Agriculture,12.4,0.6,4.4,2.05,1.8,7.4,Fragile Stabilisation
2025-11-01,China,Pharmaceuticals,9.4,0.7,4.3,1.84,1.8,7.4,Fragile Stabilisation
2025-11-01,China,Electronics,12.9,1.0,6.8,2.46,2.3,7.4,Fragile Stabilisation
2025-11-01,China,Automotive,18.8,1.3,6.3,3.95,3.3,7.4,Fragile Stabilisation
2025-11-01,China,Textiles,7.8,0.4,3.6,1.72,1.5,7.4,Fragile Stabilisation
2025-11-01,China,Chemicals,18.8,1.1,7.7,4.78,3.9,7.4,Fragile Stabilisation
2025-11-01,India,Energy,43.8,0.6,18.6,8.82,7.1,5.9,Fragile Stabilisation
2025-11-01,India,Manufacturing,26.6,0.3,12.3,6.11,4.4,5.9,Fragile Stabilisation
2025-11-01,India,Agriculture,14.1,0.2,7.1,3.45,2.7,5.9,Fragile Stabilisation
2025-11-01,India,Pharmaceuticals,13.8,0.2,6.4,2.84,2.2,5.9,Fragile Stabilisation
2025-11-01,India,Electronics,20.0,0.2,8.7,4.14,3.7,5.9,Fragile Stabilisation
2025-11-01,India,Automotive,27.1,0.4,11.0,4.39,3.9,5.9,Fragile Stabilisation
2025-11-01,India,Textiles,10.6,0.2,4.5,2.09,2.1,5.9,Fragile Stabilisation
2025-11-01,India,Chemicals,31.8,0.3,10.3,5.37,5.7,5.9,Fragile Stabilisation
2025-11-01,Japan,Energy,52.5,0.8,20.6,12.99,10.0,3.9,Fragile Stabilisation
2025-11-01,Japan,Manufacturing,36.3,0.6,14.4,6.87,6.7,3.9,Fragile Stabilisation
2025-11-01,Japan,Agriculture,21.2,0.4,8.1,5.01,4.1,3.9,Fragile Stabilisation
2025-11-01,Japan,Pharmaceuticals,21.0,0.3,7.0,4.29,3.3,3.9,Fragile Stabilisation
2025-11-01,Japan,Electronics,24.8,0.3,13.5,5.16,5.4,3.9,Fragile Stabilisation
2025-11-01,Japan,Automotive,29.6,0.5,16.2,6.9,5.9,3.9,Fragile Stabilisation
2025-11-01,Japan,Textiles,15.3,0.2,6.1,3.12,2.9,3.9,Fragile Stabilisation
2025-11-01,Japan,Chemicals,35.5,0.5,15.7,7.09,7.0,3.9,Fragile Stabilisation
2025-11-01,South Korea,Energy,39.6,0.3,19.8,7.96,9.0,5.1,Fragile Stabilisation
2025-11-01,South Korea,Manufacturing,26.7,0.2,11.3,5.69,5.6,5.1,Fragile Stabilisation
2025-11-01,South Korea,Agriculture,15.4,0.1,7.3,4.14,3.3,5.1,Fragile Stabilisation
2025-11-01,South Korea,Pharmaceuticals,17.3,0.1,7.2,2.85,2.7,5.1,Fragile Stabilisation
2025-11-01,South Korea,Electronics,23.2,0.1,10.8,5.1,4.0,5.1,Fragile Stabilisation
2025-11-01,South Korea,Automotive,30.8,0.2,12.9,5.7,5.6,5.1,Fragile Stabilisation
2025-11-01,South Korea,Textiles,12.1,0.1,4.9,2.68,2.3,5.1,Fragile Stabilisation
2025-11-01,South Korea,Chemicals,35.1,0.2,12.6,6.38,6.5,5.1,Fragile Stabilisation
2025-11-01,Australia,Energy,9.3,0.1,4.3,1.92,1.8,9.7,Fragile Stabilisation
2025-11-01,Australia,Manufacturing,5.7,0.0,3.0,1.15,1.1,9.7,Fragile Stabilisation
2025-11-01,Australia,Agriculture,4.1,0.0,1.8,0.73,0.6,9.7,Fragile Stabilisation
2025-11-01,Australia,Pharmaceuticals,3.3,0.0,1.4,0.7,0.6,9.7,Fragile Stabilisation
2025-11-01,Australia,Electronics,4.2,0.0,2.3,1.12,0.8,9.7,Fragile Stabilisation
2025-11-01,Australia,Automotive,6.2,0.0,2.5,1.18,1.0,9.7,Fragile Stabilisation
2025-11-01,Australia,Textiles,3.0,0.0,1.0,0.63,0.5,9.7,Fragile Stabilisation
2025-11-01,Australia,Chemicals,6.0,0.0,3.1,1.52,1.2,9.7,Fragile Stabilisation
2025-11-01,Indonesia,Energy,12.3,0.1,4.6,2.23,2.0,9.5,Fragile Stabilisation
2025-11-01,Indonesia,Manufacturing,6.9,0.0,3.3,1.44,1.5,9.5,Fragile Stabilisation
2025-11-01,Indonesia,Agriculture,4.9,0.0,1.8,0.95,0.8,9.5,Fragile Stabilisation
2025-11-01,Indonesia,Pharmaceuticals,3.3,0.0,1.8,0.81,0.6,9.5,Fragile Stabilisation
2025-11-01,Indonesia,Electronics,4.9,0.0,2.5,1.2,1.0,9.5,Fragile Stabilisation
2025-11-01,Indonesia,Automotive,7.2,0.0,2.9,1.3,1.2,9.5,Fragile Stabilisation
2025-11-01,Indonesia,Textiles,3.4,0.0,1.3,0.63,0.6,9.5,Fragile Stabilisation
2025-11-01,Indonesia,Chemicals,9.0,0.0,3.1,1.45,1.5,9.5,Fragile Stabilisation
2025-11-01,Thailand,Energy,33.1,0.1,13.8,6.08,5.9,6.5,Fragile Stabilisation
2025-11-01,Thailand,Manufacturing,25.8,0.0,10.8,5.57,4.2,6.5,Fragile Stabilisation
2025-11-01,Thailand,Agriculture,14.3,0.0,5.1,3.14,2.4,6.5,Fragile Stabilisation
2025-11-01,Thailand,Pharmaceuticals,11.7,0.0,4.5,1.96,1.9,6.5,Fragile Stabilisation
2025-11-01,Thailand,Electronics,16.0,0.0,7.4,4.02,3.2,6.5,Fragile Stabilisation
2025-11-01,Thailand,Automotive,19.4,0.0,8.5,3.97,4.1,6.5,Fragile Stabilisation
2025-11-01,Thailand,Textiles,8.9,0.0,4.7,2.12,1.6,6.5,Fragile Stabilisation
2025-11-01,Thailand,Chemicals,24.2,0.0,12.0,6.02,4.4,6.5,Fragile Stabilisation
2025-11-01,Vietnam,Energy,12.3,0.0,5.4,2.92,2.6,9.1,Fragile Stabilisation
2025-11-01,Vietnam,Manufacturing,8.4,0.0,4.4,1.95,1.6,9.1,Fragile Stabilisation
2025-11-01,Vietnam,Agriculture,5.0,0.0,2.5,1.19,1.0,9.1,Fragile Stabilisation
2025-11-01,Vietnam,Pharmaceuticals,4.5,0.0,2.2,0.8,0.9,9.1,Fragile Stabilisation
2025-11-01,Vietnam,Electronics,6.3,0.0,2.6,1.36,1.3,9.1,Fragile Stabilisation
2025-11-01,Vietnam,Automotive,8.3,0.0,4.1,1.75,1.5,9.1,Fragile Stabilisation
2025-11-01,Vietnam,Textiles,3.5,0.0,1.5,0.83,0.6,9.1,Fragile Stabilisation
2025-11-01,Vietnam,Chemicals,10.5,0.0,4.2,1.91,1.7,9.1,Fragile Stabilisation
2025-11-01,Philippines,Energy,33.5,0.1,16.9,8.44,6.6,6.1,Fragile Stabilisation
2025-11-01,Philippines,Manufacturing,26.4,0.0,10.4,4.92,4.3,6.1,Fragile Stabilisation
2025-11-01,Philippines,Agriculture,15.9,0.0,7.2,3.56,2.8,6.1,Fragile Stabilisation
2025-11-01,Philippines,Pharmaceuticals,14.4,0.0,5.2,2.6,2.3,6.1,Fragile Stabilisation
2025-11-01,Philippines,Electronics,18.8,0.0,7.0,3.26,3.1,6.1,Fragile Stabilisation
2025-11-01,Philippines,Automotive,25.7,0.0,9.4,4.98,4.6,6.1,Fragile Stabilisation
2025-11-01,Philippines,Textiles,10.5,0.0,4.9,2.02,1.8,6.1,Fragile Stabilisation
2025-11-01,Philippines,Chemicals,30.4,0.0,10.1,5.95,5.3,6.1,Fragile Stabilisation
2025-11-01,Malaysia,Energy,6.7,0.0,3.4,1.54,1.2,9.9,Fragile Stabilisation
2025-11-01,Malaysia,Manufacturing,4.8,0.0,2.0,0.98,0.9,9.9,Fragile Stabilisation
2025-11-01,Malaysia,Agriculture,2.8,0.0,1.2,0.62,0.5,9.9,Fragile Stabilisation
2025-11-01,Malaysia,Pharmaceuticals,2.8,0.0,1.2,0.56,0.4,9.9,Fragile Stabilisation
2025-11-01,Malaysia,Electronics,3.6,0.0,1.5,0.88,0.7,9.9,Fragile Stabilisation
2025-11-01,Malaysia,Automotive,4.8,0.0,2.2,0.98,0.9,9.9,Fragile Stabilisation
2025-11-01,Malaysia,Textiles,1.9,0.0,1.1,0.48,0.4,9.9,Fragile Stabilisation
2025-11-01,Malaysia,Chemicals,6.0,0.0,2.5,0.93,0.9,9.9,Fragile Stabilisation
2025-11-01,Pakistan,Energy,54.2,0.1,20.2,10.89,8.6,4.9,Fragile Stabilisation
2025-11-01,Pakistan,Manufacturing,28.5,0.0,14.8,5.36,6.3,4.9,Fragile Stabilisation
2025-11-01,Pakistan,Agriculture,17.6,0.0,7.6,3.68,3.6,4.9,Fragile Stabilisation
2025-11-01,Pakistan,Pharmaceuticals,17.4,0.0,7.4,3.29,2.7,4.9,Fragile Stabilisation
2025-11-01,Pakistan,Electronics,23.7,0.0,8.7,4.66,4.2,4.9,Fragile Stabilisation
2025-11-01,Pakistan,Automotive,28.6,0.0,13.8,5.08,5.2,4.9,Fragile Stabilisation
2025-11-01,Pakistan,Textiles,14.3,0.0,5.1,3.09,2.5,4.9,Fragile Stabilisation
2025-11-01,Pakistan,Chemicals,32.5,0.0,16.8,7.57,6.4,4.9,Fragile Stabilisation
2025-11-01,Bangladesh,Energy,26.9,0.0,12.6,5.62,4.9,7.5,Fragile Stabilisation
2025-11-01,Bangladesh,Manufacturing,17.1,0.0,8.6,3.75,3.2,7.5,Fragile Stabilisation
2025-11-01,Bangladesh,Agriculture,10.7,0.0,4.4,1.79,1.9,7.5,Fragile Stabilisation
2025-11-01,Bangladesh,Pharmaceuticals,10.0,0.0,4.1,1.74,1.5,7.5,Fragile Stabilisation
2025-11-01,Bangladesh,Electronics,14.5,0.0,5.7,2.39,2.5,7.5,Fragile Stabilisation
2025-11-01,Bangladesh,Automotive,16.1,0.0,6.7,3.85,2.9,7.5,Fragile Stabilisation
2025-11-01,Bangladesh,Textiles,6.8,0.0,2.7,1.61,1.4,7.5,Fragile Stabilisation
2025-11-01,Bangladesh,Chemicals,17.1,0.0,9.1,4.6,3.7,7.5,Fragile Stabilisation
2025-11-01,Taiwan,Energy,51.4,0.1,24.1,10.41,9.4,4.7,Fragile Stabilisation
2025-11-01,Taiwan,Manufacturing,30.7,0.1,15.1,6.82,5.9,4.7,Fragile Stabilisation
2025-11-01,Taiwan,Agriculture,17.6,0.0,9.1,3.62,3.6,4.7,Fragile Stabilisation
2025-11-01,Taiwan,Pharmaceuticals,15.4,0.0,6.4,2.78,2.8,4.7,Fragile Stabilisation
2025-11-01,Taiwan,Electronics,27.7,0.1,10.0,5.19,4.6,4.7,Fragile Stabilisation
2025-11-01,Taiwan,Automotive,27.0,0.1,11.4,5.2,6.0,4.7,Fragile Stabilisation
2025-11-01,Taiwan,Textiles,14.7,0.0,6.4,3.09,2.6,4.7,Fragile Stabilisation
2025-11-01,Taiwan,Chemicals,31.1,0.1,14.9,7.75,6.1,4.7,Fragile Stabilisation
2025-11-01,Singapore,Energy,46.5,0.1,19.6,9.0,8.3,4.5,Fragile Stabilisation
2025-11-01,Singapore,Manufacturing,35.0,0.1,14.8,6.92,5.5,4.5,Fragile Stabilisation
2025-11-01,Singapore,Agriculture,21.4,0.0,9.1,4.24,3.6,4.5,Fragile Stabilisation
2025-11-01,Singapore,Pharmaceuticals,16.6,0.0,6.7,2.87,3.2,4.5,Fragile Stabilisation
2025-11-01,Singapore,Electronics,25.1,0.0,11.8,5.0,5.0,4.5,Fragile Stabilisation
2025-11-01,Singapore,Automotive,33.8,0.1,14.2,6.25,6.0,4.5,Fragile Stabilisation
2025-11-01,Singapore,Textiles,13.3,0.0,6.4,2.89,2.5,4.5,Fragile Stabilisation
2025-11-01,Singapore,Chemicals,33.2,0.1,14.6,7.08,7.0,4.5,Fragile Stabilisation
2025-11-01,New Zealand,Energy,15.8,0.0,7.9,3.07,3.1,8.7,Fragile Stabilisation
2025-11-01,New Zealand,Manufacturing,12.1,0.0,4.9,2.14,2.2,8.7,Fragile Stabilisation
2025-11-01,New Zealand,Agriculture,6.7,0.0,3.1,1.25,1.3,8.7,Fragile Stabilisation
2025-11-01,New Zealand,Pharmaceuticals,5.3,0.0,2.4,1.26,1.1,8.7,Fragile Stabilisation
2025-11-01,New Zealand,Electronics,10.0,0.0,3.5,2.13,1.5,8.7,Fragile Stabilisation
2025-11-01,New Zealand,Automotive,9.7,0.0,4.8,1.99,1.9,8.7,Fragile Stabilisation
2025-11-01,New Zealand,Textiles,4.6,0.0,2.4,1.02,0.8,8.7,Fragile Stabilisation
2025-11-01,New Zealand,Chemicals,13.5,0.0,5.9,2.72,2.3,8.7,Fragile Stabilisation
2025-11-01,Sri Lanka,Energy,59.4,0.0,22.2,13.35,10.0,3.7,Fragile Stabilisation
2025-11-01,Sri Lanka,Manufacturing,33.4,0.0,18.0,8.28,7.0,3.7,Fragile Stabilisation
2025-11-01,Sri Lanka,Agriculture,23.9,0.0,9.6,5.12,4.3,3.7,Fragile Stabilisation
2025-11-01,Sri Lanka,Pharmaceuticals,20.5,0.0,8.9,4.2,3.6,3.7,Fragile Stabilisation
2025-11-01,Sri Lanka,Electronics,25.2,0.0,12.0,6.01,4.7,3.7,Fragile Stabilisation
2025-11-01,Sri Lanka,Automotive,37.8,0.0,16.2,7.73,6.5,3.7,Fragile Stabilisation
2025-11-01,Sri Lanka,Textiles,16.4,0.0,7.1,3.16,3.1,3.7,Fragile Stabilisation
2025-11-01,Sri Lanka,Chemicals,37.1,0.0,16.1,8.67,7.9,3.7,Fragile Stabilisation
2025-11-01,Myanmar,Energy,23.8,0.0,8.5,4.11,3.8,8.1,Fragile Stabilisation
2025-11-01,Myanmar,Manufacturing,15.4,0.0,6.2,2.7,2.7,8.1,Fragile Stabilisation
2025-11-01,Myanmar,Agriculture,9.1,0.0,4.1,1.74,1.7,8.1,Fragile Stabilisation
2025-11-01,Myanmar,Pharmaceuticals,7.6,0.0,2.9,1.42,1.3,8.1,Fragile Stabilisation
2025-11-01,Myanmar,Electronics,10.6,0.0,4.6,1.99,2.0,8.1,Fragile Stabilisation
2025-11-01,Myanmar,Automotive,15.2,0.0,6.4,3.24,2.3,8.1,Fragile Stabilisation
2025-11-01,Myanmar,Textiles,6.8,0.0,2.3,1.35,1.0,8.1,Fragile Stabilisation
2025-11-01,Myanmar,Chemicals,18.0,0.0,6.5,2.87,3.1,8.1,Fragile Stabilisation
2025-11-01,Cambodia,Energy,23.4,0.0,10.7,4.57,4.6,7.7,Fragile Stabilisation
2025-11-01,Cambodia,Manufacturing,17.2,0.0,7.1,3.06,2.9,7.7,Fragile Stabilisation
2025-11-01,Cambodia,Agriculture,9.0,0.0,4.3,1.91,1.7,7.7,Fragile Stabilisation
2025-11-01,Cambodia,Pharmaceuticals,8.8,0.0,3.9,1.8,1.4,7.7,Fragile Stabilisation
2025-11-01,Cambodia,Electronics,12.9,0.0,5.5,2.31,2.3,7.7,Fragile Stabilisation
2025-11-01,Cambodia,Automotive,15.1,0.0,6.2,2.61,3.0,7.7,Fragile Stabilisation
2025-11-01,Cambodia,Textiles,7.2,0.0,3.0,1.24,1.2,7.7,Fragile Stabilisation
2025-11-01,Cambodia,Chemicals,17.4,0.0,7.5,3.44,3.2,7.7,Fragile Stabilisation
2025-11-01,Laos,Energy,6.1,0.0,2.7,1.15,1.2,10.0,Fragile Stabilisation
2025-11-01,Laos,Manufacturing,4.3,0.0,1.9,0.97,0.8,10.0,Fragile Stabilisation
2025-11-01,Laos,Agriculture,2.6,0.0,1.1,0.58,0.5,10.0,Fragile Stabilisation
2025-11-01,Laos,Pharmaceuticals,2.3,0.0,1.1,0.41,0.4,10.0,Fragile Stabilisation
2025-11-01,Laos,Electronics,3.0,0.0,1.5,0.58,0.6,10.0,Fragile Stabilisation
2025-11-01,Laos,Automotive,3.7,0.0,1.8,0.88,0.7,10.0,Fragile Stabilisation
2025-11-01,Laos,Textiles,1.9,0.0,0.9,0.35,0.3,10.0,Fragile Stabilisation
2025-11-01,Laos,Chemicals,4.9,0.0,1.7,1.03,0.9,10.0,Fragile Stabilisation
2025-11-01,Mongolia,Energy,3.4,0.0,1.3,0.59,0.6,10.0,Fragile Stabilisation
2025-11-01,Mongolia,Manufacturing,2.0,0.0,1.0,0.38,0.4,10.0,Fragile Stabilisation
2025-11-01,Mongolia,Agriculture,1.1,0.0,0.9,0.28,0.2,10.0,Fragile Stabilisation
2025-11-01,Mongolia,Pharmaceuticals,1.1,0.0,1.0,0.21,0.2,10.0,Fragile Stabilisation
2025-11-01,Mongolia,Electronics,1.5,0.0,1.1,0.27,0.3,10.0,Fragile Stabilisation
2025-11-01,Mongolia,Automotive,1.8,0.0,1.0,0.36,0.3,10.0,Fragile Stabilisation
2025-11-01,Mongolia,Textiles,0.9,0.0,1.1,0.21,0.2,10.0,Fragile Stabilisation
2025-11-01,Mongolia,Chemicals,1.9,0.0,1.0,0.52,0.4,10.0,Fragile Stabilisation
2025-12-01,China,Energy,30.3,1.7,11.3,5.88,4.6,7.4,Fragile Stabilisation
2025-12-01,China,Manufacturing,17.2,1.4,8.8,3.61,3.2,7.4,Fragile Stabilisation
2025-12-01,China,Agriculture,9.6,0.6,5.1,2.5,2.0,7.4,Fragile Stabilisation
2025-12-01,China,Pharmaceuticals,10.0,0.6,4.1,2.24,1.6,7.4,Fragile Stabilisation
2025-12-01,China,Electronics,14.1,0.7,5.7,2.59,2.7,7.4,Fragile Stabilisation
2025-12-01,China,Automotive,15.2,1.0,6.5,3.02,2.8,7.4,Fragile Stabilisation
2025-12-01,China,Textiles,8.6,0.5,3.2,1.51,1.5,7.4,Fragile Stabilisation
2025-12-01,China,Chemicals,18.8,1.4,9.9,3.78,4.0,7.4,Fragile Stabilisation
2025-12-01,India,Energy,44.0,0.5,15.8,8.41,7.8,5.9,Fragile Stabilisation
2025-12-01,India,Manufacturing,23.9,0.4,12.6,5.8,4.4,5.9,Fragile Stabilisation
2025-12-01,India,Agriculture,13.5,0.2,7.1,2.84,3.0,5.9,Fragile Stabilisation
2025-12-01,India,Pharmaceuticals,14.3,0.2,4.8,2.23,2.4,5.9,Fragile Stabilisation
2025-12-01,India,Electronics,21.4,0.3,8.2,4.39,3.3,5.9,Fragile Stabilisation
2025-12-01,India,Automotive,27.4,0.3,11.3,4.33,4.0,5.9,Fragile Stabilisation
2025-12-01,India,Textiles,12.3,0.1,4.0,2.22,2.0,5.9,Fragile Stabilisation
2025-12-01,India,Chemicals,26.2,0.4,12.9,6.76,4.8,5.9,Fragile Stabilisation
2025-12-01,Japan,Energy,48.3,0.8,25.0,10.95,10.0,3.9,Fragile Stabilisation
2025-12-01,Japan,Manufacturing,41.2,0.6,18.2,7.49,6.6,3.9,Fragile Stabilisation
2025-12-01,Japan,Agriculture,23.6,0.3,9.5,3.68,4.1,3.9,Fragile Stabilisation
2025-12-01,Japan,Pharmaceuticals,20.4,0.3,7.8,3.27,3.4,3.9,Fragile Stabilisation
2025-12-01,Japan,Electronics,29.6,0.4,11.4,5.34,5.1,3.9,Fragile Stabilisation
2025-12-01,Japan,Automotive,36.7,0.4,15.1,8.21,6.3,3.9,Fragile Stabilisation
2025-12-01,Japan,Textiles,17.0,0.2,6.7,3.49,2.8,3.9,Fragile Stabilisation
2025-12-01,Japan,Chemicals,39.3,0.6,16.2,8.13,7.2,3.9,Fragile Stabilisation
2025-12-01,South Korea,Energy,45.0,0.3,21.6,9.39,8.4,5.1,Fragile Stabilisation
2025-12-01,South Korea,Manufacturing,28.3,0.1,14.3,7.11,6.1,5.1,Fragile Stabilisation
2025-12-01,South Korea,Agriculture,17.1,0.1,8.5,3.59,3.5,5.1,Fragile Stabilisation
2025-12-01,South Korea,Pharmaceuticals,16.2,0.1,5.7,3.5,2.9,5.1,Fragile Stabilisation
2025-12-01,South Korea,Electronics,24.8,0.1,8.3,3.87,4.1,5.1,Fragile Stabilisation
2025-12-01,South Korea,Automotive,25.6,0.1,10.5,6.57,4.9,5.1,Fragile Stabilisation
2025-12-01,South Korea,Textiles,14.0,0.1,4.9,2.92,2.4,5.1,Fragile Stabilisation
2025-12-01,South Korea,Chemicals,36.6,0.2,14.6,5.63,5.6,5.1,Fragile Stabilisation
2025-12-01,Australia,Energy,9.1,0.1,4.3,1.61,1.8,9.7,Fragile Stabilisation
2025-12-01,Australia,Manufacturing,6.2,0.0,2.9,1.52,1.2,9.7,Fragile Stabilisation
2025-12-01,Australia,Agriculture,4.1,0.0,1.8,0.86,0.7,9.7,Fragile Stabilisation
2025-12-01,Australia,Pharmaceuticals,3.5,0.0,1.3,0.67,0.5,9.7,Fragile Stabilisation
2025-12-01,Australia,Electronics,5.1,0.0,1.7,1.11,0.8,9.7,Fragile Stabilisation
2025-12-01,Australia,Automotive,5.6,0.0,2.2,1.29,1.1,9.7,Fragile Stabilisation
2025-12-01,Australia,Textiles,2.5,0.0,1.3,0.46,0.4,9.7,Fragile Stabilisation
2025-12-01,Australia,Chemicals,7.6,0.0,2.9,1.41,1.3,9.7,Fragile Stabilisation
2025-12-01,Indonesia,Energy,11.8,0.1,4.7,2.11,2.0,9.5,Fragile Stabilisation
2025-12-01,Indonesia,Manufacturing,8.0,0.0,2.8,1.54,1.3,9.5,Fragile Stabilisation
2025-12-01,Indonesia,Agriculture,4.1,0.0,1.8,0.85,0.7,9.5,Fragile Stabilisation
2025-12-01,Indonesia,Pharmaceuticals,3.9,0.0,1.5,0.66,0.6,9.5,Fragile Stabilisation
2025-12-01,Indonesia,Electronics,5.6,0.0,2.2,1.01,1.0,9.5,Fragile Stabilisation
2025-12-01,Indonesia,Automotive,6.2,0.0,3.2,1.55,1.2,9.5,Fragile Stabilisation
2025-12-01,Indonesia,Textiles,3.5,0.0,1.6,0.7,0.6,9.5,Fragile Stabilisation
2025-12-01,Indonesia,Chemicals,7.4,0.0,3.9,1.52,1.3,9.5,Fragile Stabilisation
2025-12-01,Thailand,Energy,31.0,0.1,16.2,8.32,6.2,6.5,Fragile Stabilisation
2025-12-01,Thailand,Manufacturing,25.1,0.0,11.2,3.96,4.6,6.5,Fragile Stabilisation
2025-12-01,Thailand,Agriculture,14.8,0.0,5.3,3.1,2.2,6.5,Fragile Stabilisation
2025-12-01,Thailand,Pharmaceuticals,12.5,0.0,4.7,2.32,2.2,6.5,Fragile Stabilisation
2025-12-01,Thailand,Electronics,15.6,0.0,6.4,3.77,3.0,6.5,Fragile Stabilisation
2025-12-01,Thailand,Automotive,19.2,0.0,8.6,4.19,4.2,6.5,Fragile Stabilisation
2025-12-01,Thailand,Textiles,10.0,0.0,3.7,1.74,1.7,6.5,Fragile Stabilisation
2025-12-01,Thailand,Chemicals,24.8,0.0,11.6,5.94,4.9,6.5,Fragile Stabilisation
2025-12-01,Vietnam,Energy,14.0,0.0,6.1,3.04,2.3,9.1,Fragile Stabilisation
2025-12-01,Vietnam,Manufacturing,10.1,0.0,4.3,2.01,1.8,9.1,Fragile Stabilisation
2025-12-01,Vietnam,Agriculture,5.4,0.0,2.5,1.12,1.0,9.1,Fragile Stabilisation
2025-12-01,Vietnam,Pharmaceuticals,4.6,0.0,1.7,0.81,0.9,9.1,Fragile Stabilisation
2025-12-01,Vietnam,Electronics,7.7,0.0,3.0,1.39,1.2,9.1,Fragile Stabilisation
2025-12-01,Vietnam,Automotive,9.4,0.0,3.4,1.57,1.5,9.1,Fragile Stabilisation
2025-12-01,Vietnam,Textiles,3.9,0.0,1.6,0.76,0.7,9.1,Fragile Stabilisation
2025-12-01,Vietnam,Chemicals,9.2,0.0,3.8,1.76,1.8,9.1,Fragile Stabilisation
2025-12-01,Philippines,Energy,33.8,0.1,17.9,7.47,6.9,6.1,Fragile Stabilisation
2025-12-01,Philippines,Manufacturing,28.0,0.0,9.9,5.31,4.6,6.1,Fragile Stabilisation
2025-12-01,Philippines,Agriculture,14.7,0.0,7.2,2.81,2.7,6.1,Fragile Stabilisation
2025-12-01,Philippines,Pharmaceuticals,11.8,0.0,4.9,2.79,2.1,6.1,Fragile Stabilisation
2025-12-01,Philippines,Electronics,17.5,0.0,7.5,3.52,3.8,6.1,Fragile Stabilisation
2025-12-01,Philippines,Automotive,22.0,0.0,10.6,4.84,4.5,6.1,Fragile Stabilisation
2025-12-01,Philippines,Textiles,9.3,0.0,5.0,2.0,1.9,6.1,Fragile Stabilisation
2025-12-01,Philippines,Chemicals,29.5,0.0,10.5,6.48,4.9,6.1,Fragile Stabilisation
2025-12-01,Malaysia,Energy,8.0,0.0,3.5,1.29,1.4,9.9,Fragile Stabilisation
2025-12-01,Malaysia,Manufacturing,4.4,0.0,2.1,1.2,0.8,9.9,Fragile Stabilisation
2025-12-01,Malaysia,Agriculture,3.3,0.0,1.1,0.54,0.6,9.9,Fragile Stabilisation
2025-12-01,Malaysia,Pharmaceuticals,2.6,0.0,1.2,0.6,0.5,9.9,Fragile Stabilisation
2025-12-01,Malaysia,Electronics,4.3,0.0,1.5,0.88,0.7,9.9,Fragile Stabilisation
2025-12-01,Malaysia,Automotive,5.3,0.0,2.2,0.94,0.8,9.9,Fragile Stabilisation
2025-12-01,Malaysia,Textiles,1.9,0.0,0.9,0.43,0.4,9.9,Fragile Stabilisation
2025-12-01,Malaysia,Chemicals,4.9,0.0,2.6,0.95,1.1,9.9,Fragile Stabilisation
2025-12-01,Pakistan,Energy,52.7,0.1,17.3,10.63,9.3,4.9,Fragile Stabilisation
2025-12-01,Pakistan,Manufacturing,35.3,0.0,11.6,5.71,5.3,4.9,Fragile Stabilisation
2025-12-01,Pakistan,Agriculture,18.5,0.0,7.8,4.18,3.1,4.9,Fragile Stabilisation
2025-12-01,Pakistan,Pharmaceuticals,16.4,0.0,6.3,3.08,2.8,4.9,Fragile Stabilisation
2025-12-01,Pakistan,Electronics,20.6,0.0,10.2,5.1,4.1,4.9,Fragile Stabilisation
2025-12-01,Pakistan,Automotive,29.8,0.0,12.7,5.22,4.9,4.9,Fragile Stabilisation
2025-12-01,Pakistan,Textiles,13.8,0.0,5.2,2.92,2.3,4.9,Fragile Stabilisation
2025-12-01,Pakistan,Chemicals,33.4,0.0,14.9,6.04,6.7,4.9,Fragile Stabilisation
2025-12-01,Bangladesh,Energy,22.9,0.0,12.1,5.57,4.6,7.5,Fragile Stabilisation
2025-12-01,Bangladesh,Manufacturing,17.0,0.0,7.2,3.25,3.1,7.5,Fragile Stabilisation
2025-12-01,Bangladesh,Agriculture,8.9,0.0,4.5,2.48,1.9,7.5,Fragile Stabilisation
2025-12-01,Bangladesh,Pharmaceuticals,8.1,0.0,4.3,1.98,1.5,7.5,Fragile Stabilisation
2025-12-01,Bangladesh,Electronics,13.8,0.0,5.9,2.78,2.3,7.5,Fragile Stabilisation
2025-12-01,Bangladesh,Automotive,15.4,0.0,7.1,3.11,2.7,7.5,Fragile Stabilisation
2025-12-01,Bangladesh,Textiles,7.8,0.0,3.5,1.57,1.3,7.5,Fragile Stabilisation
2025-12-01,Bangladesh,Chemicals,21.7,0.0,7.1,3.29,3.3,7.5,Fragile Stabilisation
2025-12-01,Taiwan,Energy,47.3,0.1,21.7,8.34,8.9,4.7,Fragile Stabilisation
2025-12-01,Taiwan,Manufacturing,29.6,0.1,15.9,5.71,6.0,4.7,Fragile Stabilisation
2025-12-01,Taiwan,Agriculture,21.6,0.1,9.0,3.3,3.8,4.7,Fragile Stabilisation
2025-12-01,Taiwan,Pharmaceuticals,14.3,0.1,7.0,3.84,3.0,4.7,Fragile Stabilisation
2025-12-01,Taiwan,Electronics,24.4,0.1,9.4,4.58,4.5,4.7,Fragile Stabilisation
2025-12-01,Taiwan,Automotive,26.9,0.1,11.3,6.78,5.7,4.7,Fragile Stabilisation
2025-12-01,Taiwan,Textiles,13.4,0.0,6.5,3.14,2.7,4.7,Fragile Stabilisation
2025-12-01,Taiwan,Chemicals,40.5,0.1,13.3,6.87,6.7,4.7,Fragile Stabilisation
2025-12-01,Singapore,Energy,46.3,0.1,21.3,12.05,9.7,4.5,Fragile Stabilisation
2025-12-01,Singapore,Manufacturing,33.0,0.1,12.9,8.07,6.2,4.5,Fragile Stabilisation
2025-12-01,Singapore,Agriculture,18.0,0.0,7.2,4.23,3.8,4.5,Fragile Stabilisation
2025-12-01,Singapore,Pharmaceuticals,14.9,0.0,6.9,3.72,3.4,4.5,Fragile Stabilisation
2025-12-01,Singapore,Electronics,28.4,0.0,10.5,4.3,4.8,4.5,Fragile Stabilisation
2025-12-01,Singapore,Automotive,30.3,0.1,13.8,6.78,6.0,4.5,Fragile Stabilisation
2025-12-01,Singapore,Textiles,15.2,0.0,6.6,2.6,2.3,4.5,Fragile Stabilisation
2025-12-01,Singapore,Chemicals,38.4,0.1,16.0,7.44,6.5,4.5,Fragile Stabilisation
2025-12-01,New Zealand,Energy,19.6,0.0,8.4,3.02,3.1,8.7,Fragile Stabilisation
2025-12-01,New Zealand,Manufacturing,11.4,0.0,5.6,2.06,2.1,8.7,Fragile Stabilisation
2025-12-01,New Zealand,Agriculture,7.1,0.0,3.2,1.44,1.3,8.7,Fragile Stabilisation
2025-12-01,New Zealand,Pharmaceuticals,6.2,0.0,2.4,1.12,1.2,8.7,Fragile Stabilisation
2025-12-01,New Zealand,Electronics,8.3,0.0,3.3,2.09,1.7,8.7,Fragile Stabilisation
2025-12-01,New Zealand,Automotive,11.6,0.0,4.9,2.15,1.8,8.7,Fragile Stabilisation
2025-12-01,New Zealand,Textiles,5.1,0.0,2.4,1.0,0.9,8.7,Fragile Stabilisation
2025-12-01,New Zealand,Chemicals,14.3,0.0,5.0,2.18,2.4,8.7,Fragile Stabilisation
2025-12-01,Sri Lanka,Energy,50.3,0.0,24.8,13.38,10.0,3.7,Fragile Stabilisation
2025-12-01,Sri Lanka,Manufacturing,33.6,0.0,17.2,8.05,6.7,3.7,Fragile Stabilisation
2025-12-01,Sri Lanka,Agriculture,19.1,0.0,10.0,4.69,3.8,3.7,Fragile Stabilisation
2025-12-01,Sri Lanka,Pharmaceuticals,20.7,0.0,6.9,3.95,3.3,3.7,Fragile Stabilisation
2025-12-01,Sri Lanka,Electronics,26.8,0.0,13.5,5.88,5.1,3.7,Fragile Stabilisation
2025-12-01,Sri Lanka,Automotive,31.0,0.0,14.8,7.12,6.4,3.7,Fragile Stabilisation
2025-12-01,Sri Lanka,Textiles,13.9,0.0,6.5,2.79,2.8,3.7,Fragile Stabilisation
2025-12-01,Sri Lanka,Chemicals,36.5,0.0,19.0,7.88,7.5,3.7,Fragile Stabilisation
2025-12-01,Myanmar,Energy,22.3,0.0,8.9,4.84,4.2,8.1,Fragile Stabilisation
2025-12-01,Myanmar,Manufacturing,16.3,0.0,6.5,3.37,2.9,8.1,Fragile Stabilisation
2025-12-01,Myanmar,Agriculture,8.4,0.0,3.9,1.58,1.7,8.1,Fragile Stabilisation
2025-12-01,Myanmar,Pharmaceuticals,6.9,0.0,3.3,1.77,1.3,8.1,Fragile Stabilisation
2025-12-01,Myanmar,Electronics,12.3,0.0,4.9,2.07,2.0,8.1,Fragile Stabilisation
2025-12-01,Myanmar,Automotive,13.6,0.0,5.3,3.19,2.2,8.1,Fragile Stabilisation
2025-12-01,Myanmar,Textiles,6.4,0.0,2.9,1.15,1.1,8.1,Fragile Stabilisation
2025-12-01,Myanmar,Chemicals,17.3,0.0,6.5,3.64,2.8,8.1,Fragile Stabilisation
2025-12-01,Cambodia,Energy,25.5,0.0,10.2,5.9,4.2,7.7,Fragile Stabilisation
2025-12-01,Cambodia,Manufacturing,17.1,0.0,8.3,2.94,3.1,7.7,Fragile Stabilisation
2025-12-01,Cambodia,Agriculture,10.4,0.0,4.4,2.22,2.0,7.7,Fragile Stabilisation
2025-12-01,Cambodia,Pharmaceuticals,8.3,0.0,3.6,1.93,1.7,7.7,Fragile Stabilisation
2025-12-01,Cambodia,Electronics,14.3,0.0,4.6,2.15,2.5,7.7,Fragile Stabilisation
2025-12-01,Cambodia,Automotive,14.8,0.0,5.7,3.05,3.0,7.7,Fragile Stabilisation
2025-12-01,Cambodia,Textiles,7.3,0.0,2.6,1.67,1.2,7.7,Fragile Stabilisation
2025-12-01,Cambodia,Chemicals,19.9,0.0,8.9,3.39,3.2,7.7,Fragile Stabilisation
2025-12-01,Laos,Energy,5.8,0.0,2.8,1.13,1.2,10.0,Fragile Stabilisation
2025-12-01,Laos,Manufacturing,4.7,0.0,1.6,0.81,0.8,10.0,Fragile Stabilisation
2025-12-01,Laos,Agriculture,2.2,0.0,1.0,0.51,0.5,10.0,Fragile Stabilisation
2025-12-01,Laos,Pharmaceuticals,2.3,0.0,0.9,0.38,0.4,10.0,Fragile Stabilisation
2025-12-01,Laos,Electronics,3.0,0.0,1.2,0.71,0.6,10.0,Fragile Stabilisation
2025-12-01,Laos,Automotive,3.7,0.0,1.4,0.73,0.7,10.0,Fragile Stabilisation
2025-12-01,Laos,Textiles,1.8,0.0,0.9,0.39,0.3,10.0,Fragile Stabilisation
2025-12-01,Laos,Chemicals,4.2,0.0,1.9,0.84,0.8,10.0,Fragile Stabilisation
2025-12-01,Mongolia,Energy,2.7,0.0,1.4,0.75,0.5,10.0,Fragile Stabilisation
2025-12-01,Mongolia,Manufacturing,1.8,0.0,0.9,0.45,0.4,10.0,Fragile Stabilisation
2025-12-01,Mongolia,Agriculture,1.2,0.0,0.9,0.28,0.2,10.0,Fragile Stabilisation
2025-12-01,Mongolia,Pharmaceuticals,1.1,0.0,1.0,0.22,0.2,10.0,Fragile Stabilisation
2025-12-01,Mongolia,Electronics,1.5,0.0,1.1,0.34,0.3,10.0,Fragile Stabilisation
2025-12-01,Mongolia,Automotive,1.9,0.0,1.0,0.44,0.3,10.0,Fragile Stabilisation
2025-12-01,Mongolia,Textiles,0.8,0.0,1.1,0.17,0.2,10.0,Fragile Stabilisation
2025-12-01,Mongolia,Chemicals,2.1,0.0,1.0,0.52,0.4,10.0,Fragile Stabilisation
2026-01-01,China,Energy,20.6,1.0,5.3,2.99,4.4,6.9,Ongoing Uncertainty
2026-01-01,China,Manufacturing,13.6,0.5,3.7,1.98,2.9,6.9,Ongoing Uncertainty
2026-01-01,China,Agriculture,8.4,0.4,2.2,1.16,1.7,6.9,Ongoing Uncertainty
2026-01-01,China,Pharmaceuticals,6.5,0.3,1.9,1.04,1.5,6.9,Ongoing Uncertainty
2026-01-01,China,Electronics,10.1,0.5,3.2,1.43,1.9,6.9,Ongoing Uncertainty
2026-01-01,China,Automotive,14.1,0.5,3.9,2.05,2.7,6.9,Ongoing Uncertainty
2026-01-01,China,Textiles,6.9,0.2,1.5,0.68,1.2,6.9,Ongoing Uncertainty
2026-01-01,China,Chemicals,14.6,0.7,4.5,2.13,3.0,6.9,Ongoing Uncertainty
2026-01-01,India,Energy,28.6,0.2,9.2,4.15,5.3,5.5,Ongoing Uncertainty
2026-01-01,India,Manufacturing,20.8,0.2,5.9,2.5,3.7,5.5,Ongoing Uncertainty
2026-01-01,India,Agriculture,11.7,0.1,3.2,1.56,2.1,5.5,Ongoing Uncertainty
2026-01-01,India,Pharmaceuticals,10.8,0.1,2.8,1.18,1.8,5.5,Ongoing Uncertainty
2026-01-01,India,Electronics,14.7,0.1,4.3,2.03,3.2,5.5,Ongoing Uncertainty
2026-01-01,India,Automotive,21.4,0.1,4.8,2.44,3.7,5.5,Ongoing Uncertainty
2026-01-01,India,Textiles,9.1,0.1,2.0,1.15,1.5,5.5,Ongoing Uncertainty
2026-01-01,India,Chemicals,24.5,0.2,5.4,3.17,4.6,5.5,Ongoing Uncertainty
2026-01-01,Japan,Energy,42.7,0.4,11.5,5.92,8.7,3.4,Ongoing Uncertainty
2026-01-01,Japan,Manufacturing,32.3,0.2,8.2,3.27,5.7,3.4,Ongoing Uncertainty
2026-01-01,Japan,Agriculture,20.0,0.2,5.1,1.9,3.4,3.4,Ongoing Uncertainty
2026-01-01,Japan,Pharmaceuticals,12.9,0.1,3.6,1.8,2.6,3.4,Ongoing Uncertainty
2026-01-01,Japan,Electronics,20.8,0.2,6.2,2.82,3.9,3.4,Ongoing Uncertainty
2026-01-01,Japan,Automotive,24.9,0.3,7.3,3.5,5.4,3.4,Ongoing Uncertainty
2026-01-01,Japan,Textiles,13.9,0.1,3.3,1.84,2.3,3.4,Ongoing Uncertainty
2026-01-01,Japan,Chemicals,27.9,0.3,8.4,4.79,6.2,3.4,Ongoing Uncertainty
2026-01-01,South Korea,Energy,36.4,0.1,10.8,4.23,6.8,4.7,Ongoing Uncertainty
2026-01-01,South Korea,Manufacturing,23.0,0.1,5.6,2.6,4.8,4.7,Ongoing Uncertainty
2026-01-01,South Korea,Agriculture,12.8,0.1,4.3,1.54,2.9,4.7,Ongoing Uncertainty
2026-01-01,South Korea,Pharmaceuticals,13.1,0.0,3.7,1.42,2.1,4.7,Ongoing Uncertainty
2026-01-01,South Korea,Electronics,20.4,0.1,4.4,2.19,3.2,4.7,Ongoing Uncertainty
2026-01-01,South Korea,Automotive,22.5,0.1,6.2,2.67,4.3,4.7,Ongoing Uncertainty
2026-01-01,South Korea,Textiles,9.0,0.0,2.4,1.42,1.9,4.7,Ongoing Uncertainty
2026-01-01,South Korea,Chemicals,26.1,0.1,6.7,3.68,4.9,4.7,Ongoing Uncertainty
2026-01-01,Australia,Energy,8.7,0.0,2.2,1.06,1.3,9.2,Ongoing Uncertainty
2026-01-01,Australia,Manufacturing,5.4,0.0,1.5,0.59,0.9,9.2,Ongoing Uncertainty
2026-01-01,Australia,Agriculture,3.1,0.0,0.9,0.35,0.5,9.2,Ongoing Uncertainty
2026-01-01,Australia,Pharmaceuticals,2.2,0.0,1.1,0.32,0.5,9.2,Ongoing Uncertainty
2026-01-01,Australia,Electronics,4.2,0.0,1.1,0.53,0.7,9.2,Ongoing Uncertainty
2026-01-01,Australia,Automotive,4.2,0.0,1.2,0.55,0.8,9.2,Ongoing Uncertainty
2026-01-01,Australia,Textiles,2.0,0.0,1.0,0.23,0.4,9.2,Ongoing Uncertainty
2026-01-01,Australia,Chemicals,5.0,0.0,1.4,0.75,1.1,9.2,Ongoing Uncertainty
2026-01-01,Indonesia,Energy,10.5,0.0,2.1,1.23,1.5,9.0,Ongoing Uncertainty
2026-01-01,Indonesia,Manufacturing,6.5,0.0,1.8,0.71,1.1,9.0,Ongoing Uncertainty
2026-01-01,Indonesia,Agriculture,4.0,0.0,1.0,0.53,0.6,9.0,Ongoing Uncertainty
2026-01-01,Indonesia,Pharmaceuticals,3.0,0.0,1.1,0.45,0.6,9.0,Ongoing Uncertainty
2026-01-01,Indonesia,Electronics,5.0,0.0,1.2,0.69,0.8,9.0,Ongoing Uncertainty
2026-01-01,Indonesia,Automotive,5.5,0.0,1.4,0.73,1.0,9.0,Ongoing Uncertainty
2026-01-01,Indonesia,Textiles,2.5,0.0,0.9,0.36,0.4,9.0,Ongoing Uncertainty
2026-01-01,Indonesia,Chemicals,6.3,0.0,2.0,0.76,1.2,9.0,Ongoing Uncertainty
2026-01-01,Thailand,Energy,27.5,0.0,8.2,4.17,5.5,6.0,Ongoing Uncertainty
2026-01-01,Thailand,Manufacturing,18.7,0.0,5.0,2.72,3.6,6.0,Ongoing Uncertainty
2026-01-01,Thailand,Agriculture,11.2,0.0,2.8,1.29,1.9,6.0,Ongoing Uncertainty
2026-01-01,Thailand,Pharmaceuticals,8.9,0.0,2.3,1.08,1.7,6.0,Ongoing Uncertainty
2026-01-01,Thailand,Electronics,15.0,0.0,4.3,2.07,2.4,6.0,Ongoing Uncertainty
2026-01-01,Thailand,Automotive,16.6,0.0,4.1,1.8,3.5,6.0,Ongoing Uncertainty
2026-01-01,Thailand,Textiles,8.2,0.0,2.2,1.09,1.4,6.0,Ongoing Uncertainty
2026-01-01,Thailand,Chemicals,19.9,0.0,5.2,2.27,3.7,6.0,Ongoing Uncertainty
2026-01-01,Vietnam,Energy,12.3,0.0,2.6,1.48,1.9,8.7,Ongoing Uncertainty
2026-01-01,Vietnam,Manufacturing,6.9,0.0,2.0,0.87,1.5,8.7,Ongoing Uncertainty
2026-01-01,Vietnam,Agriculture,4.1,0.0,1.2,0.53,0.8,8.7,Ongoing Uncertainty
2026-01-01,Vietnam,Pharmaceuticals,3.6,0.0,1.1,0.46,0.7,8.7,Ongoing Uncertainty
2026-01-01,Vietnam,Electronics,5.0,0.0,1.5,0.62,1.1,8.7,Ongoing Uncertainty
2026-01-01,Vietnam,Automotive,6.1,0.0,1.8,0.78,1.2,8.7,Ongoing Uncertainty
2026-01-01,Vietnam,Textiles,3.0,0.0,0.9,0.45,0.6,8.7,Ongoing Uncertainty
2026-01-01,Vietnam,Chemicals,8.9,0.0,2.0,0.98,1.3,8.7,Ongoing Uncertainty
2026-01-01,Philippines,Energy,32.7,0.0,7.6,3.48,5.1,5.7,Ongoing Uncertainty
2026-01-01,Philippines,Manufacturing,18.7,0.0,5.8,2.51,4.0,5.7,Ongoing Uncertainty
2026-01-01,Philippines,Agriculture,10.2,0.0,3.0,1.31,2.0,5.7,Ongoing Uncertainty
2026-01-01,Philippines,Pharmaceuticals,8.8,0.0,3.0,1.33,1.8,5.7,Ongoing Uncertainty
2026-01-01,Philippines,Electronics,17.1,0.0,4.4,2.02,2.9,5.7,Ongoing Uncertainty
2026-01-01,Philippines,Automotive,17.5,0.0,4.7,2.49,3.2,5.7,Ongoing Uncertainty
2026-01-01,Philippines,Textiles,8.5,0.0,2.6,1.16,1.6,5.7,Ongoing Uncertainty
2026-01-01,Philippines,Chemicals,21.9,0.0,5.8,2.32,3.9,5.7,Ongoing Uncertainty
2026-01-01,Malaysia,Energy,6.5,0.0,1.5,0.8,1.1,9.5,Ongoing Uncertainty
2026-01-01,Malaysia,Manufacturing,4.6,0.0,1.1,0.47,0.7,9.5,Ongoing Uncertainty
2026-01-01,Malaysia,Agriculture,2.6,0.0,0.9,0.25,0.4,9.5,Ongoing Uncertainty
2026-01-01,Malaysia,Pharmaceuticals,1.8,0.0,0.9,0.23,0.4,9.5,Ongoing Uncertainty
2026-01-01,Malaysia,Electronics,3.3,0.0,1.1,0.4,0.5,9.5,Ongoing Uncertainty
2026-01-01,Malaysia,Automotive,4.3,0.0,1.0,0.47,0.7,9.5,Ongoing Uncertainty
2026-01-01,Malaysia,Textiles,1.6,0.0,1.1,0.25,0.3,9.5,Ongoing Uncertainty
2026-01-01,Malaysia,Chemicals,4.6,0.0,1.0,0.48,0.9,9.5,Ongoing Uncertainty
2026-01-01,Pakistan,Energy,38.5,0.0,9.2,3.99,7.1,4.5,Ongoing Uncertainty
2026-01-01,Pakistan,Manufacturing,24.5,0.0,6.9,3.22,4.5,4.5,Ongoing Uncertainty
2026-01-01,Pakistan,Agriculture,15.5,0.0,3.7,1.79,2.5,4.5,Ongoing Uncertainty
2026-01-01,Pakistan,Pharmaceuticals,12.6,0.0,3.4,1.55,2.2,4.5,Ongoing Uncertainty
2026-01-01,Pakistan,Electronics,21.5,0.0,4.6,1.99,3.7,4.5,Ongoing Uncertainty
2026-01-01,Pakistan,Automotive,24.6,0.0,6.6,2.98,4.1,4.5,Ongoing Uncertainty
2026-01-01,Pakistan,Textiles,9.2,0.0,2.8,1.31,1.9,4.5,Ongoing Uncertainty
2026-01-01,Pakistan,Chemicals,30.6,0.0,6.5,3.6,5.5,4.5,Ongoing Uncertainty
2026-01-01,Bangladesh,Energy,24.5,0.0,5.6,2.59,4.0,7.1,Ongoing Uncertainty
2026-01-01,Bangladesh,Manufacturing,14.0,0.0,4.2,1.89,2.6,7.1,Ongoing Uncertainty
2026-01-01,Bangladesh,Agriculture,9.6,0.0,2.1,1.03,1.5,7.1,Ongoing Uncertainty
2026-01-01,Bangladesh,Pharmaceuticals,7.4,0.0,1.6,0.88,1.3,7.1,Ongoing Uncertainty
2026-01-01,Bangladesh,Electronics,9.9,0.0,2.8,1.5,2.1,7.1,Ongoing Uncertainty
2026-01-01,Bangladesh,Automotive,14.7,0.0,3.3,1.48,2.6,7.1,Ongoing Uncertainty
2026-01-01,Bangladesh,Textiles,6.1,0.0,1.5,0.88,1.1,7.1,Ongoing Uncertainty
2026-01-01,Bangladesh,Chemicals,15.2,0.0,4.4,2.24,2.8,7.1,Ongoing Uncertainty
2026-01-01,Taiwan,Energy,41.7,0.1,10.0,4.29,6.6,4.2,Ongoing Uncertainty
2026-01-01,Taiwan,Manufacturing,27.3,0.0,6.1,3.18,4.9,4.2,Ongoing Uncertainty
2026-01-01,Taiwan,Agriculture,13.5,0.0,3.5,1.76,3.0,4.2,Ongoing Uncertainty
2026-01-01,Taiwan,Pharmaceuticals,12.0,0.0,3.9,1.48,2.4,4.2,Ongoing Uncertainty
2026-01-01,Taiwan,Electronics,17.1,0.0,5.7,2.65,3.6,4.2,Ongoing Uncertainty
2026-01-01,Taiwan,Automotive,22.5,0.0,6.3,3.29,4.2,4.2,Ongoing Uncertainty
2026-01-01,Taiwan,Textiles,12.6,0.0,2.5,1.62,2.0,4.2,Ongoing Uncertainty
2026-01-01,Taiwan,Chemicals,32.5,0.0,6.9,4.26,4.9,4.2,Ongoing Uncertainty
2026-01-01,Singapore,Energy,45.6,0.0,10.7,6.06,7.6,4.0,Ongoing Uncertainty
2026-01-01,Singapore,Manufacturing,29.5,0.0,7.4,2.97,5.4,4.0,Ongoing Uncertainty
2026-01-01,Singapore,Agriculture,15.9,0.0,3.6,1.91,2.7,4.0,Ongoing Uncertainty
2026-01-01,Singapore,Pharmaceuticals,13.8,0.0,3.3,1.46,2.5,4.0,Ongoing Uncertainty
2026-01-01,Singapore,Electronics,20.4,0.0,6.0,2.93,3.8,4.0,Ongoing Uncertainty
2026-01-01,Singapore,Automotive,25.9,0.0,5.7,2.91,4.5,4.0,Ongoing Uncertainty
2026-01-01,Singapore,Textiles,11.1,0.0,3.0,1.45,2.0,4.0,Ongoing Uncertainty
2026-01-01,Singapore,Chemicals,32.4,0.0,7.8,3.9,5.7,4.0,Ongoing Uncertainty
2026-01-01,New Zealand,Energy,14.5,0.0,3.7,1.56,2.8,8.2,Ongoing Uncertainty
2026-01-01,New Zealand,Manufacturing,9.8,0.0,2.2,1.16,1.9,8.2,Ongoing Uncertainty
2026-01-01,New Zealand,Agriculture,6.4,0.0,1.6,0.74,1.0,8.2,Ongoing Uncertainty
2026-01-01,New Zealand,Pharmaceuticals,5.2,0.0,1.4,0.6,1.0,8.2,Ongoing Uncertainty
2026-01-01,New Zealand,Electronics,7.5,0.0,2.1,0.85,1.2,8.2,Ongoing Uncertainty
2026-01-01,New Zealand,Automotive,10.1,0.0,2.1,1.1,1.6,8.2,Ongoing Uncertainty
2026-01-01,New Zealand,Textiles,3.6,0.0,1.1,0.53,0.7,8.2,Ongoing Uncertainty
2026-01-01,New Zealand,Chemicals,10.1,0.0,3.0,1.12,2.1,8.2,Ongoing Uncertainty
2026-01-01,Sri Lanka,Energy,50.6,0.0,11.2,6.34,9.2,3.2,Ongoing Uncertainty
2026-01-01,Sri Lanka,Manufacturing,34.1,0.0,7.8,3.43,5.7,3.2,Ongoing Uncertainty
2026-01-01,Sri Lanka,Agriculture,15.9,0.0,4.4,2.07,3.3,3.2,Ongoing Uncertainty
2026-01-01,Sri Lanka,Pharmaceuticals,16.3,0.0,4.2,2.09,2.8,3.2,Ongoing Uncertainty
2026-01-01,Sri Lanka,Electronics,25.0,0.0,6.9,2.91,3.8,3.2,Ongoing Uncertainty
2026-01-01,Sri Lanka,Automotive,24.8,0.0,6.5,3.87,4.6,3.2,Ongoing Uncertainty
2026-01-01,Sri Lanka,Textiles,12.4,0.0,3.8,1.58,2.6,3.2,Ongoing Uncertainty
2026-01-01,Sri Lanka,Chemicals,34.3,0.0,8.7,3.64,5.9,3.2,Ongoing Uncertainty
2026-01-01,Myanmar,Energy,16.4,0.0,4.9,2.1,3.0,7.7,Ongoing Uncertainty
2026-01-01,Myanmar,Manufacturing,11.6,0.0,3.1,1.75,2.0,7.7,Ongoing Uncertainty
2026-01-01,Myanmar,Agriculture,6.2,0.0,2.0,0.86,1.4,7.7,Ongoing Uncertainty
2026-01-01,Myanmar,Pharmaceuticals,5.5,0.0,1.4,0.85,1.0,7.7,Ongoing Uncertainty
2026-01-01,Myanmar,Electronics,8.9,0.0,2.3,1.11,1.6,7.7,Ongoing Uncertainty
2026-01-01,Myanmar,Automotive,9.6,0.0,3.2,1.21,2.1,7.7,Ongoing Uncertainty
2026-01-01,Myanmar,Textiles,5.5,0.0,1.3,0.62,0.9,7.7,Ongoing Uncertainty
2026-01-01,Myanmar,Chemicals,11.2,0.0,3.5,1.52,2.2,7.7,Ongoing Uncertainty
2026-01-01,Cambodia,Energy,19.0,0.0,6.0,2.19,4.0,7.2,Ongoing Uncertainty
2026-01-01,Cambodia,Manufacturing,13.3,0.0,3.3,1.72,2.6,7.2,Ongoing Uncertainty
2026-01-01,Cambodia,Agriculture,8.2,0.0,1.8,1.13,1.3,7.2,Ongoing Uncertainty
2026-01-01,Cambodia,Pharmaceuticals,6.4,0.0,1.9,0.88,1.4,7.2,Ongoing Uncertainty
2026-01-01,Cambodia,Electronics,11.1,0.0,2.9,1.5,1.9,7.2,Ongoing Uncertainty
2026-01-01,Cambodia,Automotive,13.2,0.0,3.2,1.49,2.3,7.2,Ongoing Uncertainty
2026-01-01,Cambodia,Textiles,5.9,0.0,1.4,0.82,1.1,7.2,Ongoing Uncertainty
2026-01-01,Cambodia,Chemicals,15.4,0.0,4.0,1.89,2.4,7.2,Ongoing Uncertainty
2026-01-01,Laos,Energy,4.9,0.0,1.3,0.65,1.0,9.6,Ongoing Uncertainty
2026-01-01,Laos,Manufacturing,3.6,0.0,0.9,0.39,0.7,9.6,Ongoing Uncertainty
2026-01-01,Laos,Agriculture,2.0,0.0,0.9,0.25,0.4,9.6,Ongoing Uncertainty
2026-01-01,Laos,Pharmaceuticals,1.5,0.0,1.1,0.21,0.3,9.6,Ongoing Uncertainty
2026-01-01,Laos,Electronics,2.4,0.0,1.0,0.36,0.5,9.6,Ongoing Uncertainty
2026-01-01,Laos,Automotive,3.2,0.0,1.1,0.44,0.6,9.6,Ongoing Uncertainty
2026-01-01,Laos,Textiles,1.2,0.0,0.9,0.18,0.3,9.6,Ongoing Uncertainty
2026-01-01,Laos,Chemicals,3.2,0.0,1.0,0.45,0.7,9.6,Ongoing Uncertainty
2026-01-01,Mongolia,Energy,2.8,0.0,0.9,0.37,0.5,10.0,Ongoing Uncertainty
2026-01-01,Mongolia,Manufacturing,1.5,0.0,0.9,0.21,0.3,10.0,Ongoing Uncertainty
2026-01-01,Mongolia,Agriculture,0.9,0.0,1.1,0.12,0.2,10.0,Ongoing Uncertainty
2026-01-01,Mongolia,Pharmaceuticals,0.8,0.0,0.9,0.12,0.1,10.0,Ongoing Uncertainty
2026-01-01,Mongolia,Electronics,1.1,0.0,1.1,0.16,0.2,10.0,Ongoing Uncertainty
2026-01-01,Mongolia,Automotive,1.8,0.0,1.1,0.21,0.3,10.0,Ongoing Uncertainty
2026-01-01,Mongolia,Textiles,0.6,0.0,1.1,0.08,0.1,10.0,Ongoing Uncertainty
2026-01-01,Mongolia,Chemicals,2.1,0.0,1.0,0.21,0.3,10.0,Ongoing Uncertainty
2026-02-01,China,Energy,25.3,0.9,6.6,3.14,3.9,6.9,Ongoing Uncertainty
2026-02-01,China,Manufacturing,16.3,0.5,4.4,1.84,3.0,6.9,Ongoing Uncertainty
2026-02-01,China,Agriculture,9.7,0.3,2.4,1.06,1.6,6.9,Ongoing Uncertainty
2026-02-01,China,Pharmaceuticals,8.5,0.2,2.0,0.8,1.4,6.9,Ongoing Uncertainty
2026-02-01,China,Electronics,12.7,0.4,2.9,1.27,2.2,6.9,Ongoing Uncertainty
2026-02-01,China,Automotive,14.2,0.6,3.4,1.57,2.7,6.9,Ongoing Uncertainty
2026-02-01,China,Textiles,5.7,0.2,1.7,0.71,1.2,6.9,Ongoing Uncertainty
2026-02-01,China,Chemicals,17.4,0.6,4.3,1.94,3.1,6.9,Ongoing Uncertainty
2026-02-01,India,Energy,34.1,0.2,7.2,4.24,5.4,5.5,Ongoing Uncertainty
2026-02-01,India,Manufacturing,19.4,0.2,5.8,2.46,3.9,5.5,Ongoing Uncertainty
2026-02-01,India,Agriculture,13.6,0.1,3.5,1.36,2.2,5.5,Ongoing Uncertainty
2026-02-01,India,Pharmaceuticals,9.2,0.1,2.7,1.38,1.8,5.5,Ongoing Uncertainty
2026-02-01,India,Electronics,13.8,0.1,4.7,2.18,2.6,5.5,Ongoing Uncertainty
2026-02-01,India,Automotive,20.0,0.2,5.4,2.16,3.9,5.5,Ongoing Uncertainty
2026-02-01,India,Textiles,8.6,0.1,2.3,1.18,1.5,5.5,Ongoing Uncertainty
2026-02-01,India,Chemicals,22.8,0.2,5.4,2.42,4.1,5.5,Ongoing Uncertainty
2026-02-01,Japan,Energy,41.9,0.4,10.8,6.4,7.8,3.4,Ongoing Uncertainty
2026-02-01,Japan,Manufacturing,32.3,0.3,7.6,3.71,5.3,3.4,Ongoing Uncertainty
2026-02-01,Japan,Agriculture,16.2,0.1,4.9,2.41,3.2,3.4,Ongoing Uncertainty
2026-02-01,Japan,Pharmaceuticals,14.4,0.1,3.7,1.69,3.0,3.4,Ongoing Uncertainty
2026-02-01,Japan,Electronics,25.8,0.2,5.4,3.35,4.0,3.4,Ongoing Uncertainty
2026-02-01,Japan,Automotive,31.2,0.2,6.7,3.17,5.0,3.4,Ongoing Uncertainty
2026-02-01,Japan,Textiles,12.9,0.1,3.0,1.87,2.1,3.4,Ongoing Uncertainty
2026-02-01,Japan,Chemicals,36.0,0.3,7.3,3.9,6.3,3.4,Ongoing Uncertainty
2026-02-01,South Korea,Energy,35.4,0.2,9.5,4.68,6.2,4.7,Ongoing Uncertainty
2026-02-01,South Korea,Manufacturing,26.0,0.1,6.1,3.59,4.7,4.7,Ongoing Uncertainty
2026-02-01,South Korea,Agriculture,13.1,0.1,4.0,1.96,2.7,4.7,Ongoing Uncertainty
2026-02-01,South Korea,Pharmaceuticals,11.3,0.0,3.3,1.79,2.3,4.7,Ongoing Uncertainty
2026-02-01,South Korea,Electronics,19.6,0.1,4.7,2.24,3.4,4.7,Ongoing Uncertainty
2026-02-01,South Korea,Automotive,25.9,0.1,5.4,2.35,4.3,4.7,Ongoing Uncertainty
2026-02-01,South Korea,Textiles,10.2,0.0,2.8,1.07,1.9,4.7,Ongoing Uncertainty
2026-02-01,South Korea,Chemicals,27.2,0.1,6.0,3.73,4.7,4.7,Ongoing Uncertainty
2026-02-01,Australia,Energy,7.3,0.0,1.7,1.06,1.5,9.2,Ongoing Uncertainty
2026-02-01,Australia,Manufacturing,5.3,0.0,1.2,0.75,0.9,9.2,Ongoing Uncertainty
2026-02-01,Australia,Agriculture,2.6,0.0,1.0,0.32,0.6,9.2,Ongoing Uncertainty
2026-02-01,Australia,Pharmaceuticals,2.2,0.0,1.1,0.29,0.5,9.2,Ongoing Uncertainty
2026-02-01,Australia,Electronics,3.5,0.0,1.1,0.43,0.7,9.2,Ongoing Uncertainty
2026-02-01,Australia,Automotive,5.3,0.0,1.4,0.49,0.8,9.2,Ongoing Uncertainty
2026-02-01,Australia,Textiles,2.1,0.0,1.1,0.31,0.4,9.2,Ongoing Uncertainty
2026-02-01,Australia,Chemicals,5.6,0.0,1.7,0.59,0.9,9.2,Ongoing Uncertainty
2026-02-01,Indonesia,Energy,8.5,0.0,2.1,1.26,1.6,9.0,Ongoing Uncertainty
2026-02-01,Indonesia,Manufacturing,6.1,0.0,1.8,0.7,1.0,9.0,Ongoing Uncertainty
2026-02-01,Indonesia,Agriculture,3.5,0.0,1.0,0.42,0.7,9.0,Ongoing Uncertainty
2026-02-01,Indonesia,Pharmaceuticals,2.8,0.0,0.9,0.35,0.6,9.0,Ongoing Uncertainty
2026-02-01,Indonesia,Electronics,5.1,0.0,1.2,0.58,0.9,9.0,Ongoing Uncertainty
2026-02-01,Indonesia,Automotive,5.3,0.0,1.3,0.73,1.1,9.0,Ongoing Uncertainty
2026-02-01,Indonesia,Textiles,2.4,0.0,1.1,0.34,0.5,9.0,Ongoing Uncertainty
2026-02-01,Indonesia,Chemicals,7.0,0.0,1.6,0.86,1.3,9.0,Ongoing Uncertainty
2026-02-01,Thailand,Energy,25.5,0.0,7.5,3.56,5.1,6.0,Ongoing Uncertainty
2026-02-01,Thailand,Manufacturing,19.7,0.0,4.9,2.77,3.5,6.0,Ongoing Uncertainty
2026-02-01,Thailand,Agriculture,10.4,0.0,2.6,1.63,2.0,6.0,Ongoing Uncertainty
2026-02-01,Thailand,Pharmaceuticals,9.6,0.0,2.7,1.39,1.8,6.0,Ongoing Uncertainty
2026-02-01,Thailand,Electronics,12.7,0.0,3.2,1.65,2.4,6.0,Ongoing Uncertainty
2026-02-01,Thailand,Automotive,19.4,0.0,4.0,2.03,2.9,6.0,Ongoing Uncertainty
2026-02-01,Thailand,Textiles,8.1,0.0,2.2,0.91,1.3,6.0,Ongoing Uncertainty
2026-02-01,Thailand,Chemicals,22.4,0.0,4.6,2.91,4.1,6.0,Ongoing Uncertainty
2026-02-01,Vietnam,Energy,9.9,0.0,3.4,1.65,2.0,8.7,Ongoing Uncertainty
2026-02-01,Vietnam,Manufacturing,7.3,0.0,1.7,0.82,1.3,8.7,Ongoing Uncertainty
2026-02-01,Vietnam,Agriculture,4.2,0.0,1.2,0.61,0.7,8.7,Ongoing Uncertainty
2026-02-01,Vietnam,Pharmaceuticals,3.7,0.0,1.1,0.53,0.7,8.7,Ongoing Uncertainty
2026-02-01,Vietnam,Electronics,5.2,0.0,1.4,0.59,1.0,8.7,Ongoing Uncertainty
2026-02-01,Vietnam,Automotive,6.7,0.0,1.9,0.76,1.2,8.7,Ongoing Uncertainty
2026-02-01,Vietnam,Textiles,3.5,0.0,1.0,0.4,0.5,8.7,Ongoing Uncertainty
2026-02-01,Vietnam,Chemicals,8.9,0.0,2.5,1.16,1.4,8.7,Ongoing Uncertainty
2026-02-01,Philippines,Energy,33.7,0.0,9.1,3.86,5.5,5.7,Ongoing Uncertainty
2026-02-01,Philippines,Manufacturing,22.5,0.0,5.6,3.03,3.4,5.7,Ongoing Uncertainty
2026-02-01,Philippines,Agriculture,13.3,0.0,2.7,1.26,2.2,5.7,Ongoing Uncertainty
2026-02-01,Philippines,Pharmaceuticals,9.2,0.0,2.5,1.08,1.8,5.7,Ongoing Uncertainty
2026-02-01,Philippines,Electronics,14.6,0.0,3.8,1.94,2.5,5.7,Ongoing Uncertainty
2026-02-01,Philippines,Automotive,19.8,0.0,4.8,2.0,3.7,5.7,Ongoing Uncertainty
2026-02-01,Philippines,Textiles,8.5,0.0,2.0,0.93,1.7,5.7,Ongoing Uncertainty
2026-02-01,Philippines,Chemicals,24.9,0.0,5.5,2.37,4.0,5.7,Ongoing Uncertainty
2026-02-01,Malaysia,Energy,7.0,0.0,1.7,0.79,1.1,9.5,Ongoing Uncertainty
2026-02-01,Malaysia,Manufacturing,4.6,0.0,1.1,0.52,0.8,9.5,Ongoing Uncertainty
2026-02-01,Malaysia,Agriculture,2.5,0.0,1.0,0.27,0.4,9.5,Ongoing Uncertainty
2026-02-01,Malaysia,Pharmaceuticals,2.3,0.0,1.0,0.23,0.4,9.5,Ongoing Uncertainty
2026-02-01,Malaysia,Electronics,2.8,0.0,1.0,0.39,0.5,9.5,Ongoing Uncertainty
2026-02-01,Malaysia,Automotive,4.3,0.0,1.1,0.48,0.7,9.5,Ongoing Uncertainty
2026-02-01,Malaysia,Textiles,1.5,0.0,1.1,0.24,0.3,9.5,Ongoing Uncertainty
2026-02-01,Malaysia,Chemicals,4.6,0.0,1.3,0.6,0.9,9.5,Ongoing Uncertainty
2026-02-01,Pakistan,Energy,43.4,0.0,10.8,5.62,6.9,4.5,Ongoing Uncertainty
2026-02-01,Pakistan,Manufacturing,28.6,0.0,7.2,3.22,4.7,4.5,Ongoing Uncertainty
2026-02-01,Pakistan,Agriculture,16.0,0.0,4.4,1.95,2.6,4.5,Ongoing Uncertainty
2026-02-01,Pakistan,Pharmaceuticals,14.4,0.0,2.9,1.81,2.3,4.5,Ongoing Uncertainty
2026-02-01,Pakistan,Electronics,20.3,0.0,5.2,2.6,3.8,4.5,Ongoing Uncertainty
2026-02-01,Pakistan,Automotive,21.6,0.0,6.6,2.55,4.2,4.5,Ongoing Uncertainty
2026-02-01,Pakistan,Textiles,9.3,0.0,2.9,1.38,1.9,4.5,Ongoing Uncertainty
2026-02-01,Pakistan,Chemicals,27.7,0.0,6.8,3.5,5.3,4.5,Ongoing Uncertainty
2026-02-01,Bangladesh,Energy,20.4,0.0,5.3,2.94,3.9,7.1,Ongoing Uncertainty
2026-02-01,Bangladesh,Manufacturing,12.4,0.0,3.8,1.67,2.5,7.1,Ongoing Uncertainty
2026-02-01,Bangladesh,Agriculture,9.6,0.0,2.4,0.88,1.4,7.1,Ongoing Uncertainty
2026-02-01,Bangladesh,Pharmaceuticals,7.1,0.0,2.2,1.05,1.3,7.1,Ongoing Uncertainty
2026-02-01,Bangladesh,Electronics,11.4,0.0,3.2,1.32,2.0,7.1,Ongoing Uncertainty
2026-02-01,Bangladesh,Automotive,11.4,0.0,3.4,1.55,2.5,7.1,Ongoing Uncertainty
2026-02-01,Bangladesh,Textiles,6.9,0.0,1.5,0.79,1.0,7.1,Ongoing Uncertainty
2026-02-01,Bangladesh,Chemicals,14.4,0.0,4.4,2.07,2.8,7.1,Ongoing Uncertainty
2026-02-01,Taiwan,Energy,37.1,0.1,10.8,4.81,6.8,4.2,Ongoing Uncertainty
2026-02-01,Taiwan,Manufacturing,25.4,0.0,6.3,3.49,5.0,4.2,Ongoing Uncertainty
2026-02-01,Taiwan,Agriculture,15.5,0.0,4.3,2.22,2.8,4.2,Ongoing Uncertainty
2026-02-01,Taiwan,Pharmaceuticals,14.7,0.0,3.4,1.74,2.2,4.2,Ongoing Uncertainty
2026-02-01,Taiwan,Electronics,18.4,0.0,4.5,2.31,3.3,4.2,Ongoing Uncertainty
2026-02-01,Taiwan,Automotive,20.9,0.0,7.1,3.36,4.7,4.2,Ongoing Uncertainty
2026-02-01,Taiwan,Textiles,12.0,0.0,3.1,1.4,2.1,4.2,Ongoing Uncertainty
2026-02-01,Taiwan,Chemicals,31.9,0.1,6.9,3.7,5.5,4.2,Ongoing Uncertainty
2026-02-01,Singapore,Energy,45.2,0.0,9.7,5.1,6.9,4.0,Ongoing Uncertainty
2026-02-01,Singapore,Manufacturing,26.1,0.0,6.3,4.03,4.8,4.0,Ongoing Uncertainty
2026-02-01,Singapore,Agriculture,17.3,0.0,3.7,2.21,3.0,4.0,Ongoing Uncertainty
2026-02-01,Singapore,Pharmaceuticals,15.3,0.0,4.1,1.67,2.4,4.0,Ongoing Uncertainty
2026-02-01,Singapore,Electronics,21.6,0.0,6.2,2.83,3.8,4.0,Ongoing Uncertainty
2026-02-01,Singapore,Automotive,26.5,0.0,7.2,3.66,4.2,4.0,Ongoing Uncertainty
2026-02-01,Singapore,Textiles,11.6,0.0,3.1,1.36,2.1,4.0,Ongoing Uncertainty
2026-02-01,Singapore,Chemicals,31.9,0.0,6.7,3.35,5.7,4.0,Ongoing Uncertainty
2026-02-01,New Zealand,Energy,14.3,0.0,3.6,1.66,2.9,8.2,Ongoing Uncertainty
2026-02-01,New Zealand,Manufacturing,8.4,0.0,2.7,1.25,1.8,8.2,Ongoing Uncertainty
2026-02-01,New Zealand,Agriculture,5.4,0.0,1.4,0.64,0.9,8.2,Ongoing Uncertainty
2026-02-01,New Zealand,Pharmaceuticals,4.6,0.0,1.2,0.66,0.9,8.2,Ongoing Uncertainty
2026-02-01,New Zealand,Electronics,7.9,0.0,2.0,0.87,1.3,8.2,Ongoing Uncertainty
2026-02-01,New Zealand,Automotive,9.1,0.0,2.0,1.18,1.4,8.2,Ongoing Uncertainty
2026-02-01,New Zealand,Textiles,4.3,0.0,1.0,0.52,0.7,8.2,Ongoing Uncertainty
2026-02-01,New Zealand,Chemicals,9.5,0.0,2.5,1.53,1.7,8.2,Ongoing Uncertainty
2026-02-01,Sri Lanka,Energy,52.8,0.0,12.7,5.3,7.9,3.2,Ongoing Uncertainty
2026-02-01,Sri Lanka,Manufacturing,29.5,0.0,7.7,3.28,5.3,3.2,Ongoing Uncertainty
2026-02-01,Sri Lanka,Agriculture,17.7,0.0,5.4,2.46,3.4,3.2,Ongoing Uncertainty
2026-02-01,Sri Lanka,Pharmaceuticals,13.2,0.0,3.8,1.94,2.6,3.2,Ongoing Uncertainty
2026-02-01,Sri Lanka,Electronics,24.2,0.0,6.1,3.05,4.3,3.2,Ongoing Uncertainty
2026-02-01,Sri Lanka,Automotive,32.1,0.0,6.9,3.67,4.6,3.2,Ongoing Uncertainty
2026-02-01,Sri Lanka,Textiles,11.0,0.0,3.2,1.72,2.3,3.2,Ongoing Uncertainty
2026-02-01,Sri Lanka,Chemicals,30.8,0.0,7.7,4.85,6.6,3.2,Ongoing Uncertainty
2026-02-01,Myanmar,Energy,19.5,0.0,4.9,2.37,3.6,7.7,Ongoing Uncertainty
2026-02-01,Myanmar,Manufacturing,11.8,0.0,3.0,1.33,2.2,7.7,Ongoing Uncertainty
2026-02-01,Myanmar,Agriculture,6.2,0.0,2.1,0.88,1.4,7.7,Ongoing Uncertainty
2026-02-01,Myanmar,Pharmaceuticals,6.5,0.0,1.8,0.87,1.2,7.7,Ongoing Uncertainty
2026-02-01,Myanmar,Electronics,8.5,0.0,2.1,1.18,1.7,7.7,Ongoing Uncertainty
2026-02-01,Myanmar,Automotive,11.3,0.0,2.6,1.53,2.1,7.7,Ongoing Uncertainty
2026-02-01,Myanmar,Textiles,4.6,0.0,1.2,0.54,0.9,7.7,Ongoing Uncertainty
2026-02-01,Myanmar,Chemicals,11.1,0.0,3.6,1.49,2.1,7.7,Ongoing Uncertainty
2026-02-01,Cambodia,Energy,22.5,0.0,6.0,2.76,4.0,7.2,Ongoing Uncertainty
2026-02-01,Cambodia,Manufacturing,12.7,0.0,3.2,1.57,2.5,7.2,Ongoing Uncertainty
2026-02-01,Cambodia,Agriculture,6.8,0.0,2.0,1.13,1.4,7.2,Ongoing Uncertainty
2026-02-01,Cambodia,Pharmaceuticals,7.8,0.0,1.7,1.0,1.1,7.2,Ongoing Uncertainty
2026-02-01,Cambodia,Electronics,11.7,0.0,3.1,1.44,1.8,7.2,Ongoing Uncertainty
2026-02-01,Cambodia,Automotive,11.6,0.0,3.0,1.53,2.2,7.2,Ongoing Uncertainty
2026-02-01,Cambodia,Textiles,5.5,0.0,1.3,0.84,1.0,7.2,Ongoing Uncertainty
2026-02-01,Cambodia,Chemicals,14.7,0.0,4.2,2.06,2.5,7.2,Ongoing Uncertainty
2026-02-01,Laos,Energy,4.6,0.0,1.5,0.75,0.9,9.6,Ongoing Uncertainty
2026-02-01,Laos,Manufacturing,3.8,0.0,0.9,0.43,0.6,9.6,Ongoing Uncertainty
2026-02-01,Laos,Agriculture,1.9,0.0,0.9,0.26,0.4,9.6,Ongoing Uncertainty
2026-02-01,Laos,Pharmaceuticals,1.6,0.0,1.1,0.18,0.3,9.6,Ongoing Uncertainty
2026-02-01,Laos,Electronics,2.7,0.0,1.1,0.28,0.4,9.6,Ongoing Uncertainty
2026-02-01,Laos,Automotive,3.5,0.0,1.0,0.33,0.6,9.6,Ongoing Uncertainty
2026-02-01,Laos,Textiles,1.4,0.0,1.1,0.19,0.2,9.6,Ongoing Uncertainty
2026-02-01,Laos,Chemicals,4.2,0.0,1.0,0.55,0.7,9.6,Ongoing Uncertainty
2026-02-01,Mongolia,Energy,2.4,0.0,1.0,0.31,0.5,10.0,Ongoing Uncertainty
2026-02-01,Mongolia,Manufacturing,1.8,0.0,1.0,0.22,0.3,10.0,Ongoing Uncertainty
2026-02-01,Mongolia,Agriculture,1.1,0.0,1.1,0.12,0.2,10.0,Ongoing Uncertainty
2026-02-01,Mongolia,Pharmaceuticals,0.9,0.0,1.0,0.11,0.2,10.0,Ongoing Uncertainty
2026-02-01,Mongolia,Electronics,1.2,0.0,1.1,0.16,0.2,10.0,Ongoing Uncertainty
2026-02-01,Mongolia,Automotive,1.5,0.0,0.9,0.21,0.3,10.0,Ongoing Uncertainty
2026-02-01,Mongolia,Textiles,0.7,0.0,0.9,0.08,0.1,10.0,Ongoing Uncertainty
2026-02-01,Mongolia,Chemicals,2.1,0.0,1.0,0.26,0.4,10.0,Ongoing Uncertainty
2026-03-01,China,Energy,25.9,0.9,6.3,2.9,4.2,6.9,Ongoing Uncertainty
2026-03-01,China,Manufacturing,15.8,0.6,4.5,1.8,2.9,6.9,Ongoing Uncertainty
2026-03-01,China,Agriculture,10.1,0.4,2.2,1.17,1.5,6.9,Ongoing Uncertainty
2026-03-01,China,Pharmaceuticals,8.2,0.3,2.1,0.79,1.3,6.9,Ongoing Uncertainty
2026-03-01,China,Electronics,10.5,0.5,2.9,1.34,2.2,6.9,Ongoing Uncertainty
2026-03-01,China,Automotive,15.2,0.5,3.7,1.89,2.8,6.9,Ongoing Uncertainty
2026-03-01,China,Textiles,6.6,0.2,1.5,0.66,1.1,6.9,Ongoing Uncertainty
2026-03-01,China,Chemicals,18.2,0.6,4.7,2.33,3.2,6.9,Ongoing Uncertainty
2026-03-01,India,Energy,28.8,0.2,8.0,4.5,6.1,5.5,Ongoing Uncertainty
2026-03-01,India,Manufacturing,20.5,0.2,6.3,2.96,4.0,5.5,Ongoing Uncertainty
2026-03-01,India,Agriculture,14.1,0.1,2.8,1.77,2.3,5.5,Ongoing Uncertainty
2026-03-01,India,Pharmaceuticals,11.5,0.1,2.8,1.18,2.0,5.5,Ongoing Uncertainty
2026-03-01,India,Electronics,15.2,0.1,3.6,2.2,2.9,5.5,Ongoing Uncertainty
2026-03-01,India,Automotive,22.0,0.2,4.8,2.66,3.3,5.5,Ongoing Uncertainty
2026-03-01,India,Textiles,7.9,0.1,2.5,1.07,1.5,5.5,Ongoing Uncertainty
2026-03-01,India,Chemicals,20.4,0.2,5.4,3.08,4.4,5.5,Ongoing Uncertainty
2026-03-01,Japan,Energy,48.2,0.4,12.0,5.4,7.9,3.4,Ongoing Uncertainty
2026-03-01,Japan,Manufacturing,25.9,0.3,9.0,3.52,5.8,3.4,Ongoing Uncertainty
2026-03-01,Japan,Agriculture,15.5,0.2,4.6,2.51,3.3,3.4,Ongoing Uncertainty
2026-03-01,Japan,Pharmaceuticals,14.6,0.1,4.3,1.78,2.6,3.4,Ongoing Uncertainty
2026-03-01,Japan,Electronics,21.5,0.2,6.2,3.28,3.8,3.4,Ongoing Uncertainty
2026-03-01,Japan,Automotive,31.4,0.2,8.0,3.26,5.4,3.4,Ongoing Uncertainty
2026-03-01,Japan,Textiles,11.7,0.1,3.4,1.79,2.5,3.4,Ongoing Uncertainty
2026-03-01,Japan,Chemicals,29.0,0.3,7.7,4.4,6.5,3.4,Ongoing Uncertainty
2026-03-01,South Korea,Energy,37.7,0.1,10.3,3.94,6.9,4.7,Ongoing Uncertainty
2026-03-01,South Korea,Manufacturing,26.9,0.1,7.2,3.46,4.7,4.7,Ongoing Uncertainty
2026-03-01,South Korea,Agriculture,13.0,0.0,4.3,1.79,2.5,4.7,Ongoing Uncertainty
2026-03-01,South Korea,Pharmaceuticals,10.6,0.1,3.3,1.69,2.0,4.7,Ongoing Uncertainty
2026-03-01,South Korea,Electronics,20.6,0.1,4.8,2.41,3.5,4.7,Ongoing Uncertainty
2026-03-01,South Korea,Automotive,25.4,0.1,5.8,2.59,4.4,4.7,Ongoing Uncertainty
2026-03-01,South Korea,Textiles,11.8,0.0,2.4,1.19,1.8,4.7,Ongoing Uncertainty
2026-03-01,South Korea,Chemicals,25.3,0.1,7.4,3.12,4.8,4.7,Ongoing Uncertainty
2026-03-01,Australia,Energy,8.5,0.0,2.2,0.95,1.5,9.2,Ongoing Uncertainty
2026-03-01,Australia,Manufacturing,4.9,0.0,1.3,0.64,0.9,9.2,Ongoing Uncertainty
2026-03-01,Australia,Agriculture,3.0,0.0,1.1,0.32,0.5,9.2,Ongoing Uncertainty
2026-03-01,Australia,Pharmaceuticals,2.6,0.0,0.9,0.31,0.5,9.2,Ongoing Uncertainty
2026-03-01,Australia,Electronics,3.8,0.0,1.1,0.47,0.7,9.2,Ongoing Uncertainty
2026-03-01,Australia,Automotive,4.5,0.0,1.4,0.54,0.8,9.2,Ongoing Uncertainty
2026-03-01,Australia,Textiles,2.2,0.0,1.1,0.27,0.4,9.2,Ongoing Uncertainty
2026-03-01,Australia,Chemicals,5.7,0.0,1.3,0.68,1.1,9.2,Ongoing Uncertainty
2026-03-01,Indonesia,Energy,8.1,0.0,2.7,1.17,1.8,9.0,Ongoing Uncertainty
2026-03-01,Indonesia,Manufacturing,5.6,0.0,1.6,0.72,1.0,9.0,Ongoing Uncertainty
2026-03-01,Indonesia,Agriculture,3.4,0.0,1.0,0.51,0.7,9.0,Ongoing Uncertainty
2026-03-01,Indonesia,Pharmaceuticals,3.0,0.0,1.1,0.43,0.6,9.0,Ongoing Uncertainty
2026-03-01,Indonesia,Electronics,4.1,0.0,1.2,0.6,0.8,9.0,Ongoing Uncertainty
2026-03-01,Indonesia,Automotive,5.4,0.0,1.5,0.82,1.0,9.0,Ongoing Uncertainty
2026-03-01,Indonesia,Textiles,2.8,0.0,1.1,0.33,0.5,9.0,Ongoing Uncertainty
2026-03-01,Indonesia,Chemicals,7.3,0.0,1.5,0.96,1.3,9.0,Ongoing Uncertainty
2026-03-01,Thailand,Energy,32.0,0.0,6.7,2.93,5.5,6.0,Ongoing Uncertainty
2026-03-01,Thailand,Manufacturing,17.5,0.0,5.4,2.73,3.7,6.0,Ongoing Uncertainty
2026-03-01,Thailand,Agriculture,10.0,0.0,3.1,1.41,1.8,6.0,Ongoing Uncertainty
2026-03-01,Thailand,Pharmaceuticals,8.4,0.0,2.3,1.39,1.8,6.0,Ongoing Uncertainty
2026-03-01,Thailand,Electronics,13.1,0.0,3.4,1.69,2.7,6.0,Ongoing Uncertainty
2026-03-01,Thailand,Automotive,15.7,0.0,4.9,1.94,3.3,6.0,Ongoing Uncertainty
2026-03-01,Thailand,Textiles,8.5,0.0,2.2,0.99,1.4,6.0,Ongoing Uncertainty
2026-03-01,Thailand,Chemicals,22.2,0.0,5.2,2.43,3.9,6.0,Ongoing Uncertainty
2026-03-01,Vietnam,Energy,12.0,0.0,2.7,1.18,1.9,8.7,Ongoing Uncertainty
2026-03-01,Vietnam,Manufacturing,7.7,0.0,2.1,1.01,1.5,8.7,Ongoing Uncertainty
2026-03-01,Vietnam,Agriculture,4.9,0.0,1.1,0.58,0.8,8.7,Ongoing Uncertainty
2026-03-01,Vietnam,Pharmaceuticals,3.8,0.0,1.0,0.42,0.6,8.7,Ongoing Uncertainty
2026-03-01,Vietnam,Electronics,6.0,0.0,1.5,0.65,1.1,8.7,Ongoing Uncertainty
2026-03-01,Vietnam,Automotive,6.8,0.0,1.8,0.86,1.1,8.7,Ongoing Uncertainty
2026-03-01,Vietnam,Textiles,3.5,0.0,1.1,0.37,0.6,8.7,Ongoing Uncertainty
2026-03-01,Vietnam,Chemicals,8.2,0.0,1.8,0.96,1.4,8.7,Ongoing Uncertainty
2026-03-01,Philippines,Energy,30.0,0.0,9.1,4.48,5.4,5.7,Ongoing Uncertainty
2026-03-01,Philippines,Manufacturing,22.8,0.0,4.8,2.71,3.9,5.7,Ongoing Uncertainty
2026-03-01,Philippines,Agriculture,12.7,0.0,2.9,1.42,2.4,5.7,Ongoing Uncertainty
2026-03-01,Philippines,Pharmaceuticals,10.3,0.0,2.9,1.25,1.8,5.7,Ongoing Uncertainty
2026-03-01,Philippines,Electronics,13.7,0.0,3.5,2.0,2.6,5.7,Ongoing Uncertainty
2026-03-01,Philippines,Automotive,20.8,0.0,4.2,2.11,3.8,5.7,Ongoing Uncertainty
2026-03-01,Philippines,Textiles,7.4,0.0,2.1,1.01,1.7,5.7,Ongoing Uncertainty
2026-03-01,Philippines,Chemicals,24.8,0.0,6.5,2.49,4.1,5.7,Ongoing Uncertainty
2026-03-01,Malaysia,Energy,5.9,0.0,1.6,0.74,1.2,9.5,Ongoing Uncertainty
2026-03-01,Malaysia,Manufacturing,4.7,0.0,1.1,0.58,0.8,9.5,Ongoing Uncertainty
2026-03-01,Malaysia,Agriculture,2.7,0.0,0.9,0.31,0.4,9.5,Ongoing Uncertainty
2026-03-01,Malaysia,Pharmaceuticals,2.0,0.0,1.0,0.3,0.4,9.5,Ongoing Uncertainty
2026-03-01,Malaysia,Electronics,3.4,0.0,1.0,0.37,0.6,9.5,Ongoing Uncertainty
2026-03-01,Malaysia,Automotive,4.0,0.0,0.9,0.44,0.7,9.5,Ongoing Uncertainty
2026-03-01,Malaysia,Textiles,1.8,0.0,1.1,0.2,0.3,9.5,Ongoing Uncertainty
2026-03-01,Malaysia,Chemicals,4.4,0.0,1.2,0.57,0.7,9.5,Ongoing Uncertainty
2026-03-01,Pakistan,Energy,35.0,0.0,11.1,5.68,6.4,4.5,Ongoing Uncertainty
2026-03-01,Pakistan,Manufacturing,23.3,0.0,7.1,3.25,4.7,4.5,Ongoing Uncertainty
2026-03-01,Pakistan,Agriculture,14.8,0.0,4.3,1.78,2.8,4.5,Ongoing Uncertainty
2026-03-01,Pakistan,Pharmaceuticals,13.5,0.0,3.1,1.37,2.5,4.5,Ongoing Uncertainty
2026-03-01,Pakistan,Electronics,18.6,0.0,4.8,2.33,3.8,4.5,Ongoing Uncertainty
2026-03-01,Pakistan,Automotive,23.8,0.0,6.5,3.03,4.5,4.5,Ongoing Uncertainty
2026-03-01,Pakistan,Textiles,11.5,0.0,2.8,1.39,1.8,4.5,Ongoing Uncertainty
2026-03-01,Pakistan,Chemicals,26.2,0.0,7.0,3.01,4.9,4.5,Ongoing Uncertainty
2026-03-01,Bangladesh,Energy,22.3,0.0,5.1,2.75,3.7,7.1,Ongoing Uncertainty
2026-03-01,Bangladesh,Manufacturing,14.8,0.0,3.7,1.63,2.7,7.1,Ongoing Uncertainty
2026-03-01,Bangladesh,Agriculture,8.6,0.0,2.3,1.13,1.5,7.1,Ongoing Uncertainty
2026-03-01,Bangladesh,Pharmaceuticals,7.6,0.0,1.9,0.87,1.3,7.1,Ongoing Uncertainty
2026-03-01,Bangladesh,Electronics,11.9,0.0,2.6,1.41,1.8,7.1,Ongoing Uncertainty
2026-03-01,Bangladesh,Automotive,13.9,0.0,3.1,1.6,2.4,7.1,Ongoing Uncertainty
2026-03-01,Bangladesh,Textiles,6.6,0.0,1.6,0.67,1.1,7.1,Ongoing Uncertainty
2026-03-01,Bangladesh,Chemicals,15.5,0.0,3.9,2.11,3.0,7.1,Ongoing Uncertainty
2026-03-01,Taiwan,Energy,34.2,0.1,10.9,4.2,7.5,4.2,Ongoing Uncertainty
2026-03-01,Taiwan,Manufacturing,29.4,0.0,6.4,3.12,5.2,4.2,Ongoing Uncertainty
2026-03-01,Taiwan,Agriculture,15.8,0.0,4.7,2.05,3.1,4.2,Ongoing Uncertainty
2026-03-01,Taiwan,Pharmaceuticals,15.2,0.0,3.1,1.76,2.5,4.2,Ongoing Uncertainty
2026-03-01,Taiwan,Electronics,22.9,0.0,5.7,2.87,3.5,4.2,Ongoing Uncertainty
2026-03-01,Taiwan,Automotive,26.6,0.0,5.7,2.71,4.9,4.2,Ongoing Uncertainty
2026-03-01,Taiwan,Textiles,11.0,0.0,2.6,1.39,2.0,4.2,Ongoing Uncertainty
2026-03-01,Taiwan,Chemicals,27.8,0.1,7.8,3.77,5.7,4.2,Ongoing Uncertainty
2026-03-01,Singapore,Energy,35.2,0.1,10.4,5.5,7.7,4.0,Ongoing Uncertainty
2026-03-01,Singapore,Manufacturing,31.2,0.0,8.1,3.15,4.9,4.0,Ongoing Uncertainty
2026-03-01,Singapore,Agriculture,15.5,0.0,4.7,1.98,2.9,4.0,Ongoing Uncertainty
2026-03-01,Singapore,Pharmaceuticals,12.9,0.0,3.9,1.7,2.4,4.0,Ongoing Uncertainty
2026-03-01,Singapore,Electronics,21.5,0.0,5.5,2.15,4.0,4.0,Ongoing Uncertainty
2026-03-01,Singapore,Automotive,21.4,0.0,6.9,3.24,4.9,4.0,Ongoing Uncertainty
2026-03-01,Singapore,Textiles,10.9,0.0,3.1,1.5,2.2,4.0,Ongoing Uncertainty
2026-03-01,Singapore,Chemicals,32.5,0.0,9.0,3.81,5.6,4.0,Ongoing Uncertainty
2026-03-01,New Zealand,Energy,13.1,0.0,3.9,1.95,2.5,8.2,Ongoing Uncertainty
2026-03-01,New Zealand,Manufacturing,9.7,0.0,2.3,1.01,1.8,8.2,Ongoing Uncertainty
2026-03-01,New Zealand,Agriculture,5.7,0.0,1.5,0.77,1.0,8.2,Ongoing Uncertainty
2026-03-01,New Zealand,Pharmaceuticals,4.2,0.0,1.4,0.62,0.8,8.2,Ongoing Uncertainty
2026-03-01,New Zealand,Electronics,6.9,0.0,2.0,1.06,1.4,8.2,Ongoing Uncertainty
2026-03-01,New Zealand,Automotive,9.4,0.0,2.4,1.18,1.5,8.2,Ongoing Uncertainty
2026-03-01,New Zealand,Textiles,4.3,0.0,1.2,0.56,0.7,8.2,Ongoing Uncertainty
2026-03-01,New Zealand,Chemicals,10.3,0.0,2.6,1.13,2.1,8.2,Ongoing Uncertainty
2026-03-01,Sri Lanka,Energy,51.9,0.0,12.0,5.69,8.5,3.2,Ongoing Uncertainty
2026-03-01,Sri Lanka,Manufacturing,35.3,0.0,7.4,3.73,5.6,3.2,Ongoing Uncertainty
2026-03-01,Sri Lanka,Agriculture,16.8,0.0,4.3,2.14,3.3,3.2,Ongoing Uncertainty
2026-03-01,Sri Lanka,Pharmaceuticals,16.4,0.0,4.1,1.83,2.8,3.2,Ongoing Uncertainty
2026-03-01,Sri Lanka,Electronics,21.8,0.0,6.9,3.15,4.2,3.2,Ongoing Uncertainty
2026-03-01,Sri Lanka,Automotive,27.0,0.0,7.0,3.01,4.8,3.2,Ongoing Uncertainty
2026-03-01,Sri Lanka,Textiles,12.2,0.0,2.9,1.35,2.4,3.2,Ongoing Uncertainty
2026-03-01,Sri Lanka,Chemicals,36.5,0.0,8.1,3.7,6.3,3.2,Ongoing Uncertainty
2026-03-01,Myanmar,Energy,16.3,0.0,4.8,2.16,3.0,7.7,Ongoing Uncertainty
2026-03-01,Myanmar,Manufacturing,13.4,0.0,3.3,1.64,2.3,7.7,Ongoing Uncertainty
2026-03-01,Myanmar,Agriculture,6.8,0.0,1.9,0.76,1.2,7.7,Ongoing Uncertainty
2026-03-01,Myanmar,Pharmaceuticals,5.8,0.0,1.5,0.86,1.1,7.7,Ongoing Uncertainty
2026-03-01,Myanmar,Electronics,10.3,0.0,2.7,1.21,1.6,7.7,Ongoing Uncertainty
2026-03-01,Myanmar,Automotive,11.8,0.0,2.8,1.51,2.1,7.7,Ongoing Uncertainty
2026-03-01,Myanmar,Textiles,4.9,0.0,1.3,0.56,0.9,7.7,Ongoing Uncertainty
2026-03-01,Myanmar,Chemicals,12.1,0.0,3.6,1.51,2.2,7.7,Ongoing Uncertainty
2026-03-01,Cambodia,Energy,18.2,0.0,4.8,2.19,3.9,7.2,Ongoing Uncertainty
2026-03-01,Cambodia,Manufacturing,15.1,0.0,3.9,1.73,2.7,7.2,Ongoing Uncertainty
2026-03-01,Cambodia,Agriculture,8.3,0.0,2.3,0.87,1.5,7.2,Ongoing Uncertainty
2026-03-01,Cambodia,Pharmaceuticals,6.6,0.0,1.6,0.8,1.3,7.2,Ongoing Uncertainty
2026-03-01,Cambodia,Electronics,9.0,0.0,2.6,1.49,2.0,7.2,Ongoing Uncertainty
2026-03-01,Cambodia,Automotive,13.8,0.0,3.4,1.41,2.1,7.2,Ongoing Uncertainty
2026-03-01,Cambodia,Textiles,5.0,0.0,1.3,0.84,1.1,7.2,Ongoing Uncertainty
2026-03-01,Cambodia,Chemicals,12.8,0.0,3.5,1.83,2.5,7.2,Ongoing Uncertainty
2026-03-01,Laos,Energy,5.8,0.0,1.2,0.68,0.8,9.6,Ongoing Uncertainty
2026-03-01,Laos,Manufacturing,3.5,0.0,1.1,0.4,0.6,9.6,Ongoing Uncertainty
2026-03-01,Laos,Agriculture,2.3,0.0,1.0,0.25,0.4,9.6,Ongoing Uncertainty
2026-03-01,Laos,Pharmaceuticals,1.6,0.0,1.0,0.18,0.3,9.6,Ongoing Uncertainty
2026-03-01,Laos,Electronics,2.6,0.0,1.0,0.38,0.5,9.6,Ongoing Uncertainty
2026-03-01,Laos,Automotive,3.4,0.0,1.1,0.35,0.6,9.6,Ongoing Uncertainty
2026-03-01,Laos,Textiles,1.5,0.0,0.9,0.2,0.2,9.6,Ongoing Uncertainty
2026-03-01,Laos,Chemicals,3.3,0.0,0.9,0.44,0.7,9.6,Ongoing Uncertainty
2026-03-01,Mongolia,Energy,2.7,0.0,1.0,0.27,0.5,10.0,Ongoing Uncertainty
2026-03-01,Mongolia,Manufacturing,1.9,0.0,1.1,0.21,0.3,10.0,Ongoing Uncertainty
2026-03-01,Mongolia,Agriculture,1.0,0.0,1.1,0.12,0.2,10.0,Ongoing Uncertainty
2026-03-01,Mongolia,Pharmaceuticals,0.8,0.0,1.1,0.11,0.2,10.0,Ongoing Uncertainty
2026-03-01,Mongolia,Electronics,1.1,0.0,0.9,0.16,0.2,10.0,Ongoing Uncertainty
2026-03-01,Mongolia,Automotive,1.5,0.0,1.0,0.18,0.3,10.0,Ongoing Uncertainty
2026-03-01,Mongolia,Textiles,0.8,0.0,1.1,0.1,0.1,10.0,Ongoing Uncertainty
2026-03-01,Mongolia,Chemicals,2.1,0.0,0.9,0.24,0.3,10.0,Ongoing Uncertainty
