country_key,date_key,fuel_type_key,conflict_phase_key,import_volume_kbpd,me_share_pct,alternative_source_pct,price_premium_pct,disruption_risk_score,spr_days_cover
1,20241001,1,1,6418.2,43.69,53.53,0.0,1.5,91.0
1,20241001,2,1,2107.4,43.3,55.31,0.0,1.9,97.0
1,20241001,3,1,623.4,43.81,55.27,0.0,1.7,87.0
1,20241001,4,1,916.5,43.07,54.53,0.0,1.1,86.0
1,20241001,5,1,557.4,44.64,56.58,0.0,1.6,77.0
1,20241001,6,1,336.4,44.26,53.78,0.0,1.5,88.0
2,20241001,1,1,3082.7,61.07,37.76,0.0,1.9,70.0
2,20241001,2,1,897.5,63.76,34.8,0.0,2.6,56.0
2,20241001,3,1,265.1,61.79,38.91,0.0,2.7,47.0
2,20241001,4,1,393.9,62.86,37.53,0.0,1.8,60.0
2,20241001,5,1,259.1,62.68,39.16,0.0,1.8,69.0
2,20241001,6,1,141.0,62.02,36.92,0.0,2.4,48.0
3,20241001,1,1,1743.1,85.65,14.78,0.0,2.9,233.0
3,20241001,2,1,595.1,86.48,13.09,0.0,3.4,235.0
3,20241001,3,1,196.5,85.14,15.69,0.0,3.3,231.0
3,20241001,4,1,266.8,90.99,9.43,0.0,2.8,225.0
3,20241001,5,1,165.7,86.62,13.27,0.0,2.9,241.0
3,20241001,6,1,95.4,88.68,11.89,0.0,3.3,241.0
4,20241001,1,1,1600.6,73.18,25.39,0.0,2.4,189.0
4,20241001,2,1,492.4,69.52,31.9,0.0,2.9,189.0
4,20241001,3,1,155.5,71.07,30.62,0.0,2.2,192.0
4,20241001,4,1,225.9,72.44,28.15,0.0,2.3,179.0
4,20241001,5,1,128.1,70.77,28.52,0.0,2.3,183.0
4,20241001,6,1,76.9,72.57,27.92,0.0,2.7,177.0
5,20241001,1,1,403.9,14.6,57.26,0.0,0.7,61.0
5,20241001,2,1,115.7,15.52,57.69,0.0,0.1,62.0
5,20241001,3,1,37.9,15.56,58.74,0.0,0.9,39.0
5,20241001,4,1,52.7,15.57,58.54,0.0,0.9,60.0
5,20241001,5,1,33.9,15.23,57.49,0.0,0.2,51.0
5,20241001,6,1,20.1,15.59,56.42,0.0,0.3,53.0
6,20241001,1,1,550.1,18.22,57.91,0.0,0.2,34.0
6,20241001,2,1,145.6,17.59,58.32,0.0,1.0,40.0
6,20241001,3,1,47.2,17.55,62.88,0.0,1.0,44.0
6,20241001,4,1,72.0,18.15,60.22,0.0,0.4,36.0
6,20241001,5,1,39.7,17.92,59.59,0.0,0.2,33.0
6,20241001,6,1,27.1,18.36,58.12,0.0,0.3,35.0
7,20241001,1,1,539.8,56.02,44.25,0.0,2.1,34.0
7,20241001,2,1,166.7,52.86,47.2,0.0,2.1,58.0
7,20241001,3,1,56.1,53.84,46.6,0.0,2.0,30.0
7,20241001,4,1,77.0,53.11,45.7,0.0,1.6,30.0
7,20241001,5,1,47.4,56.09,42.99,0.0,1.9,37.0
7,20241001,6,1,29.0,55.43,42.76,0.0,2.3,50.0
8,20241001,1,1,228.0,21.2,60.18,0.0,0.7,52.0
8,20241001,2,1,71.7,21.84,57.47,0.0,0.8,38.0
8,20241001,3,1,22.3,22.74,62.98,0.0,0.7,44.0
8,20241001,4,1,30.9,22.81,59.1,0.0,0.6,29.0
8,20241001,5,1,19.9,21.15,60.04,0.0,1.1,37.0
8,20241001,6,1,12.5,21.65,61.75,0.0,0.3,49.0
9,20241001,1,1,190.5,61.11,40.12,0.0,1.6,43.0
9,20241001,2,1,58.0,60.97,40.66,0.0,2.2,45.0
9,20241001,3,1,17.6,60.67,37.76,0.0,2.2,36.0
9,20241001,4,1,25.3,61.68,36.55,0.0,1.7,32.0
9,20241001,5,1,16.0,59.79,40.93,0.0,2.3,54.0
9,20241001,6,1,9.8,60.74,39.21,0.0,2.4,35.0
10,20241001,1,1,233.0,12.44,57.0,0.0,-0.1,50.0
10,20241001,2,1,81.0,12.08,58.77,0.0,0.1,48.0
10,20241001,3,1,26.8,11.86,57.62,0.0,0.4,47.0
10,20241001,4,1,33.9,11.97,59.69,0.0,0.7,21.0
10,20241001,5,1,20.3,11.95,59.32,0.0,0.4,32.0
10,20241001,6,1,12.4,11.86,62.32,0.0,0.5,37.0
11,20241001,1,1,274.5,75.53,25.68,0.0,2.4,39.0
11,20241001,2,1,82.9,74.54,26.37,0.0,3.0,50.0
11,20241001,3,1,28.8,73.42,27.52,0.0,3.1,47.0
11,20241001,4,1,38.8,73.01,27.31,0.0,2.3,44.0
11,20241001,5,1,24.0,73.86,27.48,0.0,3.1,50.0
11,20241001,6,1,15.4,75.83,23.36,0.0,2.4,44.0
12,20241001,1,1,81.7,43.07,57.66,0.0,1.0,43.0
12,20241001,2,1,25.6,40.48,62.9,0.0,1.0,50.0
12,20241001,3,1,8.1,41.68,61.48,0.0,1.1,27.0
12,20241001,4,1,11.2,42.63,53.94,0.0,1.0,35.0
12,20241001,5,1,7.1,42.62,59.21,0.0,1.6,51.0
12,20241001,6,1,4.3,43.49,54.74,0.0,1.0,39.0
13,20241001,1,1,493.3,81.1,19.98,0.0,2.3,50.0
13,20241001,2,1,165.6,77.55,22.45,0.0,2.9,47.0
13,20241001,3,1,56.6,79.67,21.14,0.0,2.9,35.0
13,20241001,4,1,69.5,75.54,24.08,0.0,2.5,28.0
13,20241001,5,1,46.0,76.0,25.28,0.0,2.8,34.0
13,20241001,6,1,24.5,75.27,25.35,0.0,2.7,59.0
14,20241001,1,1,818.2,81.68,17.99,0.0,2.7,33.0
14,20241001,2,1,238.8,82.88,16.79,0.0,3.3,50.0
14,20241001,3,1,81.8,81.11,19.39,0.0,3.2,40.0
14,20241001,4,1,99.3,80.66,20.24,0.0,3.1,38.0
14,20241001,5,1,61.8,78.35,22.85,0.0,2.4,48.0
14,20241001,6,1,39.9,82.8,18.09,0.0,2.5,38.0
15,20241001,1,1,77.8,28.59,60.01,0.0,1.2,30.0
15,20241001,2,1,24.3,27.07,59.82,0.0,0.8,54.0
15,20241001,3,1,8.5,28.53,61.2,0.0,1.3,46.0
15,20241001,4,1,11.3,27.38,60.24,0.0,0.6,39.0
15,20241001,5,1,6.6,28.47,59.22,0.0,1.2,42.0
15,20241001,6,1,4.4,29.06,60.22,0.0,1.2,44.0
16,20241001,1,1,44.5,93.33,6.96,0.0,2.7,46.0
16,20241001,2,1,15.4,90.49,9.59,0.0,2.8,56.0
16,20241001,3,1,4.9,91.93,7.95,0.0,3.1,28.0
16,20241001,4,1,6.4,88.61,11.77,0.0,3.0,34.0
16,20241001,5,1,4.2,90.16,10.25,0.0,3.3,36.0
16,20241001,6,1,2.3,89.12,11.33,0.0,3.2,55.0
17,20241001,1,1,39.6,35.9,62.74,0.0,1.1,40.0
17,20241001,2,1,13.3,34.2,57.28,0.0,0.8,40.0
17,20241001,3,1,4.0,33.62,60.84,0.0,1.3,36.0
17,20241001,4,1,5.9,34.15,63.4,0.0,1.5,43.0
17,20241001,5,1,3.5,34.71,60.04,0.0,1.6,41.0
17,20241001,6,1,2.2,34.06,56.51,0.0,1.1,48.0
18,20241001,1,1,26.5,40.32,62.06,0.0,1.1,39.0
18,20241001,2,1,7.7,41.01,60.6,0.0,1.3,44.0
18,20241001,3,1,2.8,39.67,59.88,0.0,1.3,40.0
18,20241001,4,1,3.7,39.72,58.97,0.0,1.2,46.0
18,20241001,5,1,2.3,41.2,56.78,0.0,1.6,37.0
18,20241001,6,1,1.4,38.58,61.03,0.0,1.0,37.0
19,20241001,1,1,9.5,10.09,59.38,0.0,0.5,41.0
19,20241001,2,1,2.9,9.85,58.83,0.0,-0.0,58.0
19,20241001,3,1,0.9,9.93,59.34,0.0,0.1,33.0
19,20241001,4,1,1.2,9.91,61.25,0.0,-0.1,40.0
19,20241001,5,1,0.7,9.7,58.29,0.0,-0.0,38.0
19,20241001,6,1,0.5,9.99,62.67,0.0,0.2,41.0
20,20241001,1,1,15.1,5.01,58.25,0.0,0.6,37.0
20,20241001,2,1,4.6,4.98,56.81,0.0,0.2,33.0
20,20241001,3,1,1.5,5.12,61.84,0.0,0.1,23.0
20,20241001,4,1,2.1,5.15,57.94,0.0,-0.0,43.0
20,20241001,5,1,1.3,5.1,60.91,0.0,0.2,55.0
20,20241001,6,1,0.7,4.95,62.72,0.0,0.6,48.0
1,20241101,1,1,6561.6,43.81,58.86,0.0,1.9,87.0
1,20241101,2,1,1876.3,43.55,53.4,0.0,2.0,86.0
1,20241101,3,1,712.4,43.32,57.16,0.0,1.6,103.0
1,20241101,4,1,955.9,44.63,55.65,0.0,1.1,92.0
1,20241101,5,1,568.4,43.47,57.77,0.0,1.3,98.0
1,20241101,6,1,351.4,43.59,56.11,0.0,1.8,85.0
2,20241101,1,1,2938.8,62.36,36.51,0.0,2.5,64.0
2,20241101,2,1,900.2,63.05,37.32,0.0,2.2,56.0
2,20241101,3,1,300.8,62.91,37.96,0.0,2.3,77.0
2,20241101,4,1,386.5,62.09,38.14,0.0,2.6,60.0
2,20241101,5,1,247.6,62.8,38.22,0.0,1.9,74.0
2,20241101,6,1,133.6,60.7,39.75,0.0,2.1,58.0
3,20241101,1,1,1742.7,86.3,14.48,0.0,3.5,241.0
3,20241101,2,1,525.8,87.34,12.02,0.0,2.8,251.0
3,20241101,3,1,187.2,88.68,11.0,0.0,3.6,213.0
3,20241101,4,1,229.3,85.03,15.57,0.0,3.0,236.0
3,20241101,5,1,158.5,87.95,12.61,0.0,2.6,223.0
3,20241101,6,1,100.1,90.76,9.02,0.0,2.7,210.0
4,20241101,1,1,1546.7,69.44,28.92,0.0,2.8,180.0
4,20241101,2,1,499.8,71.03,28.89,0.0,3.0,180.0
4,20241101,3,1,153.2,71.98,28.39,0.0,2.9,179.0
4,20241101,4,1,217.9,73.11,27.49,0.0,2.1,179.0
4,20241101,5,1,134.6,70.61,30.99,0.0,2.3,178.0
4,20241101,6,1,77.8,73.99,24.84,0.0,2.5,179.0
5,20241101,1,1,398.6,15.29,60.74,0.0,0.6,76.0
5,20241101,2,1,122.5,14.82,56.74,0.0,0.3,75.0
5,20241101,3,1,40.3,14.56,59.16,0.0,1.0,62.0
5,20241101,4,1,50.6,15.29,62.08,0.0,1.0,64.0
5,20241101,5,1,31.9,15.08,58.44,0.0,0.7,51.0
5,20241101,6,1,19.7,15.33,62.44,0.0,0.9,61.0
6,20241101,1,1,485.9,17.97,59.61,0.0,1.0,47.0
6,20241101,2,1,149.3,17.84,58.72,0.0,0.7,36.0
6,20241101,3,1,47.8,17.51,63.38,0.0,0.6,40.0
6,20241101,4,1,72.9,18.59,63.2,0.0,0.7,31.0
6,20241101,5,1,39.1,18.59,56.5,0.0,0.5,37.0
6,20241101,6,1,24.8,17.75,61.81,0.0,0.7,47.0
7,20241101,1,1,526.6,54.3,46.94,0.0,2.3,27.0
7,20241101,2,1,178.3,53.5,45.82,0.0,2.4,50.0
7,20241101,3,1,52.3,54.49,47.7,0.0,1.6,29.0
7,20241101,4,1,78.9,55.75,41.75,0.0,1.5,43.0
7,20241101,5,1,47.0,54.82,45.91,0.0,1.5,30.0
7,20241101,6,1,27.5,56.01,41.89,0.0,1.9,42.0
8,20241101,1,1,240.1,22.83,62.02,0.0,1.0,29.0
8,20241101,2,1,67.4,22.2,59.87,0.0,0.9,49.0
8,20241101,3,1,21.8,21.56,57.92,0.0,1.2,33.0
8,20241101,4,1,33.1,21.49,62.01,0.0,0.6,53.0
8,20241101,5,1,19.0,21.75,57.33,0.0,0.7,41.0
8,20241101,6,1,12.1,21.76,62.05,0.0,0.8,45.0
9,20241101,1,1,183.0,59.93,42.27,0.0,2.6,41.0
9,20241101,2,1,56.6,58.02,42.13,0.0,2.3,36.0
9,20241101,3,1,18.6,60.71,38.46,0.0,2.3,40.0
9,20241101,4,1,25.7,61.05,38.16,0.0,1.7,35.0
9,20241101,5,1,16.6,61.17,41.07,0.0,2.5,36.0
9,20241101,6,1,9.3,57.84,42.26,0.0,2.1,48.0
10,20241101,1,1,272.1,12.02,57.14,0.0,0.8,33.0
10,20241101,2,1,71.5,11.99,59.56,0.0,0.8,41.0
10,20241101,3,1,26.3,11.82,60.42,0.0,0.5,49.0
10,20241101,4,1,32.8,11.85,58.74,0.0,0.7,53.0
10,20241101,5,1,19.4,12.1,61.92,0.0,0.2,46.0
10,20241101,6,1,13.6,12.12,56.46,0.0,0.1,44.0
11,20241101,1,1,288.5,77.6,22.51,0.0,2.3,33.0
11,20241101,2,1,87.0,73.11,26.01,0.0,2.7,41.0
11,20241101,3,1,30.5,75.83,24.91,0.0,3.0,50.0
11,20241101,4,1,39.6,73.7,27.56,0.0,3.1,42.0
11,20241101,5,1,22.5,72.76,27.92,0.0,2.7,46.0
11,20241101,6,1,14.7,72.43,27.93,0.0,2.5,31.0
12,20241101,1,1,89.7,43.22,56.21,0.0,1.6,38.0
12,20241101,2,1,24.8,41.25,57.2,0.0,1.0,48.0
12,20241101,3,1,8.6,41.98,58.51,0.0,1.3,40.0
12,20241101,4,1,11.0,41.32,57.11,0.0,1.6,43.0
12,20241101,5,1,7.3,41.61,55.21,0.0,1.0,30.0
12,20241101,6,1,4.3,41.76,56.8,0.0,1.9,40.0
13,20241101,1,1,495.0,79.59,19.36,0.0,3.0,33.0
13,20241101,2,1,156.2,76.69,23.0,0.0,2.5,47.0
13,20241101,3,1,49.7,79.0,21.69,0.0,2.9,38.0
13,20241101,4,1,72.6,81.08,20.0,0.0,3.0,32.0
13,20241101,5,1,40.6,76.44,24.93,0.0,2.4,37.0
13,20241101,6,1,26.3,77.31,23.84,0.0,3.1,55.0
14,20241101,1,1,824.4,82.0,18.1,0.0,2.8,40.0
14,20241101,2,1,226.2,78.19,22.23,0.0,3.0,41.0
14,20241101,3,1,83.9,81.21,18.92,0.0,2.4,43.0
14,20241101,4,1,107.8,80.62,20.47,0.0,2.6,48.0
14,20241101,5,1,69.3,79.4,21.55,0.0,2.4,56.0
14,20241101,6,1,37.6,77.87,21.44,0.0,2.8,43.0
15,20241101,1,1,78.2,27.86,60.92,0.0,1.3,32.0
15,20241101,2,1,25.0,27.5,59.33,0.0,1.2,18.0
15,20241101,3,1,9.0,28.16,59.94,0.0,0.5,60.0
15,20241101,4,1,11.2,29.11,63.08,0.0,0.5,44.0
15,20241101,5,1,7.2,27.34,58.23,0.0,1.3,28.0
15,20241101,6,1,3.9,28.0,60.6,0.0,0.8,45.0
16,20241101,1,1,50.3,89.75,9.73,0.0,3.1,43.0
16,20241101,2,1,14.7,88.39,12.25,0.0,2.8,22.0
16,20241101,3,1,5.0,90.27,9.39,0.0,2.7,39.0
16,20241101,4,1,6.9,88.6,10.88,0.0,3.1,32.0
16,20241101,5,1,4.0,90.05,9.67,0.0,2.9,46.0
16,20241101,6,1,2.4,92.66,7.47,0.0,2.7,39.0
17,20241101,1,1,45.0,34.76,61.46,0.0,1.6,54.0
17,20241101,2,1,11.6,33.67,56.53,0.0,1.7,40.0
17,20241101,3,1,4.2,35.06,61.65,0.0,1.2,26.0
17,20241101,4,1,5.9,34.76,57.64,0.0,0.9,38.0
17,20241101,5,1,3.3,34.35,58.77,0.0,0.7,36.0
17,20241101,6,1,2.0,34.99,62.32,0.0,1.1,42.0
18,20241101,1,1,24.9,41.1,56.94,0.0,1.6,47.0
18,20241101,2,1,8.0,40.16,56.4,0.0,1.5,42.0
18,20241101,3,1,2.8,41.56,57.87,0.0,1.6,29.0
18,20241101,4,1,3.5,40.74,59.98,0.0,1.4,41.0
18,20241101,5,1,2.1,38.76,58.73,0.0,1.8,42.0
18,20241101,6,1,1.3,40.74,60.81,0.0,0.9,33.0
19,20241101,1,1,9.0,9.95,62.43,0.0,-0.1,30.0
19,20241101,2,1,2.5,10.01,58.04,0.0,0.1,37.0
19,20241101,3,1,0.9,9.74,59.52,0.0,0.6,46.0
19,20241101,4,1,1.3,10.19,58.21,0.0,0.4,41.0
19,20241101,5,1,0.7,9.97,60.98,0.0,0.8,56.0
19,20241101,6,1,0.4,10.2,58.9,0.0,0.1,45.0
20,20241101,1,1,15.6,5.07,60.71,0.0,0.1,40.0
20,20241101,2,1,4.8,4.86,56.47,0.0,-0.2,40.0
20,20241101,3,1,1.6,5.05,57.16,0.0,0.6,48.0
20,20241101,4,1,2.2,5.18,59.81,0.0,-0.0,42.0
20,20241101,5,1,1.2,5.07,57.92,0.0,0.4,35.0
20,20241101,6,1,0.7,4.99,63.06,0.0,-0.2,51.0
1,20241201,1,1,7020.5,45.49,51.84,0.0,1.7,95.0
1,20241201,2,1,2070.7,42.66,53.98,0.0,1.8,82.0
1,20241201,3,1,720.7,43.98,55.41,0.0,1.8,81.0
1,20241201,4,1,876.4,42.45,54.41,0.0,1.2,91.0
1,20241201,5,1,603.7,45.17,52.22,0.0,1.5,91.0
1,20241201,6,1,332.9,44.9,54.41,0.0,2.0,85.0
2,20241201,1,1,3089.3,62.24,38.32,0.0,2.3,69.0
2,20241201,2,1,820.6,64.04,35.16,0.0,1.7,79.0
2,20241201,3,1,278.4,62.87,35.15,0.0,2.6,71.0
2,20241201,4,1,393.3,64.38,34.47,0.0,1.9,67.0
2,20241201,5,1,235.2,60.45,41.19,0.0,1.9,50.0
2,20241201,6,1,148.4,60.7,40.22,0.0,1.7,64.0
3,20241201,1,1,1960.1,90.88,9.16,0.0,3.0,243.0
3,20241201,2,1,547.8,85.23,15.53,0.0,3.4,231.0
3,20241201,3,1,173.8,85.79,15.01,0.0,2.8,231.0
3,20241201,4,1,261.7,90.03,10.37,0.0,2.7,241.0
3,20241201,5,1,165.8,85.19,14.21,0.0,3.2,220.0
3,20241201,6,1,97.9,88.03,11.35,0.0,3.0,229.0
4,20241201,1,1,1600.8,70.61,29.47,0.0,3.0,170.0
4,20241201,2,1,488.7,71.03,28.44,0.0,2.7,163.0
4,20241201,3,1,163.6,71.24,27.58,0.0,2.3,181.0
4,20241201,4,1,205.4,74.15,25.41,0.0,3.0,179.0
4,20241201,5,1,139.6,69.38,28.92,0.0,2.0,176.0
4,20241201,6,1,82.0,73.88,27.02,0.0,2.0,171.0
5,20241201,1,1,396.1,14.49,58.03,0.0,0.6,66.0
5,20241201,2,1,112.4,15.05,58.15,0.0,0.5,53.0
5,20241201,3,1,36.8,15.33,62.76,0.0,0.4,52.0
5,20241201,4,1,48.0,14.53,58.99,0.0,1.0,50.0
5,20241201,5,1,32.8,14.85,61.29,0.0,0.5,65.0
5,20241201,6,1,17.8,15.3,61.65,0.0,0.2,38.0
6,20241201,1,1,529.8,18.14,59.13,0.0,0.9,51.0
6,20241201,2,1,155.0,18.02,60.81,0.0,1.1,27.0
6,20241201,3,1,47.8,17.33,62.01,0.0,0.8,32.0
6,20241201,4,1,72.3,17.7,62.92,0.0,1.0,56.0
6,20241201,5,1,43.9,18.07,61.53,0.0,0.5,41.0
6,20241201,6,1,26.5,17.31,58.96,0.0,1.0,44.0
7,20241201,1,1,547.4,53.67,47.02,0.0,2.2,32.0
7,20241201,2,1,155.8,52.97,48.78,0.0,2.3,46.0
7,20241201,3,1,51.4,53.7,49.03,0.0,2.1,51.0
7,20241201,4,1,71.1,55.93,44.52,0.0,1.5,34.0
7,20241201,5,1,44.5,54.96,43.16,0.0,1.6,45.0
7,20241201,6,1,27.4,54.3,45.81,0.0,2.0,60.0
8,20241201,1,1,220.1,21.7,60.17,0.0,0.6,44.0
8,20241201,2,1,71.0,22.61,63.57,0.0,1.0,37.0
8,20241201,3,1,22.8,21.37,61.88,0.0,1.1,44.0
8,20241201,4,1,29.1,22.27,59.83,0.0,0.4,32.0
8,20241201,5,1,20.4,22.08,58.03,0.0,1.1,19.0
8,20241201,6,1,11.8,22.23,57.29,0.0,0.8,59.0
9,20241201,1,1,188.8,62.13,36.69,0.0,1.9,37.0
9,20241201,2,1,56.8,61.11,38.42,0.0,2.3,48.0
9,20241201,3,1,20.0,58.21,44.24,0.0,2.4,48.0
9,20241201,4,1,25.9,58.8,43.45,0.0,1.8,32.0
9,20241201,5,1,16.2,61.13,36.79,0.0,2.0,50.0
9,20241201,6,1,8.7,61.63,37.23,0.0,1.9,49.0
10,20241201,1,1,270.7,11.66,60.0,0.0,0.2,41.0
10,20241201,2,1,74.6,11.91,60.31,0.0,0.3,40.0
10,20241201,3,1,25.9,11.82,56.54,0.0,0.4,40.0
10,20241201,4,1,32.9,12.41,62.64,0.0,0.9,32.0
10,20241201,5,1,22.1,11.75,61.42,0.0,0.5,42.0
10,20241201,6,1,12.4,11.56,58.79,0.0,0.3,36.0
11,20241201,1,1,276.0,75.72,24.69,0.0,2.3,41.0
11,20241201,2,1,90.3,73.8,26.22,0.0,2.8,55.0
11,20241201,3,1,30.2,76.0,23.06,0.0,2.6,49.0
11,20241201,4,1,37.3,77.14,24.03,0.0,2.3,42.0
11,20241201,5,1,24.1,72.27,28.28,0.0,2.5,35.0
11,20241201,6,1,14.4,74.08,26.88,0.0,2.7,34.0
12,20241201,1,1,83.8,43.33,54.22,0.0,1.1,36.0
12,20241201,2,1,23.9,40.96,57.97,0.0,1.9,37.0
12,20241201,3,1,8.6,42.33,58.71,0.0,1.7,40.0
12,20241201,4,1,10.3,41.57,59.18,0.0,1.7,49.0
12,20241201,5,1,7.4,43.1,53.73,0.0,1.7,44.0
12,20241201,6,1,4.5,41.95,58.58,0.0,1.7,27.0
13,20241201,1,1,551.4,80.07,21.08,0.0,2.6,46.0
13,20241201,2,1,169.5,80.55,20.39,0.0,2.7,36.0
13,20241201,3,1,55.0,80.85,18.14,0.0,2.6,36.0
13,20241201,4,1,70.8,77.64,21.39,0.0,2.5,48.0
13,20241201,5,1,40.8,78.51,20.9,0.0,2.4,42.0
13,20241201,6,1,28.3,76.35,23.97,0.0,2.6,40.0
14,20241201,1,1,812.1,80.64,18.99,0.0,3.0,21.0
14,20241201,2,1,230.2,79.55,21.39,0.0,2.7,51.0
14,20241201,3,1,77.5,82.79,16.23,0.0,2.8,33.0
14,20241201,4,1,111.5,78.68,22.17,0.0,3.0,37.0
14,20241201,5,1,62.7,82.51,16.91,0.0,2.5,24.0
14,20241201,6,1,40.9,83.06,16.75,0.0,2.7,32.0
15,20241201,1,1,88.6,27.83,61.96,0.0,1.0,36.0
15,20241201,2,1,25.9,27.12,62.65,0.0,0.6,32.0
15,20241201,3,1,8.5,28.2,60.42,0.0,1.3,40.0
15,20241201,4,1,11.6,28.32,61.86,0.0,0.9,48.0
15,20241201,5,1,7.1,27.8,62.29,0.0,1.4,44.0
15,20241201,6,1,4.1,29.06,63.58,0.0,1.3,39.0
16,20241201,1,1,46.4,90.66,9.09,0.0,2.7,47.0
16,20241201,2,1,14.3,88.97,11.41,0.0,2.9,31.0
16,20241201,3,1,4.9,90.25,9.32,0.0,2.9,52.0
16,20241201,4,1,6.7,93.16,6.73,0.0,2.7,33.0
16,20241201,5,1,4.2,89.44,10.37,0.0,3.4,38.0
16,20241201,6,1,2.4,88.98,11.15,0.0,3.3,52.0
17,20241201,1,1,43.7,34.6,58.88,0.0,1.3,48.0
17,20241201,2,1,13.3,34.99,60.21,0.0,1.6,42.0
17,20241201,3,1,3.9,34.94,60.06,0.0,1.7,32.0
17,20241201,4,1,5.2,33.6,62.72,0.0,1.6,44.0
17,20241201,5,1,3.5,36.38,62.71,0.0,1.0,21.0
17,20241201,6,1,2.2,35.48,56.44,0.0,0.8,25.0
18,20241201,1,1,28.2,39.99,58.44,0.0,1.0,41.0
18,20241201,2,1,7.7,38.99,62.93,0.0,0.9,33.0
18,20241201,3,1,2.5,38.46,63.06,0.0,0.9,54.0
18,20241201,4,1,3.6,39.81,63.12,0.0,0.9,59.0
18,20241201,5,1,2.3,39.79,61.11,0.0,1.0,35.0
18,20241201,6,1,1.5,41.48,60.9,0.0,1.8,28.0
19,20241201,1,1,9.3,10.34,57.87,0.0,0.4,38.0
19,20241201,2,1,2.7,10.29,58.36,0.0,0.8,40.0
19,20241201,3,1,1.0,10.12,62.0,0.0,0.5,43.0
19,20241201,4,1,1.2,10.03,57.97,0.0,-0.0,29.0
19,20241201,5,1,0.7,10.29,59.77,0.0,0.2,33.0
19,20241201,6,1,0.4,10.05,63.06,0.0,-0.0,35.0
20,20241201,1,1,14.4,5.07,56.8,0.0,0.0,40.0
20,20241201,2,1,4.2,4.85,61.71,0.0,-0.2,50.0
20,20241201,3,1,1.4,5.07,62.07,0.0,0.2,41.0
20,20241201,4,1,2.0,4.94,58.04,0.0,-0.2,38.0
20,20241201,5,1,1.3,4.93,57.94,0.0,-0.3,48.0
20,20241201,6,1,0.7,5.06,57.45,0.0,-0.2,32.0
1,20250101,1,2,6140.1,43.34,61.06,2.76,2.6,80.0
1,20250101,2,2,1882.7,44.12,56.31,2.36,2.6,99.0
1,20250101,3,2,620.3,44.78,55.88,2.59,1.7,98.0
1,20250101,4,2,869.6,42.83,61.85,2.65,1.7,87.0
1,20250101,5,2,564.3,42.64,58.61,2.8,2.6,81.0
1,20250101,6,2,309.3,44.46,58.92,2.38,2.1,95.0
2,20250101,1,2,2672.1,61.73,40.1,3.91,3.1,58.0
2,20250101,2,2,889.2,61.28,43.64,3.64,2.7,65.0
2,20250101,3,2,256.4,58.57,44.38,3.46,3.2,52.0
2,20250101,4,2,369.5,58.71,45.81,3.33,3.1,58.0
2,20250101,5,2,238.2,60.63,43.05,3.32,2.8,67.0
2,20250101,6,2,128.2,62.36,40.23,3.72,2.9,71.0
3,20250101,1,2,1649.3,84.27,19.67,4.8,3.8,225.0
3,20250101,2,2,512.8,83.1,20.1,5.68,4.7,226.0
3,20250101,3,2,176.8,84.73,18.99,4.72,4.6,230.0
3,20250101,4,2,250.8,86.39,17.54,5.81,4.5,225.0
3,20250101,5,2,141.6,83.78,19.64,5.2,4.0,227.0
3,20250101,6,2,84.9,88.0,15.19,5.52,4.7,230.0
4,20250101,1,2,1424.1,71.22,32.36,4.73,4.0,182.0
4,20250101,2,2,450.0,68.11,33.04,4.22,3.3,187.0
4,20250101,3,2,143.0,72.44,29.01,3.85,3.6,185.0
4,20250101,4,2,219.8,69.93,33.84,4.16,3.3,181.0
4,20250101,5,2,136.4,68.92,33.63,4.77,3.2,169.0
4,20250101,6,2,78.0,71.4,30.05,4.13,3.0,180.0
5,20250101,1,2,397.2,14.37,58.49,0.82,1.1,64.0
5,20250101,2,2,122.0,15.18,60.37,0.97,1.2,66.0
5,20250101,3,2,38.8,15.16,56.97,0.81,1.0,48.0
5,20250101,4,2,50.4,14.46,60.62,0.9,0.9,56.0
5,20250101,5,2,33.0,14.57,60.37,0.9,1.1,58.0
5,20250101,6,2,18.8,14.48,58.71,0.8,0.3,42.0
6,20250101,1,2,532.5,17.14,61.72,0.97,0.9,38.0
6,20250101,2,2,158.4,17.08,56.59,1.08,0.7,37.0
6,20250101,3,2,47.5,17.15,57.06,0.98,0.5,32.0
6,20250101,4,2,71.1,17.7,58.97,1.02,0.5,39.0
6,20250101,5,2,42.0,17.43,58.96,1.13,1.4,30.0
6,20250101,6,2,23.5,17.43,62.51,1.01,1.0,42.0
7,20250101,1,2,554.6,52.3,49.36,3.06,3.1,42.0
7,20250101,2,2,156.4,52.86,48.58,3.11,2.4,45.0
7,20250101,3,2,50.6,54.19,48.37,3.18,2.2,50.0
7,20250101,4,2,65.7,53.55,52.17,3.21,2.6,37.0
7,20250101,5,2,47.0,55.46,49.33,3.56,2.3,47.0
7,20250101,6,2,25.2,55.91,47.76,3.45,2.3,43.0
8,20250101,1,2,227.3,21.88,61.39,1.26,0.9,55.0
8,20250101,2,2,66.4,21.7,62.16,1.39,1.2,50.0
8,20250101,3,2,22.6,20.71,62.09,1.17,1.1,42.0
8,20250101,4,2,32.7,22.09,60.27,1.42,0.7,44.0
8,20250101,5,2,20.3,20.9,62.62,1.17,1.5,34.0
8,20250101,6,2,11.2,21.36,57.69,1.4,0.6,34.0
9,20250101,1,2,184.0,56.5,48.42,3.98,3.1,45.0
9,20250101,2,2,55.8,59.96,44.81,3.2,3.4,45.0
9,20250101,3,2,18.1,58.48,46.32,3.78,2.6,49.0
9,20250101,4,2,22.8,57.24,45.19,3.65,3.2,35.0
9,20250101,5,2,13.9,58.38,43.65,3.54,3.4,40.0
9,20250101,6,2,8.9,60.75,40.63,3.89,3.3,26.0
10,20250101,1,2,233.4,11.99,58.01,0.76,0.3,48.0
10,20250101,2,2,80.7,11.84,62.51,0.7,0.4,31.0
10,20250101,3,2,23.8,11.83,62.11,0.79,0.5,31.0
10,20250101,4,2,35.6,12.0,62.49,0.79,0.5,43.0
10,20250101,5,2,21.1,11.74,60.15,0.67,0.8,37.0
10,20250101,6,2,13.3,12.08,57.14,0.7,0.4,36.0
11,20250101,1,2,261.9,74.11,27.47,4.45,3.8,30.0
11,20250101,2,2,81.7,71.13,33.1,4.21,3.4,38.0
11,20250101,3,2,28.9,71.5,33.42,4.46,3.3,41.0
11,20250101,4,2,36.5,71.22,33.7,4.82,3.8,44.0
11,20250101,5,2,23.2,70.61,33.27,4.77,3.9,52.0
11,20250101,6,2,13.9,73.25,28.52,4.32,3.7,47.0
12,20250101,1,2,84.8,42.76,57.67,2.29,2.0,49.0
12,20250101,2,2,22.7,41.76,62.59,2.38,2.4,50.0
12,20250101,3,2,8.5,39.86,58.44,2.51,2.4,45.0
12,20250101,4,2,10.3,41.66,63.2,2.77,2.2,26.0
12,20250101,5,2,6.4,42.11,58.36,2.34,1.9,41.0
12,20250101,6,2,4.2,41.32,56.89,2.62,1.6,55.0
13,20250101,1,2,529.9,76.77,26.73,4.79,4.0,56.0
13,20250101,2,2,147.6,76.56,27.57,5.2,3.6,39.0
13,20250101,3,2,46.4,78.58,25.2,4.77,3.7,38.0
13,20250101,4,2,70.1,77.12,27.6,4.47,4.2,26.0
13,20250101,5,2,41.5,78.3,25.86,4.16,3.5,32.0
13,20250101,6,2,23.9,77.21,24.75,4.57,3.7,51.0
14,20250101,1,2,727.3,76.39,26.63,4.6,4.2,50.0
14,20250101,2,2,225.5,79.01,24.65,5.19,3.6,33.0
14,20250101,3,2,79.3,78.5,25.04,4.85,3.7,40.0
14,20250101,4,2,100.4,78.8,24.81,4.32,4.3,44.0
14,20250101,5,2,63.0,78.65,25.34,4.4,4.2,35.0
14,20250101,6,2,34.5,79.11,24.43,5.36,3.8,40.0
15,20250101,1,2,84.3,27.47,60.49,1.74,1.6,40.0
15,20250101,2,2,23.2,27.95,60.41,1.65,1.8,42.0
15,20250101,3,2,8.7,27.35,58.52,1.59,1.6,33.0
15,20250101,4,2,11.0,28.16,62.16,1.86,1.2,34.0
15,20250101,5,2,6.8,27.64,61.85,1.79,0.9,39.0
15,20250101,6,2,3.8,27.03,63.39,1.84,1.6,49.0
16,20250101,1,2,47.9,87.88,14.78,5.53,4.6,51.0
16,20250101,2,2,13.9,90.5,12.51,5.12,4.1,35.0
16,20250101,3,2,4.7,85.27,17.36,4.95,4.5,47.0
16,20250101,4,2,6.0,88.09,15.25,5.18,4.5,54.0
16,20250101,5,2,3.6,89.83,12.62,5.23,4.0,36.0
16,20250101,6,2,2.3,86.52,15.72,5.44,4.3,32.0
17,20250101,1,2,41.4,34.2,60.01,2.13,1.6,36.0
17,20250101,2,2,12.6,35.49,62.72,2.02,1.9,43.0
17,20250101,3,2,4.2,34.51,61.32,2.23,1.5,34.0
17,20250101,4,2,5.9,35.29,57.51,2.05,1.5,27.0
17,20250101,5,2,3.6,35.56,59.02,2.18,1.4,31.0
17,20250101,6,2,2.2,35.65,61.4,2.02,2.0,35.0
18,20250101,1,2,24.2,39.04,60.25,2.6,1.5,29.0
18,20250101,2,2,8.2,38.54,61.74,2.47,2.1,53.0
18,20250101,3,2,2.4,37.66,61.8,2.3,2.1,41.0
18,20250101,4,2,3.7,40.71,61.39,2.33,2.1,42.0
18,20250101,5,2,2.0,39.03,56.74,2.45,1.8,41.0
18,20250101,6,2,1.3,40.12,60.14,2.61,2.2,42.0
19,20250101,1,2,8.4,10.07,63.58,0.6,0.2,35.0
19,20250101,2,2,2.7,9.78,60.12,0.54,0.7,48.0
19,20250101,3,2,0.9,9.86,63.29,0.62,0.0,22.0
19,20250101,4,2,1.1,9.77,61.02,0.58,0.3,43.0
19,20250101,5,2,0.8,9.56,61.96,0.57,0.5,41.0
19,20250101,6,2,0.5,10.17,56.87,0.55,0.0,31.0
20,20250101,1,2,15.0,4.9,63.25,0.29,0.4,39.0
20,20250101,2,2,4.6,5.07,61.91,0.3,0.0,38.0
20,20250101,3,2,1.6,4.74,61.58,0.26,0.5,35.0
20,20250101,4,2,1.9,4.83,63.08,0.28,0.7,47.0
20,20250101,5,2,1.2,5.03,59.78,0.29,0.2,36.0
20,20250101,6,2,0.8,4.89,61.28,0.29,0.2,37.0
1,20250201,1,2,6735.8,42.82,62.35,2.63,1.8,85.0
1,20250201,2,2,1868.4,44.27,58.91,2.64,1.9,83.0
1,20250201,3,2,620.2,43.99,58.48,2.44,1.8,78.0
1,20250201,4,2,936.0,41.83,57.67,2.57,2.0,72.0
1,20250201,5,2,508.1,44.53,60.45,2.46,2.4,84.0
1,20250201,6,2,308.0,43.91,61.59,2.36,2.0,97.0
2,20250201,1,2,2713.2,60.94,42.3,4.12,3.3,68.0
2,20250201,2,2,845.9,60.56,42.6,3.62,3.0,77.0
2,20250201,3,2,271.9,61.53,39.25,3.74,3.0,79.0
2,20250201,4,2,387.6,58.4,42.89,4.16,2.9,70.0
2,20250201,5,2,221.1,58.85,43.22,3.67,2.9,61.0
2,20250201,6,2,148.2,60.88,43.19,3.43,3.0,62.0
3,20250201,1,2,1620.1,88.64,14.04,4.98,4.5,243.0
3,20250201,2,2,557.0,82.81,20.54,5.06,4.8,233.0
3,20250201,3,2,183.6,84.89,17.53,5.13,4.2,214.0
3,20250201,4,2,248.1,89.11,13.53,5.08,4.1,218.0
3,20250201,5,2,144.7,89.61,13.48,5.34,4.3,222.0
3,20250201,6,2,92.1,84.15,19.28,4.91,3.8,233.0
4,20250201,1,2,1649.5,68.5,34.33,4.76,3.2,185.0
4,20250201,2,2,459.6,72.87,31.1,3.8,3.4,197.0
4,20250201,3,2,157.9,68.98,35.61,4.82,3.7,178.0
4,20250201,4,2,209.8,67.77,35.96,4.71,3.7,195.0
4,20250201,5,2,131.2,69.81,34.24,3.83,3.1,168.0
4,20250201,6,2,71.1,72.91,31.27,4.31,3.7,178.0
5,20250201,1,2,356.6,15.13,59.08,0.86,0.9,49.0
5,20250201,2,2,116.3,14.65,57.49,0.95,1.2,59.0
5,20250201,3,2,39.1,14.32,63.42,0.8,0.6,41.0
5,20250201,4,2,53.6,14.99,62.54,0.95,0.9,56.0
5,20250201,5,2,31.1,15.09,60.61,0.82,0.3,62.0
5,20250201,6,2,18.5,14.59,56.52,0.94,0.9,50.0
6,20250201,1,2,477.2,17.3,61.68,1.16,0.4,38.0
6,20250201,2,2,150.0,17.31,57.95,1.06,0.5,48.0
6,20250201,3,2,52.6,17.92,58.48,0.96,1.3,42.0
6,20250201,4,2,64.6,17.96,59.01,1.16,0.6,48.0
6,20250201,5,2,42.4,18.28,58.75,1.09,1.0,37.0
6,20250201,6,2,26.7,17.49,61.58,1.18,0.8,45.0
7,20250201,1,2,529.2,54.61,47.87,2.96,3.0,37.0
7,20250201,2,2,150.3,52.5,50.93,3.38,2.7,40.0
7,20250201,3,2,49.5,52.32,48.96,2.97,2.5,25.0
7,20250201,4,2,75.1,55.22,49.14,2.97,3.1,32.0
7,20250201,5,2,42.8,53.02,50.37,3.08,3.1,24.0
7,20250201,6,2,28.4,52.7,50.26,3.65,2.5,52.0
8,20250201,1,2,243.3,21.76,58.25,1.34,1.3,39.0
8,20250201,2,2,70.5,22.22,62.33,1.46,1.3,40.0
8,20250201,3,2,22.7,21.45,62.86,1.28,1.4,44.0
8,20250201,4,2,30.7,20.84,58.94,1.4,1.1,45.0
8,20250201,5,2,18.0,21.96,63.21,1.39,1.2,42.0
8,20250201,6,2,11.6,20.83,59.49,1.29,1.3,25.0
9,20250201,1,2,169.0,59.38,41.32,4.01,3.1,51.0
9,20250201,2,2,49.4,57.51,44.15,3.89,3.0,44.0
9,20250201,3,2,18.8,60.58,44.57,3.31,3.0,38.0
9,20250201,4,2,25.1,58.81,45.34,3.3,2.9,24.0
9,20250201,5,2,14.0,57.61,43.2,3.88,2.9,39.0
9,20250201,6,2,8.5,60.33,43.48,3.76,3.3,43.0
10,20250201,1,2,266.1,11.41,56.97,0.66,0.8,24.0
10,20250201,2,2,75.8,11.94,58.08,0.73,0.4,54.0
10,20250201,3,2,26.3,12.17,58.07,0.72,0.8,21.0
10,20250201,4,2,34.4,12.04,60.15,0.74,0.7,43.0
10,20250201,5,2,21.6,11.35,62.3,0.67,1.0,43.0
10,20250201,6,2,12.1,12.15,57.6,0.74,0.6,46.0
11,20250201,1,2,283.4,73.15,29.55,4.52,3.9,43.0
11,20250201,2,2,77.9,74.3,28.23,4.0,4.2,43.0
11,20250201,3,2,26.5,71.98,31.02,4.82,3.4,44.0
11,20250201,4,2,35.0,74.9,28.72,4.66,3.2,39.0
11,20250201,5,2,21.8,73.9,27.69,4.36,4.2,47.0
11,20250201,6,2,12.9,76.06,28.74,3.98,3.5,42.0
12,20250201,1,2,88.0,41.83,61.84,2.58,2.1,43.0
12,20250201,2,2,25.5,41.68,63.04,2.28,2.3,52.0
12,20250201,3,2,8.7,42.41,60.24,2.53,1.6,38.0
12,20250201,4,2,11.3,41.92,60.21,2.24,2.0,53.0
12,20250201,5,2,7.3,39.75,57.0,2.27,1.8,39.0
12,20250201,6,2,4.1,41.11,62.0,2.75,1.6,34.0
13,20250201,1,2,521.3,79.04,23.68,5.03,3.9,45.0
13,20250201,2,2,158.7,73.51,30.83,4.54,3.5,25.0
13,20250201,3,2,49.3,79.06,24.87,4.63,3.4,25.0
13,20250201,4,2,69.3,77.03,26.91,4.16,3.8,43.0
13,20250201,5,2,43.6,74.79,28.51,5.1,3.6,32.0
13,20250201,6,2,26.6,76.33,27.43,4.64,3.9,37.0
14,20250201,1,2,725.1,80.97,21.62,5.2,4.1,38.0
14,20250201,2,2,222.3,78.21,25.0,5.1,3.5,38.0
14,20250201,3,2,68.1,76.59,27.93,4.29,3.5,50.0
14,20250201,4,2,92.6,75.59,26.52,4.35,4.1,27.0
14,20250201,5,2,58.3,80.9,23.27,4.64,4.3,45.0
14,20250201,6,2,34.9,80.5,23.66,5.27,4.1,28.0
15,20250201,1,2,83.6,27.6,61.28,1.59,1.5,33.0
15,20250201,2,2,23.1,27.76,60.21,1.79,1.6,31.0
15,20250201,3,2,8.0,27.59,62.68,1.8,1.7,31.0
15,20250201,4,2,11.0,27.84,62.61,1.65,1.1,31.0
15,20250201,5,2,6.7,27.45,61.24,1.88,1.3,43.0
15,20250201,6,2,4.3,27.45,62.25,1.49,1.4,44.0
16,20250201,1,2,45.4,89.38,13.3,5.17,4.0,35.0
16,20250201,2,2,14.1,86.64,17.14,5.94,4.2,48.0
16,20250201,3,2,4.8,89.84,13.02,5.62,4.4,43.0
16,20250201,4,2,5.8,86.94,17.02,5.5,4.1,37.0
16,20250201,5,2,3.5,86.89,16.83,5.86,4.1,47.0
16,20250201,6,2,2.3,87.85,15.37,5.46,4.1,37.0
17,20250201,1,2,38.2,33.22,63.17,1.91,2.1,38.0
17,20250201,2,2,13.2,35.52,57.68,2.16,1.7,39.0
17,20250201,3,2,3.9,33.92,58.16,2.31,1.5,38.0
17,20250201,4,2,5.5,33.07,61.38,2.04,2.0,46.0
17,20250201,5,2,3.6,33.57,60.34,2.03,2.0,30.0
17,20250201,6,2,2.0,33.15,62.6,2.1,1.2,35.0
18,20250201,1,2,26.7,40.49,59.87,2.16,1.6,41.0
18,20250201,2,2,8.3,39.16,57.27,2.46,2.1,55.0
18,20250201,3,2,2.4,39.68,58.28,2.61,2.3,28.0
18,20250201,4,2,3.7,37.83,58.03,2.62,2.2,50.0
18,20250201,5,2,2.3,39.48,56.44,2.47,2.3,39.0
18,20250201,6,2,1.3,38.26,59.31,2.36,1.8,42.0
19,20250201,1,2,9.6,9.67,62.82,0.64,0.2,38.0
19,20250201,2,2,2.8,10.18,59.92,0.63,0.1,46.0
19,20250201,3,2,0.9,9.57,63.5,0.59,0.4,35.0
19,20250201,4,2,1.3,9.61,62.94,0.62,0.5,46.0
19,20250201,5,2,0.7,10.06,59.21,0.56,0.6,46.0
19,20250201,6,2,0.4,9.61,59.93,0.59,1.0,51.0
20,20250201,1,2,14.6,5.04,59.17,0.29,-0.1,54.0
20,20250201,2,2,4.8,4.79,58.82,0.31,0.6,37.0
20,20250201,3,2,1.6,4.83,59.94,0.33,0.0,24.0
20,20250201,4,2,2.0,5.02,58.82,0.3,0.3,36.0
20,20250201,5,2,1.3,5.01,63.01,0.28,0.4,55.0
20,20250201,6,2,0.8,5.05,58.14,0.28,0.7,44.0
1,20250301,1,2,6318.4,42.19,59.81,2.93,2.6,90.0
1,20250301,2,2,1854.3,42.78,60.87,2.71,2.7,86.0
1,20250301,3,2,675.1,42.9,63.52,2.62,1.7,75.0
1,20250301,4,2,911.7,44.79,55.5,2.9,2.0,98.0
1,20250301,5,2,519.4,44.25,56.11,2.5,1.9,103.0
1,20250301,6,2,303.2,44.54,56.22,2.91,2.3,97.0
2,20250301,1,2,2970.9,61.84,42.95,4.02,3.5,68.0
2,20250301,2,2,798.1,62.74,39.57,3.38,2.8,60.0
2,20250301,3,2,295.1,60.39,43.16,3.97,2.6,65.0
2,20250301,4,2,373.0,62.52,39.73,3.86,3.2,68.0
2,20250301,5,2,230.3,60.0,44.97,4.14,3.4,67.0
2,20250301,6,2,140.6,58.77,46.59,3.67,2.7,55.0
3,20250301,1,2,1608.8,84.89,18.56,5.1,3.9,222.0
3,20250301,2,2,557.8,83.02,20.13,4.81,4.7,226.0
3,20250301,3,2,167.6,84.24,19.16,5.53,4.2,236.0
3,20250301,4,2,244.6,85.04,18.29,5.62,4.7,226.0
3,20250301,5,2,155.2,86.41,15.83,5.14,4.2,225.0
3,20250301,6,2,90.9,87.24,15.79,5.8,4.1,226.0
4,20250301,1,2,1450.4,68.46,33.79,4.56,3.6,192.0
4,20250301,2,2,473.2,72.63,30.03,4.08,3.5,185.0
4,20250301,3,2,152.9,68.68,32.61,4.43,3.1,178.0
4,20250301,4,2,197.7,72.24,30.44,4.69,3.9,185.0
4,20250301,5,2,118.4,68.42,33.04,4.36,3.6,182.0
4,20250301,6,2,74.4,69.47,33.57,4.31,3.1,184.0
5,20250301,1,2,382.5,15.26,58.26,0.84,0.7,55.0
5,20250301,2,2,109.3,14.47,59.28,0.88,0.7,59.0
5,20250301,3,2,38.1,15.0,61.08,0.86,0.5,61.0
5,20250301,4,2,49.1,14.53,57.02,0.8,1.1,55.0
5,20250301,5,2,30.3,14.68,61.44,0.94,0.3,59.0
5,20250301,6,2,20.4,14.8,57.42,0.98,0.3,52.0
6,20250301,1,2,483.4,17.17,57.91,1.07,0.7,30.0
6,20250301,2,2,162.4,17.71,62.81,0.97,0.5,49.0
6,20250301,3,2,50.9,18.35,58.79,1.02,0.8,45.0
6,20250301,4,2,63.2,18.15,60.54,1.2,1.2,45.0
6,20250301,5,2,44.2,17.21,62.34,1.13,1.1,33.0
6,20250301,6,2,23.5,17.9,57.66,1.2,1.0,57.0
7,20250301,1,2,551.8,51.96,51.77,3.38,3.0,49.0
7,20250301,2,2,155.9,52.06,53.44,3.68,2.4,46.0
7,20250301,3,2,52.0,52.16,53.18,3.56,3.2,57.0
7,20250301,4,2,72.5,55.2,49.46,3.47,3.1,48.0
7,20250301,5,2,40.7,53.85,51.79,3.39,2.4,40.0
7,20250301,6,2,27.7,54.46,47.1,3.31,2.5,38.0
8,20250301,1,2,241.9,22.23,58.53,1.34,0.9,47.0
8,20250301,2,2,64.8,22.33,61.89,1.44,0.9,33.0
8,20250301,3,2,24.9,22.01,61.4,1.31,1.2,30.0
8,20250301,4,2,32.3,22.4,59.24,1.43,1.4,29.0
8,20250301,5,2,19.3,21.62,58.96,1.35,1.6,40.0
8,20250301,6,2,11.5,21.62,60.3,1.45,1.6,31.0
9,20250301,1,2,170.5,57.99,47.25,3.87,3.3,36.0
9,20250301,2,2,56.6,56.88,45.97,3.59,2.7,29.0
9,20250301,3,2,17.1,60.77,43.61,3.96,3.4,48.0
9,20250301,4,2,22.9,60.26,44.14,3.66,3.4,41.0
9,20250301,5,2,15.8,56.61,46.71,3.33,3.3,24.0
9,20250301,6,2,9.1,59.37,42.58,3.67,2.5,25.0
10,20250301,1,2,254.1,12.02,62.18,0.67,0.5,37.0
10,20250301,2,2,69.2,11.99,59.75,0.8,0.3,38.0
10,20250301,3,2,26.0,11.92,56.41,0.78,0.4,32.0
10,20250301,4,2,34.9,11.99,56.59,0.72,1.1,25.0
10,20250301,5,2,19.6,11.4,57.89,0.64,0.3,44.0
10,20250301,6,2,12.8,12.03,63.23,0.69,0.4,55.0
11,20250301,1,2,288.5,71.24,32.48,4.86,3.4,37.0
11,20250301,2,2,85.4,70.73,31.97,4.56,4.1,54.0
11,20250301,3,2,28.4,71.63,29.88,4.03,3.6,37.0
11,20250301,4,2,36.2,74.5,28.82,4.46,3.9,29.0
11,20250301,5,2,22.4,72.97,31.26,4.01,3.9,41.0
11,20250301,6,2,13.3,73.32,29.22,4.75,3.5,50.0
12,20250301,1,2,75.6,41.21,59.43,2.64,2.4,52.0
12,20250301,2,2,22.8,41.18,57.21,2.57,1.7,35.0
12,20250301,3,2,8.0,39.73,63.56,2.29,1.6,32.0
12,20250301,4,2,11.3,42.67,62.27,2.77,2.0,55.0
12,20250301,5,2,6.6,41.2,60.94,2.79,1.7,38.0
12,20250301,6,2,4.3,39.68,63.2,2.81,2.1,40.0
13,20250301,1,2,522.9,78.89,24.48,5.08,4.1,38.0
13,20250301,2,2,161.4,76.52,27.21,4.46,3.6,32.0
13,20250301,3,2,48.2,76.57,25.29,4.68,3.9,37.0
13,20250301,4,2,65.6,74.36,29.21,4.13,3.4,34.0
13,20250301,5,2,39.5,77.61,26.01,4.31,3.4,31.0
13,20250301,6,2,26.2,73.96,30.61,5.13,3.6,23.0
14,20250301,1,2,717.4,81.35,22.72,5.0,3.9,27.0
14,20250301,2,2,225.7,78.37,25.25,5.11,4.3,27.0
14,20250301,3,2,73.8,75.98,28.16,5.04,4.1,28.0
14,20250301,4,2,103.7,79.15,22.89,4.48,3.6,57.0
14,20250301,5,2,59.9,77.23,24.64,4.31,4.0,28.0
14,20250301,6,2,39.0,77.54,24.29,4.38,4.2,23.0
15,20250301,1,2,78.9,27.83,62.97,1.52,1.3,29.0
15,20250301,2,2,26.6,27.3,57.26,1.75,1.8,31.0
15,20250301,3,2,7.8,27.84,59.94,1.8,1.7,42.0
15,20250301,4,2,10.7,27.71,61.93,1.57,1.2,46.0
15,20250301,5,2,6.7,27.42,58.57,1.83,1.5,39.0
15,20250301,6,2,4.4,27.0,60.62,1.57,1.4,31.0
16,20250301,1,2,42.7,89.7,12.83,4.9,4.0,49.0
16,20250301,2,2,13.6,90.46,12.73,5.06,4.4,17.0
16,20250301,3,2,4.2,85.68,16.73,5.15,4.1,26.0
16,20250301,4,2,6.4,88.27,14.23,5.13,4.4,21.0
16,20250301,5,2,4.0,90.77,12.32,5.76,4.8,37.0
16,20250301,6,2,2.1,91.35,12.53,5.31,4.7,39.0
17,20250301,1,2,42.6,35.09,56.61,1.86,2.1,43.0
17,20250301,2,2,11.6,34.67,57.27,2.0,1.5,24.0
17,20250301,3,2,4.1,34.27,57.44,2.14,1.7,35.0
17,20250301,4,2,5.0,35.13,57.35,2.3,1.6,32.0
17,20250301,5,2,3.6,33.71,58.56,2.17,1.6,25.0
17,20250301,6,2,2.2,34.1,59.2,2.05,1.3,44.0
18,20250301,1,2,26.4,39.72,63.08,2.4,2.1,35.0
18,20250301,2,2,8.2,40.1,58.03,2.65,1.8,39.0
18,20250301,3,2,2.5,38.58,59.97,2.53,2.2,48.0
18,20250301,4,2,3.5,39.85,58.81,2.67,2.4,43.0
18,20250301,5,2,2.3,38.15,58.65,2.3,2.4,35.0
18,20250301,6,2,1.2,37.95,61.28,2.54,1.5,41.0
19,20250301,1,2,8.3,9.81,58.72,0.66,0.7,49.0
19,20250301,2,2,2.7,9.49,60.33,0.54,0.2,25.0
19,20250301,3,2,0.9,9.88,61.18,0.63,0.9,39.0
19,20250301,4,2,1.1,9.96,63.45,0.55,0.1,34.0
19,20250301,5,2,0.8,10.1,57.44,0.64,0.4,23.0
19,20250301,6,2,0.5,9.49,62.98,0.56,0.4,41.0
20,20250301,1,2,14.4,4.81,63.1,0.27,-0.2,35.0
20,20250301,2,2,4.1,4.95,56.82,0.29,0.2,45.0
20,20250301,3,2,1.6,4.7,60.66,0.29,0.3,49.0
20,20250301,4,2,2.1,4.98,58.92,0.28,0.6,34.0
20,20250301,5,2,1.2,4.71,58.25,0.26,0.7,39.0
20,20250301,6,2,0.7,4.93,58.98,0.33,-0.0,42.0
1,20250401,1,3,6569.0,41.08,61.31,4.87,3.1,79.0
1,20250401,2,3,1815.8,42.77,58.82,5.88,3.0,89.0
1,20250401,3,3,613.4,41.04,58.83,5.73,3.3,96.0
1,20250401,4,3,896.2,42.41,62.46,5.18,3.2,90.0
1,20250401,5,3,514.3,41.2,56.54,5.73,2.5,89.0
1,20250401,6,3,301.7,40.66,61.94,5.65,2.5,98.0
2,20250401,1,3,2445.6,57.94,49.93,7.83,4.1,55.0
2,20250401,2,3,777.4,60.05,45.16,7.66,4.1,65.0
2,20250401,3,3,260.1,61.26,46.07,6.85,3.7,50.0
2,20250401,4,3,346.0,61.07,45.35,7.86,4.4,53.0
2,20250401,5,3,224.4,59.55,49.04,7.19,4.2,61.0
2,20250401,6,3,121.4,61.1,43.65,7.39,3.9,54.0
3,20250401,1,3,1596.1,85.83,19.57,11.76,5.9,228.0
3,20250401,2,3,461.3,86.43,20.99,9.34,6.0,230.0
3,20250401,3,3,171.9,82.3,24.4,10.35,5.8,247.0
3,20250401,4,3,232.0,82.34,25.16,9.96,5.3,233.0
3,20250401,5,3,146.1,82.79,24.98,10.6,5.9,223.0
3,20250401,6,3,74.8,82.99,24.7,9.29,5.7,235.0
4,20250401,1,3,1539.6,68.34,38.97,7.68,4.3,192.0
4,20250401,2,3,436.0,68.74,37.01,7.83,4.3,180.0
4,20250401,3,3,143.1,71.49,36.34,8.3,4.8,167.0
4,20250401,4,3,182.2,70.95,36.84,8.37,4.1,174.0
4,20250401,5,3,112.4,67.26,40.9,8.45,4.5,201.0
4,20250401,6,3,74.7,71.43,36.77,7.91,4.8,187.0
5,20250401,1,3,398.5,14.16,58.72,1.63,1.3,53.0
5,20250401,2,3,107.1,14.91,60.04,1.75,1.4,54.0
5,20250401,3,3,39.3,14.56,58.41,1.6,0.8,72.0
5,20250401,4,3,50.3,14.65,61.19,1.63,1.1,50.0
5,20250401,5,3,33.8,14.06,61.64,1.65,1.1,56.0
5,20250401,6,3,18.8,14.04,62.24,1.62,1.0,52.0
6,20250401,1,3,506.9,17.03,60.68,2.02,1.5,44.0
6,20250401,2,3,151.0,17.26,63.23,2.05,1.5,36.0
6,20250401,3,3,49.9,16.95,58.28,2.32,0.8,45.0
6,20250401,4,3,67.4,17.08,63.34,2.04,1.1,30.0
6,20250401,5,3,42.6,17.68,61.52,2.17,1.2,51.0
6,20250401,6,3,26.5,17.54,62.26,1.97,1.2,61.0
7,20250401,1,3,504.4,54.72,52.95,6.23,3.5,26.0
7,20250401,2,3,154.6,50.72,53.85,6.84,3.8,51.0
7,20250401,3,3,54.4,54.37,49.48,6.75,3.9,35.0
7,20250401,4,3,70.5,53.25,50.16,6.78,3.2,30.0
7,20250401,5,3,39.3,54.32,51.53,5.88,3.3,53.0
7,20250401,6,3,26.4,54.51,50.88,5.99,3.3,29.0
8,20250401,1,3,243.2,20.58,60.48,2.84,1.6,36.0
8,20250401,2,3,68.6,20.96,56.62,2.34,1.1,48.0
8,20250401,3,3,21.7,21.13,59.09,2.91,1.4,47.0
8,20250401,4,3,32.1,20.81,58.26,2.87,1.3,23.0
8,20250401,5,3,20.2,20.35,62.09,2.74,1.1,54.0
8,20250401,6,3,11.7,21.41,59.57,2.69,1.5,52.0
9,20250401,1,3,159.8,56.58,47.58,6.41,3.7,46.0
9,20250401,2,3,54.3,58.36,50.48,6.91,3.3,36.0
9,20250401,3,3,17.1,59.51,45.55,7.15,3.6,36.0
9,20250401,4,3,24.1,57.48,50.91,6.58,3.7,37.0
9,20250401,5,3,15.1,59.23,44.58,7.82,3.3,30.0
9,20250401,6,3,8.9,59.53,45.4,6.75,3.3,40.0
10,20250401,1,3,252.9,11.77,57.59,1.5,1.0,46.0
10,20250401,2,3,69.4,11.87,60.75,1.47,0.4,50.0
10,20250401,3,3,23.6,11.77,56.46,1.58,0.4,30.0
10,20250401,4,3,32.5,11.64,58.97,1.37,1.1,43.0
10,20250401,5,3,22.2,11.6,61.82,1.51,0.5,50.0
10,20250401,6,3,12.3,11.71,57.81,1.55,0.9,42.0
11,20250401,1,3,270.6,70.31,36.94,9.25,4.9,44.0
11,20250401,2,3,71.5,69.83,35.79,8.58,4.6,47.0
11,20250401,3,3,24.8,70.59,35.95,8.37,4.7,37.0
11,20250401,4,3,36.3,74.18,32.91,9.58,4.6,35.0
11,20250401,5,3,21.3,71.78,34.72,8.29,4.9,40.0
11,20250401,6,3,13.6,74.74,31.88,8.22,4.4,33.0
12,20250401,1,3,80.5,41.3,60.68,5.0,3.0,43.0
12,20250401,2,3,25.4,39.75,60.66,4.75,3.1,26.0
12,20250401,3,3,7.4,40.38,59.73,5.08,2.4,42.0
12,20250401,4,3,10.0,40.5,62.45,4.49,2.4,41.0
12,20250401,5,3,7.0,41.71,57.49,5.05,3.1,45.0
12,20250401,6,3,4.2,41.22,62.31,5.53,2.3,47.0
13,20250401,1,3,453.2,73.23,34.88,8.79,4.4,35.0
13,20250401,2,3,141.4,74.11,30.72,10.18,5.0,48.0
13,20250401,3,3,46.1,73.37,31.37,9.34,5.0,37.0
13,20250401,4,3,61.0,74.91,31.97,9.33,4.8,40.0
13,20250401,5,3,37.4,75.67,32.54,8.96,5.1,40.0
13,20250401,6,3,22.3,76.93,28.71,9.76,4.8,42.0
14,20250401,1,3,687.0,74.69,30.47,9.0,5.1,34.0
14,20250401,2,3,209.9,73.84,31.78,10.04,4.7,52.0
14,20250401,3,3,68.7,79.11,27.13,8.64,5.0,39.0
14,20250401,4,3,92.5,77.37,28.35,9.77,5.2,28.0
14,20250401,5,3,57.5,79.39,26.38,9.24,5.0,51.0
14,20250401,6,3,37.1,78.86,26.65,8.77,4.9,38.0
15,20250401,1,3,75.9,26.35,60.56,3.54,2.0,42.0
15,20250401,2,3,22.6,27.6,59.16,3.12,1.6,47.0
15,20250401,3,3,8.6,27.7,61.99,3.35,1.6,48.0
15,20250401,4,3,11.1,26.13,62.81,3.26,2.2,53.0
15,20250401,5,3,6.7,27.39,59.35,3.59,1.8,37.0
15,20250401,6,3,4.0,27.72,56.65,3.04,2.0,41.0
16,20250401,1,3,40.7,83.45,23.67,11.64,6.1,31.0
16,20250401,2,3,12.2,85.43,21.5,10.91,5.6,34.0
16,20250401,3,3,4.1,85.12,21.87,10.63,5.8,37.0
16,20250401,4,3,5.5,83.1,24.2,10.9,6.1,41.0
16,20250401,5,3,3.2,85.53,20.89,9.51,5.9,43.0
16,20250401,6,3,2.1,84.54,22.54,11.29,5.9,36.0
17,20250401,1,3,38.9,34.28,60.15,4.31,2.4,44.0
17,20250401,2,3,11.7,33.74,57.26,3.76,2.3,49.0
17,20250401,3,3,3.9,33.56,61.06,4.64,2.0,20.0
17,20250401,4,3,5.2,34.11,61.48,4.33,2.2,41.0
17,20250401,5,3,3.5,32.79,62.84,3.93,1.9,39.0
17,20250401,6,3,2.1,32.49,60.56,4.66,2.6,35.0
18,20250401,1,3,25.1,38.1,62.43,4.71,2.6,56.0
18,20250401,2,3,7.6,37.24,57.08,5.05,2.2,55.0
18,20250401,3,3,2.6,39.84,58.77,5.2,2.2,39.0
18,20250401,4,3,3.3,38.24,61.73,4.66,2.5,33.0
18,20250401,5,3,2.1,37.51,57.73,5.1,2.9,46.0
18,20250401,6,3,1.3,38.82,61.88,4.89,2.4,36.0
19,20250401,1,3,8.2,9.48,61.19,1.23,1.0,35.0
19,20250401,2,3,2.7,9.77,56.81,1.16,0.5,43.0
19,20250401,3,3,0.9,9.6,62.53,1.2,1.1,32.0
19,20250401,4,3,1.2,9.9,57.56,1.18,0.5,45.0
19,20250401,5,3,0.7,9.64,61.7,1.08,0.2,26.0
19,20250401,6,3,0.5,9.89,57.05,1.23,0.9,33.0
20,20250401,1,3,15.1,4.93,60.86,0.63,0.4,48.0
20,20250401,2,3,4.3,4.75,60.74,0.58,-0.0,35.0
20,20250401,3,3,1.5,4.89,60.05,0.62,-0.1,42.0
20,20250401,4,3,1.9,4.79,57.74,0.63,0.1,48.0
20,20250401,5,3,1.3,4.81,62.04,0.57,0.6,36.0
20,20250401,6,3,0.8,4.92,58.15,0.56,0.7,44.0
1,20250501,1,3,6725.6,42.19,60.22,4.89,3.2,90.0
1,20250501,2,3,1738.2,43.29,62.62,5.46,2.8,90.0
1,20250501,3,3,630.3,42.54,61.93,5.35,3.1,93.0
1,20250501,4,3,798.3,40.86,61.41,5.05,2.8,81.0
1,20250501,5,3,490.2,41.25,60.9,4.83,2.6,78.0
1,20250501,6,3,332.1,41.03,57.16,5.87,3.0,92.0
2,20250501,1,3,2436.1,59.45,46.77,6.79,4.3,66.0
2,20250501,2,3,820.2,60.91,44.08,7.82,4.3,55.0
2,20250501,3,3,241.9,61.66,45.55,6.59,3.9,67.0
2,20250501,4,3,377.4,59.63,47.27,7.76,4.2,69.0
2,20250501,5,3,226.5,61.46,44.16,7.24,4.3,66.0
2,20250501,6,3,122.1,59.76,46.66,7.87,3.9,66.0
3,20250501,1,3,1652.7,85.16,20.21,10.06,6.0,233.0
3,20250501,2,3,486.3,84.53,22.19,11.26,5.4,232.0
3,20250501,3,3,155.0,83.55,23.77,11.31,5.6,224.0
3,20250501,4,3,220.0,86.9,19.44,10.87,5.7,206.0
3,20250501,5,3,126.9,81.62,24.08,10.32,5.4,232.0
3,20250501,6,3,75.9,86.92,18.69,9.93,5.7,226.0
4,20250501,1,3,1398.5,67.4,38.51,7.91,4.2,189.0
4,20250501,2,3,458.2,66.46,39.87,8.19,4.8,174.0
4,20250501,3,3,145.2,71.22,36.6,9.23,4.8,167.0
4,20250501,4,3,182.5,68.69,35.85,8.32,4.1,172.0
4,20250501,5,3,120.6,70.04,36.91,8.44,5.0,169.0
4,20250501,6,3,69.3,68.04,38.16,9.0,5.0,185.0
5,20250501,1,3,384.2,14.44,57.92,1.85,1.3,61.0
5,20250501,2,3,107.9,14.68,56.9,1.6,1.1,55.0
5,20250501,3,3,39.5,14.13,62.39,1.89,1.2,58.0
5,20250501,4,3,48.5,14.02,60.01,1.81,1.0,65.0
5,20250501,5,3,32.4,14.23,56.86,1.94,1.2,42.0
5,20250501,6,3,17.8,14.61,56.69,1.77,0.5,57.0
6,20250501,1,3,458.3,17.15,57.7,2.08,1.5,40.0
6,20250501,2,3,137.5,16.9,62.38,1.92,0.8,42.0
6,20250501,3,3,46.7,17.82,62.13,1.96,1.6,47.0
6,20250501,4,3,64.9,17.69,58.37,2.03,1.3,25.0
6,20250501,5,3,40.5,16.81,57.3,2.28,1.5,38.0
6,20250501,6,3,25.7,17.85,56.7,2.33,1.3,31.0
7,20250501,1,3,528.0,53.07,50.44,6.79,3.5,15.0
7,20250501,2,3,152.3,52.1,52.99,7.14,3.5,46.0
7,20250501,3,3,53.7,51.73,52.9,7.24,3.6,32.0
7,20250501,4,3,72.5,53.8,55.47,6.7,3.0,39.0
7,20250501,5,3,41.8,51.38,58.27,7.02,3.1,40.0
7,20250501,6,3,27.0,52.0,54.09,6.48,3.7,48.0
8,20250501,1,3,211.1,21.2,60.63,2.85,1.7,43.0
8,20250501,2,3,63.4,20.55,58.85,2.79,1.4,44.0
8,20250501,3,3,23.9,21.11,59.92,2.49,1.3,36.0
8,20250501,4,3,31.4,20.29,57.1,2.68,1.6,34.0
8,20250501,5,3,20.2,21.25,58.75,2.75,1.6,36.0
8,20250501,6,3,11.0,20.96,58.7,2.68,1.3,36.0
9,20250501,1,3,162.9,59.47,46.48,7.31,3.6,42.0
9,20250501,2,3,55.0,56.56,51.59,7.47,3.3,41.0
9,20250501,3,3,15.7,57.06,47.62,7.58,3.9,49.0
9,20250501,4,3,22.8,56.48,47.34,7.96,3.3,28.0
9,20250501,5,3,13.4,59.62,46.26,6.93,3.4,57.0
9,20250501,6,3,8.2,58.95,47.13,6.57,4.2,41.0
10,20250501,1,3,242.2,11.55,61.96,1.46,0.8,40.0
10,20250501,2,3,77.3,11.57,60.89,1.29,0.7,27.0
10,20250501,3,3,22.9,11.97,60.29,1.61,0.3,41.0
10,20250501,4,3,33.9,11.18,59.23,1.57,1.1,37.0
10,20250501,5,3,21.7,11.57,56.77,1.36,1.0,59.0
10,20250501,6,3,12.8,11.81,58.06,1.27,0.9,41.0
11,20250501,1,3,272.2,69.62,35.96,9.95,4.3,31.0
11,20250501,2,3,83.1,73.76,31.52,9.01,4.5,45.0
11,20250501,3,3,27.4,71.56,35.54,9.18,5.1,40.0
11,20250501,4,3,34.8,74.45,30.46,8.09,4.7,32.0
11,20250501,5,3,21.8,70.08,35.09,9.42,4.8,24.0
11,20250501,6,3,12.6,73.16,32.83,7.95,5.0,39.0
12,20250501,1,3,80.1,39.79,57.33,5.08,2.9,37.0
12,20250501,2,3,24.6,41.05,60.62,5.18,2.5,60.0
12,20250501,3,3,8.0,41.14,57.81,5.58,2.3,33.0
12,20250501,4,3,11.3,38.84,59.46,5.57,2.9,35.0
12,20250501,5,3,6.9,40.44,57.29,5.08,2.5,46.0
12,20250501,6,3,4.0,40.07,58.72,4.61,3.1,50.0
13,20250501,1,3,485.3,75.12,32.44,8.44,5.2,46.0
13,20250501,2,3,147.2,75.39,30.94,8.63,4.6,32.0
13,20250501,3,3,43.5,74.51,31.62,9.71,4.8,40.0
13,20250501,4,3,64.5,73.13,33.43,8.82,5.3,38.0
13,20250501,5,3,39.2,73.92,32.56,9.87,5.1,36.0
13,20250501,6,3,23.4,73.53,34.13,8.58,5.3,35.0
14,20250501,1,3,700.0,76.16,28.75,9.7,5.0,34.0
14,20250501,2,3,218.3,75.7,29.36,9.1,5.4,46.0
14,20250501,3,3,64.2,79.27,28.29,10.65,4.9,51.0
14,20250501,4,3,98.7,79.43,26.4,10.09,4.7,52.0
14,20250501,5,3,60.9,74.04,33.71,10.26,5.4,39.0
14,20250501,6,3,35.1,77.13,27.8,9.76,4.6,42.0
15,20250501,1,3,78.1,27.69,56.82,3.64,2.0,59.0
15,20250501,2,3,24.5,25.98,58.89,3.23,2.1,27.0
15,20250501,3,3,7.5,27.26,61.2,3.54,2.1,51.0
15,20250501,4,3,11.3,25.9,58.32,3.0,2.0,43.0
15,20250501,5,3,6.5,27.92,62.72,3.1,1.6,47.0
15,20250501,6,3,4.0,26.32,57.35,3.08,1.7,36.0
16,20250501,1,3,44.8,83.51,22.73,12.09,6.1,48.0
16,20250501,2,3,11.5,87.27,18.66,10.2,5.6,37.0
16,20250501,3,3,4.5,84.68,22.3,10.21,5.5,32.0
16,20250501,4,3,5.8,85.18,21.54,10.72,5.3,41.0
16,20250501,5,3,3.2,87.79,18.3,12.03,5.9,45.0
16,20250501,6,3,2.0,88.92,18.27,9.86,5.7,50.0
17,20250501,1,3,37.7,33.24,60.05,4.25,2.2,40.0
17,20250501,2,3,11.6,32.58,61.44,4.01,2.7,41.0
17,20250501,3,3,4.0,33.55,58.15,3.81,2.0,46.0
17,20250501,4,3,5.4,33.69,58.27,4.39,2.4,44.0
17,20250501,5,3,3.5,34.07,57.4,4.01,1.9,29.0
17,20250501,6,3,2.1,34.23,56.64,4.56,2.5,51.0
18,20250501,1,3,24.6,38.67,60.65,5.05,2.1,23.0
18,20250501,2,3,7.9,36.92,59.87,4.82,2.2,48.0
18,20250501,3,3,2.4,37.06,58.63,5.13,2.6,32.0
18,20250501,4,3,3.6,38.44,60.68,4.78,2.8,42.0
18,20250501,5,3,2.1,39.11,60.68,4.77,2.1,47.0
18,20250501,6,3,1.2,39.54,62.84,4.51,2.3,30.0
19,20250501,1,3,8.6,9.29,62.07,1.23,0.2,39.0
19,20250501,2,3,2.5,9.84,62.39,1.13,0.8,43.0
19,20250501,3,3,0.9,9.73,63.15,1.08,0.9,48.0
19,20250501,4,3,1.2,9.68,63.21,1.08,0.7,38.0
19,20250501,5,3,0.7,9.29,61.53,1.18,0.3,27.0
19,20250501,6,3,0.5,9.28,60.5,1.28,0.5,41.0
20,20250501,1,3,14.4,4.73,60.42,0.59,0.6,34.0
20,20250501,2,3,4.6,4.63,58.78,0.59,0.5,42.0
20,20250501,3,3,1.6,4.74,57.38,0.65,0.3,59.0
20,20250501,4,3,2.0,4.84,62.6,0.62,-0.0,32.0
20,20250501,5,3,1.3,4.72,57.59,0.58,0.7,49.0
20,20250501,6,3,0.7,4.81,57.38,0.59,0.4,37.0
1,20250601,1,3,6083.2,40.62,56.56,5.04,2.8,80.0
1,20250601,2,3,1873.1,40.69,62.57,5.28,2.4,91.0
1,20250601,3,3,666.4,40.74,62.94,5.29,2.4,84.0
1,20250601,4,3,810.6,42.33,59.53,5.31,2.4,83.0
1,20250601,5,3,523.4,43.02,59.63,4.77,2.3,88.0
1,20250601,6,3,336.8,41.68,63.25,5.05,2.7,93.0
2,20250601,1,3,2754.9,58.39,50.76,7.99,3.8,66.0
2,20250601,2,3,840.0,59.08,48.47,8.04,3.8,72.0
2,20250601,3,3,245.2,59.08,45.43,7.73,4.2,68.0
2,20250601,4,3,336.6,58.81,48.06,6.77,3.8,71.0
2,20250601,5,3,203.0,61.52,47.48,7.7,3.8,64.0
2,20250601,6,3,137.5,57.49,48.5,7.6,4.0,66.0
3,20250601,1,3,1725.1,85.8,21.5,9.92,5.7,235.0
3,20250601,2,3,505.7,84.86,21.86,9.41,5.7,231.0
3,20250601,3,3,150.2,83.33,23.89,10.8,5.1,228.0
3,20250601,4,3,201.5,82.65,24.31,11.81,5.6,232.0
3,20250601,5,3,136.0,86.67,19.59,9.75,5.2,242.0
3,20250601,6,3,87.3,83.88,22.35,9.47,5.6,246.0
4,20250601,1,3,1446.5,69.07,38.73,9.01,5.0,174.0
4,20250601,2,3,434.5,71.06,33.8,7.63,4.1,179.0
4,20250601,3,3,136.2,67.08,37.58,8.82,4.1,174.0
4,20250601,4,3,199.9,71.23,35.41,9.64,4.6,195.0
4,20250601,5,3,115.9,70.04,35.07,8.16,4.8,182.0
4,20250601,6,3,70.8,67.45,36.81,8.21,4.3,171.0
5,20250601,1,3,356.5,14.67,61.17,1.59,1.3,65.0
5,20250601,2,3,111.7,14.2,62.07,1.6,0.9,59.0
5,20250601,3,3,39.9,14.01,59.47,2.02,1.4,63.0
5,20250601,4,3,52.8,14.91,56.55,1.9,1.4,59.0
5,20250601,5,3,29.6,14.78,59.19,1.95,1.4,55.0
5,20250601,6,3,18.8,13.83,57.21,1.6,1.2,55.0
6,20250601,1,3,495.5,17.5,59.27,2.29,1.6,35.0
6,20250601,2,3,140.2,17.52,59.93,1.93,1.3,31.0
6,20250601,3,3,50.1,16.68,61.89,2.3,1.4,57.0
6,20250601,4,3,68.7,16.61,62.08,1.99,1.4,39.0
6,20250601,5,3,43.2,16.67,57.61,2.12,0.8,21.0
6,20250601,6,3,25.1,17.77,57.09,2.32,1.6,33.0
7,20250601,1,3,523.5,54.74,49.72,6.55,3.9,43.0
7,20250601,2,3,141.4,52.31,54.02,5.94,3.1,35.0
7,20250601,3,3,49.7,53.48,51.44,7.37,3.1,36.0
7,20250601,4,3,63.8,51.47,54.48,6.23,3.1,30.0
7,20250601,5,3,40.2,50.85,57.71,7.31,3.9,23.0
7,20250601,6,3,25.1,52.14,52.26,6.1,3.8,50.0
8,20250601,1,3,224.9,21.08,59.99,2.6,1.5,42.0
8,20250601,2,3,70.8,20.39,58.46,2.87,1.5,42.0
8,20250601,3,3,21.2,20.34,63.19,2.79,1.5,48.0
8,20250601,4,3,32.6,21.25,58.32,2.82,1.1,48.0
8,20250601,5,3,18.9,21.23,63.53,2.48,1.1,62.0
8,20250601,6,3,10.6,21.18,57.57,2.51,1.9,25.0
9,20250601,1,3,171.5,56.02,52.97,7.17,3.6,34.0
9,20250601,2,3,51.4,58.26,46.41,7.0,3.7,38.0
9,20250601,3,3,16.4,56.69,50.47,6.4,4.1,31.0
9,20250601,4,3,21.3,57.65,50.5,6.71,3.8,53.0
9,20250601,5,3,13.4,55.78,49.2,7.32,4.1,38.0
9,20250601,6,3,9.1,59.89,48.2,7.48,3.5,28.0
10,20250601,1,3,263.5,11.73,60.51,1.3,0.7,43.0
10,20250601,2,3,77.2,11.21,61.81,1.49,1.0,43.0
10,20250601,3,3,26.5,11.79,60.02,1.45,0.5,40.0
10,20250601,4,3,31.2,11.81,63.31,1.31,1.1,53.0
10,20250601,5,3,19.3,11.76,58.87,1.59,0.4,38.0
10,20250601,6,3,12.3,11.95,58.38,1.28,1.1,33.0
11,20250601,1,3,266.2,69.93,35.75,7.95,4.7,29.0
11,20250601,2,3,81.1,74.66,30.71,8.32,4.6,48.0
11,20250601,3,3,26.3,73.12,31.92,9.63,4.5,54.0
11,20250601,4,3,35.1,74.25,33.71,9.96,5.0,46.0
11,20250601,5,3,20.0,71.05,36.63,8.2,4.8,40.0
11,20250601,6,3,13.0,69.72,37.15,9.53,4.8,52.0
12,20250601,1,3,83.9,39.96,56.95,4.72,3.0,49.0
12,20250601,2,3,24.2,39.62,62.08,4.8,2.7,35.0
12,20250601,3,3,8.0,39.78,57.37,4.86,2.5,39.0
12,20250601,4,3,10.0,41.19,59.54,4.69,3.0,48.0
12,20250601,5,3,6.8,40.47,59.76,5.23,2.6,29.0
12,20250601,6,3,3.7,39.08,58.21,5.36,2.2,24.0
13,20250601,1,3,483.4,75.8,28.87,9.87,5.1,41.0
13,20250601,2,3,142.2,77.6,29.12,8.87,4.7,31.0
13,20250601,3,3,43.1,75.86,29.77,9.62,5.0,41.0
13,20250601,4,3,60.9,75.27,32.87,8.95,4.7,35.0
13,20250601,5,3,39.1,77.28,29.98,9.0,5.0,42.0
13,20250601,6,3,25.2,75.01,32.27,8.51,5.0,37.0
14,20250601,1,3,647.8,78.39,29.35,8.77,4.8,28.0
14,20250601,2,3,206.4,77.37,29.55,9.38,4.9,22.0
14,20250601,3,3,67.8,78.89,28.83,9.51,4.7,47.0
14,20250601,4,3,92.0,78.07,29.93,10.08,4.7,44.0
14,20250601,5,3,58.3,77.13,27.66,9.84,4.7,24.0
14,20250601,6,3,33.8,78.22,27.43,8.68,5.1,35.0
15,20250601,1,3,77.9,26.18,59.39,3.4,1.5,36.0
15,20250601,2,3,24.9,26.99,56.65,3.42,1.7,34.0
15,20250601,3,3,8.6,26.23,61.32,3.12,1.4,36.0
15,20250601,4,3,10.3,26.52,60.32,3.46,2.2,46.0
15,20250601,5,3,6.8,27.33,60.63,3.32,2.1,33.0
15,20250601,6,3,3.9,26.23,58.45,2.96,1.7,28.0
16,20250601,1,3,40.2,88.45,17.02,9.69,5.2,41.0
16,20250601,2,3,11.6,87.12,20.34,10.46,5.7,26.0
16,20250601,3,3,4.2,83.64,22.63,10.87,5.2,40.0
16,20250601,4,3,5.6,88.24,17.48,11.45,6.2,29.0
16,20250601,5,3,3.6,87.79,17.93,11.06,5.8,42.0
16,20250601,6,3,2.0,87.76,19.41,11.15,6.0,32.0
17,20250601,1,3,38.9,32.33,63.36,4.06,2.0,30.0
17,20250601,2,3,12.6,33.07,58.29,4.62,2.6,39.0
17,20250601,3,3,3.9,34.02,61.5,3.98,1.8,47.0
17,20250601,4,3,5.1,32.39,58.43,4.36,2.5,37.0
17,20250601,5,3,3.2,32.77,61.33,4.44,1.8,37.0
17,20250601,6,3,2.0,34.27,61.3,4.15,2.6,36.0
18,20250601,1,3,25.7,37.27,58.52,5.1,2.9,46.0
18,20250601,2,3,7.4,37.94,59.77,4.89,2.2,51.0
18,20250601,3,3,2.4,37.87,59.63,4.88,2.6,52.0
18,20250601,4,3,3.3,39.67,62.33,4.86,2.2,43.0
18,20250601,5,3,2.1,39.18,58.3,5.05,2.6,38.0
18,20250601,6,3,1.2,38.49,57.96,4.89,2.5,35.0
19,20250601,1,3,9.2,9.79,59.93,1.3,0.4,44.0
19,20250601,2,3,2.8,9.81,60.28,1.06,1.0,39.0
19,20250601,3,3,0.9,9.63,57.53,1.16,0.6,38.0
19,20250601,4,3,1.2,9.91,63.49,1.13,1.0,38.0
19,20250601,5,3,0.8,9.49,61.99,1.16,0.9,38.0
19,20250601,6,3,0.4,9.5,58.91,1.28,0.5,54.0
20,20250601,1,3,16.0,4.81,56.45,0.65,0.4,48.0
20,20250601,2,3,4.7,4.99,57.55,0.65,0.3,44.0
20,20250601,3,3,1.6,4.87,62.2,0.59,0.4,43.0
20,20250601,4,3,1.9,4.64,57.83,0.67,-0.2,38.0
20,20250601,5,3,1.2,4.62,58.65,0.59,0.1,35.0
20,20250601,6,3,0.8,4.72,58.42,0.65,-0.1,29.0
1,20250701,1,4,6065.1,42.33,59.46,8.41,3.7,97.0
1,20250701,2,4,1873.5,41.18,60.69,8.73,3.0,90.0
1,20250701,3,4,572.3,42.13,59.98,7.82,3.2,93.0
1,20250701,4,4,818.4,41.1,63.31,7.09,3.2,89.0
1,20250701,5,4,538.5,41.63,58.96,7.31,3.5,85.0
1,20250701,6,4,287.5,42.37,62.76,7.02,3.8,88.0
2,20250701,1,4,2313.6,58.68,48.53,12.18,5.0,68.0
2,20250701,2,4,719.8,60.6,50.63,9.98,4.5,67.0
2,20250701,3,4,236.5,56.17,52.75,12.24,4.9,72.0
2,20250701,4,4,326.0,57.62,54.63,10.24,4.8,64.0
2,20250701,5,4,199.8,58.36,52.57,10.6,4.6,72.0
2,20250701,6,4,126.0,56.39,54.51,10.4,5.1,66.0
3,20250701,1,4,1574.2,82.92,25.35,15.55,6.7,238.0
3,20250701,2,4,456.6,83.8,27.33,15.87,7.1,237.0
3,20250701,3,4,149.6,82.7,28.36,17.49,6.6,230.0
3,20250701,4,4,191.6,82.47,26.08,16.26,7.0,225.0
3,20250701,5,4,116.2,79.57,28.43,16.94,7.2,231.0
3,20250701,6,4,74.1,83.63,26.37,17.2,7.1,231.0
4,20250701,1,4,1267.9,67.73,41.38,13.22,5.2,173.0
4,20250701,2,4,396.0,65.51,45.28,12.66,5.4,195.0
4,20250701,3,4,138.6,70.03,38.79,13.11,5.3,168.0
4,20250701,4,4,182.6,68.79,39.11,13.54,5.2,164.0
4,20250701,5,4,108.0,70.01,38.65,11.47,5.2,189.0
4,20250701,6,4,73.2,69.28,41.68,11.44,5.7,191.0
5,20250701,1,4,397.9,13.57,61.41,2.8,0.9,58.0
5,20250701,2,4,114.7,13.85,59.16,2.55,1.0,63.0
5,20250701,3,4,36.3,14.32,63.43,2.94,1.5,65.0
5,20250701,4,4,47.3,13.99,59.26,2.48,1.6,55.0
5,20250701,5,4,30.5,14.45,58.87,2.52,1.5,61.0
5,20250701,6,4,17.8,14.27,62.78,2.78,1.1,50.0
6,20250701,1,4,481.6,16.81,62.88,2.91,1.7,43.0
6,20250701,2,4,141.9,16.43,62.85,3.56,1.7,45.0
6,20250701,3,4,52.0,16.54,60.34,3.46,0.9,26.0
6,20250701,4,4,62.0,16.88,61.92,3.02,1.2,40.0
6,20250701,5,4,43.1,16.56,61.46,3.58,1.8,35.0
6,20250701,6,4,25.4,16.28,61.06,3.59,1.1,40.0
7,20250701,1,4,520.0,53.58,59.23,10.09,4.7,44.0
7,20250701,2,4,154.4,53.21,55.91,10.42,3.8,41.0
7,20250701,3,4,51.0,51.81,58.28,10.92,4.6,49.0
7,20250701,4,4,61.2,52.84,56.3,8.99,3.8,22.0
7,20250701,5,4,37.7,50.41,58.03,9.59,3.8,29.0
7,20250701,6,4,25.7,51.12,57.7,9.91,4.2,38.0
8,20250701,1,4,223.9,21.49,60.35,3.94,1.3,37.0
8,20250701,2,4,69.9,21.25,62.86,4.05,1.8,41.0
8,20250701,3,4,21.6,20.95,61.59,3.67,2.0,43.0
8,20250701,4,4,30.6,20.09,57.92,4.14,1.3,38.0
8,20250701,5,4,17.7,21.38,56.97,4.16,1.8,32.0
8,20250701,6,4,11.4,20.41,63.33,4.24,2.0,33.0
9,20250701,1,4,172.9,57.26,54.78,10.27,4.7,47.0
9,20250701,2,4,48.4,56.34,53.15,10.91,4.9,48.0
9,20250701,3,4,15.1,57.24,53.46,11.95,5.1,40.0
9,20250701,4,4,21.5,54.73,56.54,11.43,4.5,19.0
9,20250701,5,4,14.4,57.77,53.16,10.12,4.5,37.0
9,20250701,6,4,8.5,57.26,49.64,10.22,4.4,57.0
10,20250701,1,4,247.2,11.68,56.76,1.91,0.5,43.0
10,20250701,2,4,73.7,11.34,59.32,2.02,0.9,38.0
10,20250701,3,4,25.3,11.29,62.89,2.33,0.7,43.0
10,20250701,4,4,34.3,10.91,58.73,2.3,1.0,33.0
10,20250701,5,4,20.1,11.41,59.44,2.12,0.9,37.0
10,20250701,6,4,12.9,11.35,60.41,2.03,0.7,45.0
11,20250701,1,4,241.8,68.04,40.67,12.19,5.8,33.0
11,20250701,2,4,77.2,71.37,38.51,14.74,5.4,51.0
11,20250701,3,4,23.2,71.97,37.6,14.74,6.0,25.0
11,20250701,4,4,29.9,70.79,40.83,13.46,6.3,32.0
11,20250701,5,4,20.2,68.43,42.51,14.69,6.0,30.0
11,20250701,6,4,12.6,68.17,39.62,14.78,5.3,31.0
12,20250701,1,4,81.5,40.1,57.13,7.74,3.6,38.0
12,20250701,2,4,22.0,40.33,61.58,7.09,3.3,42.0
12,20250701,3,4,7.8,40.97,58.85,8.23,2.9,42.0
12,20250701,4,4,9.6,38.99,61.21,7.51,3.4,35.0
12,20250701,5,4,6.4,40.38,59.9,7.94,2.9,39.0
12,20250701,6,4,3.8,40.99,57.8,8.05,3.3,40.0
13,20250701,1,4,459.5,71.69,38.57,12.7,5.6,38.0
13,20250701,2,4,124.4,70.66,39.26,13.97,6.4,40.0
13,20250701,3,4,44.9,75.43,35.12,15.0,6.3,44.0
13,20250701,4,4,55.0,73.97,34.36,15.22,5.9,41.0
13,20250701,5,4,37.7,75.62,34.21,14.04,5.7,31.0
13,20250701,6,4,21.6,71.59,39.54,14.87,6.4,29.0
14,20250701,1,4,663.0,77.14,32.44,13.11,6.0,40.0
14,20250701,2,4,192.0,73.88,33.77,15.15,6.1,41.0
14,20250701,3,4,67.6,73.6,36.78,13.64,6.2,28.0
14,20250701,4,4,85.9,74.6,32.94,14.6,5.8,39.0
14,20250701,5,4,51.3,75.73,35.22,14.25,6.1,43.0
14,20250701,6,4,30.1,75.43,33.84,12.92,6.2,26.0
15,20250701,1,4,75.0,26.22,58.6,5.46,1.8,42.0
15,20250701,2,4,22.5,26.03,61.71,5.61,2.6,38.0
15,20250701,3,4,8.0,26.99,57.47,5.27,2.6,41.0
15,20250701,4,4,10.7,25.62,57.82,4.8,1.8,30.0
15,20250701,5,4,6.3,26.48,59.97,4.92,2.2,33.0
15,20250701,6,4,3.8,26.48,61.48,5.41,1.9,50.0
16,20250701,1,4,39.3,85.46,23.76,15.17,7.1,48.0
16,20250701,2,4,10.8,87.07,22.45,15.57,6.6,32.0
16,20250701,3,4,3.6,86.02,24.94,17.78,6.8,33.0
16,20250701,4,4,4.9,87.49,23.33,17.54,7.4,30.0
16,20250701,5,4,3.4,87.63,21.53,16.37,6.5,32.0
16,20250701,6,4,1.8,82.0,26.37,14.32,7.3,39.0
17,20250701,1,4,35.8,33.91,61.23,6.91,2.9,39.0
17,20250701,2,4,10.9,33.57,57.49,6.32,2.6,36.0
17,20250701,3,4,3.7,33.01,61.04,6.02,2.5,44.0
17,20250701,4,4,5.3,33.65,58.43,6.52,2.5,30.0
17,20250701,5,4,3.1,33.22,62.65,5.75,2.5,22.0
17,20250701,6,4,2.0,32.5,59.8,5.85,2.8,43.0
18,20250701,1,4,23.2,38.95,59.1,7.61,3.5,48.0
18,20250701,2,4,7.0,37.74,56.61,7.1,3.2,44.0
18,20250701,3,4,2.4,37.43,57.76,7.4,3.5,26.0
18,20250701,4,4,3.0,36.98,58.34,7.16,2.9,35.0
18,20250701,5,4,2.1,37.98,62.93,6.69,3.0,40.0
18,20250701,6,4,1.2,38.35,57.83,6.69,2.6,43.0
19,20250701,1,4,9.0,9.14,57.37,1.71,0.9,41.0
19,20250701,2,4,2.6,9.61,62.32,1.8,0.3,37.0
19,20250701,3,4,0.9,9.56,61.52,1.6,0.9,32.0
19,20250701,4,4,1.1,9.07,59.72,1.88,0.6,63.0
19,20250701,5,4,0.8,9.55,62.48,1.61,1.2,41.0
19,20250701,6,4,0.4,9.75,59.96,1.82,0.8,34.0
20,20250701,1,4,15.1,4.77,63.01,0.94,0.3,40.0
20,20250701,2,4,4.4,4.72,62.26,0.93,0.5,35.0
20,20250701,3,4,1.4,4.85,62.19,0.8,0.2,36.0
20,20250701,4,4,1.9,4.58,60.27,0.99,0.2,30.0
20,20250701,5,4,1.3,4.58,62.65,1.01,0.4,38.0
20,20250701,6,4,0.7,4.64,60.37,0.79,0.0,27.0
1,20250801,1,4,6524.5,41.57,62.08,8.78,3.0,73.0
1,20250801,2,4,1938.7,40.62,61.67,8.78,3.0,99.0
1,20250801,3,4,602.4,42.92,61.54,8.8,3.0,100.0
1,20250801,4,4,869.9,42.86,61.1,7.1,3.7,83.0
1,20250801,5,4,473.3,40.52,59.46,8.06,3.6,89.0
1,20250801,6,4,325.8,41.07,57.13,8.31,3.4,78.0
2,20250801,1,4,2424.9,57.22,52.8,11.29,5.1,65.0
2,20250801,2,4,726.0,56.53,55.58,10.67,4.4,63.0
2,20250801,3,4,257.1,58.05,48.6,10.64,4.9,59.0
2,20250801,4,4,318.9,59.75,51.0,10.68,5.0,70.0
2,20250801,5,4,213.2,56.57,55.03,10.5,5.3,57.0
2,20250801,6,4,115.5,56.24,52.56,12.28,4.9,67.0
3,20250801,1,4,1456.2,84.0,25.16,14.71,7.1,225.0
3,20250801,2,4,426.5,79.57,31.52,15.51,7.1,239.0
3,20250801,3,4,141.1,82.85,25.67,14.33,6.4,234.0
3,20250801,4,4,189.1,84.17,24.87,16.17,6.8,231.0
3,20250801,5,4,123.0,79.71,31.47,15.3,6.6,214.0
3,20250801,6,4,72.6,84.36,26.14,16.8,7.1,228.0
4,20250801,1,4,1258.9,70.02,40.1,12.94,5.1,176.0
4,20250801,2,4,414.2,69.93,37.56,13.71,5.7,180.0
4,20250801,3,4,142.1,68.45,43.03,13.34,5.4,175.0
4,20250801,4,4,188.7,65.14,47.06,14.48,5.7,178.0
4,20250801,5,4,123.0,67.65,43.91,14.26,5.4,192.0
4,20250801,6,4,67.2,67.21,40.77,13.63,5.5,187.0
5,20250801,1,4,352.1,13.73,60.85,2.47,1.5,44.0
5,20250801,2,4,112.1,13.63,63.03,2.96,1.0,53.0
5,20250801,3,4,39.7,14.4,62.95,2.74,1.1,81.0
5,20250801,4,4,49.2,13.66,60.46,2.7,1.1,42.0
5,20250801,5,4,29.1,14.6,62.81,2.91,1.0,65.0
5,20250801,6,4,18.8,13.73,61.25,2.66,0.8,50.0
6,20250801,1,4,455.0,17.22,58.97,3.38,1.4,46.0
6,20250801,2,4,151.8,16.65,61.5,3.46,1.2,40.0
6,20250801,3,4,50.0,16.68,59.28,2.86,1.5,30.0
6,20250801,4,4,65.8,17.26,60.26,3.29,1.1,38.0
6,20250801,5,4,39.4,17.46,57.56,2.97,1.8,38.0
6,20250801,6,4,22.9,16.83,59.3,3.44,1.2,39.0
7,20250801,1,4,504.5,52.39,55.19,9.84,4.5,32.0
7,20250801,2,4,143.5,49.68,60.18,10.41,4.0,18.0
7,20250801,3,4,48.3,52.86,57.52,9.42,4.6,33.0
7,20250801,4,4,63.4,52.96,53.95,9.65,3.8,48.0
7,20250801,5,4,40.9,51.57,58.02,9.73,3.9,31.0
7,20250801,6,4,22.9,53.65,54.63,10.68,4.3,42.0
8,20250801,1,4,214.8,21.26,59.18,3.53,2.1,49.0
8,20250801,2,4,65.8,20.65,60.31,3.74,1.8,55.0
8,20250801,3,4,21.9,20.96,56.9,3.63,2.2,44.0
8,20250801,4,4,29.4,20.16,60.59,3.73,1.8,30.0
8,20250801,5,4,18.1,20.46,62.17,3.61,1.7,31.0
8,20250801,6,4,11.8,20.02,62.77,4.14,1.2,45.0
9,20250801,1,4,157.9,55.46,53.84,10.42,4.6,29.0
9,20250801,2,4,48.0,57.05,54.38,11.22,4.5,29.0
9,20250801,3,4,16.5,55.4,55.78,11.54,4.4,49.0
9,20250801,4,4,21.1,56.02,52.68,9.57,5.1,39.0
9,20250801,5,4,13.3,54.54,58.27,11.35,4.5,33.0
9,20250801,6,4,8.3,55.33,54.98,12.05,5.1,41.0
10,20250801,1,4,251.1,11.04,57.69,2.31,0.8,49.0
10,20250801,2,4,74.2,11.49,59.95,2.07,0.5,30.0
10,20250801,3,4,24.7,11.68,57.07,2.11,0.9,59.0
10,20250801,4,4,33.4,11.33,59.77,2.33,0.7,51.0
10,20250801,5,4,20.7,11.17,58.94,2.32,1.0,51.0
10,20250801,6,4,12.9,11.12,62.25,2.06,0.4,31.0
11,20250801,1,4,241.5,71.51,40.23,13.83,5.5,33.0
11,20250801,2,4,77.8,70.72,40.08,13.99,6.0,39.0
11,20250801,3,4,22.9,71.95,38.56,14.45,5.8,40.0
11,20250801,4,4,34.7,69.4,39.85,13.2,6.1,47.0
11,20250801,5,4,21.6,72.02,36.0,12.67,5.4,36.0
11,20250801,6,4,11.8,72.26,38.73,14.4,5.3,44.0
12,20250801,1,4,74.3,37.98,58.92,7.91,2.8,48.0
12,20250801,2,4,24.7,38.11,60.27,7.72,3.4,34.0
12,20250801,3,4,7.3,39.45,60.01,7.29,3.7,37.0
12,20250801,4,4,9.8,41.03,59.94,7.12,2.9,52.0
12,20250801,5,4,6.3,40.62,63.56,8.41,3.5,49.0
12,20250801,6,4,4.0,39.57,56.94,8.28,3.7,47.0
13,20250801,1,4,421.1,71.12,40.58,13.7,6.3,56.0
13,20250801,2,4,124.7,70.85,40.3,13.42,5.9,40.0
13,20250801,3,4,41.8,73.43,35.58,13.97,6.3,38.0
13,20250801,4,4,60.6,71.48,39.92,15.63,6.2,36.0
13,20250801,5,4,37.4,71.98,35.9,15.53,5.5,44.0
13,20250801,6,4,20.4,70.5,37.74,12.95,6.4,38.0
14,20250801,1,4,657.1,77.45,33.94,13.26,6.4,36.0
14,20250801,2,4,186.7,73.04,35.27,15.8,6.0,40.0
14,20250801,3,4,65.9,72.37,38.83,14.08,6.0,46.0
14,20250801,4,4,81.1,77.05,32.81,15.51,6.6,43.0
14,20250801,5,4,51.2,77.65,30.4,15.42,6.4,33.0
14,20250801,6,4,32.0,78.12,29.72,13.99,6.2,28.0
15,20250801,1,4,80.5,27.24,57.23,4.66,2.2,30.0
15,20250801,2,4,22.8,26.94,61.4,5.11,1.7,27.0
15,20250801,3,4,7.5,26.0,63.1,4.73,2.5,49.0
15,20250801,4,4,9.9,27.29,62.57,4.98,2.0,35.0
15,20250801,5,4,6.4,27.36,58.98,4.76,2.4,35.0
15,20250801,6,4,4.0,25.94,56.52,4.7,2.4,23.0
16,20250801,1,4,39.5,87.43,22.11,15.93,7.4,33.0
16,20250801,2,4,11.4,86.91,22.1,16.49,7.3,29.0
16,20250801,3,4,3.7,84.83,25.92,16.07,7.1,43.0
16,20250801,4,4,5.1,81.86,26.44,16.97,7.2,47.0
16,20250801,5,4,3.2,83.61,24.79,17.66,6.7,45.0
16,20250801,6,4,2.0,85.58,22.98,16.24,7.2,41.0
17,20250801,1,4,38.6,33.76,59.77,7.04,2.3,53.0
17,20250801,2,4,11.0,32.58,61.21,5.71,2.6,34.0
17,20250801,3,4,3.9,32.43,58.8,5.74,2.3,27.0
17,20250801,4,4,5.5,32.38,58.01,7.05,2.5,61.0
17,20250801,5,4,3.1,32.45,58.59,6.99,2.5,37.0
17,20250801,6,4,1.9,33.27,58.63,6.11,2.8,38.0
18,20250801,1,4,24.9,38.8,62.55,8.02,3.2,37.0
18,20250801,2,4,7.3,36.71,57.05,7.61,3.2,29.0
18,20250801,3,4,2.5,36.49,59.14,6.39,3.3,52.0
18,20250801,4,4,3.4,38.57,62.67,7.11,3.6,39.0
18,20250801,5,4,2.0,39.06,61.24,6.93,2.8,38.0
18,20250801,6,4,1.3,37.13,58.97,6.87,3.0,44.0
19,20250801,1,4,8.5,9.24,59.27,1.93,0.5,33.0
19,20250801,2,4,2.6,9.44,57.74,1.84,0.8,36.0
19,20250801,3,4,0.8,9.67,59.77,1.8,0.5,49.0
19,20250801,4,4,1.2,9.17,60.99,1.67,0.3,47.0
19,20250801,5,4,0.7,9.06,61.64,1.95,0.4,47.0
19,20250801,6,4,0.4,9.33,61.0,1.84,0.3,45.0
20,20250801,1,4,14.8,4.88,57.77,0.83,-0.0,30.0
20,20250801,2,4,4.2,4.88,57.79,0.8,0.5,31.0
20,20250801,3,4,1.6,4.64,57.65,0.94,0.6,46.0
20,20250801,4,4,1.9,4.7,63.35,0.97,0.5,51.0
20,20250801,5,4,1.2,4.71,62.28,0.95,0.2,36.0
20,20250801,6,4,0.7,4.73,62.37,0.94,0.9,34.0
1,20250901,1,4,5625.3,40.9,61.59,8.03,3.5,81.0
1,20250901,2,4,1960.6,40.25,63.47,7.75,3.4,84.0
1,20250901,3,4,588.9,42.71,59.24,7.71,3.6,82.0
1,20250901,4,4,808.7,42.87,58.88,8.03,3.5,84.0
1,20250901,5,4,498.2,40.25,57.58,7.63,3.0,84.0
1,20250901,6,4,311.6,40.69,58.36,8.6,3.6,100.0
2,20250901,1,4,2649.8,58.1,49.94,12.05,4.8,75.0
2,20250901,2,4,697.3,58.09,48.91,11.05,4.6,69.0
2,20250901,3,4,242.3,58.97,52.87,11.67,5.1,61.0
2,20250901,4,4,342.1,57.95,49.53,11.32,5.1,69.0
2,20250901,5,4,214.3,58.22,48.41,11.16,4.5,85.0
2,20250901,6,4,115.2,58.89,49.4,10.81,4.5,73.0
3,20250901,1,4,1476.7,80.39,30.19,15.11,6.9,224.0
3,20250901,2,4,423.1,85.89,24.77,17.17,6.9,232.0
3,20250901,3,4,141.2,82.5,28.73,15.9,6.5,227.0
3,20250901,4,4,215.5,79.45,28.9,16.48,6.5,233.0
3,20250901,5,4,117.8,80.2,31.05,16.96,6.3,246.0
3,20250901,6,4,77.1,82.3,26.53,16.33,7.0,228.0
4,20250901,1,4,1477.3,67.9,40.32,11.92,5.5,175.0
4,20250901,2,4,414.9,69.45,41.53,13.96,5.6,179.0
4,20250901,3,4,147.6,66.61,43.69,13.71,5.3,172.0
4,20250901,4,4,172.8,65.11,42.75,12.15,5.5,192.0
4,20250901,5,4,119.4,66.97,40.43,12.49,5.6,182.0
4,20250901,6,4,65.9,67.94,40.65,11.61,6.0,179.0
5,20250901,1,4,384.8,13.63,62.42,2.48,1.1,61.0
5,20250901,2,4,120.1,14.36,61.85,2.47,0.9,60.0
5,20250901,3,4,34.8,13.94,60.36,2.97,1.3,55.0
5,20250901,4,4,51.5,14.4,62.27,2.67,0.9,59.0
5,20250901,5,4,29.8,14.28,61.63,2.5,1.4,43.0
5,20250901,6,4,17.8,14.66,61.32,2.99,0.7,53.0
6,20250901,1,4,460.9,16.49,62.23,3.21,1.5,33.0
6,20250901,2,4,145.8,16.58,60.71,3.02,1.6,37.0
6,20250901,3,4,51.7,17.22,56.9,3.15,1.4,46.0
6,20250901,4,4,61.0,16.49,56.96,2.99,1.5,26.0
6,20250901,5,4,38.5,17.5,59.55,3.29,1.1,38.0
6,20250901,6,4,23.4,17.47,62.37,3.0,1.5,33.0
7,20250901,1,4,517.0,51.73,56.28,10.93,4.0,33.0
7,20250901,2,4,143.0,50.5,61.85,9.8,4.3,39.0
7,20250901,3,4,45.6,52.87,59.96,10.68,4.5,37.0
7,20250901,4,4,69.7,52.8,59.17,10.65,4.4,41.0
7,20250901,5,4,37.7,49.75,61.97,10.82,4.2,43.0
7,20250901,6,4,23.3,52.33,54.13,10.87,4.7,22.0
8,20250901,1,4,209.9,20.69,58.78,3.67,1.9,43.0
8,20250901,2,4,69.1,21.12,59.7,3.92,1.6,38.0
8,20250901,3,4,23.8,19.97,60.62,4.17,1.5,49.0
8,20250901,4,4,28.4,20.1,61.37,3.92,1.5,39.0
8,20250901,5,4,19.4,20.24,59.36,3.57,2.0,44.0
8,20250901,6,4,11.2,20.71,56.66,3.79,1.3,34.0
9,20250901,1,4,171.0,56.93,49.99,12.07,5.1,38.0
9,20250901,2,4,51.6,55.28,55.4,10.17,4.9,42.0
9,20250901,3,4,17.4,54.49,56.16,11.68,4.8,56.0
9,20250901,4,4,22.2,56.68,52.12,11.37,4.1,42.0
9,20250901,5,4,12.5,58.54,52.25,11.68,4.3,22.0
9,20250901,6,4,7.7,58.33,50.99,11.7,4.8,45.0
10,20250901,1,4,256.1,11.36,60.56,2.11,0.6,33.0
10,20250901,2,4,78.4,11.32,58.99,2.1,1.0,39.0
10,20250901,3,4,22.8,11.6,58.03,2.22,1.2,43.0
10,20250901,4,4,31.2,11.7,63.31,2.24,1.0,36.0
10,20250901,5,4,20.6,11.07,58.14,1.98,0.6,56.0
10,20250901,6,4,11.5,11.02,57.14,2.14,0.6,50.0
11,20250901,1,4,233.2,70.89,37.96,14.14,5.5,47.0
11,20250901,2,4,72.4,69.99,37.34,14.34,5.6,41.0
11,20250901,3,4,23.3,70.8,38.39,12.15,5.6,39.0
11,20250901,4,4,31.9,70.34,38.66,14.97,6.0,61.0
11,20250901,5,4,18.9,73.1,38.18,12.44,6.0,27.0
11,20250901,6,4,11.4,73.08,37.63,13.65,5.6,32.0
12,20250901,1,4,76.8,40.61,62.8,6.8,3.2,39.0
12,20250901,2,4,22.3,40.04,57.92,7.94,3.2,41.0
12,20250901,3,4,7.9,39.69,62.45,8.13,3.4,43.0
12,20250901,4,4,9.6,40.49,57.35,6.82,3.3,50.0
12,20250901,5,4,6.6,40.54,58.69,8.33,3.3,35.0
12,20250901,6,4,3.8,39.21,61.95,8.39,2.8,43.0
13,20250901,1,4,428.8,75.85,35.55,12.5,6.4,41.0
13,20250901,2,4,134.5,75.6,33.6,12.51,5.7,45.0
13,20250901,3,4,41.6,75.1,34.78,12.46,5.9,37.0
13,20250901,4,4,59.3,72.13,37.08,13.57,6.2,40.0
13,20250901,5,4,38.4,71.13,39.35,15.3,5.8,41.0
13,20250901,6,4,23.2,74.67,35.38,12.98,5.8,52.0
14,20250901,1,4,639.9,78.18,32.6,13.19,6.2,51.0
14,20250901,2,4,180.1,75.46,34.98,15.82,6.3,36.0
14,20250901,3,4,62.6,73.14,38.4,15.53,6.5,33.0
14,20250901,4,4,83.0,74.22,36.61,14.27,5.8,37.0
14,20250901,5,4,56.6,73.65,36.73,14.7,6.2,26.0
14,20250901,6,4,30.2,77.77,30.34,13.85,6.6,47.0
15,20250901,1,4,84.4,25.77,62.31,5.49,2.2,43.0
15,20250901,2,4,25.0,25.66,56.49,4.52,1.9,31.0
15,20250901,3,4,8.3,26.21,59.7,4.58,2.6,40.0
15,20250901,4,4,11.0,26.57,59.02,4.52,1.8,33.0
15,20250901,5,4,6.4,25.64,57.97,5.22,2.2,40.0
15,20250901,6,4,3.9,25.67,58.04,4.6,2.2,29.0
16,20250901,1,4,39.2,82.4,28.11,17.77,7.3,30.0
16,20250901,2,4,11.4,83.18,25.01,14.96,7.1,42.0
16,20250901,3,4,4.0,85.32,23.33,17.46,6.7,42.0
16,20250901,4,4,4.8,84.32,23.8,14.92,6.5,45.0
16,20250901,5,4,3.2,84.48,24.05,15.78,7.4,38.0
16,20250901,6,4,1.9,85.05,25.12,17.86,6.9,30.0
17,20250901,1,4,38.1,31.86,60.11,6.5,2.4,51.0
17,20250901,2,4,11.7,34.21,60.42,6.31,2.2,42.0
17,20250901,3,4,3.6,32.35,61.06,6.27,3.0,37.0
17,20250901,4,4,5.2,33.55,58.71,5.94,2.6,43.0
17,20250901,5,4,3.2,33.36,57.83,5.73,2.8,45.0
17,20250901,6,4,1.9,32.33,62.23,5.76,3.2,35.0
18,20250901,1,4,22.8,38.55,58.67,6.83,2.6,43.0
18,20250901,2,4,7.1,37.07,57.49,7.41,2.9,40.0
18,20250901,3,4,2.3,38.21,61.93,7.7,3.5,44.0
18,20250901,4,4,3.4,37.49,58.61,6.58,3.5,28.0
18,20250901,5,4,2.1,38.33,60.0,7.01,2.7,51.0
18,20250901,6,4,1.2,37.05,61.28,7.15,2.9,43.0
19,20250901,1,4,8.2,9.61,57.98,1.93,1.0,39.0
19,20250901,2,4,2.7,9.54,61.66,1.63,0.9,55.0
19,20250901,3,4,0.9,9.56,60.88,1.65,0.6,47.0
19,20250901,4,4,1.2,9.6,63.54,1.98,0.8,29.0
19,20250901,5,4,0.8,9.38,62.17,1.6,1.1,39.0
19,20250901,6,4,0.5,9.31,63.2,1.86,0.4,47.0
20,20250901,1,4,14.5,4.55,63.11,0.84,0.8,35.0
20,20250901,2,4,4.3,4.67,60.76,0.85,0.6,36.0
20,20250901,3,4,1.5,4.63,60.43,0.89,0.2,25.0
20,20250901,4,4,1.9,4.6,62.98,0.97,0.4,37.0
20,20250901,5,4,1.3,4.76,59.7,0.99,0.7,40.0
20,20250901,6,4,0.7,4.74,56.48,0.87,0.0,30.0
1,20251001,1,5,6440.8,42.22,59.45,4.41,2.1,92.0
1,20251001,2,5,1839.2,43.06,60.08,3.96,2.0,80.0
1,20251001,3,5,643.9,41.74,62.61,4.17,2.2,75.0
1,20251001,4,5,857.4,42.39,58.85,3.83,2.8,90.0
1,20251001,5,5,510.4,42.65,56.88,3.68,2.8,81.0
1,20251001,6,5,326.2,41.25,60.97,3.98,2.5,98.0
2,20251001,1,5,2673.9,58.55,48.03,4.93,3.1,76.0
2,20251001,2,5,824.2,61.87,42.44,6.07,3.6,76.0
2,20251001,3,5,277.6,59.71,46.07,5.27,3.6,57.0
2,20251001,4,5,369.4,60.15,44.67,5.6,3.8,70.0
2,20251001,5,5,231.7,58.91,45.77,5.75,3.9,63.0
2,20251001,6,5,138.2,61.49,44.57,5.92,3.7,61.0
3,20251001,1,5,1795.5,86.63,17.9,7.21,5.4,226.0
3,20251001,2,5,476.5,85.13,19.57,7.0,5.3,223.0
3,20251001,3,5,157.2,83.57,21.15,8.38,4.9,234.0
3,20251001,4,5,213.4,82.69,22.7,7.43,5.1,239.0
3,20251001,5,5,142.8,84.2,21.66,7.09,4.7,217.0
3,20251001,6,5,88.9,88.48,16.18,7.32,4.9,221.0
4,20251001,1,5,1475.4,70.43,34.35,7.04,3.6,179.0
4,20251001,2,5,447.1,70.24,35.48,6.85,3.9,180.0
4,20251001,3,5,145.6,69.24,35.19,6.76,4.3,187.0
4,20251001,4,5,214.6,70.54,32.37,6.49,3.6,176.0
4,20251001,5,5,129.7,70.28,32.8,7.0,3.8,186.0
4,20251001,6,5,72.7,71.59,34.39,6.43,3.9,174.0
5,20251001,1,5,356.3,14.91,61.08,1.29,0.8,56.0
5,20251001,2,5,119.5,15.01,61.75,1.48,0.5,51.0
5,20251001,3,5,38.8,15.12,58.49,1.5,0.4,50.0
5,20251001,4,5,49.1,14.26,60.22,1.28,0.5,48.0
5,20251001,5,5,33.0,14.39,60.09,1.47,1.2,42.0
5,20251001,6,5,18.2,14.59,61.91,1.32,0.8,53.0
6,20251001,1,5,491.7,17.52,62.96,1.75,1.2,36.0
6,20251001,2,5,157.2,17.57,57.15,1.72,0.7,26.0
6,20251001,3,5,49.6,17.71,60.31,1.64,1.4,30.0
6,20251001,4,5,63.7,17.03,61.23,1.62,0.9,39.0
6,20251001,5,5,39.1,18.05,61.21,1.56,0.7,34.0
6,20251001,6,5,26.9,17.97,56.5,1.68,1.3,53.0
7,20251001,1,5,531.6,51.6,51.96,4.56,3.3,47.0
7,20251001,2,5,160.9,51.68,50.05,5.41,2.7,26.0
7,20251001,3,5,54.1,53.5,50.38,5.36,3.4,36.0
7,20251001,4,5,72.9,53.23,51.44,5.44,2.6,46.0
7,20251001,5,5,44.6,53.57,53.51,4.55,3.4,23.0
7,20251001,6,5,25.6,54.91,52.37,5.3,2.7,54.0
8,20251001,1,5,222.2,20.88,58.93,2.07,1.3,38.0
8,20251001,2,5,73.2,21.59,59.98,2.01,1.5,43.0
8,20251001,3,5,23.2,20.91,59.9,1.86,1.4,39.0
8,20251001,4,5,32.2,21.59,62.43,1.83,1.5,30.0
8,20251001,5,5,19.3,21.97,56.59,1.95,0.9,44.0
8,20251001,6,5,10.7,21.56,56.44,2.02,1.7,52.0
9,20251001,1,5,160.6,59.19,42.94,6.04,3.7,43.0
9,20251001,2,5,55.1,57.36,46.61,5.49,3.2,43.0
9,20251001,3,5,17.6,57.48,47.43,4.93,3.8,41.0
9,20251001,4,5,23.1,59.63,45.75,5.41,3.6,39.0
9,20251001,5,5,15.3,59.34,42.99,6.03,3.2,34.0
9,20251001,6,5,8.3,60.04,45.36,5.04,3.6,37.0
10,20251001,1,5,241.6,11.34,59.24,1.12,1.2,33.0
10,20251001,2,5,72.1,11.43,59.17,0.97,0.5,43.0
10,20251001,3,5,24.0,11.77,62.8,0.96,0.4,18.0
10,20251001,4,5,34.3,11.85,62.56,1.21,0.3,53.0
10,20251001,5,5,21.2,11.39,61.51,1.01,1.1,49.0
10,20251001,6,5,12.7,11.89,61.13,1.13,0.9,39.0
11,20251001,1,5,275.8,74.7,29.42,6.22,4.1,26.0
11,20251001,2,5,84.9,75.49,30.35,7.46,4.3,48.0
11,20251001,3,5,24.5,74.22,29.3,6.7,4.3,40.0
11,20251001,4,5,37.8,70.35,36.18,6.65,3.9,37.0
11,20251001,5,5,22.8,74.08,30.07,6.68,4.2,46.0
11,20251001,6,5,13.6,73.9,29.94,5.97,4.0,49.0
12,20251001,1,5,81.8,41.76,60.9,3.46,2.1,46.0
12,20251001,2,5,24.2,39.28,62.96,3.42,2.1,56.0
12,20251001,3,5,7.7,42.26,62.01,3.4,2.2,32.0
12,20251001,4,5,11.2,40.69,60.92,3.75,2.7,35.0
12,20251001,5,5,6.7,39.85,62.79,3.35,2.4,33.0
12,20251001,6,5,3.9,39.28,61.16,4.09,2.5,55.0
13,20251001,1,5,521.0,72.85,33.45,6.98,4.5,39.0
13,20251001,2,5,152.1,76.35,28.22,6.54,4.2,35.0
13,20251001,3,5,50.2,77.26,26.15,6.55,4.2,39.0
13,20251001,4,5,64.8,78.5,27.09,6.43,4.3,47.0
13,20251001,5,5,38.2,77.17,28.56,6.2,3.9,39.0
13,20251001,6,5,23.9,76.7,28.13,6.2,4.0,39.0
14,20251001,1,5,705.6,76.19,28.69,6.5,4.9,36.0
14,20251001,2,5,205.1,78.97,25.01,6.72,4.7,37.0
14,20251001,3,5,73.8,78.84,26.04,7.32,4.5,37.0
14,20251001,4,5,87.8,79.21,24.99,7.17,4.5,39.0
14,20251001,5,5,57.6,78.53,27.18,6.82,4.8,34.0
14,20251001,6,5,35.8,76.48,28.05,7.49,4.9,37.0
15,20251001,1,5,77.2,27.28,60.28,2.52,1.4,50.0
15,20251001,2,5,26.1,28.11,61.14,2.76,1.5,47.0
15,20251001,3,5,8.0,27.37,59.33,2.7,1.1,42.0
15,20251001,4,5,10.8,27.44,60.55,2.77,1.6,39.0
15,20251001,5,5,6.9,26.37,60.23,2.6,1.7,56.0
15,20251001,6,5,3.9,27.32,57.51,2.57,1.9,37.0
16,20251001,1,5,43.3,87.55,16.79,8.1,5.5,26.0
16,20251001,2,5,13.1,90.09,14.41,7.15,5.5,48.0
16,20251001,3,5,4.0,84.52,20.01,7.79,5.3,38.0
16,20251001,4,5,5.5,87.42,17.23,8.8,5.2,53.0
16,20251001,5,5,3.8,86.24,18.49,7.39,5.2,39.0
16,20251001,6,5,2.3,89.74,15.24,8.15,4.6,35.0
17,20251001,1,5,40.7,32.82,61.15,2.98,1.5,51.0
17,20251001,2,5,11.6,34.85,57.93,3.04,1.6,34.0
17,20251001,3,5,4.2,33.05,62.6,3.19,2.4,40.0
17,20251001,4,5,5.5,32.93,59.62,3.25,2.0,38.0
17,20251001,5,5,3.5,34.52,62.75,2.83,1.9,46.0
17,20251001,6,5,2.0,34.66,57.82,3.14,1.5,36.0
18,20251001,1,5,25.7,37.36,61.47,3.78,2.0,42.0
18,20251001,2,5,7.4,38.8,61.24,3.85,1.9,35.0
18,20251001,3,5,2.7,39.69,63.59,3.78,2.4,41.0
18,20251001,4,5,3.7,38.6,57.06,3.62,2.5,57.0
18,20251001,5,5,2.1,39.11,57.8,3.64,1.8,40.0
18,20251001,6,5,1.3,37.63,62.66,3.8,2.1,40.0
19,20251001,1,5,8.6,9.75,56.85,0.99,0.6,56.0
19,20251001,2,5,2.5,9.45,59.34,0.87,0.9,48.0
19,20251001,3,5,0.8,9.54,60.17,0.83,0.8,45.0
19,20251001,4,5,1.1,9.33,61.9,0.8,0.2,48.0
19,20251001,5,5,0.7,10.0,60.67,1.0,1.0,40.0
19,20251001,6,5,0.5,9.57,62.42,1.0,0.7,52.0
20,20251001,1,5,15.3,5.04,57.23,0.4,0.1,43.0
20,20251001,2,5,4.4,5.02,60.85,0.5,0.6,46.0
20,20251001,3,5,1.5,4.82,59.52,0.5,0.5,30.0
20,20251001,4,5,2.1,4.68,62.31,0.46,-0.1,44.0
20,20251001,5,5,1.3,4.68,63.44,0.46,0.2,33.0
20,20251001,6,5,0.7,4.68,58.11,0.5,0.3,34.0
1,20251101,1,5,6063.1,43.86,57.69,4.17,2.7,74.0
1,20251101,2,5,1968.7,42.73,58.83,3.57,2.4,84.0
1,20251101,3,5,642.1,44.0,56.95,4.32,2.1,94.0
1,20251101,4,5,815.9,42.19,58.57,4.33,2.2,72.0
1,20251101,5,5,505.5,42.36,57.92,3.72,2.0,89.0
1,20251101,6,5,313.3,42.4,57.53,3.97,2.8,97.0
2,20251101,1,5,2621.0,57.92,49.58,5.4,3.8,68.0
2,20251101,2,5,774.3,57.89,46.89,4.97,3.1,55.0
2,20251101,3,5,247.2,61.57,40.84,5.11,3.6,52.0
2,20251101,4,5,362.6,60.0,43.32,5.5,3.0,73.0
2,20251101,5,5,215.0,60.29,42.12,5.46,4.0,72.0
2,20251101,6,5,142.6,62.54,42.79,6.01,3.8,84.0
3,20251101,1,5,1581.7,85.84,20.06,8.11,4.7,238.0
3,20251101,2,5,518.5,82.02,22.92,8.83,5.0,233.0
3,20251101,3,5,166.4,85.03,20.62,7.82,5.0,243.0
3,20251101,4,5,226.4,83.45,21.86,7.97,5.0,224.0
3,20251101,5,5,130.5,83.44,22.51,7.69,4.7,232.0
3,20251101,6,5,82.4,84.1,21.92,8.68,4.7,215.0
4,20251101,1,5,1522.8,70.52,35.11,5.98,3.6,176.0
4,20251101,2,5,435.6,71.98,34.72,7.03,3.8,183.0
4,20251101,3,5,143.1,67.86,34.81,6.82,4.2,176.0
4,20251101,4,5,187.3,68.18,35.2,7.07,4.4,170.0
4,20251101,5,5,116.6,71.04,32.25,6.53,4.0,173.0
4,20251101,6,5,77.8,70.27,36.01,6.08,4.3,165.0
5,20251101,1,5,407.4,14.47,60.8,1.4,1.1,55.0
5,20251101,2,5,113.0,15.11,62.82,1.51,0.7,37.0
5,20251101,3,5,35.2,14.81,56.48,1.41,1.2,61.0
5,20251101,4,5,54.3,15.06,57.43,1.45,0.5,60.0
5,20251101,5,5,33.7,14.7,63.52,1.37,0.5,64.0
5,20251101,6,5,18.0,14.95,62.18,1.2,0.5,71.0
6,20251101,1,5,480.0,16.87,63.59,1.43,0.5,38.0
6,20251101,2,5,145.1,17.47,59.21,1.45,0.9,44.0
6,20251101,3,5,49.0,17.87,62.94,1.58,0.9,44.0
6,20251101,4,5,63.9,16.86,62.37,1.52,1.1,34.0
6,20251101,5,5,43.0,17.65,61.14,1.57,1.4,17.0
6,20251101,6,5,26.4,17.56,63.49,1.55,1.1,41.0
7,20251101,1,5,523.3,53.18,49.23,4.74,3.4,45.0
7,20251101,2,5,154.9,55.27,46.94,4.5,2.9,52.0
7,20251101,3,5,51.1,52.23,54.27,5.12,3.6,53.0
7,20251101,4,5,65.8,54.06,49.62,5.21,2.8,38.0
7,20251101,5,5,42.2,52.03,50.98,5.07,3.6,48.0
7,20251101,6,5,24.4,53.69,49.36,4.97,2.8,36.0
8,20251101,1,5,237.1,21.32,58.78,1.77,1.1,38.0
8,20251101,2,5,73.4,20.51,56.52,2.05,0.9,38.0
8,20251101,3,5,22.1,20.77,56.81,1.75,1.2,53.0
8,20251101,4,5,28.2,21.87,62.03,1.8,1.3,37.0
8,20251101,5,5,20.1,21.97,61.56,2.11,1.6,45.0
8,20251101,6,5,11.0,20.89,61.08,1.88,1.0,23.0
9,20251101,1,5,181.9,57.84,47.97,5.33,3.3,50.0
9,20251101,2,5,54.5,56.69,47.66,5.0,2.9,40.0
9,20251101,3,5,16.7,56.16,51.23,5.41,3.7,35.0
9,20251101,4,5,24.0,56.3,49.54,5.74,3.5,33.0
9,20251101,5,5,14.4,56.36,48.39,5.58,3.7,57.0
9,20251101,6,5,8.4,57.78,49.59,5.6,3.3,33.0
10,20251101,1,5,268.3,11.53,63.29,1.04,0.7,48.0
10,20251101,2,5,80.3,11.84,63.32,1.08,1.1,43.0
10,20251101,3,5,26.7,11.75,58.63,1.05,0.4,47.0
10,20251101,4,5,34.4,11.2,58.44,0.98,0.3,36.0
10,20251101,5,5,19.2,11.39,57.88,1.17,0.2,42.0
10,20251101,6,5,13.1,11.48,60.74,1.18,0.3,58.0
11,20251101,1,5,245.5,74.7,30.4,7.15,4.7,49.0
11,20251101,2,5,79.0,70.37,32.78,6.26,4.4,29.0
11,20251101,3,5,25.4,75.14,30.48,7.32,3.9,47.0
11,20251101,4,5,33.3,74.77,30.07,6.7,3.8,42.0
11,20251101,5,5,21.2,72.54,31.35,6.7,4.0,25.0
11,20251101,6,5,13.7,70.16,34.98,6.6,3.8,19.0
12,20251101,1,5,81.1,41.31,58.15,4.0,2.8,38.0
12,20251101,2,5,23.6,39.26,57.4,4.02,2.6,47.0
12,20251101,3,5,8.0,41.83,56.85,3.84,2.4,40.0
12,20251101,4,5,10.2,40.95,59.1,3.78,2.7,35.0
12,20251101,5,5,6.2,40.82,63.03,3.73,2.5,21.0
12,20251101,6,5,4.1,40.06,63.54,3.42,2.4,32.0
13,20251101,1,5,494.3,73.01,32.12,6.56,4.3,43.0
13,20251101,2,5,137.1,76.13,27.57,6.73,4.1,37.0
13,20251101,3,5,47.5,75.22,28.92,6.23,3.9,56.0
13,20251101,4,5,62.8,76.23,30.19,6.35,4.8,28.0
13,20251101,5,5,42.9,74.77,29.99,6.47,3.9,36.0
13,20251101,6,5,25.5,78.04,25.78,7.03,4.9,43.0
14,20251101,1,5,686.5,76.79,28.83,7.16,4.8,45.0
14,20251101,2,5,220.9,78.81,25.71,7.23,4.8,35.0
14,20251101,3,5,70.9,80.12,24.88,6.65,4.5,27.0
14,20251101,4,5,87.7,77.17,29.12,6.84,4.6,37.0
14,20251101,5,5,54.9,79.45,24.74,7.59,4.7,44.0
14,20251101,6,5,33.2,79.18,25.33,6.36,4.5,36.0
15,20251101,1,5,87.9,28.18,59.15,2.78,1.6,45.0
15,20251101,2,5,25.9,26.21,61.91,2.61,1.8,36.0
15,20251101,3,5,8.2,27.11,61.91,2.79,2.0,35.0
15,20251101,4,5,10.9,27.75,58.67,2.74,1.2,38.0
15,20251101,5,5,7.2,27.21,57.44,2.76,1.5,52.0
15,20251101,6,5,4.0,26.51,56.86,2.38,1.1,46.0
16,20251101,1,5,39.9,84.15,20.04,7.37,5.2,30.0
16,20251101,2,5,13.9,89.38,15.11,8.21,5.4,49.0
16,20251101,3,5,4.2,89.86,15.71,8.38,5.1,34.0
16,20251101,4,5,6.0,87.04,17.37,7.59,4.7,58.0
16,20251101,5,5,3.9,84.75,20.71,8.71,4.6,41.0
16,20251101,6,5,2.1,85.21,19.36,7.87,5.2,47.0
17,20251101,1,5,42.7,35.15,62.87,2.78,1.5,47.0
17,20251101,2,5,12.9,34.64,60.75,3.53,1.9,40.0
17,20251101,3,5,3.8,33.06,57.31,3.29,1.9,30.0
17,20251101,4,5,5.8,34.38,61.59,2.9,1.8,44.0
17,20251101,5,5,3.3,33.06,59.51,3.25,1.6,44.0
17,20251101,6,5,2.0,32.8,60.53,2.99,1.9,33.0
18,20251101,1,5,27.3,38.7,60.91,3.86,1.8,36.0
18,20251101,2,5,7.9,39.78,58.45,3.46,2.6,35.0
18,20251101,3,5,2.7,37.87,61.81,3.63,2.3,42.0
18,20251101,4,5,3.4,39.63,57.51,3.55,1.9,52.0
18,20251101,5,5,2.2,39.94,59.19,3.2,2.5,45.0
18,20251101,6,5,1.3,40.03,62.97,3.71,2.7,51.0
19,20251101,1,5,8.4,10.06,58.95,0.98,0.8,44.0
19,20251101,2,5,2.8,9.6,63.4,0.93,0.4,46.0
19,20251101,3,5,0.9,9.81,62.89,0.82,0.1,36.0
19,20251101,4,5,1.3,9.5,62.83,0.93,0.3,45.0
19,20251101,5,5,0.7,9.72,60.17,0.81,0.1,50.0
19,20251101,6,5,0.4,9.6,61.88,0.85,0.2,36.0
20,20251101,1,5,15.6,4.9,59.92,0.44,0.7,40.0
20,20251101,2,5,4.4,4.96,59.28,0.41,0.4,48.0
20,20251101,3,5,1.5,4.81,62.96,0.5,0.0,53.0
20,20251101,4,5,2.1,5.04,59.15,0.45,0.5,34.0
20,20251101,5,5,1.2,4.73,57.79,0.46,0.2,28.0
20,20251101,6,5,0.8,4.99,57.25,0.5,0.8,47.0
1,20251201,1,5,6531.9,44.14,59.41,3.52,2.4,102.0
1,20251201,2,5,1859.0,41.78,60.37,3.75,2.7,89.0
1,20251201,3,5,682.4,41.69,62.37,4.11,2.3,81.0
1,20251201,4,5,845.4,41.38,61.1,3.64,2.9,93.0
1,20251201,5,5,502.2,42.27,62.12,3.79,2.9,91.0
1,20251201,6,5,341.8,42.01,63.29,3.68,2.8,106.0
2,20251201,1,5,2732.7,62.09,41.07,5.59,3.2,77.0
2,20251201,2,5,851.3,58.01,46.16,5.0,3.5,64.0
2,20251201,3,5,269.4,61.0,44.09,6.12,3.0,68.0
2,20251201,4,5,371.4,62.04,44.56,5.75,3.0,75.0
2,20251201,5,5,228.5,59.66,44.05,5.12,3.8,77.0
2,20251201,6,5,138.7,59.35,47.91,5.39,3.8,60.0
3,20251201,1,5,1725.8,82.46,21.68,7.84,5.3,240.0
3,20251201,2,5,489.1,83.3,21.16,8.19,5.1,230.0
3,20251201,3,5,161.1,86.79,18.6,7.53,5.2,230.0
3,20251201,4,5,227.7,86.32,17.62,8.3,4.5,233.0
3,20251201,5,5,144.1,82.66,22.64,8.22,4.9,239.0
3,20251201,6,5,88.4,86.91,17.73,7.11,5.1,220.0
4,20251201,1,5,1496.0,68.97,34.81,6.56,4.5,184.0
4,20251201,2,5,448.1,71.37,34.7,6.82,3.7,187.0
4,20251201,3,5,143.1,70.93,32.34,6.1,4.0,200.0
4,20251201,4,5,192.6,67.36,35.96,5.75,4.0,162.0
4,20251201,5,5,117.0,70.85,33.24,6.71,3.7,189.0
4,20251201,6,5,68.9,67.05,38.61,6.78,3.6,179.0
5,20251201,1,5,392.9,14.61,62.95,1.39,1.2,66.0
5,20251201,2,5,106.7,14.14,60.12,1.41,0.4,44.0
5,20251201,3,5,40.7,14.17,61.08,1.39,1.1,50.0
5,20251201,4,5,46.7,14.62,60.34,1.31,0.7,57.0
5,20251201,5,5,30.3,14.45,62.98,1.45,1.0,51.0
5,20251201,6,5,18.3,14.54,58.32,1.37,0.5,52.0
6,20251201,1,5,493.1,16.95,61.17,1.77,1.2,40.0
6,20251201,2,5,157.9,17.55,56.61,1.61,1.1,42.0
6,20251201,3,5,48.0,17.18,61.34,1.73,0.7,30.0
6,20251201,4,5,63.0,18.07,58.93,1.8,0.6,39.0
6,20251201,5,5,42.4,17.9,58.58,1.81,1.5,49.0
6,20251201,6,5,24.2,16.82,56.72,1.44,1.1,46.0
7,20251201,1,5,496.5,52.03,50.3,5.24,2.8,33.0
7,20251201,2,5,158.6,53.0,51.76,4.55,2.8,29.0
7,20251201,3,5,51.7,54.1,50.29,4.7,3.4,38.0
7,20251201,4,5,73.5,54.13,49.37,4.78,2.9,47.0
7,20251201,5,5,45.1,53.18,51.2,4.97,3.4,39.0
7,20251201,6,5,26.4,52.65,49.05,5.43,3.1,56.0
8,20251201,1,5,234.3,21.17,59.24,2.16,1.2,45.0
8,20251201,2,5,63.5,20.75,60.09,1.77,0.7,36.0
8,20251201,3,5,21.1,21.88,63.53,2.11,1.0,33.0
8,20251201,4,5,31.6,21.85,59.42,1.96,1.0,44.0
8,20251201,5,5,18.8,21.27,59.12,1.85,1.0,35.0
8,20251201,6,5,11.1,20.55,56.52,1.83,1.2,42.0
9,20251201,1,5,181.0,57.11,49.27,5.45,2.9,41.0
9,20251201,2,5,51.0,60.09,46.11,5.37,3.2,38.0
9,20251201,3,5,17.1,59.47,42.65,5.08,3.3,48.0
9,20251201,4,5,23.5,59.91,43.27,5.62,3.8,45.0
9,20251201,5,5,15.2,57.81,44.8,5.42,3.5,47.0
9,20251201,6,5,8.5,57.29,49.44,5.05,3.5,30.0
10,20251201,1,5,241.5,11.7,63.21,1.08,0.4,50.0
10,20251201,2,5,78.3,11.76,59.19,1.08,0.4,48.0
10,20251201,3,5,26.8,11.47,62.68,0.95,0.3,47.0
10,20251201,4,5,34.3,11.53,58.97,1.13,0.7,45.0
10,20251201,5,5,21.4,12.03,58.04,1.11,0.5,47.0
10,20251201,6,5,12.0,11.86,57.95,1.17,1.1,38.0
11,20251201,1,5,282.0,71.15,34.24,6.88,4.5,32.0
11,20251201,2,5,83.1,71.93,33.52,7.27,4.0,38.0
11,20251201,3,5,28.6,71.4,34.35,6.91,4.3,39.0
11,20251201,4,5,33.0,75.38,28.98,6.79,4.6,29.0
11,20251201,5,5,23.0,70.67,35.43,6.79,3.9,42.0
11,20251201,6,5,13.8,72.03,30.9,6.86,4.2,39.0
12,20251201,1,5,75.2,41.74,58.18,3.66,2.7,37.0
12,20251201,2,5,25.4,39.29,58.41,4.15,2.2,30.0
12,20251201,3,5,8.1,41.13,56.69,3.83,2.2,45.0
12,20251201,4,5,10.4,39.35,62.74,3.67,2.0,42.0
12,20251201,5,5,6.7,39.49,62.38,4.21,2.7,45.0
12,20251201,6,5,3.9,40.8,57.5,4.18,2.3,50.0
13,20251201,1,5,490.7,74.88,29.15,6.6,4.1,39.0
13,20251201,2,5,144.0,75.96,27.79,6.28,4.3,38.0
13,20251201,3,5,44.9,75.33,29.38,6.3,4.7,34.0
13,20251201,4,5,63.1,78.09,25.64,7.3,4.2,41.0
13,20251201,5,5,42.1,78.07,26.28,7.11,4.0,48.0
13,20251201,6,5,24.6,73.07,31.91,7.43,4.6,47.0
14,20251201,1,5,707.5,76.96,29.4,7.67,4.2,31.0
14,20251201,2,5,200.1,75.41,27.93,7.81,4.2,36.0
14,20251201,3,5,71.0,79.95,23.9,7.0,4.9,39.0
14,20251201,4,5,92.3,78.84,26.46,7.58,4.7,48.0
14,20251201,5,5,55.9,75.67,30.06,7.01,4.9,29.0
14,20251201,6,5,34.3,75.48,29.75,6.85,4.3,33.0
15,20251201,1,5,86.3,26.9,58.91,2.68,1.1,51.0
15,20251201,2,5,25.1,27.35,58.58,2.8,2.0,48.0
15,20251201,3,5,8.7,27.26,58.59,2.82,1.7,46.0
15,20251201,4,5,11.5,27.37,59.14,2.39,1.8,45.0
15,20251201,5,5,7.0,26.51,59.68,2.37,2.0,46.0
15,20251201,6,5,3.9,27.89,58.28,2.44,2.0,41.0
16,20251201,1,5,43.3,85.97,18.81,7.68,5.0,37.0
16,20251201,2,5,12.9,90.54,14.93,8.21,5.3,37.0
16,20251201,3,5,4.6,87.55,16.84,7.78,5.1,38.0
16,20251201,4,5,6.0,89.16,14.77,8.66,4.9,36.0
16,20251201,5,5,3.4,84.04,21.23,8.56,4.8,39.0
16,20251201,6,5,2.0,86.53,17.24,8.64,5.2,41.0
17,20251201,1,5,39.3,34.71,60.2,3.17,2.2,40.0
17,20251201,2,5,12.5,33.15,56.48,2.84,1.6,48.0
17,20251201,3,5,3.8,33.19,63.03,3.07,1.7,34.0
17,20251201,4,5,5.3,34.97,61.76,2.98,1.7,49.0
17,20251201,5,5,3.2,34.35,63.43,3.46,1.6,43.0
17,20251201,6,5,2.0,34.32,62.43,2.81,2.3,38.0
18,20251201,1,5,26.3,40.01,58.3,3.69,1.8,38.0
18,20251201,2,5,7.4,38.67,62.19,3.89,1.9,37.0
18,20251201,3,5,2.7,37.81,57.01,3.42,2.4,42.0
18,20251201,4,5,3.6,40.07,62.23,3.4,1.8,42.0
18,20251201,5,5,2.2,37.65,61.08,3.77,2.6,48.0
18,20251201,6,5,1.4,37.84,62.69,3.25,1.9,45.0
19,20251201,1,5,9.5,9.95,59.01,0.94,0.8,31.0
19,20251201,2,5,2.7,10.0,63.15,0.94,0.4,46.0
19,20251201,3,5,0.9,9.37,59.3,0.91,0.3,42.0
19,20251201,4,5,1.3,9.99,62.57,0.99,0.8,37.0
19,20251201,5,5,0.7,9.98,59.7,0.94,0.6,39.0
19,20251201,6,5,0.5,9.34,57.26,0.94,0.3,59.0
20,20251201,1,5,16.1,4.94,59.8,0.41,0.5,46.0
20,20251201,2,5,4.7,5.02,62.84,0.45,0.7,43.0
20,20251201,3,5,1.6,4.84,58.94,0.48,0.3,57.0
20,20251201,4,5,2.1,4.94,57.62,0.43,0.2,37.0
20,20251201,5,5,1.2,4.88,57.36,0.47,-0.2,51.0
20,20251201,6,5,0.8,4.88,63.56,0.41,0.2,42.0
1,20260101,1,6,6685.6,42.17,59.76,1.88,2.0,85.0
1,20260101,2,6,1895.4,43.38,60.27,2.18,2.4,88.0
1,20260101,3,6,668.9,43.64,57.33,2.08,1.6,100.0
1,20260101,4,6,808.3,44.16,57.18,2.07,1.8,88.0
1,20260101,5,6,541.7,41.94,63.5,1.93,2.0,88.0
1,20260101,6,6,312.4,42.58,62.56,2.09,2.2,93.0
2,20260101,1,6,2630.5,60.57,43.62,2.55,3.2,70.0
2,20260101,2,6,877.4,61.69,41.39,2.99,2.5,59.0
2,20260101,3,6,267.6,62.71,38.24,2.92,2.6,60.0
2,20260101,4,6,361.9,60.5,42.43,2.92,2.5,70.0
2,20260101,5,6,229.8,60.54,41.61,2.83,2.6,67.0
2,20260101,6,6,145.7,59.16,45.53,2.52,2.5,64.0
3,20260101,1,6,1694.8,84.9,16.83,4.18,3.6,242.0
3,20260101,2,6,537.7,83.22,19.77,4.4,3.7,234.0
3,20260101,3,6,180.6,87.75,15.25,3.52,4.1,239.0
3,20260101,4,6,243.1,89.97,13.06,3.51,4.0,234.0
3,20260101,5,6,152.3,89.28,12.95,3.75,4.2,231.0
3,20260101,6,6,82.2,86.04,15.77,4.27,4.1,226.0
4,20260101,1,6,1527.3,72.43,28.38,3.3,3.6,181.0
4,20260101,2,6,475.0,72.26,29.31,3.61,3.6,195.0
4,20260101,3,6,145.0,73.2,29.35,3.24,3.0,180.0
4,20260101,4,6,220.0,70.01,31.32,3.06,2.8,183.0
4,20260101,5,6,121.1,71.7,32.28,3.02,3.4,184.0
4,20260101,6,6,80.8,71.1,30.58,3.33,3.0,190.0
5,20260101,1,6,354.4,14.32,62.79,0.62,0.5,60.0
5,20260101,2,6,116.2,14.93,62.95,0.67,1.1,56.0
5,20260101,3,6,40.3,15.3,59.36,0.7,0.9,68.0
5,20260101,4,6,50.5,14.81,58.28,0.64,0.6,49.0
5,20260101,5,6,30.9,14.22,61.44,0.66,0.5,58.0
5,20260101,6,6,20.5,15.15,58.14,0.63,0.6,51.0
6,20260101,1,6,526.0,18.38,59.68,0.89,0.7,34.0
6,20260101,2,6,143.2,17.27,57.5,0.83,0.7,41.0
6,20260101,3,6,46.6,18.19,57.34,0.88,1.3,45.0
6,20260101,4,6,72.4,17.97,60.79,0.88,1.1,43.0
6,20260101,5,6,41.6,17.28,58.9,0.8,0.4,30.0
6,20260101,6,6,24.6,17.02,62.79,0.76,0.5,45.0
7,20260101,1,6,556.8,52.48,49.4,2.46,2.7,27.0
7,20260101,2,6,164.0,56.1,44.34,2.52,2.6,47.0
7,20260101,3,6,56.8,53.85,47.47,2.36,2.0,46.0
7,20260101,4,6,70.1,56.33,43.72,2.68,2.6,41.0
7,20260101,5,6,43.2,53.64,50.43,2.69,2.5,32.0
7,20260101,6,6,28.0,56.09,46.77,2.34,2.7,33.0
8,20260101,1,6,231.1,21.83,62.79,1.05,1.1,47.0
8,20260101,2,6,71.5,22.45,62.05,1.09,0.5,43.0
8,20260101,3,6,24.0,22.24,57.83,1.01,0.8,45.0
8,20260101,4,6,29.6,22.01,62.02,1.07,1.1,37.0
8,20260101,5,6,18.5,21.32,61.64,0.99,1.3,40.0
8,20260101,6,6,12.1,21.27,59.41,0.94,1.4,28.0
9,20260101,1,6,185.6,59.64,42.99,2.58,2.9,37.0
9,20260101,2,6,53.5,60.95,40.51,2.67,2.8,51.0
9,20260101,3,6,19.0,58.81,43.2,2.48,2.6,48.0
9,20260101,4,6,23.7,59.85,44.09,2.66,2.8,69.0
9,20260101,5,6,16.2,60.0,44.49,2.8,2.9,44.0
9,20260101,6,6,8.8,61.44,42.64,2.8,2.5,48.0
10,20260101,1,6,255.8,11.47,60.47,0.49,0.3,49.0
10,20260101,2,6,73.9,12.24,57.57,0.57,0.2,35.0
10,20260101,3,6,23.5,12.12,59.07,0.49,1.0,38.0
10,20260101,4,6,34.8,12.22,62.16,0.59,0.7,30.0
10,20260101,5,6,21.3,12.25,63.08,0.58,0.3,20.0
10,20260101,6,6,12.3,11.95,56.49,0.54,0.6,43.0
11,20260101,1,6,278.9,71.1,30.76,3.7,3.2,51.0
11,20260101,2,6,83.3,71.69,29.16,3.28,3.8,31.0
11,20260101,3,6,27.4,76.7,24.62,3.31,3.1,39.0
11,20260101,4,6,38.3,70.99,33.18,3.34,3.4,33.0
11,20260101,5,6,23.1,74.15,29.26,3.44,3.2,38.0
11,20260101,6,6,14.4,76.08,26.89,3.7,3.2,46.0
12,20260101,1,6,76.2,42.55,62.2,1.79,1.6,41.0
12,20260101,2,6,22.7,42.55,58.89,1.69,2.3,37.0
12,20260101,3,6,8.2,39.77,58.95,1.68,2.3,40.0
12,20260101,4,6,11.7,42.84,60.72,2.09,1.6,32.0
12,20260101,5,6,6.6,41.18,57.39,1.93,1.6,38.0
12,20260101,6,6,4.2,40.12,59.53,1.69,2.1,45.0
13,20260101,1,6,513.1,76.78,24.58,3.17,3.9,40.0
13,20260101,2,6,155.8,75.19,27.59,3.54,3.3,55.0
13,20260101,3,6,51.8,74.77,28.95,3.82,3.1,36.0
13,20260101,4,6,63.1,78.21,24.62,3.34,3.8,47.0
13,20260101,5,6,41.8,77.37,25.93,3.57,3.4,46.0
13,20260101,6,6,25.8,74.01,28.15,3.19,3.1,34.0
14,20260101,1,6,751.9,80.72,21.12,3.7,4.0,34.0
14,20260101,2,6,225.8,81.45,19.85,3.37,3.8,40.0
14,20260101,3,6,77.3,79.24,22.7,3.52,3.9,31.0
14,20260101,4,6,106.8,76.45,25.61,3.19,3.8,65.0
14,20260101,5,6,62.3,75.87,26.08,3.18,3.5,33.0
14,20260101,6,6,35.9,81.67,19.84,3.22,4.1,42.0
15,20260101,1,6,79.3,26.73,57.5,1.16,1.2,52.0
15,20260101,2,6,23.0,28.65,61.02,1.24,1.6,27.0
15,20260101,3,6,8.7,27.76,58.33,1.22,1.6,33.0
15,20260101,4,6,11.6,27.92,60.53,1.34,1.0,33.0
15,20260101,5,6,6.4,27.37,61.16,1.25,0.8,29.0
15,20260101,6,6,3.8,28.51,62.82,1.19,1.4,34.0
16,20260101,1,6,44.0,87.76,14.9,3.95,4.1,44.0
16,20260101,2,6,13.6,90.96,10.92,3.77,4.0,35.0
16,20260101,3,6,4.6,87.95,13.65,4.09,4.2,41.0
16,20260101,4,6,6.5,85.67,16.21,4.15,3.7,30.0
16,20260101,5,6,3.6,90.97,11.27,4.31,3.9,31.0
16,20260101,6,6,2.3,85.83,15.92,4.07,4.4,36.0
17,20260101,1,6,40.0,34.23,56.45,1.49,2.1,42.0
17,20260101,2,6,12.0,33.2,62.29,1.75,1.3,33.0
17,20260101,3,6,4.0,35.14,63.48,1.71,1.6,33.0
17,20260101,4,6,5.2,33.7,62.14,1.55,1.1,41.0
17,20260101,5,6,3.2,35.43,57.16,1.53,2.1,40.0
17,20260101,6,6,1.9,33.24,63.36,1.65,1.1,44.0
18,20260101,1,6,25.9,40.82,58.71,1.85,1.5,60.0
18,20260101,2,6,8.5,38.9,57.7,1.95,1.7,36.0
18,20260101,3,6,2.7,40.09,63.01,1.95,1.8,26.0
18,20260101,4,6,3.4,39.11,62.81,1.86,2.2,30.0
18,20260101,5,6,2.2,39.55,59.57,1.68,1.6,33.0
18,20260101,6,6,1.3,39.58,62.98,1.72,2.2,41.0
19,20260101,1,6,9.0,10.21,62.26,0.49,0.3,53.0
19,20260101,2,6,2.8,9.89,62.24,0.46,0.1,31.0
19,20260101,3,6,0.9,9.48,59.57,0.46,0.5,18.0
19,20260101,4,6,1.2,10.11,62.83,0.43,0.6,39.0
19,20260101,5,6,0.8,9.9,58.81,0.46,0.5,22.0
19,20260101,6,6,0.5,9.96,59.85,0.47,0.1,38.0
20,20260101,1,6,15.9,4.92,58.71,0.2,0.4,54.0
20,20260101,2,6,4.7,5.11,59.7,0.24,-0.3,35.0
20,20260101,3,6,1.5,5.06,57.8,0.23,0.0,42.0
20,20260101,4,6,2.0,4.81,61.98,0.24,0.4,34.0
20,20260101,5,6,1.3,4.95,58.17,0.21,0.6,39.0
20,20260101,6,6,0.7,4.87,60.2,0.2,0.3,37.0
1,20260201,1,6,6879.4,44.53,56.42,2.0,1.8,98.0
1,20260201,2,6,1826.1,43.51,60.93,1.76,1.6,95.0
1,20260201,3,6,681.8,42.02,60.53,1.97,2.3,93.0
1,20260201,4,6,839.9,42.24,61.19,2.12,2.3,78.0
1,20260201,5,6,528.1,42.26,58.98,1.75,2.1,96.0
1,20260201,6,6,325.2,43.79,60.45,2.05,1.6,76.0
2,20260201,1,6,2878.8,58.86,41.95,2.7,2.8,61.0
2,20260201,2,6,879.3,59.3,40.52,3.08,2.4,54.0
2,20260201,3,6,284.6,59.65,44.63,2.79,2.4,77.0
2,20260201,4,6,382.2,61.95,41.48,2.88,2.8,49.0
2,20260201,5,6,232.3,60.37,44.52,2.53,2.9,55.0
2,20260201,6,6,132.9,61.98,42.6,2.95,3.1,68.0
3,20260201,1,6,1853.6,84.41,18.37,3.55,4.2,228.0
3,20260201,2,6,560.8,88.55,13.48,3.95,3.9,233.0
3,20260201,3,6,191.0,84.32,18.75,3.81,3.9,231.0
3,20260201,4,6,250.4,88.04,14.17,3.99,4.0,217.0
3,20260201,5,6,139.6,87.68,14.27,3.79,4.0,228.0
3,20260201,6,6,94.7,86.79,15.96,3.86,4.2,239.0
4,20260201,1,6,1552.0,71.04,30.77,3.2,3.0,180.0
4,20260201,2,6,458.8,69.76,33.16,3.01,3.4,181.0
4,20260201,3,6,161.3,70.74,29.97,3.15,3.3,183.0
4,20260201,4,6,209.0,70.78,31.53,3.26,3.5,184.0
4,20260201,5,6,126.6,69.46,34.4,2.99,3.1,178.0
4,20260201,6,6,82.6,69.56,32.53,3.27,3.4,170.0
5,20260201,1,6,378.9,14.91,58.82,0.6,0.9,57.0
5,20260201,2,6,110.1,15.02,61.47,0.66,0.7,54.0
5,20260201,3,6,35.3,14.27,60.16,0.75,0.9,52.0
5,20260201,4,6,46.8,15.2,58.59,0.72,1.2,73.0
5,20260201,5,6,33.5,14.71,62.37,0.65,0.9,47.0
5,20260201,6,6,17.5,15.26,60.34,0.71,0.4,68.0
6,20260201,1,6,479.9,18.41,59.82,0.86,0.9,28.0
6,20260201,2,6,141.9,17.05,62.44,0.86,0.8,47.0
6,20260201,3,6,47.1,17.52,62.72,0.84,0.9,47.0
6,20260201,4,6,64.2,17.24,60.28,0.84,1.1,23.0
6,20260201,5,6,45.2,18.33,62.9,0.84,0.3,23.0
6,20260201,6,6,23.3,17.56,60.05,0.81,1.2,36.0
7,20260201,1,6,570.3,52.18,51.06,2.57,2.5,41.0
7,20260201,2,6,158.6,52.24,52.15,2.34,2.4,52.0
7,20260201,3,6,51.5,55.28,49.32,2.21,2.3,31.0
7,20260201,4,6,72.2,53.82,50.28,2.72,2.7,44.0
7,20260201,5,6,44.0,52.12,49.09,2.25,2.4,44.0
7,20260201,6,6,27.4,53.04,46.57,2.22,2.4,32.0
8,20260201,1,6,229.1,21.62,63.57,0.89,0.6,49.0
8,20260201,2,6,72.4,21.69,60.23,0.95,0.8,36.0
8,20260201,3,6,22.4,21.01,61.94,0.9,1.0,38.0
8,20260201,4,6,31.5,22.47,57.26,0.96,1.4,51.0
8,20260201,5,6,20.6,21.62,60.88,1.07,0.6,59.0
8,20260201,6,6,12.0,21.15,59.77,0.98,1.2,46.0
9,20260201,1,6,173.9,58.06,46.45,2.63,3.1,47.0
9,20260201,2,6,55.2,58.45,45.34,2.45,3.2,42.0
9,20260201,3,6,16.7,57.1,46.16,2.82,3.2,28.0
9,20260201,4,6,24.9,61.43,39.11,2.79,2.9,52.0
9,20260201,5,6,14.6,57.77,43.43,2.74,2.7,47.0
9,20260201,6,6,9.4,57.26,45.92,2.74,2.9,39.0
10,20260201,1,6,239.0,11.53,57.39,0.5,0.3,54.0
10,20260201,2,6,72.5,11.96,62.83,0.59,0.4,33.0
10,20260201,3,6,26.3,11.8,57.61,0.57,0.5,31.0
10,20260201,4,6,35.5,12.22,62.83,0.58,1.0,37.0
10,20260201,5,6,20.1,12.15,60.16,0.57,0.7,43.0
10,20260201,6,6,11.8,11.84,62.44,0.51,1.0,43.0
11,20260201,1,6,278.6,76.41,25.05,3.59,3.6,55.0
11,20260201,2,6,79.3,76.49,26.11,3.26,2.9,43.0
11,20260201,3,6,29.5,75.8,27.06,3.03,3.8,39.0
11,20260201,4,6,34.8,75.64,25.3,3.04,3.4,35.0
11,20260201,5,6,23.4,73.53,30.23,3.1,3.0,47.0
11,20260201,6,6,14.4,71.19,30.07,3.35,3.1,26.0
12,20260201,1,6,85.1,41.29,61.32,1.78,2.1,27.0
12,20260201,2,6,25.3,40.08,61.77,1.89,2.3,44.0
12,20260201,3,6,7.7,40.37,59.94,1.89,1.7,52.0
12,20260201,4,6,11.7,42.5,61.26,1.78,1.6,34.0
12,20260201,5,6,6.9,41.29,58.94,1.69,2.3,26.0
12,20260201,6,6,4.1,42.38,61.36,1.79,2.3,33.0
13,20260201,1,6,478.8,78.47,22.58,3.58,3.1,24.0
13,20260201,2,6,163.6,75.88,27.88,3.69,3.9,46.0
13,20260201,3,6,51.8,75.78,25.67,3.72,3.5,37.0
13,20260201,4,6,69.4,74.9,28.1,3.87,3.1,47.0
13,20260201,5,6,44.4,74.42,27.55,3.56,3.7,47.0
13,20260201,6,6,25.1,76.43,24.83,3.26,3.8,30.0
14,20260201,1,6,767.5,79.14,23.82,3.84,3.9,44.0
14,20260201,2,6,234.5,78.12,23.97,3.7,3.6,42.0
14,20260201,3,6,71.7,81.68,20.2,3.56,3.4,48.0
14,20260201,4,6,98.7,78.95,22.32,3.9,3.2,40.0
14,20260201,5,6,65.1,77.91,23.08,3.43,3.5,34.0
14,20260201,6,6,37.7,77.59,23.45,3.78,3.8,40.0
15,20260201,1,6,85.2,27.29,62.47,1.12,1.1,48.0
15,20260201,2,6,25.5,28.65,56.74,1.39,1.7,39.0
15,20260201,3,6,8.6,27.73,59.06,1.12,1.7,48.0
15,20260201,4,6,10.5,27.97,61.8,1.29,1.5,35.0
15,20260201,5,6,7.2,27.0,62.45,1.15,1.8,40.0
15,20260201,6,6,4.1,26.63,60.78,1.19,0.9,50.0
16,20260201,1,6,44.9,89.69,12.49,4.05,4.5,33.0
16,20260201,2,6,14.2,91.4,10.56,4.53,4.0,37.0
16,20260201,3,6,4.7,90.94,11.65,4.32,4.1,34.0
16,20260201,4,6,5.7,85.76,16.91,4.01,4.6,52.0
16,20260201,5,6,3.8,91.29,11.71,3.66,4.6,39.0
16,20260201,6,6,2.3,88.52,13.44,4.4,4.2,33.0
17,20260201,1,6,41.7,34.75,62.6,1.69,1.9,39.0
17,20260201,2,6,12.1,34.68,58.57,1.75,2.0,47.0
17,20260201,3,6,4.4,35.49,57.32,1.65,1.7,42.0
17,20260201,4,6,5.6,35.69,56.98,1.6,1.2,44.0
17,20260201,5,6,3.2,35.43,58.96,1.41,1.7,40.0
17,20260201,6,6,2.0,33.49,60.22,1.48,1.1,27.0
18,20260201,1,6,28.2,39.24,62.25,1.61,1.5,54.0
18,20260201,2,6,7.3,40.54,59.81,1.68,1.7,44.0
18,20260201,3,6,2.7,40.46,62.05,1.59,1.7,38.0
18,20260201,4,6,3.3,40.86,58.97,1.9,2.0,32.0
18,20260201,5,6,2.1,38.55,62.11,1.98,1.9,40.0
18,20260201,6,6,1.3,39.3,58.11,1.62,1.8,47.0
19,20260201,1,6,9.1,9.49,57.05,0.42,0.3,56.0
19,20260201,2,6,2.5,9.89,58.56,0.46,0.9,42.0
19,20260201,3,6,0.9,9.58,63.25,0.5,0.7,54.0
19,20260201,4,6,1.1,10.13,63.46,0.48,0.2,49.0
19,20260201,5,6,0.7,9.82,56.52,0.47,0.7,40.0
19,20260201,6,6,0.5,9.99,61.82,0.43,0.1,51.0
20,20260201,1,6,14.1,4.9,62.29,0.24,-0.2,29.0
20,20260201,2,6,4.3,4.77,57.11,0.24,0.4,35.0
20,20260201,3,6,1.5,4.73,56.98,0.24,-0.2,42.0
20,20260201,4,6,2.1,4.9,56.43,0.25,0.7,40.0
20,20260201,5,6,1.2,4.77,57.74,0.24,0.6,36.0
20,20260201,6,6,0.8,5.05,60.54,0.23,-0.1,46.0
1,20260301,1,6,6964.2,43.03,62.65,2.14,2.4,93.0
1,20260301,2,6,2109.1,44.71,58.84,1.84,1.5,92.0
1,20260301,3,6,630.8,44.35,57.66,1.83,1.7,89.0
1,20260301,4,6,832.1,44.63,56.49,1.96,1.9,89.0
1,20260301,5,6,519.0,42.73,59.27,1.83,2.1,88.0
1,20260301,6,6,302.1,41.99,60.93,2.05,2.1,79.0
2,20260301,1,6,2706.4,62.21,40.0,2.85,2.9,59.0
2,20260301,2,6,839.3,62.77,39.34,2.69,2.8,56.0
2,20260301,3,6,271.6,62.63,41.25,2.98,2.4,54.0
2,20260301,4,6,342.9,61.86,39.73,3.11,2.8,69.0
2,20260301,5,6,240.7,61.21,39.63,2.93,3.2,68.0
2,20260301,6,6,129.2,60.26,43.44,2.8,3.0,67.0
3,20260301,1,6,1699.0,89.21,12.87,3.52,4.4,227.0
3,20260301,2,6,564.8,85.91,16.35,3.51,4.5,233.0
3,20260301,3,6,189.5,88.52,13.37,3.7,3.7,231.0
3,20260301,4,6,252.4,85.96,17.39,4.33,4.2,231.0
3,20260301,5,6,153.0,85.96,16.43,4.32,3.7,229.0
3,20260301,6,6,83.7,85.56,17.4,4.12,4.0,226.0
4,20260301,1,6,1564.7,70.37,30.45,3.1,3.3,187.0
4,20260301,2,6,493.0,71.63,29.53,3.2,3.2,182.0
4,20260301,3,6,158.8,69.01,34.21,3.05,3.7,166.0
4,20260301,4,6,201.0,71.81,30.73,2.92,3.5,193.0
4,20260301,5,6,123.9,69.63,32.98,2.89,3.6,175.0
4,20260301,6,6,80.2,72.88,28.31,2.88,3.2,191.0
5,20260301,1,6,383.6,14.92,59.73,0.75,0.2,55.0
5,20260301,2,6,121.6,14.63,60.74,0.71,0.5,43.0
5,20260301,3,6,36.6,15.24,58.45,0.71,0.7,63.0
5,20260301,4,6,52.4,15.24,62.98,0.62,0.9,38.0
5,20260301,5,6,30.0,15.02,57.98,0.72,0.7,58.0
5,20260301,6,6,17.7,14.56,57.94,0.67,0.4,50.0
6,20260301,1,6,496.9,18.1,62.77,0.76,1.0,38.0
6,20260301,2,6,159.2,17.28,59.45,0.73,1.0,23.0
6,20260301,3,6,50.9,18.25,61.19,0.89,1.3,32.0
6,20260301,4,6,67.4,17.49,61.56,0.84,0.6,57.0
6,20260301,5,6,43.7,17.11,60.07,0.8,1.0,30.0
6,20260301,6,6,25.1,17.86,61.31,0.87,1.0,32.0
7,20260301,1,6,572.9,53.52,50.55,2.39,2.7,48.0
7,20260301,2,6,162.1,54.58,46.92,2.3,2.9,38.0
7,20260301,3,6,52.1,52.58,48.29,2.5,2.1,35.0
7,20260301,4,6,76.7,52.97,50.99,2.7,2.8,43.0
7,20260301,5,6,48.0,53.68,49.54,2.47,2.5,50.0
7,20260301,6,6,28.6,52.75,47.62,2.56,2.7,40.0
8,20260301,1,6,214.3,20.92,58.91,0.94,1.2,32.0
8,20260301,2,6,68.9,22.32,61.37,0.94,1.3,34.0
8,20260301,3,6,22.7,22.25,61.97,1.08,1.3,39.0
8,20260301,4,6,32.3,22.44,59.52,1.06,0.6,37.0
8,20260301,5,6,18.7,22.44,57.66,0.88,0.6,36.0
8,20260301,6,6,11.1,21.42,58.83,1.03,1.4,38.0
9,20260301,1,6,179.1,59.9,40.31,2.47,2.9,40.0
9,20260301,2,6,54.9,57.3,46.23,2.9,2.4,36.0
9,20260301,3,6,18.2,59.24,45.16,2.82,2.3,50.0
9,20260301,4,6,23.9,57.57,42.58,2.94,3.0,33.0
9,20260301,5,6,14.7,56.8,42.88,2.63,3.0,23.0
9,20260301,6,6,9.6,58.54,42.25,2.77,3.0,41.0
10,20260301,1,6,262.0,12.26,60.77,0.6,0.8,51.0
10,20260301,2,6,80.4,11.72,59.16,0.55,0.6,42.0
10,20260301,3,6,24.8,12.01,58.4,0.51,0.3,38.0
10,20260301,4,6,33.4,11.98,57.01,0.53,0.1,32.0
10,20260301,5,6,21.4,12.02,57.05,0.57,0.1,56.0
10,20260301,6,6,11.7,11.6,57.11,0.55,0.6,36.0
11,20260301,1,6,266.3,75.67,25.73,3.08,3.4,40.0
11,20260301,2,6,89.2,71.58,31.6,3.52,3.4,37.0
11,20260301,3,6,25.9,75.81,27.74,3.11,3.8,33.0
11,20260301,4,6,35.7,74.48,26.32,3.43,3.8,43.0
11,20260301,5,6,22.0,71.92,31.47,3.37,3.6,51.0
11,20260301,6,6,13.9,75.63,26.19,3.06,3.4,43.0
12,20260301,1,6,82.0,41.16,57.84,1.99,2.1,35.0
12,20260301,2,6,25.1,40.08,62.4,2.08,1.8,43.0
12,20260301,3,6,8.6,41.62,58.19,1.79,2.4,29.0
12,20260301,4,6,10.8,40.51,59.9,1.96,2.3,24.0
12,20260301,5,6,6.4,41.8,61.82,1.98,2.2,39.0
12,20260301,6,6,4.3,39.77,58.14,1.92,1.7,38.0
13,20260301,1,6,507.8,79.33,24.08,3.45,3.1,41.0
13,20260301,2,6,144.4,76.16,25.31,3.44,3.2,42.0
13,20260301,3,6,49.3,79.44,21.8,3.72,3.5,43.0
13,20260301,4,6,68.8,74.26,27.05,3.56,3.7,38.0
13,20260301,5,6,39.0,74.46,29.36,3.79,3.9,41.0
13,20260301,6,6,23.9,75.73,27.59,3.63,3.9,45.0
14,20260301,1,6,788.2,76.36,26.7,3.76,3.6,32.0
14,20260301,2,6,210.1,80.06,22.73,3.53,3.6,32.0
14,20260301,3,6,72.3,81.38,22.22,3.34,3.4,42.0
14,20260301,4,6,100.2,79.52,23.48,3.86,3.2,47.0
14,20260301,5,6,66.4,77.04,24.34,3.21,4.1,37.0
14,20260301,6,6,39.2,77.85,24.24,3.39,3.7,44.0
15,20260301,1,6,89.0,28.6,58.82,1.4,1.7,44.0
15,20260301,2,6,23.7,27.95,62.48,1.33,1.7,50.0
15,20260301,3,6,8.4,28.55,57.0,1.15,1.0,23.0
15,20260301,4,6,11.2,28.29,60.23,1.31,1.6,50.0
15,20260301,5,6,6.5,27.3,62.44,1.29,1.5,42.0
15,20260301,6,6,4.4,26.58,60.25,1.27,0.9,50.0
16,20260301,1,6,44.1,91.69,10.76,4.5,4.2,36.0
16,20260301,2,6,13.4,88.09,14.05,3.63,3.8,44.0
16,20260301,3,6,4.8,85.75,16.87,3.79,3.8,47.0
16,20260301,4,6,6.6,88.17,13.45,3.84,3.8,43.0
16,20260301,5,6,3.8,88.09,14.88,4.06,3.8,33.0
16,20260301,6,6,2.3,89.07,13.6,3.64,3.7,51.0
17,20260301,1,6,43.2,34.53,62.84,1.76,1.9,43.0
17,20260301,2,6,12.1,33.72,57.49,1.39,2.0,33.0
17,20260301,3,6,3.9,35.78,60.63,1.71,1.4,44.0
17,20260301,4,6,5.4,34.53,60.28,1.55,1.4,41.0
17,20260301,5,6,3.4,33.8,56.75,1.5,1.7,52.0
17,20260301,6,6,2.2,35.07,58.47,1.76,1.2,30.0
18,20260301,1,6,28.3,38.36,56.68,1.61,1.7,48.0
18,20260301,2,6,7.9,40.79,60.93,1.78,2.1,31.0
18,20260301,3,6,2.7,38.24,56.63,1.71,2.0,45.0
18,20260301,4,6,3.8,38.48,58.65,1.93,2.3,33.0
18,20260301,5,6,2.4,38.6,63.24,1.98,1.4,31.0
18,20260301,6,6,1.4,40.1,58.28,1.88,2.3,40.0
19,20260301,1,6,8.6,10.23,58.05,0.45,0.7,39.0
19,20260301,2,6,2.7,9.79,56.87,0.42,0.6,22.0
19,20260301,3,6,0.8,9.84,58.81,0.43,0.7,30.0
19,20260301,4,6,1.2,9.94,57.61,0.45,0.2,40.0
19,20260301,5,6,0.7,9.85,57.84,0.49,0.8,26.0
19,20260301,6,6,0.4,9.82,61.46,0.49,0.9,52.0
20,20260301,1,6,14.0,5.07,61.2,0.25,0.2,55.0
20,20260301,2,6,4.6,4.94,57.27,0.23,0.2,44.0
20,20260301,3,6,1.5,4.87,57.71,0.22,-0.1,47.0
20,20260301,4,6,2.0,5.06,56.67,0.21,-0.2,41.0
20,20260301,5,6,1.1,4.91,62.94,0.25,0.0,52.0
20,20260301,6,6,0.8,4.83,62.61,0.21,0.4,38.0
