country_key,date_key,sector_key,conflict_phase_key,supply_chain_disruption_index,estimated_gdp_impact_musd,avg_delivery_delay_days,input_cost_increase_pct,inventory_stress_score,supplier_diversification_score
1,20241001,1,1,20.0,0.0,0.9,0.0,3.3,6.5
1,20241001,2,1,10.3,0.0,1.1,0.0,2.1,6.5
1,20241001,3,1,7.5,0.0,1.1,0.0,1.1,6.5
1,20241001,4,1,5.5,0.0,1.0,0.0,1.0,6.5
1,20241001,5,1,8.1,0.0,1.0,0.0,1.5,6.5
1,20241001,6,1,11.4,0.0,1.0,0.0,1.9,6.5
1,20241001,7,1,4.4,0.0,0.9,0.0,0.9,6.5
1,20241001,8,1,13.2,0.0,1.1,0.0,2.3,6.5
2,20241001,1,1,22.7,0.0,1.0,0.0,4.6,5.0
2,20241001,2,1,15.7,0.0,0.9,0.0,2.8,5.0
2,20241001,3,1,9.6,0.0,1.1,0.0,1.6,5.0
2,20241001,4,1,7.3,0.0,0.9,0.0,1.5,5.0
2,20241001,5,1,11.3,0.0,1.0,0.0,2.2,5.0
2,20241001,6,1,13.8,0.0,0.9,0.0,2.5,5.0
2,20241001,7,1,7.6,0.0,0.9,0.0,1.3,5.0
2,20241001,8,1,19.9,0.0,1.0,0.0,3.5,5.0
3,20241001,1,1,34.0,0.0,1.0,0.0,6.9,3.0
3,20241001,2,1,23.3,0.0,1.0,0.0,4.4,3.0
3,20241001,3,1,14.0,0.0,1.1,0.0,2.5,3.0
3,20241001,4,1,10.6,0.0,0.9,0.0,2.0,3.0
3,20241001,5,1,17.2,0.0,0.9,0.0,3.0,3.0
3,20241001,6,1,20.9,0.0,1.0,0.0,3.8,3.0
3,20241001,7,1,10.2,0.0,1.1,0.0,1.7,3.0
3,20241001,8,1,24.7,0.0,1.0,0.0,4.2,3.0
4,20241001,1,1,28.2,0.0,1.0,0.0,5.4,4.2
4,20241001,2,1,20.3,0.0,0.9,0.0,3.4,4.2
4,20241001,3,1,12.2,0.0,0.9,0.0,1.9,4.2
4,20241001,4,1,10.8,0.0,1.0,0.0,1.6,4.2
4,20241001,5,1,14.4,0.0,1.1,0.0,2.7,4.2
4,20241001,6,1,15.4,0.0,1.0,0.0,2.9,4.2
4,20241001,7,1,7.0,0.0,0.9,0.0,1.4,4.2
4,20241001,8,1,21.3,0.0,1.1,0.0,4.0,4.2
5,20241001,1,1,5.4,0.0,1.0,0.0,1.2,8.8
5,20241001,2,1,4.5,0.0,1.1,0.0,0.7,8.8
5,20241001,3,1,2.4,0.0,0.9,0.0,0.4,8.8
5,20241001,4,1,2.2,0.0,1.0,0.0,0.3,8.8
5,20241001,5,1,3.4,0.0,1.0,0.0,0.5,8.8
5,20241001,6,1,3.3,0.0,1.1,0.0,0.7,8.8
5,20241001,7,1,1.9,0.0,1.0,0.0,0.3,8.8
5,20241001,8,1,4.0,0.0,1.1,0.0,0.8,8.8
6,20241001,1,1,7.0,0.0,0.9,0.0,1.3,8.6
6,20241001,2,1,5.0,0.0,1.1,0.0,0.9,8.6
6,20241001,3,1,2.6,0.0,1.1,0.0,0.5,8.6
6,20241001,4,1,2.6,0.0,1.0,0.0,0.4,8.6
6,20241001,5,1,3.1,0.0,1.0,0.0,0.6,8.6
6,20241001,6,1,4.4,0.0,1.0,0.0,0.7,8.6
6,20241001,7,1,2.1,0.0,0.9,0.0,0.4,8.6
6,20241001,8,1,4.9,0.0,0.9,0.0,1.0,8.6
7,20241001,1,1,24.2,0.0,1.1,0.0,4.3,5.6
7,20241001,2,1,13.5,0.0,1.0,0.0,2.5,5.6
7,20241001,3,1,7.4,0.0,1.1,0.0,1.5,5.6
7,20241001,4,1,8.0,0.0,0.9,0.0,1.2,5.6
7,20241001,5,1,11.2,0.0,1.1,0.0,2.1,5.6
7,20241001,6,1,11.5,0.0,1.0,0.0,2.3,5.6
7,20241001,7,1,6.4,0.0,1.1,0.0,1.0,5.6
7,20241001,8,1,14.8,0.0,1.0,0.0,2.6,5.6
8,20241001,1,1,9.2,0.0,1.1,0.0,1.5,8.2
8,20241001,2,1,5.5,0.0,0.9,0.0,1.2,8.2
8,20241001,3,1,2.9,0.0,1.1,0.0,0.6,8.2
8,20241001,4,1,3.0,0.0,0.9,0.0,0.6,8.2
8,20241001,5,1,3.7,0.0,1.0,0.0,0.7,8.2
8,20241001,6,1,6.0,0.0,1.0,0.0,0.9,8.2
8,20241001,7,1,2.8,0.0,1.0,0.0,0.4,8.2
8,20241001,8,1,7.1,0.0,1.1,0.0,1.1,8.2
9,20241001,1,1,24.9,0.0,1.0,0.0,4.7,5.2
9,20241001,2,1,17.5,0.0,1.0,0.0,2.9,5.2
9,20241001,3,1,8.8,0.0,0.9,0.0,1.7,5.2
9,20241001,4,1,8.3,0.0,1.0,0.0,1.3,5.2
9,20241001,5,1,13.3,0.0,0.9,0.0,2.3,5.2
9,20241001,6,1,14.0,0.0,0.9,0.0,2.4,5.2
9,20241001,7,1,7.5,0.0,1.1,0.0,1.3,5.2
9,20241001,8,1,19.0,0.0,1.1,0.0,3.2,5.2
10,20241001,1,1,4.4,0.0,1.0,0.0,0.9,9.0
10,20241001,2,1,3.1,0.0,1.0,0.0,0.6,9.0
10,20241001,3,1,1.6,0.0,1.0,0.0,0.3,9.0
10,20241001,4,1,1.4,0.0,0.9,0.0,0.3,9.0
10,20241001,5,1,2.6,0.0,1.1,0.0,0.5,9.0
10,20241001,6,1,3.1,0.0,1.1,0.0,0.5,9.0
10,20241001,7,1,1.1,0.0,0.9,0.0,0.2,9.0
10,20241001,8,1,3.3,0.0,1.1,0.0,0.6,9.0
11,20241001,1,1,33.4,0.0,1.0,0.0,5.5,4.0
11,20241001,2,1,17.5,0.0,1.0,0.0,3.8,4.0
11,20241001,3,1,13.3,0.0,0.9,0.0,2.1,4.0
11,20241001,4,1,9.7,0.0,1.0,0.0,1.8,4.0
11,20241001,5,1,15.4,0.0,1.0,0.0,2.6,4.0
11,20241001,6,1,17.6,0.0,1.0,0.0,3.0,4.0
11,20241001,7,1,9.3,0.0,0.9,0.0,1.4,4.0
11,20241001,8,1,23.2,0.0,1.0,0.0,3.6,4.0
12,20241001,1,1,15.5,0.0,1.0,0.0,2.8,6.6
12,20241001,2,1,9.7,0.0,0.9,0.0,1.8,6.6
12,20241001,3,1,5.8,0.0,0.9,0.0,1.1,6.6
12,20241001,4,1,5.9,0.0,0.9,0.0,1.0,6.6
12,20241001,5,1,8.2,0.0,1.1,0.0,1.5,6.6
12,20241001,6,1,9.8,0.0,0.9,0.0,1.8,6.6
12,20241001,7,1,4.3,0.0,1.0,0.0,0.9,6.6
12,20241001,8,1,12.0,0.0,0.9,0.0,2.3,6.6
13,20241001,1,1,26.3,0.0,1.1,0.0,5.7,3.8
13,20241001,2,1,18.5,0.0,1.1,0.0,3.7,3.8
13,20241001,3,1,12.3,0.0,1.1,0.0,2.3,3.8
13,20241001,4,1,11.1,0.0,0.9,0.0,1.8,3.8
13,20241001,5,1,13.7,0.0,1.0,0.0,3.0,3.8
13,20241001,6,1,20.0,0.0,1.1,0.0,3.2,3.8
13,20241001,7,1,8.0,0.0,1.1,0.0,1.5,3.8
13,20241001,8,1,23.4,0.0,1.0,0.0,4.3,3.8
14,20241001,1,1,27.9,0.0,0.9,0.0,6.2,3.6
14,20241001,2,1,19.0,0.0,1.0,0.0,4.1,3.6
14,20241001,3,1,11.2,0.0,1.0,0.0,2.2,3.6
14,20241001,4,1,11.6,0.0,1.1,0.0,1.9,3.6
14,20241001,5,1,14.9,0.0,1.0,0.0,2.6,3.6
14,20241001,6,1,20.0,0.0,1.0,0.0,3.6,3.6
14,20241001,7,1,9.4,0.0,0.9,0.0,1.7,3.6
14,20241001,8,1,21.0,0.0,1.0,0.0,4.4,3.6
15,20241001,1,1,10.0,0.0,1.1,0.0,1.9,7.8
15,20241001,2,1,8.1,0.0,1.0,0.0,1.3,7.8
15,20241001,3,1,4.4,0.0,0.9,0.0,0.8,7.8
15,20241001,4,1,4.0,0.0,1.1,0.0,0.7,7.8
15,20241001,5,1,6.3,0.0,1.1,0.0,1.1,7.8
15,20241001,6,1,7.6,0.0,1.0,0.0,1.2,7.8
15,20241001,7,1,3.2,0.0,1.0,0.0,0.6,7.8
15,20241001,8,1,8.9,0.0,0.9,0.0,1.5,7.8
16,20241001,1,1,36.9,0.0,0.9,0.0,6.4,2.8
16,20241001,2,1,24.2,0.0,1.0,0.0,4.0,2.8
16,20241001,3,1,12.6,0.0,1.0,0.0,2.6,2.8
16,20241001,4,1,12.9,0.0,1.0,0.0,2.1,2.8
16,20241001,5,1,20.0,0.0,1.1,0.0,3.5,2.8
16,20241001,6,1,18.8,0.0,1.1,0.0,3.6,2.8
16,20241001,7,1,8.9,0.0,1.0,0.0,1.8,2.8
16,20241001,8,1,25.3,0.0,1.0,0.0,4.9,2.8
17,20241001,1,1,13.1,0.0,1.0,0.0,2.6,7.2
17,20241001,2,1,7.9,0.0,1.0,0.0,1.5,7.2
17,20241001,3,1,4.7,0.0,1.1,0.0,1.0,7.2
17,20241001,4,1,4.6,0.0,1.0,0.0,0.8,7.2
17,20241001,5,1,6.1,0.0,1.0,0.0,1.3,7.2
17,20241001,6,1,8.7,0.0,1.0,0.0,1.6,7.2
17,20241001,7,1,3.5,0.0,1.1,0.0,0.8,7.2
17,20241001,8,1,9.2,0.0,0.9,0.0,1.7,7.2
18,20241001,1,1,16.6,0.0,1.1,0.0,2.8,6.8
18,20241001,2,1,9.4,0.0,1.0,0.0,1.9,6.8
18,20241001,3,1,6.1,0.0,1.1,0.0,1.1,6.8
18,20241001,4,1,5.2,0.0,1.1,0.0,0.9,6.8
18,20241001,5,1,8.1,0.0,0.9,0.0,1.6,6.8
18,20241001,6,1,11.0,0.0,1.1,0.0,1.9,6.8
18,20241001,7,1,4.9,0.0,1.1,0.0,0.9,6.8
18,20241001,8,1,11.9,0.0,1.0,0.0,2.1,6.8
19,20241001,1,1,4.3,0.0,1.1,0.0,0.7,9.2
19,20241001,2,1,2.6,0.0,0.9,0.0,0.5,9.2
19,20241001,3,1,1.4,0.0,0.9,0.0,0.3,9.2
19,20241001,4,1,1.2,0.0,1.1,0.0,0.2,9.2
19,20241001,5,1,2.0,0.0,0.9,0.0,0.4,9.2
19,20241001,6,1,2.2,0.0,0.9,0.0,0.5,9.2
19,20241001,7,1,1.0,0.0,1.0,0.0,0.2,9.2
19,20241001,8,1,2.8,0.0,1.1,0.0,0.6,9.2
20,20241001,1,1,2.1,0.0,1.0,0.0,0.4,9.6
20,20241001,2,1,1.3,0.0,1.0,0.0,0.2,9.6
20,20241001,3,1,0.8,0.0,0.9,0.0,0.1,9.6
20,20241001,4,1,0.7,0.0,1.1,0.0,0.1,9.6
20,20241001,5,1,1.1,0.0,1.1,0.0,0.2,9.6
20,20241001,6,1,1.2,0.0,1.0,0.0,0.2,9.6
20,20241001,7,1,0.5,0.0,1.0,0.0,0.1,9.6
20,20241001,8,1,1.5,0.0,0.9,0.0,0.3,9.6
1,20241101,1,1,19.6,0.0,0.9,0.0,3.4,6.5
1,20241101,2,1,11.9,0.0,1.0,0.0,2.0,6.5
1,20241101,3,1,7.0,0.0,1.1,0.0,1.3,6.5
1,20241101,4,1,5.7,0.0,0.9,0.0,1.0,6.5
1,20241101,5,1,9.7,0.0,1.0,0.0,1.5,6.5
1,20241101,6,1,9.9,0.0,1.0,0.0,1.9,6.5
1,20241101,7,1,4.5,0.0,1.1,0.0,0.9,6.5
1,20241101,8,1,12.7,0.0,0.9,0.0,2.3,6.5
2,20241101,1,1,23.6,0.0,0.9,0.0,4.4,5.0
2,20241101,2,1,15.3,0.0,1.1,0.0,2.7,5.0
2,20241101,3,1,9.2,0.0,0.9,0.0,1.8,5.0
2,20241101,4,1,9.4,0.0,1.1,0.0,1.5,5.0
2,20241101,5,1,11.8,0.0,1.1,0.0,2.1,5.0
2,20241101,6,1,14.3,0.0,1.0,0.0,2.9,5.0
2,20241101,7,1,6.6,0.0,1.0,0.0,1.2,5.0
2,20241101,8,1,20.3,0.0,0.9,0.0,3.4,5.0
3,20241101,1,1,31.7,0.0,1.0,0.0,6.4,3.0
3,20241101,2,1,21.3,0.0,1.1,0.0,4.4,3.0
3,20241101,3,1,13.3,0.0,1.0,0.0,2.5,3.0
3,20241101,4,1,12.9,0.0,0.9,0.0,2.1,3.0
3,20241101,5,1,17.8,0.0,0.9,0.0,3.0,3.0
3,20241101,6,1,18.7,0.0,1.1,0.0,3.6,3.0
3,20241101,7,1,9.1,0.0,1.0,0.0,1.8,3.0
3,20241101,8,1,22.7,0.0,1.0,0.0,4.9,3.0
4,20241101,1,1,30.5,0.0,1.1,0.0,5.0,4.2
4,20241101,2,1,20.0,0.0,1.0,0.0,3.1,4.2
4,20241101,3,1,10.8,0.0,0.9,0.0,2.0,4.2
4,20241101,4,1,8.9,0.0,1.0,0.0,1.8,4.2
4,20241101,5,1,14.8,0.0,1.1,0.0,2.4,4.2
4,20241101,6,1,18.0,0.0,1.1,0.0,2.9,4.2
4,20241101,7,1,8.7,0.0,1.1,0.0,1.5,4.2
4,20241101,8,1,19.6,0.0,1.0,0.0,4.0,4.2
5,20241101,1,1,5.4,0.0,0.9,0.0,1.1,8.8
5,20241101,2,1,3.5,0.0,0.9,0.0,0.7,8.8
5,20241101,3,1,2.4,0.0,1.1,0.0,0.4,8.8
5,20241101,4,1,1.7,0.0,0.9,0.0,0.4,8.8
5,20241101,5,1,2.9,0.0,1.0,0.0,0.5,8.8
5,20241101,6,1,3.7,0.0,1.0,0.0,0.7,8.8
5,20241101,7,1,1.7,0.0,0.9,0.0,0.3,8.8
5,20241101,8,1,3.9,0.0,0.9,0.0,0.7,8.8
6,20241101,1,1,6.5,0.0,0.9,0.0,1.3,8.6
6,20241101,2,1,4.9,0.0,1.0,0.0,0.9,8.6
6,20241101,3,1,2.6,0.0,1.1,0.0,0.5,8.6
6,20241101,4,1,2.5,0.0,0.9,0.0,0.5,8.6
6,20241101,5,1,3.3,0.0,0.9,0.0,0.7,8.6
6,20241101,6,1,3.9,0.0,1.0,0.0,0.8,8.6
6,20241101,7,1,2.2,0.0,0.9,0.0,0.3,8.6
6,20241101,8,1,4.5,0.0,0.9,0.0,0.9,8.6
7,20241101,1,1,22.2,0.0,0.9,0.0,4.2,5.6
7,20241101,2,1,15.2,0.0,1.1,0.0,2.4,5.6
7,20241101,3,1,8.6,0.0,0.9,0.0,1.6,5.6
7,20241101,4,1,7.9,0.0,1.0,0.0,1.3,5.6
7,20241101,5,1,9.9,0.0,0.9,0.0,1.8,5.6
7,20241101,6,1,15.2,0.0,1.1,0.0,2.2,5.6
7,20241101,7,1,6.4,0.0,0.9,0.0,1.1,5.6
7,20241101,8,1,17.6,0.0,1.0,0.0,2.7,5.6
8,20241101,1,1,8.1,0.0,1.0,0.0,1.5,8.2
8,20241101,2,1,5.7,0.0,1.1,0.0,1.0,8.2
8,20241101,3,1,3.3,0.0,0.9,0.0,0.6,8.2
8,20241101,4,1,2.9,0.0,1.1,0.0,0.5,8.2
8,20241101,5,1,5.0,0.0,0.9,0.0,0.8,8.2
8,20241101,6,1,5.1,0.0,1.0,0.0,1.0,8.2
8,20241101,7,1,2.5,0.0,1.0,0.0,0.5,8.2
8,20241101,8,1,7.1,0.0,1.0,0.0,1.1,8.2
9,20241101,1,1,20.2,0.0,1.0,0.0,4.3,5.2
9,20241101,2,1,14.3,0.0,1.0,0.0,2.8,5.2
9,20241101,3,1,8.1,0.0,1.1,0.0,1.7,5.2
9,20241101,4,1,8.4,0.0,1.0,0.0,1.3,5.2
9,20241101,5,1,10.6,0.0,1.1,0.0,2.2,5.2
9,20241101,6,1,15.7,0.0,1.0,0.0,2.4,5.2
9,20241101,7,1,6.0,0.0,1.0,0.0,1.1,5.2
9,20241101,8,1,17.1,0.0,0.9,0.0,3.2,5.2
10,20241101,1,1,5.1,0.0,1.0,0.0,0.8,9.0
10,20241101,2,1,3.1,0.0,1.1,0.0,0.6,9.0
10,20241101,3,1,2.1,0.0,0.9,0.0,0.3,9.0
10,20241101,4,1,1.7,0.0,1.1,0.0,0.3,9.0
10,20241101,5,1,2.5,0.0,1.1,0.0,0.4,9.0
10,20241101,6,1,2.7,0.0,1.0,0.0,0.6,9.0
10,20241101,7,1,1.5,0.0,1.0,0.0,0.3,9.0
10,20241101,8,1,3.6,0.0,1.1,0.0,0.6,9.0
11,20241101,1,1,27.6,0.0,1.0,0.0,5.2,4.0
11,20241101,2,1,19.7,0.0,0.9,0.0,3.8,4.0
11,20241101,3,1,10.5,0.0,0.9,0.0,2.3,4.0
11,20241101,4,1,8.8,0.0,1.0,0.0,1.8,4.0
11,20241101,5,1,16.0,0.0,0.9,0.0,2.8,4.0
11,20241101,6,1,18.1,0.0,1.0,0.0,3.5,4.0
11,20241101,7,1,7.4,0.0,1.1,0.0,1.6,4.0
11,20241101,8,1,19.9,0.0,1.1,0.0,3.8,4.0
12,20241101,1,1,15.6,0.0,1.1,0.0,2.8,6.6
12,20241101,2,1,10.6,0.0,1.0,0.0,2.1,6.6
12,20241101,3,1,7.2,0.0,1.1,0.0,1.1,6.6
12,20241101,4,1,6.0,0.0,1.1,0.0,0.9,6.6
12,20241101,5,1,9.0,0.0,1.1,0.0,1.6,6.6
12,20241101,6,1,8.9,0.0,1.1,0.0,2.0,6.6
12,20241101,7,1,4.7,0.0,1.1,0.0,0.8,6.6
12,20241101,8,1,13.1,0.0,1.1,0.0,2.4,6.6
13,20241101,1,1,33.1,0.0,1.0,0.0,5.6,3.8
13,20241101,2,1,20.4,0.0,1.0,0.0,3.5,3.8
13,20241101,3,1,11.4,0.0,1.0,0.0,2.2,3.8
13,20241101,4,1,11.2,0.0,1.1,0.0,2.0,3.8
13,20241101,5,1,17.2,0.0,1.0,0.0,3.0,3.8
13,20241101,6,1,18.4,0.0,1.1,0.0,3.4,3.8
13,20241101,7,1,9.1,0.0,1.1,0.0,1.5,3.8
13,20241101,8,1,20.3,0.0,1.0,0.0,4.1,3.8
14,20241101,1,1,33.3,0.0,1.1,0.0,5.5,3.6
14,20241101,2,1,18.9,0.0,1.1,0.0,3.6,3.6
14,20241101,3,1,12.1,0.0,1.1,0.0,2.2,3.6
14,20241101,4,1,11.9,0.0,1.1,0.0,1.9,3.6
14,20241101,5,1,17.4,0.0,0.9,0.0,2.7,3.6
14,20241101,6,1,17.1,0.0,1.0,0.0,3.5,3.6
14,20241101,7,1,7.7,0.0,0.9,0.0,1.5,3.6
14,20241101,8,1,21.7,0.0,0.9,0.0,4.6,3.6
15,20241101,1,1,10.5,0.0,1.0,0.0,2.1,7.8
15,20241101,2,1,6.6,0.0,1.0,0.0,1.4,7.8
15,20241101,3,1,4.3,0.0,1.1,0.0,0.7,7.8
15,20241101,4,1,4.2,0.0,1.0,0.0,0.6,7.8
15,20241101,5,1,5.5,0.0,0.9,0.0,1.0,7.8
15,20241101,6,1,7.6,0.0,1.1,0.0,1.1,7.8
15,20241101,7,1,3.3,0.0,0.9,0.0,0.5,7.8
15,20241101,8,1,9.0,0.0,1.1,0.0,1.3,7.8
16,20241101,1,1,35.7,0.0,1.1,0.0,6.5,2.8
16,20241101,2,1,21.5,0.0,1.0,0.0,4.2,2.8
16,20241101,3,1,12.1,0.0,1.1,0.0,2.3,2.8
16,20241101,4,1,13.0,0.0,1.1,0.0,2.3,2.8
16,20241101,5,1,15.8,0.0,0.9,0.0,3.0,2.8
16,20241101,6,1,21.5,0.0,1.0,0.0,3.7,2.8
16,20241101,7,1,9.9,0.0,1.0,0.0,1.8,2.8
16,20241101,8,1,26.6,0.0,0.9,0.0,5.1,2.8
17,20241101,1,1,14.7,0.0,1.0,0.0,2.8,7.2
17,20241101,2,1,8.6,0.0,1.1,0.0,1.8,7.2
17,20241101,3,1,5.4,0.0,1.0,0.0,0.9,7.2
17,20241101,4,1,4.7,0.0,0.9,0.0,0.9,7.2
17,20241101,5,1,6.7,0.0,1.1,0.0,1.3,7.2
17,20241101,6,1,7.8,0.0,1.1,0.0,1.5,7.2
17,20241101,7,1,4.3,0.0,0.9,0.0,0.7,7.2
17,20241101,8,1,8.9,0.0,1.1,0.0,1.7,7.2
18,20241101,1,1,17.1,0.0,1.1,0.0,2.8,6.8
18,20241101,2,1,11.9,0.0,1.0,0.0,2.1,6.8
18,20241101,3,1,6.2,0.0,0.9,0.0,1.0,6.8
18,20241101,4,1,5.6,0.0,0.9,0.0,0.9,6.8
18,20241101,5,1,8.7,0.0,1.0,0.0,1.4,6.8
18,20241101,6,1,9.7,0.0,1.1,0.0,1.7,6.8
18,20241101,7,1,4.9,0.0,1.1,0.0,0.7,6.8
18,20241101,8,1,11.1,0.0,1.1,0.0,2.1,6.8
19,20241101,1,1,4.3,0.0,1.1,0.0,0.7,9.2
19,20241101,2,1,2.5,0.0,0.9,0.0,0.5,9.2
19,20241101,3,1,1.3,0.0,0.9,0.0,0.3,9.2
19,20241101,4,1,1.5,0.0,1.1,0.0,0.3,9.2
19,20241101,5,1,1.8,0.0,1.0,0.0,0.4,9.2
19,20241101,6,1,2.5,0.0,1.1,0.0,0.4,9.2
19,20241101,7,1,1.2,0.0,1.0,0.0,0.2,9.2
19,20241101,8,1,2.6,0.0,0.9,0.0,0.5,9.2
20,20241101,1,1,2.2,0.0,1.0,0.0,0.3,9.6
20,20241101,2,1,1.2,0.0,1.0,0.0,0.2,9.6
20,20241101,3,1,0.9,0.0,1.0,0.0,0.1,9.6
20,20241101,4,1,0.7,0.0,0.9,0.0,0.1,9.6
20,20241101,5,1,1.1,0.0,1.1,0.0,0.2,9.6
20,20241101,6,1,1.2,0.0,1.1,0.0,0.2,9.6
20,20241101,7,1,0.6,0.0,0.9,0.0,0.1,9.6
20,20241101,8,1,1.5,0.0,0.9,0.0,0.3,9.6
1,20241201,1,1,17.1,0.0,1.1,0.0,3.0,6.5
1,20241201,2,1,9.9,0.0,1.0,0.0,2.0,6.5
1,20241201,3,1,6.6,0.0,0.9,0.0,1.3,6.5
1,20241201,4,1,5.8,0.0,1.1,0.0,1.1,6.5
1,20241201,5,1,8.6,0.0,1.1,0.0,1.5,6.5
1,20241201,6,1,11.0,0.0,0.9,0.0,1.9,6.5
1,20241201,7,1,4.8,0.0,1.1,0.0,0.9,6.5
1,20241201,8,1,11.1,0.0,1.1,0.0,2.3,6.5
2,20241201,1,1,26.7,0.0,1.0,0.0,4.6,5.0
2,20241201,2,1,16.8,0.0,0.9,0.0,3.2,5.0
2,20241201,3,1,9.6,0.0,1.1,0.0,1.9,5.0
2,20241201,4,1,7.2,0.0,1.0,0.0,1.4,5.0
2,20241201,5,1,11.7,0.0,1.1,0.0,2.1,5.0
2,20241201,6,1,13.3,0.0,1.0,0.0,2.8,5.0
2,20241201,7,1,7.8,0.0,1.1,0.0,1.3,5.0
2,20241201,8,1,19.6,0.0,0.9,0.0,3.3,5.0
3,20241201,1,1,35.6,0.0,1.1,0.0,6.3,3.0
3,20241201,2,1,21.7,0.0,1.0,0.0,3.9,3.0
3,20241201,3,1,13.9,0.0,0.9,0.0,2.5,3.0
3,20241201,4,1,12.8,0.0,0.9,0.0,2.3,3.0
3,20241201,5,1,18.0,0.0,1.0,0.0,3.5,3.0
3,20241201,6,1,22.5,0.0,0.9,0.0,3.5,3.0
3,20241201,7,1,8.8,0.0,1.1,0.0,1.8,3.0
3,20241201,8,1,24.3,0.0,1.0,0.0,4.5,3.0
4,20241201,1,1,31.0,0.0,1.0,0.0,5.4,4.2
4,20241201,2,1,19.0,0.0,1.1,0.0,3.6,4.2
4,20241201,3,1,12.2,0.0,1.1,0.0,2.0,4.2
4,20241201,4,1,8.6,0.0,1.1,0.0,1.6,4.2
4,20241201,5,1,15.6,0.0,1.1,0.0,2.7,4.2
4,20241201,6,1,16.4,0.0,0.9,0.0,3.5,4.2
4,20241201,7,1,8.3,0.0,1.0,0.0,1.4,4.2
4,20241201,8,1,18.1,0.0,1.1,0.0,3.5,4.2
5,20241201,1,1,6.2,0.0,0.9,0.0,1.1,8.8
5,20241201,2,1,3.9,0.0,1.0,0.0,0.7,8.8
5,20241201,3,1,2.4,0.0,1.0,0.0,0.4,8.8
5,20241201,4,1,2.1,0.0,0.9,0.0,0.3,8.8
5,20241201,5,1,2.8,0.0,0.9,0.0,0.5,8.8
5,20241201,6,1,4.0,0.0,0.9,0.0,0.7,8.8
5,20241201,7,1,1.8,0.0,0.9,0.0,0.3,8.8
5,20241201,8,1,4.7,0.0,1.0,0.0,0.8,8.8
6,20241201,1,1,7.0,0.0,1.0,0.0,1.4,8.6
6,20241201,2,1,4.8,0.0,1.1,0.0,0.9,8.6
6,20241201,3,1,2.8,0.0,0.9,0.0,0.5,8.6
6,20241201,4,1,2.1,0.0,1.1,0.0,0.4,8.6
6,20241201,5,1,3.3,0.0,0.9,0.0,0.7,8.6
6,20241201,6,1,4.6,0.0,1.1,0.0,0.7,8.6
6,20241201,7,1,1.9,0.0,0.9,0.0,0.3,8.6
6,20241201,8,1,4.8,0.0,1.0,0.0,1.0,8.6
7,20241201,1,1,24.2,0.0,1.0,0.0,3.6,5.6
7,20241201,2,1,16.5,0.0,1.0,0.0,2.9,5.6
7,20241201,3,1,9.3,0.0,0.9,0.0,1.6,5.6
7,20241201,4,1,6.5,0.0,1.0,0.0,1.2,5.6
7,20241201,5,1,11.7,0.0,1.1,0.0,2.1,5.6
7,20241201,6,1,11.4,0.0,1.0,0.0,2.5,5.6
7,20241201,7,1,6.2,0.0,0.9,0.0,1.1,5.6
7,20241201,8,1,13.9,0.0,1.1,0.0,3.1,5.6
8,20241201,1,1,8.4,0.0,0.9,0.0,1.6,8.2
8,20241201,2,1,6.4,0.0,0.9,0.0,1.0,8.2
8,20241201,3,1,3.3,0.0,0.9,0.0,0.6,8.2
8,20241201,4,1,3.3,0.0,1.0,0.0,0.5,8.2
8,20241201,5,1,4.1,0.0,0.9,0.0,0.7,8.2
8,20241201,6,1,5.5,0.0,1.1,0.0,1.1,8.2
8,20241201,7,1,2.3,0.0,0.9,0.0,0.4,8.2
8,20241201,8,1,5.9,0.0,1.1,0.0,1.2,8.2
9,20241201,1,1,24.3,0.0,1.1,0.0,4.4,5.2
9,20241201,2,1,14.4,0.0,1.0,0.0,2.7,5.2
9,20241201,3,1,8.6,0.0,1.1,0.0,1.6,5.2
9,20241201,4,1,7.6,0.0,1.0,0.0,1.3,5.2
9,20241201,5,1,11.3,0.0,1.1,0.0,2.2,5.2
9,20241201,6,1,14.7,0.0,0.9,0.0,2.6,5.2
9,20241201,7,1,6.2,0.0,0.9,0.0,1.1,5.2
9,20241201,8,1,18.4,0.0,0.9,0.0,2.9,5.2
10,20241201,1,1,4.2,0.0,1.0,0.0,0.8,9.0
10,20241201,2,1,2.9,0.0,0.9,0.0,0.6,9.0
10,20241201,3,1,2.1,0.0,1.0,0.0,0.3,9.0
10,20241201,4,1,1.5,0.0,1.1,0.0,0.3,9.0
10,20241201,5,1,2.3,0.0,1.1,0.0,0.4,9.0
10,20241201,6,1,3.3,0.0,1.0,0.0,0.5,9.0
10,20241201,7,1,1.3,0.0,0.9,0.0,0.2,9.0
10,20241201,8,1,3.5,0.0,1.1,0.0,0.7,9.0
11,20241201,1,1,30.3,0.0,0.9,0.0,5.0,4.0
11,20241201,2,1,16.9,0.0,1.0,0.0,3.7,4.0
11,20241201,3,1,12.5,0.0,1.1,0.0,1.9,4.0
11,20241201,4,1,8.7,0.0,0.9,0.0,1.9,4.0
11,20241201,5,1,16.3,0.0,1.0,0.0,2.9,4.0
11,20241201,6,1,18.2,0.0,1.1,0.0,3.1,4.0
11,20241201,7,1,9.1,0.0,1.0,0.0,1.5,4.0
11,20241201,8,1,20.7,0.0,1.0,0.0,4.2,4.0
12,20241201,1,1,16.3,0.0,1.1,0.0,3.0,6.6
12,20241201,2,1,12.5,0.0,1.0,0.0,2.0,6.6
12,20241201,3,1,6.2,0.0,1.0,0.0,1.1,6.6
12,20241201,4,1,4.8,0.0,0.9,0.0,1.0,6.6
12,20241201,5,1,8.4,0.0,0.9,0.0,1.6,6.6
12,20241201,6,1,9.9,0.0,0.9,0.0,1.7,6.6
12,20241201,7,1,4.4,0.0,0.9,0.0,0.9,6.6
12,20241201,8,1,13.8,0.0,1.1,0.0,2.2,6.6
13,20241201,1,1,28.3,0.0,0.9,0.0,5.3,3.8
13,20241201,2,1,20.4,0.0,1.1,0.0,4.0,3.8
13,20241201,3,1,11.1,0.0,0.9,0.0,2.0,3.8
13,20241201,4,1,9.8,0.0,1.0,0.0,1.7,3.8
13,20241201,5,1,15.5,0.0,1.1,0.0,2.8,3.8
13,20241201,6,1,20.0,0.0,1.1,0.0,3.1,3.8
13,20241201,7,1,7.8,0.0,0.9,0.0,1.7,3.8
13,20241201,8,1,20.7,0.0,1.0,0.0,4.4,3.8
14,20241201,1,1,35.9,0.0,0.9,0.0,6.0,3.6
14,20241201,2,1,19.1,0.0,0.9,0.0,4.2,3.6
14,20241201,3,1,11.8,0.0,0.9,0.0,2.3,3.6
14,20241201,4,1,11.2,0.0,0.9,0.0,1.8,3.6
14,20241201,5,1,13.9,0.0,1.1,0.0,2.9,3.6
14,20241201,6,1,17.5,0.0,1.0,0.0,3.8,3.6
14,20241201,7,1,10.0,0.0,1.0,0.0,1.7,3.6
14,20241201,8,1,26.0,0.0,1.1,0.0,4.1,3.6
15,20241201,1,1,11.1,0.0,1.1,0.0,2.1,7.8
15,20241201,2,1,7.2,0.0,1.1,0.0,1.3,7.8
15,20241201,3,1,4.6,0.0,1.0,0.0,0.8,7.8
15,20241201,4,1,3.7,0.0,1.1,0.0,0.6,7.8
15,20241201,5,1,4.8,0.0,1.1,0.0,1.0,7.8
15,20241201,6,1,6.7,0.0,1.1,0.0,1.2,7.8
15,20241201,7,1,3.5,0.0,0.9,0.0,0.6,7.8
15,20241201,8,1,8.7,0.0,1.0,0.0,1.5,7.8
16,20241201,1,1,30.5,0.0,1.0,0.0,6.9,2.8
16,20241201,2,1,24.4,0.0,1.0,0.0,4.4,2.8
16,20241201,3,1,14.2,0.0,0.9,0.0,2.7,2.8
16,20241201,4,1,12.4,0.0,1.1,0.0,2.3,2.8
16,20241201,5,1,16.0,0.0,0.9,0.0,3.0,2.8
16,20241201,6,1,21.5,0.0,1.1,0.0,4.1,2.8
16,20241201,7,1,10.7,0.0,1.1,0.0,1.9,2.8
16,20241201,8,1,24.2,0.0,0.9,0.0,4.9,2.8
17,20241201,1,1,15.3,0.0,0.9,0.0,2.7,7.2
17,20241201,2,1,9.8,0.0,1.0,0.0,1.8,7.2
17,20241201,3,1,6.1,0.0,1.0,0.0,1.0,7.2
17,20241201,4,1,4.6,0.0,1.0,0.0,0.8,7.2
17,20241201,5,1,6.6,0.0,1.1,0.0,1.3,7.2
17,20241201,6,1,9.7,0.0,0.9,0.0,1.5,7.2
17,20241201,7,1,4.3,0.0,1.0,0.0,0.7,7.2
17,20241201,8,1,11.0,0.0,1.1,0.0,1.7,7.2
18,20241201,1,1,16.7,0.0,1.0,0.0,2.9,6.8
18,20241201,2,1,9.2,0.0,1.1,0.0,1.7,6.8
18,20241201,3,1,5.6,0.0,0.9,0.0,1.1,6.8
18,20241201,4,1,6.0,0.0,1.1,0.0,0.9,6.8
18,20241201,5,1,7.3,0.0,1.1,0.0,1.3,6.8
18,20241201,6,1,10.8,0.0,1.1,0.0,1.6,6.8
18,20241201,7,1,4.4,0.0,0.9,0.0,0.8,6.8
18,20241201,8,1,11.6,0.0,1.0,0.0,2.0,6.8
19,20241201,1,1,3.6,0.0,0.9,0.0,0.7,9.2
19,20241201,2,1,2.4,0.0,1.1,0.0,0.5,9.2
19,20241201,3,1,1.8,0.0,0.9,0.0,0.3,9.2
19,20241201,4,1,1.4,0.0,1.0,0.0,0.3,9.2
19,20241201,5,1,2.2,0.0,0.9,0.0,0.4,9.2
19,20241201,6,1,2.1,0.0,0.9,0.0,0.4,9.2
19,20241201,7,1,1.0,0.0,1.0,0.0,0.2,9.2
19,20241201,8,1,2.9,0.0,1.1,0.0,0.5,9.2
20,20241201,1,1,2.0,0.0,1.1,0.0,0.3,9.6
20,20241201,2,1,1.2,0.0,0.9,0.0,0.3,9.6
20,20241201,3,1,0.8,0.0,1.0,0.0,0.1,9.6
20,20241201,4,1,0.7,0.0,1.1,0.0,0.1,9.6
20,20241201,5,1,0.9,0.0,1.0,0.0,0.2,9.6
20,20241201,6,1,1.1,0.0,1.1,0.0,0.2,9.6
20,20241201,7,1,0.6,0.0,1.1,0.0,0.1,9.6
20,20241201,8,1,1.4,0.0,1.1,0.0,0.3,9.6
1,20250101,1,2,20.8,1.2,6.8,3.93,4.8,7.1
1,20250101,2,2,17.6,0.7,4.9,2.65,3.0,7.1
1,20250101,3,2,8.6,0.5,3.4,1.33,1.6,7.1
1,20250101,4,2,9.0,0.3,2.9,1.21,1.5,7.1
1,20250101,5,2,10.7,0.5,4.4,2.04,2.2,7.1
1,20250101,6,2,15.9,0.7,4.3,2.27,2.8,7.1
1,20250101,7,2,7.3,0.3,2.2,1.08,1.3,7.1
1,20250101,8,2,19.1,0.8,5.1,2.79,3.1,7.1
2,20250101,1,2,36.2,0.3,10.5,4.81,6.4,5.6
2,20250101,2,2,22.2,0.2,6.8,3.42,4.0,5.6
2,20250101,3,2,13.1,0.1,3.9,1.97,2.3,5.6
2,20250101,4,2,13.1,0.1,3.8,1.73,1.9,5.6
2,20250101,5,2,18.3,0.2,5.9,2.26,3.3,5.6
2,20250101,6,2,19.3,0.2,6.6,3.19,4.2,5.6
2,20250101,7,2,10.7,0.1,3.5,1.38,1.7,5.6
2,20250101,8,2,22.6,0.3,9.2,3.35,4.5,5.6
3,20250101,1,2,55.1,0.5,16.4,7.5,8.5,3.6
3,20250101,2,2,30.5,0.3,10.5,4.65,5.9,3.6
3,20250101,3,2,16.9,0.2,6.3,3.03,3.5,3.6
3,20250101,4,2,16.4,0.2,4.9,2.54,3.3,3.6
3,20250101,5,2,27.1,0.2,7.2,3.38,4.1,3.6
3,20250101,6,2,33.5,0.3,9.3,4.69,5.7,3.6
3,20250101,7,2,12.1,0.1,4.4,2.11,2.4,3.6
3,20250101,8,2,39.8,0.4,11.3,4.87,6.8,3.6
4,20250101,1,2,43.1,0.2,11.6,5.63,7.1,4.8
4,20250101,2,2,29.9,0.1,8.3,3.61,4.7,4.8
4,20250101,3,2,17.2,0.1,4.5,2.47,3.1,4.8
4,20250101,4,2,11.4,0.1,4.0,1.85,2.6,4.8
4,20250101,5,2,21.7,0.1,5.7,2.79,3.4,4.8
4,20250101,6,2,21.4,0.1,8.0,3.23,4.4,4.8
4,20250101,7,2,10.6,0.0,3.8,1.78,2.0,4.8
4,20250101,8,2,26.9,0.1,10.1,5.26,5.6,4.8
5,20250101,1,2,8.2,0.0,2.7,1.09,1.7,9.4
5,20250101,2,2,5.9,0.0,1.7,0.98,1.0,9.4
5,20250101,3,2,3.0,0.0,1.1,0.45,0.6,9.4
5,20250101,4,2,2.9,0.0,0.9,0.47,0.5,9.4
5,20250101,5,2,3.6,0.0,1.5,0.7,0.8,9.4
5,20250101,6,2,5.5,0.0,1.9,0.65,0.9,9.4
5,20250101,7,2,2.3,0.0,0.9,0.41,0.4,9.4
5,20250101,8,2,6.3,0.0,2.0,0.89,1.0,9.4
6,20250101,1,2,9.1,0.0,3.3,1.83,1.7,9.2
6,20250101,2,2,6.1,0.0,1.9,1.1,1.2,9.2
6,20250101,3,2,3.4,0.0,1.1,0.58,0.8,9.2
6,20250101,4,2,3.4,0.0,1.0,0.5,0.6,9.2
6,20250101,5,2,5.2,0.0,1.4,0.75,0.9,9.2
6,20250101,6,2,5.8,0.0,1.8,0.91,1.0,9.2
6,20250101,7,2,3.0,0.0,1.1,0.4,0.5,9.2
6,20250101,8,2,7.2,0.0,2.1,1.16,1.2,9.2
7,20250101,1,2,26.1,0.0,11.4,3.94,5.3,6.2
7,20250101,2,2,17.5,0.0,5.8,3.13,3.5,6.2
7,20250101,3,2,13.3,0.0,3.9,2.13,2.0,6.2
7,20250101,4,2,9.5,0.0,3.4,1.74,1.9,6.2
7,20250101,5,2,14.5,0.0,4.7,2.21,2.9,6.2
7,20250101,6,2,16.3,0.0,5.6,2.46,3.4,6.2
7,20250101,7,2,8.9,0.0,2.4,1.13,1.6,6.2
7,20250101,8,2,21.2,0.0,6.3,2.93,4.3,6.2
8,20250101,1,2,12.1,0.0,4.1,2.2,2.2,8.8
8,20250101,2,2,7.7,0.0,2.7,1.4,1.6,8.8
8,20250101,3,2,4.4,0.0,1.4,0.83,0.8,8.8
8,20250101,4,2,4.4,0.0,1.2,0.74,0.7,8.8
8,20250101,5,2,6.1,0.0,1.8,1.11,1.0,8.8
8,20250101,6,2,8.6,0.0,2.3,1.23,1.4,8.8
8,20250101,7,2,3.5,0.0,1.1,0.5,0.6,8.8
8,20250101,8,2,9.5,0.0,3.0,1.49,1.6,8.8
9,20250101,1,2,35.7,0.0,10.4,5.2,6.6,5.8
9,20250101,2,2,25.5,0.0,6.6,3.68,4.1,5.8
9,20250101,3,2,12.8,0.0,3.9,2.27,2.4,5.8
9,20250101,4,2,10.5,0.0,3.5,1.93,1.8,5.8
9,20250101,5,2,18.7,0.0,5.9,2.65,3.2,5.8
9,20250101,6,2,20.2,0.0,6.5,3.63,3.9,5.8
9,20250101,7,2,8.5,0.0,3.0,1.43,1.5,5.8
9,20250101,8,2,26.9,0.0,7.7,3.44,4.7,5.8
10,20250101,1,2,7.1,0.0,2.3,0.92,1.2,9.6
10,20250101,2,2,4.6,0.0,1.4,0.74,0.9,9.6
10,20250101,3,2,2.9,0.0,1.1,0.37,0.4,9.6
10,20250101,4,2,2.4,0.0,1.0,0.35,0.4,9.6
10,20250101,5,2,3.1,0.0,1.1,0.45,0.6,9.6
10,20250101,6,2,4.1,0.0,1.5,0.68,0.7,9.6
10,20250101,7,2,1.8,0.0,0.9,0.32,0.3,9.6
10,20250101,8,2,5.4,0.0,1.5,0.87,1.0,9.6
11,20250101,1,2,36.3,0.0,12.8,6.05,7.2,4.6
11,20250101,2,2,29.7,0.0,8.1,4.17,4.6,4.6
11,20250101,3,2,14.4,0.0,5.9,2.78,3.2,4.6
11,20250101,4,2,14.2,0.0,4.9,2.08,2.4,4.6
11,20250101,5,2,20.6,0.0,7.2,3.11,4.1,4.6
11,20250101,6,2,28.4,0.0,7.1,3.7,4.2,4.6
11,20250101,7,2,11.1,0.0,3.6,1.73,2.0,4.6
11,20250101,8,2,31.4,0.0,11.0,5.32,6.0,4.6
12,20250101,1,2,26.6,0.0,8.4,3.89,4.3,7.2
12,20250101,2,2,16.4,0.0,5.6,2.34,2.6,7.2
12,20250101,3,2,8.3,0.0,2.6,1.59,1.7,7.2
12,20250101,4,2,6.9,0.0,2.9,1.2,1.3,7.2
12,20250101,5,2,10.1,0.0,3.6,1.56,1.9,7.2
12,20250101,6,2,14.3,0.0,4.9,2.19,2.5,7.2
12,20250101,7,2,5.7,0.0,2.0,1.04,1.3,7.2
12,20250101,8,2,15.2,0.0,4.9,2.65,3.3,7.2
13,20250101,1,2,37.9,0.1,13.6,7.48,8.0,4.4
13,20250101,2,2,30.3,0.1,8.4,4.96,5.0,4.4
13,20250101,3,2,15.5,0.0,5.4,2.52,2.8,4.4
13,20250101,4,2,16.1,0.0,4.3,2.47,2.6,4.4
13,20250101,5,2,18.5,0.0,7.4,3.34,3.9,4.4
13,20250101,6,2,28.0,0.1,7.7,4.59,4.5,4.4
13,20250101,7,2,13.1,0.0,3.6,1.84,2.2,4.4
13,20250101,8,2,35.1,0.1,9.3,5.38,5.8,4.4
14,20250101,1,2,48.3,0.1,13.2,8.13,8.1,4.2
14,20250101,2,2,31.5,0.0,8.9,4.69,5.7,4.2
14,20250101,3,2,19.7,0.0,6.0,2.69,3.2,4.2
14,20250101,4,2,15.2,0.0,5.4,2.03,2.7,4.2
14,20250101,5,2,23.0,0.0,6.5,3.94,4.3,4.2
14,20250101,6,2,23.6,0.0,9.2,3.54,5.1,4.2
14,20250101,7,2,12.1,0.0,4.4,1.93,2.3,4.2
14,20250101,8,2,32.4,0.0,10.3,5.03,6.0,4.2
15,20250101,1,2,15.0,0.0,4.6,2.27,3.0,8.4
15,20250101,2,2,11.4,0.0,3.2,1.7,1.9,8.4
15,20250101,3,2,6.8,0.0,2.2,0.87,1.2,8.4
15,20250101,4,2,4.5,0.0,1.9,0.91,0.9,8.4
15,20250101,5,2,8.5,0.0,2.2,1.21,1.4,8.4
15,20250101,6,2,8.3,0.0,2.8,1.46,1.8,8.4
15,20250101,7,2,3.7,0.0,1.6,0.57,0.8,8.4
15,20250101,8,2,12.0,0.0,3.3,1.61,2.0,8.4
16,20250101,1,2,46.0,0.0,14.3,6.5,9.1,3.4
16,20250101,2,2,32.8,0.0,11.8,5.93,6.6,3.4
16,20250101,3,2,19.5,0.0,5.4,3.42,3.3,3.4
16,20250101,4,2,14.4,0.0,4.9,2.78,2.9,3.4
16,20250101,5,2,22.8,0.0,8.4,4.12,4.3,3.4
16,20250101,6,2,26.7,0.0,8.7,5.1,6.0,3.4
16,20250101,7,2,13.3,0.0,5.0,1.82,2.5,3.4
16,20250101,8,2,38.3,0.0,11.3,4.8,6.8,3.4
17,20250101,1,2,21.4,0.0,6.3,3.37,3.8,7.8
17,20250101,2,2,14.5,0.0,4.7,1.77,2.2,7.8
17,20250101,3,2,8.4,0.0,2.4,1.1,1.4,7.8
17,20250101,4,2,7.1,0.0,2.1,1.11,1.2,7.8
17,20250101,5,2,10.7,0.0,3.1,1.37,1.7,7.8
17,20250101,6,2,11.8,0.0,3.4,2.04,2.1,7.8
17,20250101,7,2,5.7,0.0,1.9,0.91,1.0,7.8
17,20250101,8,2,11.9,0.0,4.3,2.02,2.7,7.8
18,20250101,1,2,20.6,0.0,8.0,2.95,3.8,7.4
18,20250101,2,2,13.8,0.0,4.3,2.24,2.7,7.4
18,20250101,3,2,8.4,0.0,3.1,1.26,1.7,7.4
18,20250101,4,2,6.9,0.0,2.7,1.24,1.4,7.4
18,20250101,5,2,11.8,0.0,3.2,1.9,2.0,7.4
18,20250101,6,2,15.2,0.0,4.7,2.01,2.6,7.4
18,20250101,7,2,7.0,0.0,2.2,0.88,1.2,7.4
18,20250101,8,2,16.1,0.0,5.8,2.59,3.0,7.4
19,20250101,1,2,5.9,0.0,1.9,0.92,1.0,9.8
19,20250101,2,2,3.5,0.0,1.1,0.63,0.6,9.8
19,20250101,3,2,2.3,0.0,1.0,0.28,0.4,9.8
19,20250101,4,2,1.6,0.0,1.1,0.32,0.3,9.8
19,20250101,5,2,2.4,0.0,1.0,0.4,0.5,9.8
19,20250101,6,2,3.7,0.0,0.9,0.51,0.6,9.8
19,20250101,7,2,1.4,0.0,0.9,0.28,0.3,9.8
19,20250101,8,2,4.0,0.0,1.2,0.58,0.7,9.8
20,20250101,1,2,2.5,0.0,1.1,0.45,0.5,10.0
20,20250101,2,2,1.6,0.0,0.9,0.33,0.3,10.0
20,20250101,3,2,1.1,0.0,0.9,0.18,0.2,10.0
20,20250101,4,2,1.0,0.0,1.1,0.15,0.2,10.0
20,20250101,5,2,1.3,0.0,1.1,0.21,0.2,10.0
20,20250101,6,2,1.8,0.0,0.9,0.31,0.3,10.0
20,20250101,7,2,0.7,0.0,0.9,0.11,0.1,10.0
20,20250101,8,2,1.8,0.0,1.1,0.35,0.3,10.0
1,20250201,1,2,26.3,1.1,8.6,3.79,4.3,7.1
1,20250201,2,2,15.4,0.9,5.8,2.38,2.7,7.1
1,20250201,3,2,10.7,0.4,2.8,1.65,1.9,7.1
1,20250201,4,2,8.4,0.3,2.3,1.46,1.6,7.1
1,20250201,5,2,11.3,0.5,4.2,1.63,2.2,7.1
1,20250201,6,2,14.8,0.7,5.2,2.57,2.8,7.1
1,20250201,7,2,7.0,0.4,2.3,1.11,1.2,7.1
1,20250201,8,2,20.1,0.7,5.9,2.29,3.4,7.1
2,20250201,1,2,29.2,0.3,11.2,5.86,6.4,5.6
2,20250201,2,2,22.4,0.2,7.9,3.96,4.5,5.6
2,20250201,3,2,11.8,0.2,4.6,1.87,2.3,5.6
2,20250201,4,2,11.0,0.1,3.5,1.94,2.0,5.6
2,20250201,5,2,19.4,0.2,5.2,3.07,3.1,5.6
2,20250201,6,2,20.4,0.3,7.0,3.78,4.0,5.6
2,20250201,7,2,10.1,0.1,3.1,1.52,1.8,5.6
2,20250201,8,2,28.4,0.3,9.2,3.41,4.7,5.6
3,20250201,1,2,50.8,0.5,15.9,6.81,8.1,3.6
3,20250201,2,2,36.2,0.4,10.4,5.86,5.9,3.6
3,20250201,3,2,19.8,0.2,6.1,3.21,3.4,3.6
3,20250201,4,2,14.9,0.2,5.7,2.4,3.1,3.6
3,20250201,5,2,21.1,0.2,8.9,3.82,4.3,3.6
3,20250201,6,2,26.3,0.3,9.4,5.01,5.6,3.6
3,20250201,7,2,14.9,0.2,4.3,1.86,2.3,3.6
3,20250201,8,2,33.4,0.4,11.3,4.92,6.6,3.6
4,20250201,1,2,37.9,0.2,14.5,6.34,7.9,4.8
4,20250201,2,2,30.4,0.1,9.0,3.61,5.1,4.8
4,20250201,3,2,16.8,0.1,4.4,2.74,3.0,4.8
4,20250201,4,2,12.5,0.0,4.0,1.94,2.6,4.8
4,20250201,5,2,17.5,0.1,6.5,3.39,3.4,4.8
4,20250201,6,2,26.4,0.1,8.2,3.52,4.5,4.8
4,20250201,7,2,9.7,0.1,3.3,1.98,2.1,4.8
4,20250201,8,2,32.5,0.1,10.7,4.94,4.9,4.8
5,20250201,1,2,8.9,0.0,2.5,1.28,1.6,9.4
5,20250201,2,2,4.8,0.0,1.9,0.91,1.1,9.4
5,20250201,3,2,3.6,0.0,1.1,0.52,0.5,9.4
5,20250201,4,2,2.8,0.0,1.0,0.5,0.5,9.4
5,20250201,5,2,4.7,0.0,1.2,0.55,0.8,9.4
5,20250201,6,2,4.9,0.0,1.8,0.7,0.9,9.4
5,20250201,7,2,2.0,0.0,0.9,0.36,0.4,9.4
5,20250201,8,2,6.1,0.0,2.1,1.04,1.1,9.4
6,20250201,1,2,8.7,0.0,3.6,1.43,2.0,9.2
6,20250201,2,2,6.0,0.0,2.2,0.97,1.3,9.2
6,20250201,3,2,4.2,0.0,1.3,0.68,0.8,9.2
6,20250201,4,2,3.8,0.0,1.2,0.44,0.6,9.2
6,20250201,5,2,4.7,0.0,1.7,0.73,1.0,9.2
6,20250201,6,2,5.8,0.0,1.9,0.87,1.1,9.2
6,20250201,7,2,3.0,0.0,0.9,0.5,0.5,9.2
6,20250201,8,2,6.8,0.0,2.6,1.02,1.3,9.2
7,20250201,1,2,32.4,0.0,8.7,4.59,6.0,6.2
7,20250201,2,2,18.8,0.0,7.4,3.14,4.0,6.2
7,20250201,3,2,10.2,0.0,3.9,1.84,2.2,6.2
7,20250201,4,2,9.4,0.0,3.4,1.44,1.8,6.2
7,20250201,5,2,16.0,0.0,4.7,2.8,3.0,6.2
7,20250201,6,2,18.9,0.0,5.8,2.46,3.3,6.2
7,20250201,7,2,8.9,0.0,2.5,1.21,1.4,6.2
7,20250201,8,2,23.6,0.0,7.7,3.11,4.4,6.2
8,20250201,1,2,13.0,0.0,3.9,1.95,2.2,8.8
8,20250201,2,2,8.3,0.0,2.6,1.41,1.4,8.8
8,20250201,3,2,5.4,0.0,1.5,0.68,0.8,8.8
8,20250201,4,2,4.2,0.0,1.5,0.7,0.7,8.8
8,20250201,5,2,6.5,0.0,2.1,0.81,1.0,8.8
8,20250201,6,2,7.5,0.0,2.2,1.25,1.4,8.8
8,20250201,7,2,3.0,0.0,1.0,0.45,0.6,8.8
8,20250201,8,2,7.5,0.0,2.8,1.39,1.5,8.8
9,20250201,1,2,30.3,0.0,10.1,5.14,5.9,5.8
9,20250201,2,2,19.9,0.0,6.3,3.12,4.1,5.8
9,20250201,3,2,14.7,0.0,3.8,1.85,2.2,5.8
9,20250201,4,2,9.6,0.0,3.5,1.72,2.2,5.8
9,20250201,5,2,17.2,0.0,5.5,2.21,3.2,5.8
9,20250201,6,2,18.7,0.0,6.7,3.13,3.6,5.8
9,20250201,7,2,9.3,0.0,2.9,1.28,1.8,5.8
9,20250201,8,2,23.0,0.0,8.0,3.31,4.7,5.8
10,20250201,1,2,6.3,0.0,2.0,0.89,1.3,9.6
10,20250201,2,2,3.8,0.0,1.5,0.63,0.8,9.6
10,20250201,3,2,2.9,0.0,0.9,0.46,0.4,9.6
10,20250201,4,2,2.0,0.0,1.1,0.38,0.4,9.6
10,20250201,5,2,3.7,0.0,1.2,0.43,0.6,9.6
10,20250201,6,2,4.3,0.0,1.5,0.58,0.7,9.6
10,20250201,7,2,1.6,0.0,1.1,0.32,0.4,9.6
10,20250201,8,2,4.1,0.0,1.4,0.88,0.8,9.6
11,20250201,1,2,40.3,0.0,13.9,6.4,7.1,4.6
11,20250201,2,2,24.9,0.0,10.0,4.16,5.0,4.6
11,20250201,3,2,18.5,0.0,5.7,2.17,3.2,4.6
11,20250201,4,2,12.2,0.0,4.5,2.51,2.5,4.6
11,20250201,5,2,22.7,0.0,6.2,3.79,3.9,4.6
11,20250201,6,2,26.8,0.0,8.4,3.48,4.8,4.6
11,20250201,7,2,10.7,0.0,3.6,2.07,2.3,4.6
11,20250201,8,2,30.2,0.0,10.1,5.2,5.2,4.6
12,20250201,1,2,20.4,0.0,7.5,3.76,4.3,7.2
12,20250201,2,2,16.3,0.0,4.7,2.39,2.8,7.2
12,20250201,3,2,8.7,0.0,2.6,1.31,1.6,7.2
12,20250201,4,2,7.8,0.0,2.7,1.23,1.5,7.2
12,20250201,5,2,11.4,0.0,3.8,2.11,2.3,7.2
12,20250201,6,2,12.7,0.0,4.1,2.41,2.6,7.2
12,20250201,7,2,6.2,0.0,2.0,0.86,1.1,7.2
12,20250201,8,2,16.3,0.0,4.7,2.24,3.2,7.2
13,20250201,1,2,44.3,0.1,16.0,7.2,8.3,4.4
13,20250201,2,2,26.9,0.1,8.1,4.72,5.1,4.4
13,20250201,3,2,18.0,0.0,6.0,2.8,3.2,4.4
13,20250201,4,2,16.5,0.0,5.2,1.88,2.4,4.4
13,20250201,5,2,24.2,0.0,7.3,3.32,4.3,4.4
13,20250201,6,2,27.9,0.1,9.7,3.39,5.2,4.4
13,20250201,7,2,12.3,0.0,4.4,1.74,2.0,4.4
13,20250201,8,2,29.6,0.1,10.1,4.76,5.7,4.4
14,20250201,1,2,38.5,0.1,16.0,6.13,8.7,4.2
14,20250201,2,2,28.0,0.0,8.3,4.85,5.5,4.2
14,20250201,3,2,15.5,0.0,6.0,2.23,2.9,4.2
14,20250201,4,2,12.9,0.0,5.3,2.49,2.5,4.2
14,20250201,5,2,20.3,0.0,8.0,3.58,3.9,4.2
14,20250201,6,2,25.1,0.0,7.8,3.63,4.8,4.2
14,20250201,7,2,10.7,0.0,4.0,2.14,2.3,4.2
14,20250201,8,2,34.7,0.0,9.2,5.05,5.8,4.2
15,20250201,1,2,14.3,0.0,4.8,2.65,3.1,8.4
15,20250201,2,2,11.3,0.0,2.9,1.87,1.7,8.4
15,20250201,3,2,5.2,0.0,1.8,0.78,1.0,8.4
15,20250201,4,2,5.7,0.0,1.8,0.95,1.0,8.4
15,20250201,5,2,8.9,0.0,2.2,1.3,1.4,8.4
15,20250201,6,2,9.2,0.0,3.5,1.74,1.8,8.4
15,20250201,7,2,4.6,0.0,1.2,0.72,0.7,8.4
15,20250201,8,2,11.7,0.0,4.1,1.51,2.2,8.4
16,20250201,1,2,45.2,0.0,17.5,7.61,9.6,3.4
16,20250201,2,2,28.5,0.0,10.9,6.09,5.7,3.4
16,20250201,3,2,20.3,0.0,7.2,3.43,3.9,3.4
16,20250201,4,2,14.5,0.0,5.9,2.75,2.8,3.4
16,20250201,5,2,25.9,0.0,7.1,4.35,4.2,3.4
16,20250201,6,2,31.2,0.0,9.5,5.54,5.0,3.4
16,20250201,7,2,13.6,0.0,4.1,2.24,2.5,3.4
16,20250201,8,2,33.6,0.0,11.2,5.84,5.9,3.4
17,20250201,1,2,17.0,0.0,7.2,3.04,3.4,7.8
17,20250201,2,2,12.6,0.0,4.2,2.12,2.4,7.8
17,20250201,3,2,7.2,0.0,2.7,1.32,1.4,7.8
17,20250201,4,2,5.8,0.0,2.1,1.16,1.3,7.8
17,20250201,5,2,9.2,0.0,3.4,1.49,1.8,7.8
17,20250201,6,2,11.8,0.0,4.4,2.12,2.1,7.8
17,20250201,7,2,5.0,0.0,1.7,0.71,1.0,7.8
17,20250201,8,2,12.5,0.0,4.5,1.9,2.5,7.8
18,20250201,1,2,19.2,0.0,7.4,3.6,4.1,7.4
18,20250201,2,2,12.8,0.0,5.3,1.93,2.7,7.4
18,20250201,3,2,7.9,0.0,2.4,1.52,1.5,7.4
18,20250201,4,2,8.2,0.0,2.6,1.29,1.3,7.4
18,20250201,5,2,12.4,0.0,3.3,1.51,2.0,7.4
18,20250201,6,2,15.1,0.0,4.9,2.29,2.2,7.4
18,20250201,7,2,5.8,0.0,2.0,0.97,1.2,7.4
18,20250201,8,2,14.1,0.0,5.6,2.39,2.8,7.4
19,20250201,1,2,6.3,0.0,1.9,0.96,1.0,9.8
19,20250201,2,2,4.0,0.0,1.2,0.51,0.7,9.8
19,20250201,3,2,2.1,0.0,1.0,0.39,0.4,9.8
19,20250201,4,2,1.7,0.0,1.1,0.3,0.3,9.8
19,20250201,5,2,3.0,0.0,1.0,0.4,0.5,9.8
19,20250201,6,2,3.4,0.0,1.0,0.5,0.6,9.8
19,20250201,7,2,1.7,0.0,1.1,0.26,0.3,9.8
19,20250201,8,2,4.0,0.0,1.1,0.71,0.8,9.8
20,20250201,1,2,2.8,0.0,1.0,0.49,0.5,10.0
20,20250201,2,2,1.8,0.0,1.0,0.27,0.3,10.0
20,20250201,3,2,1.1,0.0,1.0,0.17,0.2,10.0
20,20250201,4,2,0.9,0.0,1.0,0.13,0.2,10.0
20,20250201,5,2,1.3,0.0,1.0,0.21,0.2,10.0
20,20250201,6,2,1.6,0.0,1.1,0.29,0.3,10.0
20,20250201,7,2,0.8,0.0,1.0,0.11,0.2,10.0
20,20250201,8,2,1.7,0.0,1.0,0.3,0.4,10.0
1,20250301,1,2,21.1,1.2,6.8,3.78,4.6,7.1
1,20250301,2,2,13.9,0.7,5.8,2.28,2.9,7.1
1,20250301,3,2,8.5,0.4,3.5,1.22,1.6,7.1
1,20250301,4,2,7.0,0.4,3.0,1.49,1.4,7.1
1,20250301,5,2,13.2,0.6,4.5,2.02,2.4,7.1
1,20250301,6,2,12.7,0.8,5.5,2.0,2.8,7.1
1,20250301,7,2,7.1,0.3,2.2,0.91,1.2,7.1
1,20250301,8,2,16.2,1.0,6.5,2.89,3.4,7.1
2,20250301,1,2,32.7,0.4,10.9,5.17,5.8,5.6
2,20250301,2,2,24.9,0.2,8.2,3.12,3.8,5.6
2,20250301,3,2,11.4,0.1,4.2,1.95,2.5,5.6
2,20250301,4,2,11.7,0.1,4.3,1.81,2.3,5.6
2,20250301,5,2,19.7,0.1,5.8,2.31,3.4,5.6
2,20250301,6,2,22.9,0.2,6.4,3.0,4.1,5.6
2,20250301,7,2,9.4,0.1,3.2,1.47,1.8,5.6
2,20250301,8,2,24.2,0.3,7.1,4.3,4.8,5.6
3,20250301,1,2,48.6,0.6,16.4,6.83,8.9,3.6
3,20250301,2,2,28.2,0.3,10.7,4.29,5.6,3.6
3,20250301,3,2,18.8,0.2,5.5,2.74,3.4,3.6
3,20250301,4,2,17.3,0.2,5.6,2.87,2.7,3.6
3,20250301,5,2,23.6,0.3,8.7,3.73,4.1,3.6
3,20250301,6,2,33.2,0.4,10.6,4.85,5.8,3.6
3,20250301,7,2,15.3,0.1,4.5,2.03,2.6,3.6
3,20250301,8,2,36.9,0.4,13.0,4.99,5.9,3.6
4,20250301,1,2,37.0,0.2,13.9,6.38,6.9,4.8
4,20250301,2,2,27.3,0.1,8.4,4.22,4.8,4.8
4,20250301,3,2,15.6,0.1,5.3,2.27,2.6,4.8
4,20250301,4,2,13.9,0.1,4.9,1.76,2.6,4.8
4,20250301,5,2,20.2,0.1,6.6,3.23,3.3,4.8
4,20250301,6,2,27.9,0.1,7.8,3.96,4.7,4.8
4,20250301,7,2,10.9,0.1,3.4,1.56,2.0,4.8
4,20250301,8,2,30.5,0.1,10.1,3.85,5.8,4.8
5,20250301,1,2,8.4,0.0,2.7,1.16,1.4,9.4
5,20250301,2,2,5.0,0.0,2.0,0.77,0.9,9.4
5,20250301,3,2,3.5,0.0,1.1,0.5,0.6,9.4
5,20250301,4,2,2.4,0.0,1.0,0.49,0.5,9.4
5,20250301,5,2,4.6,0.0,1.5,0.72,0.7,9.4
5,20250301,6,2,5.1,0.0,1.7,0.81,0.9,9.4
5,20250301,7,2,2.6,0.0,1.1,0.41,0.4,9.4
5,20250301,8,2,5.6,0.0,2.1,1.07,1.0,9.4
6,20250301,1,2,9.0,0.0,2.9,1.52,1.7,9.2
6,20250301,2,2,6.7,0.0,2.0,1.04,1.2,9.2
6,20250301,3,2,4.2,0.0,1.3,0.64,0.7,9.2
6,20250301,4,2,3.3,0.0,1.2,0.5,0.6,9.2
6,20250301,5,2,4.6,0.0,1.6,0.81,0.9,9.2
6,20250301,6,2,5.6,0.0,1.9,0.79,1.1,9.2
6,20250301,7,2,3.0,0.0,0.9,0.49,0.5,9.2
6,20250301,8,2,8.2,0.0,2.2,1.1,1.2,9.2
7,20250301,1,2,28.6,0.0,11.3,4.0,5.2,6.2
7,20250301,2,2,20.0,0.0,6.1,2.98,3.5,6.2
7,20250301,3,2,10.9,0.0,4.3,1.65,2.1,6.2
7,20250301,4,2,11.4,0.0,3.6,1.6,1.8,6.2
7,20250301,5,2,14.7,0.0,5.1,2.55,3.0,6.2
7,20250301,6,2,18.4,0.0,5.2,3.26,3.1,6.2
7,20250301,7,2,7.4,0.0,2.8,1.53,1.4,6.2
7,20250301,8,2,24.4,0.0,8.2,3.42,4.1,6.2
8,20250301,1,2,11.1,0.0,4.3,2.0,2.2,8.8
8,20250301,2,2,8.0,0.0,2.6,1.07,1.4,8.8
8,20250301,3,2,4.2,0.0,1.6,0.74,0.9,8.8
8,20250301,4,2,4.0,0.0,1.5,0.62,0.7,8.8
8,20250301,5,2,6.5,0.0,2.1,0.81,1.2,8.8
8,20250301,6,2,6.6,0.0,2.7,1.06,1.3,8.8
8,20250301,7,2,3.3,0.0,0.9,0.57,0.7,8.8
8,20250301,8,2,9.1,0.0,3.1,1.46,1.6,8.8
9,20250301,1,2,36.9,0.0,11.6,5.01,6.1,5.8
9,20250301,2,2,21.8,0.0,7.7,3.08,4.0,5.8
9,20250301,3,2,12.8,0.0,3.7,1.76,2.4,5.8
9,20250301,4,2,9.8,0.0,3.5,1.48,2.1,5.8
9,20250301,5,2,16.2,0.0,4.6,2.87,3.2,5.8
9,20250301,6,2,18.1,0.0,6.1,2.92,3.6,5.8
9,20250301,7,2,10.6,0.0,2.7,1.37,1.8,5.8
9,20250301,8,2,25.5,0.0,6.7,3.44,4.8,5.8
10,20250301,1,2,6.4,0.0,2.5,1.09,1.2,9.6
10,20250301,2,2,4.2,0.0,1.4,0.58,0.7,9.6
10,20250301,3,2,2.9,0.0,1.0,0.46,0.5,9.6
10,20250301,4,2,2.1,0.0,1.0,0.4,0.4,9.6
10,20250301,5,2,3.4,0.0,0.9,0.47,0.6,9.6
10,20250301,6,2,4.2,0.0,1.4,0.58,0.7,9.6
10,20250301,7,2,1.7,0.0,1.0,0.32,0.3,9.6
10,20250301,8,2,5.2,0.0,1.4,0.8,0.9,9.6
11,20250301,1,2,37.5,0.0,15.3,6.31,7.6,4.6
11,20250301,2,2,29.1,0.0,7.7,5.09,4.6,4.6
11,20250301,3,2,17.9,0.0,5.1,2.62,2.8,4.6
11,20250301,4,2,14.8,0.0,5.0,1.92,2.5,4.6
11,20250301,5,2,18.3,0.0,5.8,3.55,4.1,4.6
11,20250301,6,2,26.8,0.0,8.0,3.75,4.2,4.6
11,20250301,7,2,11.1,0.0,3.2,1.5,2.3,4.6
11,20250301,8,2,27.2,0.0,8.5,3.85,5.3,4.6
12,20250301,1,2,25.1,0.0,7.1,3.95,4.1,7.2
12,20250301,2,2,17.6,0.0,5.5,2.83,2.7,7.2
12,20250301,3,2,9.4,0.0,2.8,1.35,1.8,7.2
12,20250301,4,2,8.3,0.0,2.7,1.02,1.5,7.2
12,20250301,5,2,11.0,0.0,3.5,2.1,2.3,7.2
12,20250301,6,2,15.9,0.0,4.9,2.0,2.5,7.2
12,20250301,7,2,5.8,0.0,2.3,0.83,1.2,7.2
12,20250301,8,2,17.1,0.0,5.4,2.97,2.8,7.2
13,20250301,1,2,39.8,0.1,15.8,7.02,8.3,4.4
13,20250301,2,2,25.8,0.1,9.4,4.35,5.0,4.4
13,20250301,3,2,16.9,0.0,4.8,2.87,2.8,4.4
13,20250301,4,2,14.3,0.0,5.1,2.51,2.8,4.4
13,20250301,5,2,20.3,0.0,7.3,3.1,3.8,4.4
13,20250301,6,2,29.4,0.1,8.1,4.53,4.4,4.4
13,20250301,7,2,11.2,0.0,4.0,1.71,2.1,4.4
13,20250301,8,2,32.2,0.1,9.1,5.49,6.0,4.4
14,20250301,1,2,50.8,0.1,13.6,6.66,7.3,4.2
14,20250301,2,2,27.5,0.0,8.6,4.56,5.8,4.2
14,20250301,3,2,19.7,0.0,6.0,2.5,3.3,4.2
14,20250301,4,2,12.8,0.0,4.6,2.17,2.6,4.2
14,20250301,5,2,23.9,0.0,6.2,3.83,4.3,4.2
14,20250301,6,2,26.6,0.0,9.1,3.91,4.9,4.2
14,20250301,7,2,12.8,0.0,3.5,2.25,2.3,4.2
14,20250301,8,2,33.8,0.0,11.3,4.18,5.9,4.2
15,20250301,1,2,15.6,0.0,5.3,2.74,2.6,8.4
15,20250301,2,2,11.2,0.0,3.8,1.83,1.9,8.4
15,20250301,3,2,5.3,0.0,1.9,0.93,1.0,8.4
15,20250301,4,2,5.6,0.0,1.5,0.69,0.9,8.4
15,20250301,5,2,8.7,0.0,2.8,1.03,1.4,8.4
15,20250301,6,2,9.9,0.0,2.6,1.36,1.7,8.4
15,20250301,7,2,4.1,0.0,1.4,0.67,0.7,8.4
15,20250301,8,2,10.3,0.0,4.1,1.83,2.1,8.4
16,20250301,1,2,45.1,0.0,16.1,7.21,8.9,3.4
16,20250301,2,2,32.8,0.0,11.2,5.66,6.5,3.4
16,20250301,3,2,17.9,0.0,6.0,3.4,3.9,3.4
16,20250301,4,2,18.6,0.0,5.5,2.57,3.0,3.4
16,20250301,5,2,24.2,0.0,7.4,4.59,4.3,3.4
16,20250301,6,2,26.5,0.0,10.3,5.26,6.1,3.4
16,20250301,7,2,14.3,0.0,4.8,2.01,2.3,3.4
16,20250301,8,2,37.4,0.0,13.4,5.24,7.0,3.4
17,20250301,1,2,20.0,0.0,6.8,2.73,3.3,7.8
17,20250301,2,2,13.8,0.0,4.1,2.3,2.4,7.8
17,20250301,3,2,7.0,0.0,2.8,1.2,1.4,7.8
17,20250301,4,2,5.9,0.0,2.4,1.07,1.1,7.8
17,20250301,5,2,8.9,0.0,3.6,1.25,1.9,7.8
17,20250301,6,2,10.5,0.0,3.8,2.1,2.3,7.8
17,20250301,7,2,6.0,0.0,2.0,0.96,0.9,7.8
17,20250301,8,2,14.2,0.0,4.6,2.4,2.5,7.8
18,20250301,1,2,19.8,0.0,6.2,3.19,3.7,7.4
18,20250301,2,2,14.4,0.0,4.3,2.25,2.8,7.4
18,20250301,3,2,9.4,0.0,2.8,1.13,1.7,7.4
18,20250301,4,2,8.4,0.0,2.7,1.11,1.2,7.4
18,20250301,5,2,9.6,0.0,3.3,1.71,1.9,7.4
18,20250301,6,2,14.1,0.0,4.3,2.22,2.7,7.4
18,20250301,7,2,5.6,0.0,2.0,1.08,1.0,7.4
18,20250301,8,2,13.7,0.0,5.3,2.07,2.9,7.4
19,20250301,1,2,5.4,0.0,1.7,0.86,0.9,9.8
19,20250301,2,2,4.1,0.0,1.3,0.47,0.7,9.8
19,20250301,3,2,2.1,0.0,0.9,0.3,0.4,9.8
19,20250301,4,2,2.1,0.0,1.0,0.34,0.3,9.8
19,20250301,5,2,3.0,0.0,0.9,0.47,0.6,9.8
19,20250301,6,2,3.0,0.0,1.0,0.61,0.6,9.8
19,20250301,7,2,1.7,0.0,1.1,0.27,0.3,9.8
19,20250301,8,2,3.9,0.0,1.3,0.68,0.8,9.8
20,20250301,1,2,2.6,0.0,0.9,0.51,0.5,10.0
20,20250301,2,2,1.8,0.0,1.0,0.3,0.3,10.0
20,20250301,3,2,1.1,0.0,1.0,0.19,0.2,10.0
20,20250301,4,2,0.9,0.0,1.0,0.14,0.2,10.0
20,20250301,5,2,1.2,0.0,0.9,0.2,0.3,10.0
20,20250301,6,2,1.7,0.0,1.0,0.24,0.3,10.0
20,20250301,7,2,0.8,0.0,1.1,0.1,0.1,10.0
20,20250301,8,2,1.8,0.0,1.1,0.27,0.3,10.0
1,20250401,1,3,32.0,2.0,16.6,7.56,5.8,7.7
1,20250401,2,3,19.2,1.3,11.0,5.0,3.8,7.7
1,20250401,3,3,11.0,1.1,6.7,2.75,2.1,7.7
1,20250401,4,3,9.9,0.8,5.2,2.4,1.8,7.7
1,20250401,5,3,16.7,1.0,7.0,3.95,3.0,7.7
1,20250401,6,3,20.8,1.3,9.4,4.42,3.4,7.7
1,20250401,7,3,9.7,0.6,4.0,1.8,1.6,7.7
1,20250401,8,3,21.9,1.8,10.1,5.23,4.1,7.7
2,20250401,1,3,38.6,0.7,19.7,9.45,8.7,6.2
2,20250401,2,3,30.5,0.4,15.9,6.56,5.5,6.2
2,20250401,3,3,18.4,0.3,8.6,4.22,3.2,6.2
2,20250401,4,3,13.5,0.2,7.3,3.16,2.5,6.2
2,20250401,5,3,20.3,0.4,12.3,5.75,4.1,6.2
2,20250401,6,3,28.2,0.5,12.3,5.42,5.4,6.2
2,20250401,7,3,10.9,0.2,5.7,2.85,2.1,6.2
2,20250401,8,3,33.2,0.6,17.9,7.63,5.6,6.2
3,20250401,1,3,56.5,1.0,30.2,16.72,10.0,4.2
3,20250401,2,3,39.6,0.7,22.4,8.86,7.6,4.2
3,20250401,3,3,23.0,0.3,12.6,6.57,4.0,4.2
3,20250401,4,3,22.5,0.3,11.7,4.99,3.8,4.2
3,20250401,5,3,35.7,0.6,15.6,7.68,5.3,4.2
3,20250401,6,3,39.0,0.8,17.5,9.06,6.6,4.2
3,20250401,7,3,18.7,0.3,10.0,3.68,3.0,4.2
3,20250401,8,3,41.6,0.8,21.2,9.61,8.7,4.2
4,20250401,1,3,47.7,0.3,25.1,13.48,8.5,5.4
4,20250401,2,3,39.2,0.2,16.2,9.04,6.2,5.4
4,20250401,3,3,20.2,0.1,8.9,5.38,3.6,5.4
4,20250401,4,3,18.3,0.1,8.3,3.7,2.9,5.4
4,20250401,5,3,29.3,0.2,13.2,5.39,4.9,5.4
4,20250401,6,3,29.0,0.2,16.1,6.51,6.1,5.4
4,20250401,7,3,12.3,0.1,7.2,4.05,2.3,5.4
4,20250401,8,3,42.3,0.3,19.6,10.35,7.2,5.4
5,20250401,1,3,9.2,0.1,6.0,3.0,1.8,10.0
5,20250401,2,3,7.8,0.1,3.9,1.98,1.3,10.0
5,20250401,3,3,4.4,0.0,2.2,1.1,0.7,10.0
5,20250401,4,3,3.1,0.0,1.8,0.95,0.6,10.0
5,20250401,5,3,5.8,0.0,2.6,1.25,0.9,10.0
5,20250401,6,3,7.5,0.0,3.2,1.7,1.1,10.0
5,20250401,7,3,3.3,0.0,1.3,0.83,0.5,10.0
5,20250401,8,3,7.8,0.1,4.0,1.63,1.4,10.0
6,20250401,1,3,12.8,0.1,7.3,3.26,2.4,9.8
6,20250401,2,3,9.0,0.0,4.7,2.37,1.6,9.8
6,20250401,3,3,5.2,0.0,2.5,1.03,0.9,9.8
6,20250401,4,3,3.8,0.0,2.3,1.07,0.7,9.8
6,20250401,5,3,5.8,0.0,3.2,1.44,1.1,9.8
6,20250401,6,3,6.9,0.0,4.0,2.13,1.4,9.8
6,20250401,7,3,3.4,0.0,2.0,0.88,0.6,9.8
6,20250401,8,3,9.3,0.1,4.6,2.6,1.6,9.8
7,20250401,1,3,40.8,0.1,18.0,11.02,7.1,6.8
7,20250401,2,3,26.8,0.1,12.5,6.63,4.9,6.8
7,20250401,3,3,13.0,0.0,6.7,4.21,2.5,6.8
7,20250401,4,3,14.7,0.0,6.7,3.49,2.2,6.8
7,20250401,5,3,19.9,0.0,9.6,4.31,3.5,6.8
7,20250401,6,3,26.0,0.1,13.3,5.0,4.1,6.8
7,20250401,7,3,11.9,0.0,5.6,2.46,2.1,6.8
7,20250401,8,3,26.3,0.1,15.3,6.87,5.0,6.8
8,20250401,1,3,14.1,0.0,8.7,3.92,2.7,9.4
8,20250401,2,3,10.5,0.0,4.8,2.16,2.0,9.4
8,20250401,3,3,6.4,0.0,3.5,1.22,1.1,9.4
8,20250401,4,3,5.4,0.0,2.9,1.19,1.0,9.4
8,20250401,5,3,8.0,0.0,3.6,1.77,1.4,9.4
8,20250401,6,3,9.0,0.0,4.2,2.5,1.8,9.4
8,20250401,7,3,4.8,0.0,2.4,1.15,0.7,9.4
8,20250401,8,3,10.2,0.0,6.5,2.71,2.1,9.4
9,20250401,1,3,37.0,0.1,19.4,9.87,8.0,6.4
9,20250401,2,3,27.5,0.1,14.7,6.85,5.5,6.4
9,20250401,3,3,18.3,0.0,8.7,3.89,3.1,6.4
9,20250401,4,3,15.2,0.0,6.8,3.32,2.4,6.4
9,20250401,5,3,19.3,0.0,10.3,4.57,3.5,6.4
9,20250401,6,3,24.3,0.1,12.9,7.14,4.3,6.4
9,20250401,7,3,10.6,0.0,5.3,2.89,2.0,6.4
9,20250401,8,3,28.2,0.0,17.5,7.6,5.8,6.4
10,20250401,1,3,7.3,0.0,4.4,2.37,1.4,10.0
10,20250401,2,3,5.8,0.0,3.3,1.37,1.0,10.0
10,20250401,3,3,3.0,0.0,1.7,0.9,0.6,10.0
10,20250401,4,3,3.2,0.0,1.3,0.62,0.5,10.0
10,20250401,5,3,4.1,0.0,2.5,1.07,0.8,10.0
10,20250401,6,3,5.8,0.0,2.9,1.34,1.0,10.0
10,20250401,7,3,2.1,0.0,1.2,0.51,0.4,10.0
10,20250401,8,3,6.7,0.0,3.5,1.43,1.2,10.0
11,20250401,1,3,55.8,0.1,23.1,15.16,10.0,5.2
11,20250401,2,3,35.8,0.1,19.8,7.94,6.3,5.2
11,20250401,3,3,19.3,0.0,10.3,4.93,4.1,5.2
11,20250401,4,3,16.8,0.0,9.7,4.99,3.2,5.2
11,20250401,5,3,24.1,0.0,15.0,7.46,4.7,5.2
11,20250401,6,3,32.5,0.1,18.2,8.69,5.9,5.2
11,20250401,7,3,14.5,0.0,6.8,3.05,2.9,5.2
11,20250401,8,3,44.3,0.1,19.9,9.88,7.3,5.2
12,20250401,1,3,33.5,0.1,13.1,7.41,5.6,7.8
12,20250401,2,3,21.9,0.0,11.5,4.29,3.3,7.8
12,20250401,3,3,10.5,0.0,6.5,2.78,2.1,7.8
12,20250401,4,3,10.2,0.0,5.2,2.59,1.7,7.8
12,20250401,5,3,16.8,0.0,6.6,3.52,2.6,7.8
12,20250401,6,3,17.7,0.0,8.7,4.0,3.1,7.8
12,20250401,7,3,7.9,0.0,4.6,2.18,1.4,7.8
12,20250401,8,3,22.6,0.0,9.9,5.8,4.1,7.8
13,20250401,1,3,56.0,0.2,32.0,15.21,9.3,5.0
13,20250401,2,3,40.0,0.1,17.4,7.89,6.7,5.0
13,20250401,3,3,19.8,0.1,10.6,5.5,4.2,5.0
13,20250401,4,3,17.1,0.1,9.7,4.73,3.1,5.0
13,20250401,5,3,31.8,0.1,15.0,7.85,5.5,5.0
13,20250401,6,3,35.4,0.1,18.2,7.79,6.1,5.0
13,20250401,7,3,17.1,0.0,7.5,4.14,3.0,5.0
13,20250401,8,3,37.2,0.1,18.6,8.23,7.4,5.0
14,20250401,1,3,52.1,0.1,27.9,14.16,10.0,4.8
14,20250401,2,3,32.4,0.1,17.8,10.27,7.2,4.8
14,20250401,3,3,21.4,0.0,12.4,5.61,4.1,4.8
14,20250401,4,3,16.4,0.0,10.5,4.65,3.7,4.8
14,20250401,5,3,29.3,0.1,15.8,7.45,4.9,4.8
14,20250401,6,3,31.1,0.1,16.3,7.63,6.8,4.8
14,20250401,7,3,17.6,0.0,6.9,4.39,3.0,4.8
14,20250401,8,3,36.8,0.1,23.0,8.43,7.6,4.8
15,20250401,1,3,21.0,0.0,9.4,4.39,3.7,9.0
15,20250401,2,3,13.9,0.0,6.5,2.72,2.2,9.0
15,20250401,3,3,8.3,0.0,4.0,1.69,1.4,9.0
15,20250401,4,3,7.2,0.0,3.5,1.38,1.1,9.0
15,20250401,5,3,10.2,0.0,5.1,2.13,1.9,9.0
15,20250401,6,3,12.8,0.0,6.7,3.33,2.2,9.0
15,20250401,7,3,5.0,0.0,3.1,1.15,1.0,9.0
15,20250401,8,3,13.6,0.0,8.3,4.1,2.9,9.0
16,20250401,1,3,69.7,0.0,29.5,15.69,10.0,4.0
16,20250401,2,3,40.1,0.0,22.4,9.61,7.3,4.0
16,20250401,3,3,26.8,0.0,11.8,6.77,5.0,4.0
16,20250401,4,3,22.9,0.0,10.6,5.83,3.7,4.0
16,20250401,5,3,29.1,0.0,16.2,8.87,5.6,4.0
16,20250401,6,3,37.4,0.0,20.0,9.14,7.5,4.0
16,20250401,7,3,15.2,0.0,10.2,4.99,3.5,4.0
16,20250401,8,3,43.2,0.0,25.2,10.39,8.9,4.0
17,20250401,1,3,23.2,0.0,12.7,5.14,5.0,8.4
17,20250401,2,3,18.0,0.0,7.2,4.73,3.1,8.4
17,20250401,3,3,9.0,0.0,5.2,2.68,1.8,8.4
17,20250401,4,3,8.2,0.0,3.9,2.12,1.6,8.4
17,20250401,5,3,11.2,0.0,6.9,2.92,2.2,8.4
17,20250401,6,3,16.9,0.0,8.3,3.36,2.5,8.4
17,20250401,7,3,7.9,0.0,3.7,1.8,1.3,8.4
17,20250401,8,3,20.2,0.0,10.4,4.82,3.1,8.4
18,20250401,1,3,28.8,0.0,13.4,6.61,5.5,8.0
18,20250401,2,3,17.9,0.0,10.0,5.33,3.8,8.0
18,20250401,3,3,12.2,0.0,4.8,3.01,1.8,8.0
18,20250401,4,3,9.0,0.0,5.2,1.99,1.6,8.0
18,20250401,5,3,14.8,0.0,8.0,3.91,2.4,8.0
18,20250401,6,3,19.7,0.0,9.6,4.88,3.4,8.0
18,20250401,7,3,7.5,0.0,3.5,2.19,1.4,8.0
18,20250401,8,3,17.8,0.0,9.1,5.48,3.5,8.0
19,20250401,1,3,7.0,0.0,3.5,1.78,1.4,10.0
19,20250401,2,3,4.3,0.0,2.4,1.02,0.9,10.0
19,20250401,3,3,3.1,0.0,1.6,0.56,0.5,10.0
19,20250401,4,3,2.3,0.0,1.3,0.52,0.4,10.0
19,20250401,5,3,3.2,0.0,2.0,0.8,0.6,10.0
19,20250401,6,3,4.3,0.0,2.5,1.0,0.8,10.0
19,20250401,7,3,1.7,0.0,1.1,0.45,0.4,10.0
19,20250401,8,3,4.6,0.0,3.0,1.16,0.9,10.0
20,20250401,1,3,3.3,0.0,1.6,0.8,0.6,10.0
20,20250401,2,3,2.0,0.0,1.4,0.53,0.5,10.0
20,20250401,3,3,1.3,0.0,1.1,0.28,0.2,10.0
20,20250401,4,3,1.1,0.0,1.1,0.25,0.2,10.0
20,20250401,5,3,1.7,0.0,1.0,0.51,0.3,10.0
20,20250401,6,3,2.3,0.0,1.2,0.44,0.4,10.0
20,20250401,7,3,1.1,0.0,1.1,0.27,0.2,10.0
20,20250401,8,3,2.7,0.0,1.3,0.55,0.5,10.0
1,20250501,1,3,30.6,2.1,18.1,8.93,6.1,7.7
1,20250501,2,3,18.2,1.3,12.1,4.63,3.5,7.7
1,20250501,3,3,10.6,0.7,6.7,3.2,2.3,7.7
1,20250501,4,3,9.3,0.9,6.0,2.47,1.7,7.7
1,20250501,5,3,14.1,1.1,8.8,4.33,3.1,7.7
1,20250501,6,3,20.1,1.5,10.2,4.9,3.8,7.7
1,20250501,7,3,7.7,0.6,4.7,1.94,1.6,7.7
1,20250501,8,3,25.6,1.9,10.6,5.33,3.8,7.7
2,20250501,1,3,37.6,0.8,20.3,10.31,8.3,6.2
2,20250501,2,3,31.1,0.5,15.8,5.87,5.6,6.2
2,20250501,3,3,19.1,0.3,8.9,3.99,3.3,6.2
2,20250501,4,3,16.1,0.2,6.5,3.66,2.9,6.2
2,20250501,5,3,25.2,0.4,9.5,5.25,3.7,6.2
2,20250501,6,3,27.9,0.5,14.6,6.37,5.2,6.2
2,20250501,7,3,11.7,0.2,5.6,2.56,2.0,6.2
2,20250501,8,3,29.2,0.5,18.4,8.02,5.9,6.2
3,20250501,1,3,71.9,1.1,27.0,17.13,10.0,4.2
3,20250501,2,3,44.2,0.7,19.8,11.22,7.0,4.2
3,20250501,3,3,22.1,0.5,14.1,6.59,4.4,4.2
3,20250501,4,3,22.6,0.4,12.1,5.64,4.0,4.2
3,20250501,5,3,26.8,0.6,13.6,8.44,6.2,4.2
3,20250501,6,3,35.5,0.5,17.9,10.5,6.5,4.2
3,20250501,7,3,17.6,0.3,9.1,4.23,3.3,4.2
3,20250501,8,3,42.7,0.8,25.1,10.57,7.9,4.2
4,20250501,1,3,44.1,0.3,28.1,11.72,8.8,5.4
4,20250501,2,3,29.7,0.3,19.5,7.64,6.8,5.4
4,20250501,3,3,17.5,0.1,9.0,4.69,3.8,5.4
4,20250501,4,3,15.3,0.1,8.7,3.83,3.4,5.4
4,20250501,5,3,25.8,0.2,12.2,7.24,5.0,5.4
4,20250501,6,3,27.6,0.2,18.0,7.53,6.2,5.4
4,20250501,7,3,15.7,0.1,6.1,4.06,2.8,5.4
4,20250501,8,3,42.2,0.3,17.9,10.08,6.8,5.4
5,20250501,1,3,10.0,0.1,5.9,2.69,1.8,10.0
5,20250501,2,3,6.7,0.0,3.6,1.65,1.3,10.0
5,20250501,3,3,4.3,0.0,2.4,0.84,0.8,10.0
5,20250501,4,3,3.6,0.0,1.6,0.72,0.7,10.0
5,20250501,5,3,6.1,0.0,2.6,1.24,1.0,10.0
5,20250501,6,3,7.5,0.0,3.3,1.54,1.3,10.0
5,20250501,7,3,2.9,0.0,1.3,0.69,0.5,10.0
5,20250501,8,3,6.6,0.1,3.9,1.95,1.3,10.0
6,20250501,1,3,12.2,0.1,6.8,3.17,2.4,9.8
6,20250501,2,3,7.7,0.1,4.9,1.73,1.6,9.8
6,20250501,3,3,5.6,0.0,2.2,1.33,0.9,9.8
6,20250501,4,3,4.7,0.0,1.9,1.0,0.8,9.8
6,20250501,5,3,6.7,0.0,3.3,1.5,1.1,9.8
6,20250501,6,3,7.3,0.0,4.1,1.85,1.4,9.8
6,20250501,7,3,3.1,0.0,1.6,0.95,0.7,9.8
6,20250501,8,3,10.0,0.1,5.2,2.44,1.6,9.8
7,20250501,1,3,34.9,0.1,17.2,10.78,7.8,6.8
7,20250501,2,3,26.6,0.1,11.7,6.31,4.9,6.8
7,20250501,3,3,13.9,0.0,8.5,4.35,2.7,6.8
7,20250501,4,3,13.9,0.0,6.1,3.52,2.2,6.8
7,20250501,5,3,20.4,0.0,8.9,4.26,3.5,6.8
7,20250501,6,3,22.6,0.0,11.4,6.04,4.5,6.8
7,20250501,7,3,11.5,0.0,4.7,2.46,2.0,6.8
7,20250501,8,3,30.8,0.1,14.5,7.07,5.5,6.8
8,20250501,1,3,17.1,0.0,8.6,3.67,2.6,9.4
8,20250501,2,3,10.9,0.0,6.0,2.33,1.9,9.4
8,20250501,3,3,5.5,0.0,2.8,1.27,1.0,9.4
8,20250501,4,3,5.6,0.0,2.3,1.13,1.0,9.4
8,20250501,5,3,7.7,0.0,4.4,1.66,1.5,9.4
8,20250501,6,3,10.9,0.0,4.7,2.15,1.7,9.4
8,20250501,7,3,3.8,0.0,2.4,1.02,0.8,9.4
8,20250501,8,3,10.8,0.0,5.1,3.09,2.2,9.4
9,20250501,1,3,39.9,0.1,19.2,9.58,7.2,6.4
9,20250501,2,3,30.8,0.1,14.9,5.86,4.7,6.4
9,20250501,3,3,16.5,0.0,7.4,4.37,3.2,6.4
9,20250501,4,3,14.2,0.0,7.9,3.87,2.4,6.4
9,20250501,5,3,18.3,0.0,10.8,4.62,4.1,6.4
9,20250501,6,3,24.7,0.1,12.6,6.24,5.2,6.4
9,20250501,7,3,11.7,0.0,5.8,3.35,2.3,6.4
9,20250501,8,3,31.9,0.1,15.3,6.7,6.0,6.4
10,20250501,1,3,8.4,0.0,4.5,2.2,1.6,10.0
10,20250501,2,3,5.7,0.0,2.8,1.21,1.1,10.0
10,20250501,3,3,3.6,0.0,1.7,0.72,0.6,10.0
10,20250501,4,3,2.8,0.0,1.4,0.75,0.5,10.0
10,20250501,5,3,4.5,0.0,2.0,1.17,0.7,10.0
10,20250501,6,3,5.5,0.0,2.7,1.4,0.9,10.0
10,20250501,7,3,2.5,0.0,1.2,0.51,0.4,10.0
10,20250501,8,3,5.4,0.0,2.7,1.45,1.1,10.0
11,20250501,1,3,56.2,0.1,23.7,11.83,10.0,5.2
11,20250501,2,3,30.6,0.1,18.0,8.78,5.9,5.2
11,20250501,3,3,22.0,0.0,11.4,5.21,3.6,5.2
11,20250501,4,3,20.1,0.0,8.6,4.26,3.3,5.2
11,20250501,5,3,24.3,0.0,11.6,6.15,5.1,5.2
11,20250501,6,3,28.6,0.0,16.5,8.84,5.7,5.2
11,20250501,7,3,15.1,0.0,6.5,3.83,2.9,5.2
11,20250501,8,3,42.3,0.1,21.2,9.72,7.4,5.2
12,20250501,1,3,33.6,0.1,14.5,6.07,5.8,7.8
12,20250501,2,3,19.6,0.0,10.8,4.54,3.8,7.8
12,20250501,3,3,11.2,0.0,6.0,3.02,2.0,7.8
12,20250501,4,3,10.5,0.0,5.5,2.71,1.7,7.8
12,20250501,5,3,16.0,0.0,6.5,3.16,2.9,7.8
12,20250501,6,3,16.5,0.0,8.7,3.81,3.2,7.8
12,20250501,7,3,8.0,0.0,4.4,1.89,1.6,7.8
12,20250501,8,3,24.5,0.0,11.1,6.18,4.2,7.8
13,20250501,1,3,49.9,0.2,32.0,12.08,9.2,5.0
13,20250501,2,3,42.0,0.1,16.5,9.79,6.9,5.0
13,20250501,3,3,20.4,0.1,10.2,4.49,4.0,5.0
13,20250501,4,3,18.8,0.1,8.3,4.89,3.1,5.0
13,20250501,5,3,31.2,0.1,15.2,5.58,5.3,5.0
13,20250501,6,3,29.4,0.1,14.7,8.64,6.6,5.0
13,20250501,7,3,15.1,0.0,7.3,3.87,2.5,5.0
13,20250501,8,3,39.5,0.1,20.0,10.88,7.2,5.0
14,20250501,1,3,49.4,0.1,29.0,15.19,10.0,4.8
14,20250501,2,3,39.9,0.1,20.8,8.88,6.6,4.8
14,20250501,3,3,22.9,0.0,9.6,4.45,4.1,4.8
14,20250501,4,3,19.6,0.0,9.9,4.01,3.3,4.8
14,20250501,5,3,32.0,0.1,13.5,7.57,4.8,4.8
14,20250501,6,3,30.5,0.1,16.8,7.32,5.8,4.8
14,20250501,7,3,17.0,0.0,7.0,4.23,2.9,4.8
14,20250501,8,3,44.4,0.1,19.7,11.12,7.4,4.8
15,20250501,1,3,22.6,0.0,11.5,5.13,3.4,9.0
15,20250501,2,3,13.8,0.0,5.9,3.51,2.2,9.0
15,20250501,3,3,8.9,0.0,4.2,1.64,1.5,9.0
15,20250501,4,3,7.2,0.0,3.5,1.62,1.1,9.0
15,20250501,5,3,9.0,0.0,5.2,2.43,1.7,9.0
15,20250501,6,3,11.2,0.0,5.7,3.15,2.1,9.0
15,20250501,7,3,6.0,0.0,2.6,1.2,1.0,9.0
15,20250501,8,3,13.3,0.0,6.2,3.44,2.8,9.0
16,20250501,1,3,65.8,0.0,31.5,15.97,10.0,4.0
16,20250501,2,3,42.1,0.0,20.3,10.29,8.0,4.0
16,20250501,3,3,23.0,0.0,11.8,6.81,4.5,4.0
16,20250501,4,3,19.3,0.0,12.3,5.23,4.1,4.0
16,20250501,5,3,27.8,0.0,17.0,8.1,5.7,4.0
16,20250501,6,3,39.9,0.0,20.9,8.24,7.0,4.0
16,20250501,7,3,16.5,0.0,8.1,5.05,3.1,4.0
16,20250501,8,3,41.5,0.0,24.8,9.32,9.1,4.0
17,20250501,1,3,23.3,0.0,12.4,5.69,4.6,8.4
17,20250501,2,3,18.5,0.0,8.3,3.44,3.1,8.4
17,20250501,3,3,8.6,0.0,4.3,2.08,1.8,8.4
17,20250501,4,3,7.5,0.0,4.6,1.85,1.4,8.4
17,20250501,5,3,13.5,0.0,6.7,2.68,2.4,8.4
17,20250501,6,3,15.3,0.0,8.6,3.24,2.7,8.4
17,20250501,7,3,6.9,0.0,3.3,1.6,1.2,8.4
17,20250501,8,3,15.7,0.0,8.3,4.76,3.3,8.4
18,20250501,1,3,29.0,0.0,14.5,7.31,5.6,8.0
18,20250501,2,3,17.3,0.0,8.6,5.43,3.5,8.0
18,20250501,3,3,12.3,0.0,5.0,2.93,2.2,8.0
18,20250501,4,3,10.9,0.0,4.5,1.91,1.8,8.0
18,20250501,5,3,13.1,0.0,7.1,3.13,2.5,8.0
18,20250501,6,3,20.0,0.0,8.3,4.87,2.9,8.0
18,20250501,7,3,8.3,0.0,4.4,1.96,1.5,8.0
18,20250501,8,3,18.0,0.0,9.8,4.23,3.5,8.0
19,20250501,1,3,6.7,0.0,3.4,1.83,1.2,10.0
19,20250501,2,3,5.1,0.0,2.2,0.98,0.8,10.0
19,20250501,3,3,2.5,0.0,1.3,0.76,0.5,10.0
19,20250501,4,3,2.4,0.0,1.3,0.57,0.4,10.0
19,20250501,5,3,3.2,0.0,1.7,0.81,0.6,10.0
19,20250501,6,3,3.9,0.0,1.9,1.17,0.8,10.0
19,20250501,7,3,2.2,0.0,1.1,0.44,0.4,10.0
19,20250501,8,3,5.0,0.0,2.5,1.08,1.0,10.0
20,20250501,1,3,3.7,0.0,1.8,0.88,0.7,10.0
20,20250501,2,3,2.3,0.0,1.1,0.67,0.4,10.0
20,20250501,3,3,1.4,0.0,0.9,0.28,0.3,10.0
20,20250501,4,3,1.2,0.0,0.9,0.29,0.2,10.0
20,20250501,5,3,2.0,0.0,1.0,0.36,0.3,10.0
20,20250501,6,3,2.3,0.0,1.0,0.57,0.4,10.0
20,20250501,7,3,1.0,0.0,0.9,0.25,0.2,10.0
20,20250501,8,3,2.5,0.0,1.3,0.59,0.4,10.0
1,20250601,1,3,29.7,2.4,17.7,8.33,5.3,7.7
1,20250601,2,3,21.3,1.3,11.9,4.16,3.5,7.7
1,20250601,3,3,10.8,1.1,5.8,2.5,2.1,7.7
1,20250601,4,3,8.9,0.7,4.6,2.14,2.0,7.7
1,20250601,5,3,17.9,1.1,8.7,3.76,2.6,7.7
1,20250601,6,3,17.8,1.5,10.2,4.83,3.5,7.7
1,20250601,7,3,8.4,0.7,4.3,2.19,1.6,7.7
1,20250601,8,3,20.1,1.9,12.2,5.19,3.9,7.7
2,20250601,1,3,45.7,0.7,21.8,11.36,8.5,6.2
2,20250601,2,3,33.0,0.4,12.9,8.31,5.0,6.2
2,20250601,3,3,17.0,0.3,8.7,3.69,2.9,6.2
2,20250601,4,3,16.2,0.3,6.4,3.62,2.6,6.2
2,20250601,5,3,22.9,0.3,11.0,5.73,3.7,6.2
2,20250601,6,3,30.1,0.4,15.6,7.61,5.3,6.2
2,20250601,7,3,13.5,0.2,6.1,3.22,2.2,6.2
2,20250601,8,3,30.8,0.6,15.6,8.06,5.6,6.2
3,20250601,1,3,59.2,1.2,29.4,14.35,10.0,4.2
3,20250601,2,3,44.1,0.7,22.2,10.31,8.0,4.2
3,20250601,3,3,21.0,0.3,13.0,5.27,4.6,4.2
3,20250601,4,3,19.7,0.4,10.7,5.01,3.6,4.2
3,20250601,5,3,28.0,0.5,17.6,8.96,5.8,4.2
3,20250601,6,3,39.2,0.7,17.9,10.05,6.8,4.2
3,20250601,7,3,16.6,0.3,10.0,4.78,3.4,4.2
3,20250601,8,3,44.0,0.9,20.6,11.58,7.9,4.2
4,20250601,1,3,45.8,0.4,28.3,13.62,9.1,5.4
4,20250601,2,3,37.3,0.2,18.1,7.13,5.8,5.4
4,20250601,3,3,18.2,0.1,11.5,5.06,3.3,5.4
4,20250601,4,3,14.8,0.1,8.0,4.12,3.1,5.4
4,20250601,5,3,27.9,0.2,12.0,7.16,4.2,5.4
4,20250601,6,3,34.9,0.2,17.2,7.48,5.7,5.4
4,20250601,7,3,12.8,0.1,7.0,3.39,2.5,5.4
4,20250601,8,3,33.8,0.3,17.5,9.72,6.9,5.4
5,20250601,1,3,11.8,0.1,4.9,2.51,1.9,10.0
5,20250601,2,3,6.2,0.1,4.1,1.57,1.3,10.0
5,20250601,3,3,3.5,0.0,1.9,0.83,0.7,10.0
5,20250601,4,3,3.3,0.0,2.0,0.99,0.7,10.0
5,20250601,5,3,5.2,0.0,2.9,1.26,1.0,10.0
5,20250601,6,3,6.5,0.0,3.3,1.52,1.2,10.0
5,20250601,7,3,3.4,0.0,1.5,0.75,0.5,10.0
5,20250601,8,3,7.2,0.0,4.3,1.58,1.5,10.0
6,20250601,1,3,13.3,0.1,5.5,3.51,2.4,9.8
6,20250601,2,3,7.5,0.1,4.0,2.11,1.5,9.8
6,20250601,3,3,5.3,0.0,2.7,1.09,0.9,9.8
6,20250601,4,3,3.9,0.0,1.9,1.21,0.8,9.8
6,20250601,5,3,5.8,0.0,3.6,1.4,1.1,9.8
6,20250601,6,3,8.3,0.0,3.4,1.77,1.4,9.8
6,20250601,7,3,3.7,0.0,1.9,0.98,0.7,9.8
6,20250601,8,3,8.8,0.1,5.1,2.11,1.6,9.8
7,20250601,1,3,35.6,0.1,20.7,8.33,7.1,6.8
7,20250601,2,3,24.7,0.1,11.6,6.47,4.3,6.8
7,20250601,3,3,13.0,0.0,8.6,3.06,2.7,6.8
7,20250601,4,3,11.3,0.0,6.0,3.04,2.3,6.8
7,20250601,5,3,19.1,0.0,8.7,4.12,3.5,6.8
7,20250601,6,3,23.8,0.1,13.5,6.81,4.4,6.8
7,20250601,7,3,11.7,0.0,5.3,2.23,1.9,6.8
7,20250601,8,3,27.0,0.1,13.9,5.63,4.7,6.8
8,20250601,1,3,16.1,0.0,8.8,3.42,3.1,9.4
8,20250601,2,3,9.9,0.0,5.1,2.35,1.8,9.4
8,20250601,3,3,6.2,0.0,3.5,1.59,1.0,9.4
8,20250601,4,3,4.8,0.0,3.0,1.14,1.0,9.4
8,20250601,5,3,7.5,0.0,3.7,1.62,1.5,9.4
8,20250601,6,3,10.8,0.0,4.4,2.03,1.7,9.4
8,20250601,7,3,4.9,0.0,2.2,1.2,0.7,9.4
8,20250601,8,3,12.6,0.0,5.3,2.89,1.9,9.4
9,20250601,1,3,49.2,0.1,20.4,11.81,7.1,6.4
9,20250601,2,3,25.6,0.0,13.7,6.26,5.4,6.4
9,20250601,3,3,16.5,0.0,8.1,3.67,3.3,6.4
9,20250601,4,3,16.4,0.0,6.5,3.97,2.6,6.4
9,20250601,5,3,21.0,0.0,10.0,5.06,3.9,6.4
9,20250601,6,3,23.2,0.0,12.5,5.68,5.0,6.4
9,20250601,7,3,11.7,0.0,6.8,2.39,2.1,6.4
9,20250601,8,3,28.6,0.1,13.5,6.55,5.9,6.4
10,20250601,1,3,9.0,0.0,4.0,2.13,1.6,10.0
10,20250601,2,3,6.4,0.0,3.2,1.33,1.0,10.0
10,20250601,3,3,3.7,0.0,1.7,0.7,0.6,10.0
10,20250601,4,3,3.2,0.0,1.4,0.59,0.5,10.0
10,20250601,5,3,4.3,0.0,2.0,0.85,0.7,10.0
10,20250601,6,3,5.7,0.0,2.8,1.3,1.0,10.0
10,20250601,7,3,2.3,0.0,1.3,0.67,0.4,10.0
10,20250601,8,3,7.1,0.0,3.1,1.63,1.2,10.0
11,20250601,1,3,60.9,0.1,27.7,14.17,9.8,5.2
11,20250601,2,3,33.8,0.1,16.0,7.16,6.7,5.2
11,20250601,3,3,18.8,0.0,10.8,5.12,3.7,5.2
11,20250601,4,3,17.2,0.0,8.8,3.95,3.5,5.2
11,20250601,5,3,23.6,0.0,15.5,6.13,4.9,5.2
11,20250601,6,3,29.8,0.0,16.6,6.65,6.5,5.2
11,20250601,7,3,13.4,0.0,8.4,4.02,2.9,5.2
11,20250601,8,3,35.0,0.1,20.9,9.45,6.7,5.2
12,20250601,1,3,30.8,0.1,12.9,8.28,5.3,7.8
12,20250601,2,3,18.8,0.0,10.6,4.75,3.5,7.8
12,20250601,3,3,12.4,0.0,5.0,3.13,2.2,7.8
12,20250601,4,3,9.5,0.0,4.6,2.55,1.8,7.8
12,20250601,5,3,16.6,0.0,8.5,3.86,2.7,7.8
12,20250601,6,3,20.3,0.0,8.4,4.86,3.2,7.8
12,20250601,7,3,7.8,0.0,4.8,1.73,1.4,7.8
12,20250601,8,3,24.7,0.0,12.3,5.25,3.9,7.8
13,20250601,1,3,59.1,0.2,27.5,14.76,10.0,5.0
13,20250601,2,3,31.9,0.1,18.8,9.81,7.0,5.0
13,20250601,3,3,20.7,0.1,9.8,5.44,4.2,5.0
13,20250601,4,3,21.3,0.1,10.1,4.1,3.3,5.0
13,20250601,5,3,28.2,0.1,14.4,6.06,5.6,5.0
13,20250601,6,3,32.7,0.1,19.7,7.75,5.7,5.0
13,20250601,7,3,15.6,0.0,8.7,3.37,2.6,5.0
13,20250601,8,3,44.3,0.1,17.6,9.78,7.4,5.0
14,20250601,1,3,61.8,0.1,28.5,14.09,10.0,4.8
14,20250601,2,3,35.4,0.1,19.8,8.77,7.1,4.8
14,20250601,3,3,23.2,0.0,11.1,5.91,4.1,4.8
14,20250601,4,3,19.5,0.0,9.1,4.47,3.7,4.8
14,20250601,5,3,32.1,0.1,16.2,6.82,5.1,4.8
14,20250601,6,3,37.7,0.1,15.0,9.88,5.9,4.8
14,20250601,7,3,17.6,0.0,7.7,4.13,2.7,4.8
14,20250601,8,3,39.5,0.1,18.6,10.29,6.9,4.8
15,20250601,1,3,21.3,0.0,10.0,4.96,3.7,9.0
15,20250601,2,3,11.7,0.0,6.6,3.05,2.7,9.0
15,20250601,3,3,7.2,0.0,3.9,1.82,1.5,9.0
15,20250601,4,3,6.6,0.0,2.9,1.47,1.3,9.0
15,20250601,5,3,9.3,0.0,4.6,2.69,1.8,9.0
15,20250601,6,3,13.6,0.0,5.7,3.1,2.3,9.0
15,20250601,7,3,6.1,0.0,2.8,1.33,0.9,9.0
15,20250601,8,3,15.5,0.0,7.2,3.92,2.6,9.0
16,20250601,1,3,70.4,0.0,35.7,16.31,10.0,4.0
16,20250601,2,3,45.9,0.0,22.9,10.35,7.2,4.0
16,20250601,3,3,28.0,0.0,13.7,5.12,4.6,4.0
16,20250601,4,3,22.9,0.0,10.2,4.31,3.9,4.0
16,20250601,5,3,30.7,0.0,16.7,8.56,6.1,4.0
16,20250601,6,3,39.7,0.0,22.3,8.34,7.6,4.0
16,20250601,7,3,19.1,0.0,9.9,4.45,3.4,4.0
16,20250601,8,3,44.3,0.0,20.8,12.02,8.9,4.0
17,20250601,1,3,28.4,0.0,14.3,5.97,4.7,8.4
17,20250601,2,3,17.9,0.0,9.6,3.99,3.2,8.4
17,20250601,3,3,8.9,0.0,4.6,2.46,1.8,8.4
17,20250601,4,3,8.7,0.0,4.6,1.86,1.5,8.4
17,20250601,5,3,10.6,0.0,5.9,3.04,2.4,8.4
17,20250601,6,3,17.2,0.0,8.3,4.21,2.9,8.4
17,20250601,7,3,7.7,0.0,3.2,1.47,1.4,8.4
17,20250601,8,3,17.7,0.0,9.1,4.59,3.3,8.4
18,20250601,1,3,26.1,0.0,13.2,7.06,5.2,8.0
18,20250601,2,3,17.1,0.0,8.7,5.44,3.8,8.0
18,20250601,3,3,12.1,0.0,6.4,3.15,1.9,8.0
18,20250601,4,3,10.7,0.0,5.1,2.67,1.7,8.0
18,20250601,5,3,13.4,0.0,6.9,3.72,2.8,8.0
18,20250601,6,3,17.2,0.0,8.6,4.81,3.2,8.0
18,20250601,7,3,8.2,0.0,4.0,2.08,1.3,8.0
18,20250601,8,3,22.3,0.0,9.3,4.6,3.5,8.0
19,20250601,1,3,7.4,0.0,3.7,1.63,1.3,10.0
19,20250601,2,3,4.2,0.0,2.5,1.26,0.9,10.0
19,20250601,3,3,2.4,0.0,1.4,0.61,0.5,10.0
19,20250601,4,3,2.4,0.0,1.2,0.54,0.4,10.0
19,20250601,5,3,3.3,0.0,1.8,0.99,0.6,10.0
19,20250601,6,3,4.1,0.0,2.1,1.13,0.7,10.0
19,20250601,7,3,1.9,0.0,1.0,0.45,0.4,10.0
19,20250601,8,3,4.8,0.0,2.7,1.14,1.0,10.0
20,20250601,1,3,3.5,0.0,1.6,0.89,0.6,10.0
20,20250601,2,3,2.6,0.0,1.1,0.65,0.4,10.0
20,20250601,3,3,1.3,0.0,1.1,0.37,0.3,10.0
20,20250601,4,3,1.2,0.0,0.9,0.3,0.2,10.0
20,20250601,5,3,2.0,0.0,0.9,0.39,0.3,10.0
20,20250601,6,3,2.3,0.0,1.0,0.46,0.4,10.0
20,20250601,7,3,1.0,0.0,1.0,0.27,0.2,10.0
20,20250601,8,3,2.8,0.0,1.4,0.72,0.4,10.0
1,20250701,1,4,36.3,3.0,21.7,11.28,6.6,8.3
1,20250701,2,4,29.3,2.8,15.5,7.74,4.4,8.3
1,20250701,3,4,13.4,1.3,9.8,4.61,3.0,8.3
1,20250701,4,4,11.0,1.1,7.2,3.91,2.3,8.3
1,20250701,5,4,22.0,2.0,10.3,5.98,3.6,8.3
1,20250701,6,4,26.6,2.1,15.4,8.13,4.5,8.3
1,20250701,7,4,10.8,1.0,6.7,3.24,2.0,8.3
1,20250701,8,4,28.4,2.3,14.7,8.11,4.8,8.3
2,20250701,1,4,59.7,1.2,29.1,14.47,10.0,6.8
2,20250701,2,4,32.2,0.8,25.3,11.56,6.6,6.8
2,20250701,3,4,20.1,0.4,13.6,5.3,4.0,6.8
2,20250701,4,4,15.8,0.4,11.0,5.05,3.6,6.8
2,20250701,5,4,29.1,0.5,15.0,8.06,5.0,6.8
2,20250701,6,4,32.5,0.5,21.3,11.02,6.2,6.8
2,20250701,7,4,14.1,0.2,10.0,5.25,2.6,6.8
2,20250701,8,4,38.7,0.8,22.2,11.3,6.7,6.8
3,20250701,1,4,68.3,1.5,54.6,25.24,10.0,4.8
3,20250701,2,4,47.1,0.9,33.2,15.17,8.5,4.8
3,20250701,3,4,29.8,0.7,17.8,8.44,5.0,4.8
3,20250701,4,4,28.6,0.4,14.0,8.42,4.8,4.8
3,20250701,5,4,39.8,0.9,25.1,10.8,7.6,4.8
3,20250701,6,4,50.7,1.0,26.6,15.0,8.3,4.8
3,20250701,7,4,20.1,0.5,12.2,7.41,3.8,4.8
3,20250701,8,4,53.3,0.9,30.4,15.9,9.9,4.8
4,20250701,1,4,62.4,0.6,34.4,19.12,10.0,6.0
4,20250701,2,4,40.0,0.4,22.6,11.68,8.2,6.0
4,20250701,3,4,25.7,0.2,15.0,6.19,4.5,6.0
4,20250701,4,4,20.7,0.2,12.7,6.02,3.5,6.0
4,20250701,5,4,31.8,0.3,20.4,10.19,5.2,6.0
4,20250701,6,4,33.8,0.4,24.4,10.01,6.8,6.0
4,20250701,7,4,17.2,0.1,11.1,5.12,3.0,6.0
4,20250701,8,4,50.3,0.4,30.1,12.69,8.3,6.0
5,20250701,1,4,12.4,0.1,9.3,3.3,2.2,10.0
5,20250701,2,4,9.0,0.1,4.7,2.39,1.5,10.0
5,20250701,3,4,4.9,0.0,2.9,1.38,1.0,10.0
5,20250701,4,4,5.0,0.0,3.0,1.27,0.8,10.0
5,20250701,5,4,6.4,0.1,3.8,1.9,1.3,10.0
5,20250701,6,4,8.9,0.1,5.6,2.76,1.6,10.0
5,20250701,7,4,3.9,0.0,2.4,1.06,0.6,10.0
5,20250701,8,4,9.0,0.1,5.6,2.59,1.8,10.0
6,20250701,1,4,13.5,0.1,8.5,5.42,2.7,10.0
6,20250701,2,4,10.2,0.1,6.3,2.82,2.0,10.0
6,20250701,3,4,5.4,0.0,4.0,1.86,1.2,10.0
6,20250701,4,4,5.4,0.0,2.8,1.43,1.0,10.0
6,20250701,5,4,9.0,0.0,4.7,2.59,1.3,10.0
6,20250701,6,4,10.7,0.1,5.2,2.69,1.8,10.0
6,20250701,7,4,4.6,0.0,2.5,1.15,0.7,10.0
6,20250701,8,4,12.1,0.1,6.5,3.33,2.2,10.0
7,20250701,1,4,43.3,0.1,25.6,16.43,7.9,7.4
7,20250701,2,4,27.4,0.1,16.9,7.88,5.5,7.4
7,20250701,3,4,17.3,0.1,10.8,6.52,3.7,7.4
7,20250701,4,4,15.4,0.0,10.2,5.39,3.2,7.4
7,20250701,5,4,21.3,0.1,13.2,6.82,4.3,7.4
7,20250701,6,4,27.0,0.1,15.7,9.27,5.2,7.4
7,20250701,7,4,13.9,0.0,7.8,3.86,2.4,7.4
7,20250701,8,4,38.8,0.1,21.1,11.98,5.7,7.4
8,20250701,1,4,16.7,0.0,11.4,5.49,3.2,10.0
8,20250701,2,4,13.1,0.0,7.5,3.13,2.3,10.0
8,20250701,3,4,7.2,0.0,5.2,2.05,1.4,10.0
8,20250701,4,4,5.5,0.0,4.0,2.14,1.1,10.0
8,20250701,5,4,10.6,0.0,5.5,2.99,1.8,10.0
8,20250701,6,4,10.7,0.0,7.9,2.94,1.9,10.0
8,20250701,7,4,5.4,0.0,2.9,1.45,0.9,10.0
8,20250701,8,4,15.9,0.0,9.8,3.57,2.7,10.0
9,20250701,1,4,52.1,0.1,27.8,16.47,10.0,7.0
9,20250701,2,4,38.9,0.1,21.3,12.06,6.5,7.0
9,20250701,3,4,22.1,0.0,11.8,5.01,4.0,7.0
9,20250701,4,4,19.0,0.0,9.7,4.7,3.3,7.0
9,20250701,5,4,23.6,0.1,16.6,9.1,5.2,7.0
9,20250701,6,4,33.3,0.1,18.8,10.3,6.1,7.0
9,20250701,7,4,12.9,0.0,10.0,4.38,2.6,7.0
9,20250701,8,4,37.8,0.1,25.7,10.67,7.0,7.0
10,20250701,1,4,11.5,0.0,6.8,2.84,1.8,10.0
10,20250701,2,4,7.5,0.0,4.1,1.98,1.4,10.0
10,20250701,3,4,3.8,0.0,2.3,1.02,0.7,10.0
10,20250701,4,4,3.9,0.0,1.9,0.92,0.6,10.0
10,20250701,5,4,5.9,0.0,3.6,1.57,0.9,10.0
10,20250701,6,4,6.4,0.0,3.5,2.21,1.2,10.0
10,20250701,7,4,3.1,0.0,1.6,0.83,0.5,10.0
10,20250701,8,4,7.8,0.0,4.6,2.2,1.4,10.0
11,20250701,1,4,73.8,0.1,42.2,19.74,10.0,5.8
11,20250701,2,4,38.6,0.1,24.7,14.31,7.9,5.8
11,20250701,3,4,22.0,0.0,18.0,7.03,4.8,5.8
11,20250701,4,4,22.7,0.0,15.4,5.42,3.7,5.8
11,20250701,5,4,33.6,0.1,17.4,10.86,6.1,5.8
11,20250701,6,4,35.1,0.1,22.7,10.55,6.9,5.8
11,20250701,7,4,20.8,0.0,12.0,4.94,3.6,5.8
11,20250701,8,4,51.4,0.1,29.4,12.63,8.8,5.8
12,20250701,1,4,36.6,0.1,19.6,9.4,6.7,8.4
12,20250701,2,4,26.0,0.0,14.7,6.33,4.3,8.4
12,20250701,3,4,13.0,0.0,8.5,3.93,2.4,8.4
12,20250701,4,4,11.4,0.0,7.3,4.21,2.2,8.4
12,20250701,5,4,20.0,0.0,12.1,4.69,3.3,8.4
12,20250701,6,4,24.2,0.0,14.7,6.84,4.4,8.4
12,20250701,7,4,9.1,0.0,5.5,3.14,2.0,8.4
12,20250701,8,4,22.8,0.0,17.8,6.53,4.5,8.4
13,20250701,1,4,74.2,0.2,39.5,20.51,10.0,5.6
13,20250701,2,4,42.8,0.2,28.0,12.84,7.8,5.6
13,20250701,3,4,26.8,0.1,15.1,9.19,5.3,5.6
13,20250701,4,4,23.6,0.1,15.8,5.97,3.9,5.6
13,20250701,5,4,38.5,0.1,22.3,8.35,5.8,5.6
13,20250701,6,4,37.0,0.2,22.8,11.25,6.8,5.6
13,20250701,7,4,19.3,0.1,11.3,5.88,3.5,5.6
13,20250701,8,4,48.1,0.2,31.6,13.56,9.5,5.6
14,20250701,1,4,60.8,0.1,42.6,19.05,10.0,5.4
14,20250701,2,4,45.9,0.1,32.8,12.15,9.1,5.4
14,20250701,3,4,28.9,0.1,17.3,9.25,4.5,5.4
14,20250701,4,4,23.7,0.1,14.8,6.99,4.3,5.4
14,20250701,5,4,38.5,0.1,24.4,12.06,6.7,5.4
14,20250701,6,4,39.5,0.1,24.0,11.16,7.4,5.4
14,20250701,7,4,22.0,0.0,12.7,5.92,3.7,5.4
14,20250701,8,4,51.3,0.1,28.0,15.0,9.5,5.4
15,20250701,1,4,20.8,0.0,14.7,8.35,4.8,9.6
15,20250701,2,4,18.5,0.0,11.4,5.11,3.2,9.6
15,20250701,3,4,9.6,0.0,6.5,3.04,1.6,9.6
15,20250701,4,4,8.6,0.0,4.6,2.75,1.5,9.6
15,20250701,5,4,13.9,0.0,6.9,3.98,2.2,9.6
15,20250701,6,4,16.6,0.0,10.1,4.36,2.5,9.6
15,20250701,7,4,5.8,0.0,4.0,1.91,1.2,9.6
15,20250701,8,4,18.6,0.0,12.0,4.38,3.3,9.6
16,20250701,1,4,67.0,0.0,42.8,25.28,10.0,4.6
16,20250701,2,4,54.9,0.0,29.3,13.65,9.4,4.6
16,20250701,3,4,28.1,0.0,17.8,9.43,5.0,4.6
16,20250701,4,4,26.3,0.0,14.0,7.69,4.8,4.6
16,20250701,5,4,38.3,0.0,23.8,11.0,7.7,4.6
16,20250701,6,4,41.5,0.0,25.7,15.33,8.1,4.6
16,20250701,7,4,21.0,0.0,13.7,6.03,4.1,4.6
16,20250701,8,4,61.0,0.0,38.1,14.47,10.0,4.6
17,20250701,1,4,26.7,0.0,17.2,9.14,5.8,9.0
17,20250701,2,4,20.8,0.0,13.3,7.1,3.4,9.0
17,20250701,3,4,11.5,0.0,7.0,3.87,2.1,9.0
17,20250701,4,4,9.2,0.0,5.6,3.11,1.7,9.0
17,20250701,5,4,15.3,0.0,8.3,3.85,2.6,9.0
17,20250701,6,4,21.4,0.0,12.4,5.9,3.5,9.0
17,20250701,7,4,9.6,0.0,4.5,2.2,1.7,9.0
17,20250701,8,4,24.2,0.0,14.1,6.68,3.8,9.0
18,20250701,1,4,33.2,0.0,20.2,8.92,5.8,8.6
18,20250701,2,4,22.6,0.0,12.7,7.02,4.3,8.6
18,20250701,3,4,15.2,0.0,8.6,4.74,2.3,8.6
18,20250701,4,4,10.6,0.0,7.3,4.02,1.9,8.6
18,20250701,5,4,16.4,0.0,10.4,5.39,3.3,8.6
18,20250701,6,4,22.5,0.0,13.8,6.71,3.7,8.6
18,20250701,7,4,8.4,0.0,6.1,3.27,1.9,8.6
18,20250701,8,4,27.4,0.0,14.5,7.7,4.9,8.6
19,20250701,1,4,8.8,0.0,5.9,2.24,1.6,10.0
19,20250701,2,4,5.1,0.0,3.7,1.86,1.0,10.0
19,20250701,3,4,3.1,0.0,2.1,0.86,0.6,10.0
19,20250701,4,4,3.3,0.0,1.7,0.88,0.6,10.0
19,20250701,5,4,4.2,0.0,2.6,1.28,0.8,10.0
19,20250701,6,4,4.7,0.0,3.6,1.75,0.9,10.0
19,20250701,7,4,2.3,0.0,1.6,0.6,0.4,10.0
19,20250701,8,4,6.3,0.0,3.4,2.07,1.2,10.0
20,20250701,1,4,4.3,0.0,2.6,1.33,0.8,10.0
20,20250701,2,4,2.5,0.0,1.6,0.92,0.5,10.0
20,20250701,3,4,1.8,0.0,0.9,0.47,0.3,10.0
20,20250701,4,4,1.4,0.0,0.9,0.4,0.3,10.0
20,20250701,5,4,1.9,0.0,1.5,0.7,0.4,10.0
20,20250701,6,4,2.3,0.0,1.4,0.93,0.5,10.0
20,20250701,7,4,1.3,0.0,1.0,0.31,0.2,10.0
20,20250701,8,4,3.0,0.0,2.0,0.86,0.6,10.0
1,20250801,1,4,35.6,3.9,27.1,11.62,6.8,8.3
1,20250801,2,4,28.6,2.4,15.4,8.79,4.8,8.3
1,20250801,3,4,16.9,1.4,9.2,4.99,2.6,8.3
1,20250801,4,4,12.4,1.0,9.1,3.31,2.5,8.3
1,20250801,5,4,16.3,1.7,13.2,6.47,3.5,8.3
1,20250801,6,4,20.0,2.3,14.2,7.1,4.5,8.3
1,20250801,7,4,12.0,1.0,7.1,3.12,1.9,8.3
1,20250801,8,4,28.4,2.3,15.5,8.64,4.8,8.3
2,20250801,1,4,54.3,1.2,34.6,15.71,10.0,6.8
2,20250801,2,4,34.4,0.6,22.9,9.92,6.4,6.8
2,20250801,3,4,23.4,0.3,12.7,7.19,3.9,6.8
2,20250801,4,4,16.2,0.3,10.4,5.69,3.4,6.8
2,20250801,5,4,28.9,0.4,17.3,7.15,4.7,6.8
2,20250801,6,4,28.1,0.6,18.1,10.8,6.5,6.8
2,20250801,7,4,13.4,0.3,10.3,4.07,2.9,6.8
2,20250801,8,4,43.7,0.8,21.7,11.14,6.9,6.8
3,20250801,1,4,80.1,1.7,43.2,19.46,10.0,4.8
3,20250801,2,4,54.5,1.1,33.3,16.67,9.0,4.8
3,20250801,3,4,28.4,0.6,20.9,9.99,5.1,4.8
3,20250801,4,4,27.4,0.5,15.0,7.83,4.7,4.8
3,20250801,5,4,38.5,0.9,25.3,10.13,7.3,4.8
3,20250801,6,4,43.2,0.9,28.3,15.49,9.2,4.8
3,20250801,7,4,22.6,0.4,12.7,5.5,3.9,4.8
3,20250801,8,4,52.7,1.1,31.6,17.55,9.7,4.8
4,20250801,1,4,67.5,0.6,43.8,17.52,10.0,6.0
4,20250801,2,4,45.3,0.4,27.8,14.06,7.0,6.0
4,20250801,3,4,21.0,0.2,12.9,6.61,4.1,6.0
4,20250801,4,4,22.5,0.2,13.8,6.73,4.1,6.0
4,20250801,5,4,32.2,0.3,20.9,9.21,6.2,6.0
4,20250801,6,4,41.0,0.3,21.4,12.55,7.0,6.0
4,20250801,7,4,15.4,0.2,10.2,5.05,3.3,6.0
4,20250801,8,4,47.7,0.4,31.6,11.63,8.6,6.0
5,20250801,1,4,12.0,0.1,8.7,4.47,2.2,10.0
5,20250801,2,4,9.6,0.1,5.0,2.42,1.5,10.0
5,20250801,3,4,5.6,0.0,2.8,1.58,0.9,10.0
5,20250801,4,4,4.9,0.0,2.8,1.45,0.8,10.0
5,20250801,5,4,6.4,0.1,3.5,1.77,1.1,10.0
5,20250801,6,4,7.9,0.1,4.9,2.68,1.4,10.0
5,20250801,7,4,3.7,0.0,2.3,0.94,0.6,10.0
5,20250801,8,4,9.9,0.1,5.3,3.07,1.7,10.0
6,20250801,1,4,14.8,0.1,8.8,4.67,2.9,10.0
6,20250801,2,4,9.6,0.1,6.4,3.35,1.7,10.0
6,20250801,3,4,6.2,0.0,3.9,1.98,1.0,10.0
6,20250801,4,4,4.9,0.0,2.9,1.8,0.9,10.0
6,20250801,5,4,8.6,0.0,5.2,1.96,1.3,10.0
6,20250801,6,4,10.0,0.1,5.7,2.74,1.8,10.0
6,20250801,7,4,4.4,0.0,3.0,1.31,0.8,10.0
6,20250801,8,4,11.3,0.1,7.5,3.03,2.0,10.0
7,20250801,1,4,52.2,0.1,25.6,15.31,9.5,7.4
7,20250801,2,4,29.7,0.1,22.3,9.32,5.4,7.4
7,20250801,3,4,20.4,0.0,11.3,4.75,3.3,7.4
7,20250801,4,4,16.1,0.0,9.6,5.0,2.8,7.4
7,20250801,5,4,26.0,0.1,14.5,6.79,4.1,7.4
7,20250801,6,4,32.8,0.1,15.9,8.88,5.5,7.4
7,20250801,7,4,11.8,0.0,7.4,4.06,2.6,7.4
7,20250801,8,4,39.5,0.1,21.3,11.52,6.3,7.4
8,20250801,1,4,16.9,0.1,11.8,6.04,3.7,10.0
8,20250801,2,4,14.6,0.0,8.0,3.9,2.4,10.0
8,20250801,3,4,6.4,0.0,5.2,2.55,1.2,10.0
8,20250801,4,4,5.6,0.0,4.0,1.93,1.2,10.0
8,20250801,5,4,8.8,0.0,5.5,2.74,1.9,10.0
8,20250801,6,4,11.7,0.0,7.9,3.1,2.2,10.0
8,20250801,7,4,5.5,0.0,3.1,1.52,0.9,10.0
8,20250801,8,4,15.9,0.0,8.1,4.19,2.6,10.0
9,20250801,1,4,45.2,0.1,34.4,18.02,8.8,7.0
9,20250801,2,4,32.5,0.1,24.6,11.33,6.7,7.0
9,20250801,3,4,20.1,0.1,13.4,5.24,3.4,7.0
9,20250801,4,4,15.9,0.0,10.5,5.62,3.4,7.0
9,20250801,5,4,26.9,0.1,18.5,7.18,4.6,7.0
9,20250801,6,4,35.3,0.1,20.4,10.31,5.6,7.0
9,20250801,7,4,16.0,0.0,10.3,3.94,2.8,7.0
9,20250801,8,4,41.1,0.1,20.9,11.79,6.4,7.0
10,20250801,1,4,10.8,0.0,6.3,3.61,2.0,10.0
10,20250801,2,4,6.0,0.0,3.9,2.05,1.1,10.0
10,20250801,3,4,4.1,0.0,2.5,1.16,0.8,10.0
10,20250801,4,4,3.7,0.0,2.2,1.05,0.6,10.0
10,20250801,5,4,4.6,0.0,3.1,1.31,1.0,10.0
10,20250801,6,4,6.2,0.0,3.8,1.76,1.1,10.0
10,20250801,7,4,2.8,0.0,2.0,0.97,0.5,10.0
10,20250801,8,4,8.1,0.0,4.8,2.35,1.4,10.0
11,20250801,1,4,60.3,0.1,35.2,17.66,10.0,5.8
11,20250801,2,4,45.2,0.1,27.5,13.71,8.2,5.8
11,20250801,3,4,25.3,0.0,16.3,6.72,4.8,5.8
11,20250801,4,4,19.0,0.0,13.9,7.13,3.6,5.8
11,20250801,5,4,37.2,0.1,19.3,10.15,6.2,5.8
11,20250801,6,4,36.7,0.1,26.7,11.6,7.2,5.8
11,20250801,7,4,17.5,0.0,11.8,6.35,3.5,5.8
11,20250801,8,4,40.3,0.1,27.9,16.2,8.1,5.8
12,20250801,1,4,39.0,0.1,25.6,11.88,6.8,8.4
12,20250801,2,4,26.8,0.1,13.6,8.17,4.4,8.4
12,20250801,3,4,14.2,0.0,9.2,3.76,2.3,8.4
12,20250801,4,4,13.5,0.0,8.0,3.94,2.1,8.4
12,20250801,5,4,20.3,0.0,10.7,4.79,3.2,8.4
12,20250801,6,4,20.2,0.0,11.9,7.67,4.2,8.4
12,20250801,7,4,10.9,0.0,5.9,2.8,1.9,8.4
12,20250801,8,4,28.0,0.1,18.3,7.92,4.8,8.4
13,20250801,1,4,70.8,0.2,36.1,23.32,10.0,5.6
13,20250801,2,4,42.7,0.2,30.6,14.13,7.6,5.6
13,20250801,3,4,26.3,0.1,14.6,8.07,5.0,5.6
13,20250801,4,4,23.4,0.1,16.0,5.72,3.9,5.6
13,20250801,5,4,35.1,0.2,20.2,11.6,6.3,5.6
13,20250801,6,4,46.5,0.1,22.7,12.84,8.0,5.6
13,20250801,7,4,18.7,0.1,11.8,6.56,3.2,5.6
13,20250801,8,4,43.8,0.2,28.5,13.81,8.4,5.6
14,20250801,1,4,74.7,0.2,38.5,23.33,10.0,5.4
14,20250801,2,4,48.4,0.1,24.8,12.52,8.1,5.4
14,20250801,3,4,26.0,0.1,16.1,7.26,4.9,5.4
14,20250801,4,4,25.0,0.1,16.0,5.92,3.8,5.4
14,20250801,5,4,33.2,0.1,23.7,11.94,6.9,5.4
14,20250801,6,4,46.8,0.1,24.5,14.44,7.1,5.4
14,20250801,7,4,22.0,0.0,10.9,4.79,3.5,5.4
14,20250801,8,4,45.2,0.1,27.8,15.04,9.4,5.4
15,20250801,1,4,24.4,0.0,16.1,8.3,4.7,9.6
15,20250801,2,4,15.9,0.0,8.7,4.1,3.0,9.6
15,20250801,3,4,9.8,0.0,5.5,2.56,1.8,9.6
15,20250801,4,4,8.8,0.0,4.6,2.74,1.6,9.6
15,20250801,5,4,13.0,0.0,8.5,3.53,2.3,9.6
15,20250801,6,4,14.5,0.0,9.9,4.17,2.7,9.6
15,20250801,7,4,7.0,0.0,4.5,2.03,1.3,9.6
15,20250801,8,4,19.7,0.0,12.2,6.07,2.9,9.6
16,20250801,1,4,71.6,0.0,53.4,23.39,10.0,4.6
16,20250801,2,4,44.7,0.0,32.5,13.02,8.9,4.6
16,20250801,3,4,29.8,0.0,18.7,10.22,5.1,4.6
16,20250801,4,4,26.4,0.0,13.9,7.08,4.4,4.6
16,20250801,5,4,44.4,0.0,27.1,12.45,6.4,4.6
16,20250801,6,4,42.6,0.0,32.4,12.36,8.7,4.6
16,20250801,7,4,21.5,0.0,12.4,7.03,3.7,4.6
16,20250801,8,4,60.7,0.0,34.5,18.52,10.0,4.6
17,20250801,1,4,28.1,0.0,18.6,8.7,5.8,9.0
17,20250801,2,4,20.6,0.0,11.8,5.46,3.5,9.0
17,20250801,3,4,13.4,0.0,6.8,3.63,2.3,9.0
17,20250801,4,4,10.1,0.0,6.8,2.73,1.7,9.0
17,20250801,5,4,14.7,0.0,9.4,4.2,3.0,9.0
17,20250801,6,4,17.3,0.0,10.4,5.93,3.7,9.0
17,20250801,7,4,8.7,0.0,5.3,2.19,1.7,9.0
17,20250801,8,4,22.5,0.0,13.9,5.75,4.3,9.0
18,20250801,1,4,39.6,0.0,24.6,11.04,6.6,8.6
18,20250801,2,4,25.2,0.0,16.1,7.63,4.4,8.6
18,20250801,3,4,13.1,0.0,7.6,4.61,2.7,8.6
18,20250801,4,4,10.4,0.0,7.9,3.33,2.0,8.6
18,20250801,5,4,17.6,0.0,11.4,4.5,3.0,8.6
18,20250801,6,4,21.7,0.0,11.3,6.61,3.6,8.6
18,20250801,7,4,10.0,0.0,6.6,2.37,1.7,8.6
18,20250801,8,4,28.1,0.0,17.0,6.78,4.9,8.6
19,20250801,1,4,9.1,0.0,4.8,2.38,1.7,10.0
19,20250801,2,4,6.4,0.0,4.1,1.74,1.0,10.0
19,20250801,3,4,3.2,0.0,1.9,0.92,0.7,10.0
19,20250801,4,4,3.2,0.0,1.8,0.97,0.5,10.0
19,20250801,5,4,4.2,0.0,2.8,1.16,0.7,10.0
19,20250801,6,4,6.0,0.0,3.6,1.46,0.9,10.0
19,20250801,7,4,2.6,0.0,1.7,0.72,0.4,10.0
19,20250801,8,4,6.7,0.0,4.4,2.11,1.1,10.0
20,20250801,1,4,3.9,0.0,2.3,1.28,0.8,10.0
20,20250801,2,4,3.0,0.0,2.0,0.93,0.6,10.0
20,20250801,3,4,1.8,0.0,0.9,0.41,0.3,10.0
20,20250801,4,4,1.4,0.0,1.1,0.48,0.3,10.0
20,20250801,5,4,2.3,0.0,1.2,0.59,0.4,10.0
20,20250801,6,4,2.8,0.0,1.8,0.79,0.5,10.0
20,20250801,7,4,1.1,0.0,1.0,0.39,0.2,10.0
20,20250801,8,4,3.3,0.0,2.2,1.05,0.6,10.0
1,20250901,1,4,35.3,2.9,20.6,13.29,7.5,8.3
1,20250901,2,4,26.6,2.8,17.7,6.72,5.0,8.3
1,20250901,3,4,16.3,1.2,9.9,3.95,2.7,8.3
1,20250901,4,4,12.0,1.4,8.6,3.36,2.4,8.3
1,20250901,5,4,20.8,2.0,13.6,6.37,3.3,8.3
1,20250901,6,4,22.9,2.3,16.6,7.47,3.9,8.3
1,20250901,7,4,11.4,0.8,6.1,3.16,2.0,8.3
1,20250901,8,4,25.5,2.7,18.9,8.16,4.6,8.3
2,20250901,1,4,58.4,0.9,31.6,13.36,10.0,6.8
2,20250901,2,4,35.5,0.7,20.7,11.71,7.1,6.8
2,20250901,3,4,21.2,0.3,14.7,5.96,4.2,6.8
2,20250901,4,4,20.6,0.3,10.7,4.82,3.2,6.8
2,20250901,5,4,24.5,0.6,15.9,7.45,4.6,6.8
2,20250901,6,4,36.2,0.6,22.8,9.23,6.3,6.8
2,20250901,7,4,16.6,0.3,8.0,3.99,2.5,6.8
2,20250901,8,4,38.8,0.7,21.3,13.57,7.6,6.8
3,20250901,1,4,69.7,1.4,47.9,18.8,10.0,4.8
3,20250901,2,4,52.1,0.9,31.5,15.66,9.0,4.8
3,20250901,3,4,27.6,0.7,18.0,9.9,5.4,4.8
3,20250901,4,4,22.6,0.5,18.0,8.78,5.1,4.8
3,20250901,5,4,42.7,0.9,20.8,12.21,6.7,4.8
3,20250901,6,4,51.7,0.9,32.0,14.12,9.2,4.8
3,20250901,7,4,18.7,0.4,14.5,7.22,4.0,4.8
3,20250901,8,4,54.9,1.3,32.3,13.61,10.0,4.8
4,20250901,1,4,53.4,0.5,44.0,15.53,10.0,6.0
4,20250901,2,4,41.1,0.3,24.0,11.41,7.0,6.0
4,20250901,3,4,21.7,0.2,14.2,7.84,4.5,6.0
4,20250901,4,4,20.3,0.1,13.8,5.66,3.5,6.0
4,20250901,5,4,31.4,0.3,20.5,9.43,5.2,6.0
4,20250901,6,4,37.4,0.4,23.4,10.7,7.4,6.0
4,20250901,7,4,19.7,0.1,9.9,5.58,3.3,6.0
4,20250901,8,4,51.9,0.3,24.8,14.86,7.5,6.0
5,20250901,1,4,13.0,0.1,8.9,4.2,2.3,10.0
5,20250901,2,4,8.4,0.1,5.9,2.95,1.5,10.0
5,20250901,3,4,5.0,0.0,2.7,1.73,1.0,10.0
5,20250901,4,4,4.5,0.0,2.8,1.32,0.7,10.0
5,20250901,5,4,7.4,0.0,4.0,1.83,1.3,10.0
5,20250901,6,4,8.2,0.1,4.5,2.35,1.6,10.0
5,20250901,7,4,3.5,0.0,2.3,1.17,0.7,10.0
5,20250901,8,4,10.7,0.1,5.7,2.95,1.6,10.0
6,20250901,1,4,17.0,0.1,8.8,5.06,3.1,10.0
6,20250901,2,4,10.5,0.1,6.0,3.45,1.9,10.0
6,20250901,3,4,6.2,0.0,3.9,1.88,1.2,10.0
6,20250901,4,4,5.3,0.0,3.2,1.42,1.0,10.0
6,20250901,5,4,7.8,0.1,4.8,2.58,1.4,10.0
6,20250901,6,4,10.0,0.1,5.6,2.76,1.8,10.0
6,20250901,7,4,4.8,0.0,2.8,1.12,0.8,10.0
6,20250901,8,4,12.9,0.1,6.0,3.63,2.1,10.0
7,20250901,1,4,46.2,0.1,27.1,12.39,8.7,7.4
7,20250901,2,4,30.0,0.1,17.1,8.49,5.8,7.4
7,20250901,3,4,19.9,0.0,11.2,4.75,3.4,7.4
7,20250901,4,4,17.9,0.0,11.3,5.19,3.1,7.4
7,20250901,5,4,23.2,0.1,15.6,7.3,4.0,7.4
7,20250901,6,4,28.5,0.1,19.6,9.12,4.8,7.4
7,20250901,7,4,12.9,0.0,8.0,4.49,2.6,7.4
7,20250901,8,4,38.4,0.1,24.0,8.97,6.6,7.4
8,20250901,1,4,22.0,0.0,12.9,5.93,3.2,10.0
8,20250901,2,4,12.3,0.0,7.5,3.2,2.3,10.0
8,20250901,3,4,7.0,0.0,4.8,1.95,1.5,10.0
8,20250901,4,4,6.3,0.0,3.9,1.86,1.1,10.0
8,20250901,5,4,9.4,0.0,6.3,2.92,1.8,10.0
8,20250901,6,4,11.4,0.0,8.2,4.1,2.0,10.0
8,20250901,7,4,5.7,0.0,3.8,1.83,0.9,10.0
8,20250901,8,4,14.2,0.0,8.0,3.9,2.5,10.0
9,20250901,1,4,49.6,0.1,36.2,16.56,8.8,7.0
9,20250901,2,4,33.4,0.1,19.6,11.81,6.4,7.0
9,20250901,3,4,19.0,0.0,10.9,5.94,3.4,7.0
9,20250901,4,4,17.0,0.0,11.7,5.79,3.4,7.0
9,20250901,5,4,29.2,0.1,16.4,8.32,5.0,7.0
9,20250901,6,4,31.4,0.1,20.9,8.25,5.3,7.0
9,20250901,7,4,14.9,0.0,10.1,4.89,2.5,7.0
9,20250901,8,4,41.0,0.1,23.6,11.23,6.3,7.0
10,20250901,1,4,12.0,0.0,7.0,3.52,1.9,10.0
10,20250901,2,4,6.3,0.0,4.5,1.82,1.3,10.0
10,20250901,3,4,4.0,0.0,2.3,1.08,0.8,10.0
10,20250901,4,4,3.3,0.0,2.5,1.11,0.6,10.0
10,20250901,5,4,4.6,0.0,3.0,1.81,0.9,10.0
10,20250901,6,4,6.8,0.0,4.0,1.57,1.2,10.0
10,20250901,7,4,2.5,0.0,1.9,0.8,0.6,10.0
10,20250901,8,4,8.6,0.0,4.9,2.26,1.5,10.0
11,20250901,1,4,71.4,0.1,43.4,20.65,10.0,5.8
11,20250901,2,4,37.8,0.1,25.8,10.9,7.2,5.8
11,20250901,3,4,25.8,0.1,16.5,6.41,4.4,5.8
11,20250901,4,4,23.8,0.0,11.8,7.36,3.6,5.8
11,20250901,5,4,35.7,0.1,18.5,9.8,5.9,5.8
11,20250901,6,4,41.7,0.1,26.8,11.42,7.9,5.8
11,20250901,7,4,16.9,0.0,12.4,5.62,3.1,5.8
11,20250901,8,4,50.7,0.1,27.5,12.85,8.1,5.8
12,20250901,1,4,36.1,0.1,25.0,11.24,6.1,8.4
12,20250901,2,4,27.5,0.0,17.2,8.14,4.4,8.4
12,20250901,3,4,15.4,0.0,7.6,4.07,2.4,8.4
12,20250901,4,4,13.0,0.0,6.5,3.55,2.3,8.4
12,20250901,5,4,16.6,0.0,12.9,5.17,3.4,8.4
12,20250901,6,4,23.7,0.0,12.9,7.07,3.7,8.4
12,20250901,7,4,9.8,0.0,6.4,3.5,1.8,8.4
12,20250901,8,4,26.7,0.1,15.7,8.8,4.5,8.4
13,20250901,1,4,58.2,0.2,37.2,17.36,10.0,5.6
13,20250901,2,4,41.7,0.2,26.1,11.81,7.9,5.6
13,20250901,3,4,24.8,0.1,16.5,8.81,5.1,5.6
13,20250901,4,4,20.5,0.1,12.3,5.85,4.0,5.6
13,20250901,5,4,29.1,0.1,19.3,11.42,6.5,5.6
13,20250901,6,4,38.9,0.1,26.6,10.66,7.1,5.6
13,20250901,7,4,19.7,0.1,11.5,5.49,3.3,5.6
13,20250901,8,4,48.4,0.2,26.2,13.92,8.3,5.6
14,20250901,1,4,64.4,0.2,43.1,17.06,10.0,5.4
14,20250901,2,4,42.0,0.1,31.2,13.03,7.8,5.4
14,20250901,3,4,29.9,0.1,18.3,9.42,5.0,5.4
14,20250901,4,4,21.2,0.1,13.2,6.92,4.3,5.4
14,20250901,5,4,32.5,0.1,19.5,9.83,6.0,5.4
14,20250901,6,4,40.0,0.1,24.4,10.81,7.7,5.4
14,20250901,7,4,16.7,0.1,12.5,5.43,3.7,5.4
14,20250901,8,4,57.2,0.1,35.0,17.28,8.3,5.4
15,20250901,1,4,24.4,0.0,15.9,5.97,4.8,9.6
15,20250901,2,4,16.6,0.0,9.5,5.32,2.9,9.6
15,20250901,3,4,9.9,0.0,5.9,2.98,1.9,9.6
15,20250901,4,4,8.3,0.0,4.6,2.2,1.3,9.6
15,20250901,5,4,13.5,0.0,7.4,3.43,2.0,9.6
15,20250901,6,4,13.3,0.0,9.2,4.56,2.7,9.6
15,20250901,7,4,6.3,0.0,3.6,1.77,1.3,9.6
15,20250901,8,4,18.2,0.0,10.4,5.88,3.2,9.6
16,20250901,1,4,85.3,0.0,51.2,27.52,10.0,4.6
16,20250901,2,4,58.5,0.0,36.9,13.05,9.8,4.6
16,20250901,3,4,30.2,0.0,17.3,8.25,5.2,4.6
16,20250901,4,4,29.4,0.0,14.2,8.6,4.8,4.6
16,20250901,5,4,42.1,0.0,25.5,10.61,6.6,4.6
16,20250901,6,4,51.0,0.0,33.5,13.11,8.0,4.6
16,20250901,7,4,22.2,0.0,13.6,6.25,3.8,4.6
16,20250901,8,4,52.3,0.0,31.3,19.2,9.9,4.6
17,20250901,1,4,33.2,0.0,19.4,7.65,5.9,9.0
17,20250901,2,4,21.6,0.0,12.0,7.02,3.7,9.0
17,20250901,3,4,12.4,0.0,8.1,3.21,2.1,9.0
17,20250901,4,4,9.8,0.0,5.4,3.23,1.9,9.0
17,20250901,5,4,14.2,0.0,8.5,4.87,2.8,9.0
17,20250901,6,4,16.7,0.0,9.9,6.11,3.1,9.0
17,20250901,7,4,8.0,0.0,5.6,2.58,1.4,9.0
17,20250901,8,4,20.7,0.0,14.4,7.36,4.3,9.0
18,20250901,1,4,32.9,0.0,20.8,11.45,6.9,8.6
18,20250901,2,4,22.3,0.0,16.3,7.82,4.1,8.6
18,20250901,3,4,15.4,0.0,7.7,3.78,2.6,8.6
18,20250901,4,4,13.0,0.0,7.1,3.14,2.2,8.6
18,20250901,5,4,16.4,0.0,11.9,5.42,3.1,8.6
18,20250901,6,4,21.8,0.0,13.2,6.12,3.6,8.6
18,20250901,7,4,8.7,0.0,6.0,2.85,1.7,8.6
18,20250901,8,4,24.8,0.0,16.0,7.37,4.6,8.6
19,20250901,1,4,9.5,0.0,5.8,2.67,1.6,10.0
19,20250901,2,4,6.4,0.0,3.8,1.53,1.0,10.0
19,20250901,3,4,3.2,0.0,2.0,1.1,0.6,10.0
19,20250901,4,4,3.1,0.0,1.8,0.79,0.5,10.0
19,20250901,5,4,4.8,0.0,2.6,1.09,0.8,10.0
19,20250901,6,4,4.7,0.0,3.4,1.48,1.0,10.0
19,20250901,7,4,2.4,0.0,1.3,0.61,0.4,10.0
19,20250901,8,4,6.9,0.0,3.9,1.74,1.1,10.0
20,20250901,1,4,4.0,0.0,2.8,1.51,0.7,10.0
20,20250901,2,4,2.9,0.0,1.6,0.87,0.5,10.0
20,20250901,3,4,1.7,0.0,1.0,0.57,0.3,10.0
20,20250901,4,4,1.5,0.0,1.0,0.41,0.2,10.0
20,20250901,5,4,2.1,0.0,1.3,0.71,0.4,10.0
20,20250901,6,4,2.5,0.0,1.7,0.77,0.5,10.0
20,20250901,7,4,1.2,0.0,0.9,0.34,0.2,10.0
20,20250901,8,4,2.9,0.0,1.8,1.1,0.6,10.0
1,20251001,1,5,31.8,1.6,11.5,5.11,4.8,7.4
1,20251001,2,5,18.6,1.1,6.8,4.2,3.4,7.4
1,20251001,3,5,10.2,0.7,3.9,2.5,2.0,7.4
1,20251001,4,5,9.8,0.6,4.2,2.12,1.8,7.4
1,20251001,5,5,14.0,0.9,6.0,2.63,2.4,7.4
1,20251001,6,5,17.2,0.9,7.4,3.17,3.2,7.4
1,20251001,7,5,6.6,0.5,3.0,1.37,1.5,7.4
1,20251001,8,5,18.8,1.4,7.7,4.23,3.7,7.4
2,20251001,1,5,43.3,0.6,16.8,6.82,6.5,5.9
2,20251001,2,5,28.9,0.3,11.1,4.74,4.8,5.9
2,20251001,3,5,16.6,0.2,5.6,3.22,2.8,5.9
2,20251001,4,5,12.5,0.2,5.5,2.59,2.5,5.9
2,20251001,5,5,21.8,0.3,9.0,3.43,3.5,5.9
2,20251001,6,5,24.4,0.4,9.2,4.83,3.9,5.9
2,20251001,7,5,9.3,0.1,5.0,2.02,2.2,5.9
2,20251001,8,5,24.3,0.4,12.4,5.83,4.8,5.9
3,20251001,1,5,58.6,0.8,23.6,10.79,9.4,3.9
3,20251001,2,5,38.2,0.4,16.7,7.86,7.1,3.9
3,20251001,3,5,22.3,0.3,8.3,4.44,4.1,3.9
3,20251001,4,5,19.2,0.2,8.0,4.03,3.2,3.9
3,20251001,5,5,30.8,0.5,12.6,5.8,5.5,3.9
3,20251001,6,5,35.7,0.5,16.6,7.43,6.5,3.9
3,20251001,7,5,13.7,0.3,7.4,3.65,2.7,3.9
3,20251001,8,5,40.0,0.6,15.9,7.92,6.9,3.9
4,20251001,1,5,39.5,0.3,19.1,8.52,8.6,5.1
4,20251001,2,5,32.4,0.2,14.7,5.4,5.6,5.1
4,20251001,3,5,15.4,0.1,6.4,3.75,2.9,5.1
4,20251001,4,5,15.7,0.1,5.5,2.65,3.0,5.1
4,20251001,5,5,23.5,0.1,9.8,4.05,4.1,5.1
4,20251001,6,5,27.8,0.2,13.5,5.88,5.5,5.1
4,20251001,7,5,11.6,0.1,5.0,2.26,2.5,5.1
4,20251001,8,5,30.4,0.2,13.3,7.24,5.5,5.1
5,20251001,1,5,8.8,0.0,4.5,1.97,1.7,9.7
5,20251001,2,5,6.7,0.0,2.6,1.17,1.2,9.7
5,20251001,3,5,4.0,0.0,1.8,0.78,0.7,9.7
5,20251001,4,5,3.4,0.0,1.3,0.75,0.6,9.7
5,20251001,5,5,4.4,0.0,2.3,1.06,0.9,9.7
5,20251001,6,5,6.2,0.0,2.3,1.19,1.1,9.7
5,20251001,7,5,2.9,0.0,1.2,0.47,0.4,9.7
5,20251001,8,5,6.7,0.0,2.7,1.24,1.2,9.7
6,20251001,1,5,10.7,0.1,5.1,2.7,2.0,9.5
6,20251001,2,5,8.4,0.0,2.9,1.44,1.3,9.5
6,20251001,3,5,4.0,0.0,2.1,0.78,0.8,9.5
6,20251001,4,5,3.4,0.0,1.8,0.69,0.7,9.5
6,20251001,5,5,4.9,0.0,2.2,1.12,1.1,9.5
6,20251001,6,5,7.8,0.0,2.7,1.31,1.3,9.5
6,20251001,7,5,3.1,0.0,1.5,0.53,0.5,9.5
6,20251001,8,5,7.8,0.0,3.0,1.56,1.5,9.5
7,20251001,1,5,34.8,0.1,13.4,6.63,6.7,6.5
7,20251001,2,5,22.5,0.0,10.8,4.77,4.0,6.5
7,20251001,3,5,12.9,0.0,6.4,2.28,2.4,6.5
7,20251001,4,5,10.8,0.0,5.3,2.78,2.1,6.5
7,20251001,5,5,19.6,0.0,7.4,3.53,3.5,6.5
7,20251001,6,5,20.6,0.0,8.2,3.61,3.9,6.5
7,20251001,7,5,9.0,0.0,4.6,1.87,1.7,6.5
7,20251001,8,5,23.0,0.0,9.2,5.23,4.7,6.5
8,20251001,1,5,12.9,0.0,5.4,3.1,2.3,9.1
8,20251001,2,5,10.7,0.0,3.7,2.1,1.8,9.1
8,20251001,3,5,5.6,0.0,2.6,1.22,1.0,9.1
8,20251001,4,5,5.2,0.0,2.2,0.98,0.8,9.1
8,20251001,5,5,6.3,0.0,2.7,1.6,1.4,9.1
8,20251001,6,5,8.9,0.0,3.1,1.68,1.5,9.1
8,20251001,7,5,3.9,0.0,1.5,0.76,0.7,9.1
8,20251001,8,5,11.4,0.0,4.9,1.83,2.0,9.1
9,20251001,1,5,41.0,0.0,14.4,6.94,6.3,6.1
9,20251001,2,5,23.6,0.0,10.0,5.0,4.7,6.1
9,20251001,3,5,16.9,0.0,6.9,3.33,2.9,6.1
9,20251001,4,5,13.4,0.0,5.8,2.19,2.5,6.1
9,20251001,5,5,19.8,0.0,6.9,3.51,3.7,6.1
9,20251001,6,5,21.1,0.0,9.3,5.33,4.6,6.1
9,20251001,7,5,10.4,0.0,3.9,2.52,1.8,6.1
9,20251001,8,5,28.8,0.0,13.2,6.33,5.4,6.1
10,20251001,1,5,8.1,0.0,3.4,1.64,1.4,9.9
10,20251001,2,5,5.5,0.0,2.5,1.17,0.8,9.9
10,20251001,3,5,3.1,0.0,1.3,0.56,0.5,9.9
10,20251001,4,5,2.6,0.0,1.2,0.44,0.4,9.9
10,20251001,5,5,4.0,0.0,1.8,0.67,0.7,9.9
10,20251001,6,5,5.1,0.0,1.8,1.03,0.8,9.9
10,20251001,7,5,2.1,0.0,0.9,0.47,0.4,9.9
10,20251001,8,5,6.2,0.0,2.2,1.3,1.1,9.9
11,20251001,1,5,41.4,0.1,19.6,11.27,8.0,4.9
11,20251001,2,5,33.6,0.0,11.8,6.57,5.8,4.9
11,20251001,3,5,17.3,0.0,7.4,3.3,3.3,4.9
11,20251001,4,5,14.3,0.0,7.5,3.03,2.9,4.9
11,20251001,5,5,20.6,0.0,11.1,4.83,4.6,4.9
11,20251001,6,5,25.5,0.0,14.2,6.05,5.1,4.9
11,20251001,7,5,13.3,0.0,5.1,2.58,2.5,4.9
11,20251001,8,5,37.4,0.0,13.1,8.14,5.8,4.9
12,20251001,1,5,25.4,0.0,12.8,4.78,4.7,7.5
12,20251001,2,5,20.0,0.0,8.0,3.12,3.0,7.5
12,20251001,3,5,10.4,0.0,4.9,2.29,1.9,7.5
12,20251001,4,5,8.7,0.0,4.1,1.66,1.8,7.5
12,20251001,5,5,12.5,0.0,5.6,3.18,2.4,7.5
12,20251001,6,5,14.9,0.0,6.8,3.06,3.2,7.5
12,20251001,7,5,8.0,0.0,3.0,1.58,1.3,7.5
12,20251001,8,5,21.5,0.0,8.6,3.66,3.6,7.5
13,20251001,1,5,55.2,0.1,18.9,9.2,9.4,4.7
13,20251001,2,5,33.9,0.1,14.1,6.41,5.7,4.7
13,20251001,3,5,18.2,0.1,7.9,4.48,3.4,4.7
13,20251001,4,5,14.4,0.0,6.8,3.97,3.0,4.7
13,20251001,5,5,26.7,0.1,10.0,5.36,4.5,4.7
13,20251001,6,5,26.6,0.1,14.6,6.9,5.2,4.7
13,20251001,7,5,13.6,0.0,5.9,3.18,2.4,4.7
13,20251001,8,5,40.1,0.1,15.4,6.49,6.4,4.7
14,20251001,1,5,52.6,0.1,19.8,10.39,8.9,4.5
14,20251001,2,5,34.0,0.0,14.7,7.33,6.2,4.5
14,20251001,3,5,22.5,0.0,7.5,4.16,3.7,4.5
14,20251001,4,5,18.2,0.0,6.1,3.22,3.0,4.5
14,20251001,5,5,23.6,0.0,9.2,5.14,4.2,4.5
14,20251001,6,5,26.8,0.1,14.5,5.46,5.9,4.5
14,20251001,7,5,14.5,0.0,5.3,3.12,2.7,4.5
14,20251001,8,5,34.3,0.1,13.5,8.22,7.3,4.5
15,20251001,1,5,16.3,0.0,8.4,3.73,3.0,8.7
15,20251001,2,5,13.1,0.0,5.0,2.05,2.0,8.7
15,20251001,3,5,6.9,0.0,2.8,1.49,1.3,8.7
15,20251001,4,5,6.7,0.0,2.2,1.31,1.0,8.7
15,20251001,5,5,9.8,0.0,3.9,1.78,1.6,8.7
15,20251001,6,5,9.8,0.0,4.9,2.43,2.1,8.7
15,20251001,7,5,4.8,0.0,2.0,1.14,0.8,8.7
15,20251001,8,5,13.5,0.0,5.1,2.87,2.1,8.7
16,20251001,1,5,63.5,0.0,23.4,11.48,10.0,3.7
16,20251001,2,5,33.0,0.0,15.4,7.94,6.5,3.7
16,20251001,3,5,23.3,0.0,9.4,4.4,3.8,3.7
16,20251001,4,5,20.6,0.0,8.9,3.96,3.2,3.7
16,20251001,5,5,31.7,0.0,10.7,6.18,4.7,3.7
16,20251001,6,5,37.4,0.0,13.1,6.59,6.7,3.7
16,20251001,7,5,16.7,0.0,7.5,3.23,2.9,3.7
16,20251001,8,5,44.7,0.0,17.4,9.64,6.9,3.7
17,20251001,1,5,21.2,0.0,8.8,4.41,4.4,8.1
17,20251001,2,5,16.0,0.0,7.2,3.21,2.9,8.1
17,20251001,3,5,8.4,0.0,3.5,1.83,1.6,8.1
17,20251001,4,5,8.5,0.0,2.8,1.56,1.3,8.1
17,20251001,5,5,9.6,0.0,5.4,1.87,1.9,8.1
17,20251001,6,5,15.4,0.0,6.6,3.09,2.6,8.1
17,20251001,7,5,5.7,0.0,2.2,1.22,1.0,8.1
17,20251001,8,5,13.9,0.0,5.9,3.49,2.8,8.1
18,20251001,1,5,26.5,0.0,10.7,4.72,4.5,7.7
18,20251001,2,5,18.7,0.0,7.7,3.32,2.8,7.7
18,20251001,3,5,9.5,0.0,4.6,2.05,1.8,7.7
18,20251001,4,5,7.7,0.0,3.8,1.76,1.5,7.7
18,20251001,5,5,12.0,0.0,5.4,2.79,2.3,7.7
18,20251001,6,5,16.4,0.0,6.5,3.21,2.7,7.7
18,20251001,7,5,7.4,0.0,3.3,1.43,1.2,7.7
18,20251001,8,5,20.9,0.0,8.9,3.33,3.5,7.7
19,20251001,1,5,5.8,0.0,3.0,1.29,1.2,10.0
19,20251001,2,5,3.8,0.0,2.0,0.89,0.7,10.0
19,20251001,3,5,2.8,0.0,0.9,0.47,0.4,10.0
19,20251001,4,5,2.4,0.0,1.0,0.46,0.4,10.0
19,20251001,5,5,3.2,0.0,1.4,0.71,0.5,10.0
19,20251001,6,5,3.9,0.0,1.8,0.93,0.8,10.0
19,20251001,7,5,2.0,0.0,1.1,0.32,0.3,10.0
19,20251001,8,5,4.3,0.0,1.7,0.83,0.8,10.0
20,20251001,1,5,3.0,0.0,1.2,0.72,0.5,10.0
20,20251001,2,5,1.8,0.0,0.9,0.39,0.4,10.0
20,20251001,3,5,1.0,0.0,1.0,0.27,0.2,10.0
20,20251001,4,5,1.2,0.0,1.1,0.22,0.2,10.0
20,20251001,5,5,1.6,0.0,1.0,0.38,0.3,10.0
20,20251001,6,5,2.1,0.0,0.9,0.42,0.4,10.0
20,20251001,7,5,0.8,0.0,1.1,0.17,0.2,10.0
20,20251001,8,5,2.0,0.0,1.0,0.5,0.4,10.0
1,20251101,1,5,25.2,1.5,10.5,5.43,4.9,7.4
1,20251101,2,5,16.5,1.3,8.6,4.47,3.2,7.4
1,20251101,3,5,12.4,0.6,4.4,2.05,1.8,7.4
1,20251101,4,5,9.4,0.7,4.3,1.84,1.8,7.4
1,20251101,5,5,12.9,1.0,6.8,2.46,2.3,7.4
1,20251101,6,5,18.8,1.3,6.3,3.95,3.3,7.4
1,20251101,7,5,7.8,0.4,3.6,1.72,1.5,7.4
1,20251101,8,5,18.8,1.1,7.7,4.78,3.9,7.4
2,20251101,1,5,43.8,0.6,18.6,8.82,7.1,5.9
2,20251101,2,5,26.6,0.3,12.3,6.11,4.4,5.9
2,20251101,3,5,14.1,0.2,7.1,3.45,2.7,5.9
2,20251101,4,5,13.8,0.2,6.4,2.84,2.2,5.9
2,20251101,5,5,20.0,0.2,8.7,4.14,3.7,5.9
2,20251101,6,5,27.1,0.4,11.0,4.39,3.9,5.9
2,20251101,7,5,10.6,0.2,4.5,2.09,2.1,5.9
2,20251101,8,5,31.8,0.3,10.3,5.37,5.7,5.9
3,20251101,1,5,52.5,0.8,20.6,12.99,10.0,3.9
3,20251101,2,5,36.3,0.6,14.4,6.87,6.7,3.9
3,20251101,3,5,21.2,0.4,8.1,5.01,4.1,3.9
3,20251101,4,5,21.0,0.3,7.0,4.29,3.3,3.9
3,20251101,5,5,24.8,0.3,13.5,5.16,5.4,3.9
3,20251101,6,5,29.6,0.5,16.2,6.9,5.9,3.9
3,20251101,7,5,15.3,0.2,6.1,3.12,2.9,3.9
3,20251101,8,5,35.5,0.5,15.7,7.09,7.0,3.9
4,20251101,1,5,39.6,0.3,19.8,7.96,9.0,5.1
4,20251101,2,5,26.7,0.2,11.3,5.69,5.6,5.1
4,20251101,3,5,15.4,0.1,7.3,4.14,3.3,5.1
4,20251101,4,5,17.3,0.1,7.2,2.85,2.7,5.1
4,20251101,5,5,23.2,0.1,10.8,5.1,4.0,5.1
4,20251101,6,5,30.8,0.2,12.9,5.7,5.6,5.1
4,20251101,7,5,12.1,0.1,4.9,2.68,2.3,5.1
4,20251101,8,5,35.1,0.2,12.6,6.38,6.5,5.1
5,20251101,1,5,9.3,0.1,4.3,1.92,1.8,9.7
5,20251101,2,5,5.7,0.0,3.0,1.15,1.1,9.7
5,20251101,3,5,4.1,0.0,1.8,0.73,0.6,9.7
5,20251101,4,5,3.3,0.0,1.4,0.7,0.6,9.7
5,20251101,5,5,4.2,0.0,2.3,1.12,0.8,9.7
5,20251101,6,5,6.2,0.0,2.5,1.18,1.0,9.7
5,20251101,7,5,3.0,0.0,1.0,0.63,0.5,9.7
5,20251101,8,5,6.0,0.0,3.1,1.52,1.2,9.7
6,20251101,1,5,12.3,0.1,4.6,2.23,2.0,9.5
6,20251101,2,5,6.9,0.0,3.3,1.44,1.5,9.5
6,20251101,3,5,4.9,0.0,1.8,0.95,0.8,9.5
6,20251101,4,5,3.3,0.0,1.8,0.81,0.6,9.5
6,20251101,5,5,4.9,0.0,2.5,1.2,1.0,9.5
6,20251101,6,5,7.2,0.0,2.9,1.3,1.2,9.5
6,20251101,7,5,3.4,0.0,1.3,0.63,0.6,9.5
6,20251101,8,5,9.0,0.0,3.1,1.45,1.5,9.5
7,20251101,1,5,33.1,0.1,13.8,6.08,5.9,6.5
7,20251101,2,5,25.8,0.0,10.8,5.57,4.2,6.5
7,20251101,3,5,14.3,0.0,5.1,3.14,2.4,6.5
7,20251101,4,5,11.7,0.0,4.5,1.96,1.9,6.5
7,20251101,5,5,16.0,0.0,7.4,4.02,3.2,6.5
7,20251101,6,5,19.4,0.0,8.5,3.97,4.1,6.5
7,20251101,7,5,8.9,0.0,4.7,2.12,1.6,6.5
7,20251101,8,5,24.2,0.0,12.0,6.02,4.4,6.5
8,20251101,1,5,12.3,0.0,5.4,2.92,2.6,9.1
8,20251101,2,5,8.4,0.0,4.4,1.95,1.6,9.1
8,20251101,3,5,5.0,0.0,2.5,1.19,1.0,9.1
8,20251101,4,5,4.5,0.0,2.2,0.8,0.9,9.1
8,20251101,5,5,6.3,0.0,2.6,1.36,1.3,9.1
8,20251101,6,5,8.3,0.0,4.1,1.75,1.5,9.1
8,20251101,7,5,3.5,0.0,1.5,0.83,0.6,9.1
8,20251101,8,5,10.5,0.0,4.2,1.91,1.7,9.1
9,20251101,1,5,33.5,0.1,16.9,8.44,6.6,6.1
9,20251101,2,5,26.4,0.0,10.4,4.92,4.3,6.1
9,20251101,3,5,15.9,0.0,7.2,3.56,2.8,6.1
9,20251101,4,5,14.4,0.0,5.2,2.6,2.3,6.1
9,20251101,5,5,18.8,0.0,7.0,3.26,3.1,6.1
9,20251101,6,5,25.7,0.0,9.4,4.98,4.6,6.1
9,20251101,7,5,10.5,0.0,4.9,2.02,1.8,6.1
9,20251101,8,5,30.4,0.0,10.1,5.95,5.3,6.1
10,20251101,1,5,6.7,0.0,3.4,1.54,1.2,9.9
10,20251101,2,5,4.8,0.0,2.0,0.98,0.9,9.9
10,20251101,3,5,2.8,0.0,1.2,0.62,0.5,9.9
10,20251101,4,5,2.8,0.0,1.2,0.56,0.4,9.9
10,20251101,5,5,3.6,0.0,1.5,0.88,0.7,9.9
10,20251101,6,5,4.8,0.0,2.2,0.98,0.9,9.9
10,20251101,7,5,1.9,0.0,1.1,0.48,0.4,9.9
10,20251101,8,5,6.0,0.0,2.5,0.93,0.9,9.9
11,20251101,1,5,54.2,0.1,20.2,10.89,8.6,4.9
11,20251101,2,5,28.5,0.0,14.8,5.36,6.3,4.9
11,20251101,3,5,17.6,0.0,7.6,3.68,3.6,4.9
11,20251101,4,5,17.4,0.0,7.4,3.29,2.7,4.9
11,20251101,5,5,23.7,0.0,8.7,4.66,4.2,4.9
11,20251101,6,5,28.6,0.0,13.8,5.08,5.2,4.9
11,20251101,7,5,14.3,0.0,5.1,3.09,2.5,4.9
11,20251101,8,5,32.5,0.0,16.8,7.57,6.4,4.9
12,20251101,1,5,26.9,0.0,12.6,5.62,4.9,7.5
12,20251101,2,5,17.1,0.0,8.6,3.75,3.2,7.5
12,20251101,3,5,10.7,0.0,4.4,1.79,1.9,7.5
12,20251101,4,5,10.0,0.0,4.1,1.74,1.5,7.5
12,20251101,5,5,14.5,0.0,5.7,2.39,2.5,7.5
12,20251101,6,5,16.1,0.0,6.7,3.85,2.9,7.5
12,20251101,7,5,6.8,0.0,2.7,1.61,1.4,7.5
12,20251101,8,5,17.1,0.0,9.1,4.6,3.7,7.5
13,20251101,1,5,51.4,0.1,24.1,10.41,9.4,4.7
13,20251101,2,5,30.7,0.1,15.1,6.82,5.9,4.7
13,20251101,3,5,17.6,0.0,9.1,3.62,3.6,4.7
13,20251101,4,5,15.4,0.0,6.4,2.78,2.8,4.7
13,20251101,5,5,27.7,0.1,10.0,5.19,4.6,4.7
13,20251101,6,5,27.0,0.1,11.4,5.2,6.0,4.7
13,20251101,7,5,14.7,0.0,6.4,3.09,2.6,4.7
13,20251101,8,5,31.1,0.1,14.9,7.75,6.1,4.7
14,20251101,1,5,46.5,0.1,19.6,9.0,8.3,4.5
14,20251101,2,5,35.0,0.1,14.8,6.92,5.5,4.5
14,20251101,3,5,21.4,0.0,9.1,4.24,3.6,4.5
14,20251101,4,5,16.6,0.0,6.7,2.87,3.2,4.5
14,20251101,5,5,25.1,0.0,11.8,5.0,5.0,4.5
14,20251101,6,5,33.8,0.1,14.2,6.25,6.0,4.5
14,20251101,7,5,13.3,0.0,6.4,2.89,2.5,4.5
14,20251101,8,5,33.2,0.1,14.6,7.08,7.0,4.5
15,20251101,1,5,15.8,0.0,7.9,3.07,3.1,8.7
15,20251101,2,5,12.1,0.0,4.9,2.14,2.2,8.7
15,20251101,3,5,6.7,0.0,3.1,1.25,1.3,8.7
15,20251101,4,5,5.3,0.0,2.4,1.26,1.1,8.7
15,20251101,5,5,10.0,0.0,3.5,2.13,1.5,8.7
15,20251101,6,5,9.7,0.0,4.8,1.99,1.9,8.7
15,20251101,7,5,4.6,0.0,2.4,1.02,0.8,8.7
15,20251101,8,5,13.5,0.0,5.9,2.72,2.3,8.7
16,20251101,1,5,59.4,0.0,22.2,13.35,10.0,3.7
16,20251101,2,5,33.4,0.0,18.0,8.28,7.0,3.7
16,20251101,3,5,23.9,0.0,9.6,5.12,4.3,3.7
16,20251101,4,5,20.5,0.0,8.9,4.2,3.6,3.7
16,20251101,5,5,25.2,0.0,12.0,6.01,4.7,3.7
16,20251101,6,5,37.8,0.0,16.2,7.73,6.5,3.7
16,20251101,7,5,16.4,0.0,7.1,3.16,3.1,3.7
16,20251101,8,5,37.1,0.0,16.1,8.67,7.9,3.7
17,20251101,1,5,23.8,0.0,8.5,4.11,3.8,8.1
17,20251101,2,5,15.4,0.0,6.2,2.7,2.7,8.1
17,20251101,3,5,9.1,0.0,4.1,1.74,1.7,8.1
17,20251101,4,5,7.6,0.0,2.9,1.42,1.3,8.1
17,20251101,5,5,10.6,0.0,4.6,1.99,2.0,8.1
17,20251101,6,5,15.2,0.0,6.4,3.24,2.3,8.1
17,20251101,7,5,6.8,0.0,2.3,1.35,1.0,8.1
17,20251101,8,5,18.0,0.0,6.5,2.87,3.1,8.1
18,20251101,1,5,23.4,0.0,10.7,4.57,4.6,7.7
18,20251101,2,5,17.2,0.0,7.1,3.06,2.9,7.7
18,20251101,3,5,9.0,0.0,4.3,1.91,1.7,7.7
18,20251101,4,5,8.8,0.0,3.9,1.8,1.4,7.7
18,20251101,5,5,12.9,0.0,5.5,2.31,2.3,7.7
18,20251101,6,5,15.1,0.0,6.2,2.61,3.0,7.7
18,20251101,7,5,7.2,0.0,3.0,1.24,1.2,7.7
18,20251101,8,5,17.4,0.0,7.5,3.44,3.2,7.7
19,20251101,1,5,6.1,0.0,2.7,1.15,1.2,10.0
19,20251101,2,5,4.3,0.0,1.9,0.97,0.8,10.0
19,20251101,3,5,2.6,0.0,1.1,0.58,0.5,10.0
19,20251101,4,5,2.3,0.0,1.1,0.41,0.4,10.0
19,20251101,5,5,3.0,0.0,1.5,0.58,0.6,10.0
19,20251101,6,5,3.7,0.0,1.8,0.88,0.7,10.0
19,20251101,7,5,1.9,0.0,0.9,0.35,0.3,10.0
19,20251101,8,5,4.9,0.0,1.7,1.03,0.9,10.0
20,20251101,1,5,3.4,0.0,1.3,0.59,0.6,10.0
20,20251101,2,5,2.0,0.0,1.0,0.38,0.4,10.0
20,20251101,3,5,1.1,0.0,0.9,0.28,0.2,10.0
20,20251101,4,5,1.1,0.0,1.0,0.21,0.2,10.0
20,20251101,5,5,1.5,0.0,1.1,0.27,0.3,10.0
20,20251101,6,5,1.8,0.0,1.0,0.36,0.3,10.0
20,20251101,7,5,0.9,0.0,1.1,0.21,0.2,10.0
20,20251101,8,5,1.9,0.0,1.0,0.52,0.4,10.0
1,20251201,1,5,30.3,1.7,11.3,5.88,4.6,7.4
1,20251201,2,5,17.2,1.4,8.8,3.61,3.2,7.4
1,20251201,3,5,9.6,0.6,5.1,2.5,2.0,7.4
1,20251201,4,5,10.0,0.6,4.1,2.24,1.6,7.4
1,20251201,5,5,14.1,0.7,5.7,2.59,2.7,7.4
1,20251201,6,5,15.2,1.0,6.5,3.02,2.8,7.4
1,20251201,7,5,8.6,0.5,3.2,1.51,1.5,7.4
1,20251201,8,5,18.8,1.4,9.9,3.78,4.0,7.4
2,20251201,1,5,44.0,0.5,15.8,8.41,7.8,5.9
2,20251201,2,5,23.9,0.4,12.6,5.8,4.4,5.9
2,20251201,3,5,13.5,0.2,7.1,2.84,3.0,5.9
2,20251201,4,5,14.3,0.2,4.8,2.23,2.4,5.9
2,20251201,5,5,21.4,0.3,8.2,4.39,3.3,5.9
2,20251201,6,5,27.4,0.3,11.3,4.33,4.0,5.9
2,20251201,7,5,12.3,0.1,4.0,2.22,2.0,5.9
2,20251201,8,5,26.2,0.4,12.9,6.76,4.8,5.9
3,20251201,1,5,48.3,0.8,25.0,10.95,10.0,3.9
3,20251201,2,5,41.2,0.6,18.2,7.49,6.6,3.9
3,20251201,3,5,23.6,0.3,9.5,3.68,4.1,3.9
3,20251201,4,5,20.4,0.3,7.8,3.27,3.4,3.9
3,20251201,5,5,29.6,0.4,11.4,5.34,5.1,3.9
3,20251201,6,5,36.7,0.4,15.1,8.21,6.3,3.9
3,20251201,7,5,17.0,0.2,6.7,3.49,2.8,3.9
3,20251201,8,5,39.3,0.6,16.2,8.13,7.2,3.9
4,20251201,1,5,45.0,0.3,21.6,9.39,8.4,5.1
4,20251201,2,5,28.3,0.1,14.3,7.11,6.1,5.1
4,20251201,3,5,17.1,0.1,8.5,3.59,3.5,5.1
4,20251201,4,5,16.2,0.1,5.7,3.5,2.9,5.1
4,20251201,5,5,24.8,0.1,8.3,3.87,4.1,5.1
4,20251201,6,5,25.6,0.1,10.5,6.57,4.9,5.1
4,20251201,7,5,14.0,0.1,4.9,2.92,2.4,5.1
4,20251201,8,5,36.6,0.2,14.6,5.63,5.6,5.1
5,20251201,1,5,9.1,0.1,4.3,1.61,1.8,9.7
5,20251201,2,5,6.2,0.0,2.9,1.52,1.2,9.7
5,20251201,3,5,4.1,0.0,1.8,0.86,0.7,9.7
5,20251201,4,5,3.5,0.0,1.3,0.67,0.5,9.7
5,20251201,5,5,5.1,0.0,1.7,1.11,0.8,9.7
5,20251201,6,5,5.6,0.0,2.2,1.29,1.1,9.7
5,20251201,7,5,2.5,0.0,1.3,0.46,0.4,9.7
5,20251201,8,5,7.6,0.0,2.9,1.41,1.3,9.7
6,20251201,1,5,11.8,0.1,4.7,2.11,2.0,9.5
6,20251201,2,5,8.0,0.0,2.8,1.54,1.3,9.5
6,20251201,3,5,4.1,0.0,1.8,0.85,0.7,9.5
6,20251201,4,5,3.9,0.0,1.5,0.66,0.6,9.5
6,20251201,5,5,5.6,0.0,2.2,1.01,1.0,9.5
6,20251201,6,5,6.2,0.0,3.2,1.55,1.2,9.5
6,20251201,7,5,3.5,0.0,1.6,0.7,0.6,9.5
6,20251201,8,5,7.4,0.0,3.9,1.52,1.3,9.5
7,20251201,1,5,31.0,0.1,16.2,8.32,6.2,6.5
7,20251201,2,5,25.1,0.0,11.2,3.96,4.6,6.5
7,20251201,3,5,14.8,0.0,5.3,3.1,2.2,6.5
7,20251201,4,5,12.5,0.0,4.7,2.32,2.2,6.5
7,20251201,5,5,15.6,0.0,6.4,3.77,3.0,6.5
7,20251201,6,5,19.2,0.0,8.6,4.19,4.2,6.5
7,20251201,7,5,10.0,0.0,3.7,1.74,1.7,6.5
7,20251201,8,5,24.8,0.0,11.6,5.94,4.9,6.5
8,20251201,1,5,14.0,0.0,6.1,3.04,2.3,9.1
8,20251201,2,5,10.1,0.0,4.3,2.01,1.8,9.1
8,20251201,3,5,5.4,0.0,2.5,1.12,1.0,9.1
8,20251201,4,5,4.6,0.0,1.7,0.81,0.9,9.1
8,20251201,5,5,7.7,0.0,3.0,1.39,1.2,9.1
8,20251201,6,5,9.4,0.0,3.4,1.57,1.5,9.1
8,20251201,7,5,3.9,0.0,1.6,0.76,0.7,9.1
8,20251201,8,5,9.2,0.0,3.8,1.76,1.8,9.1
9,20251201,1,5,33.8,0.1,17.9,7.47,6.9,6.1
9,20251201,2,5,28.0,0.0,9.9,5.31,4.6,6.1
9,20251201,3,5,14.7,0.0,7.2,2.81,2.7,6.1
9,20251201,4,5,11.8,0.0,4.9,2.79,2.1,6.1
9,20251201,5,5,17.5,0.0,7.5,3.52,3.8,6.1
9,20251201,6,5,22.0,0.0,10.6,4.84,4.5,6.1
9,20251201,7,5,9.3,0.0,5.0,2.0,1.9,6.1
9,20251201,8,5,29.5,0.0,10.5,6.48,4.9,6.1
10,20251201,1,5,8.0,0.0,3.5,1.29,1.4,9.9
10,20251201,2,5,4.4,0.0,2.1,1.2,0.8,9.9
10,20251201,3,5,3.3,0.0,1.1,0.54,0.6,9.9
10,20251201,4,5,2.6,0.0,1.2,0.6,0.5,9.9
10,20251201,5,5,4.3,0.0,1.5,0.88,0.7,9.9
10,20251201,6,5,5.3,0.0,2.2,0.94,0.8,9.9
10,20251201,7,5,1.9,0.0,0.9,0.43,0.4,9.9
10,20251201,8,5,4.9,0.0,2.6,0.95,1.1,9.9
11,20251201,1,5,52.7,0.1,17.3,10.63,9.3,4.9
11,20251201,2,5,35.3,0.0,11.6,5.71,5.3,4.9
11,20251201,3,5,18.5,0.0,7.8,4.18,3.1,4.9
11,20251201,4,5,16.4,0.0,6.3,3.08,2.8,4.9
11,20251201,5,5,20.6,0.0,10.2,5.1,4.1,4.9
11,20251201,6,5,29.8,0.0,12.7,5.22,4.9,4.9
11,20251201,7,5,13.8,0.0,5.2,2.92,2.3,4.9
11,20251201,8,5,33.4,0.0,14.9,6.04,6.7,4.9
12,20251201,1,5,22.9,0.0,12.1,5.57,4.6,7.5
12,20251201,2,5,17.0,0.0,7.2,3.25,3.1,7.5
12,20251201,3,5,8.9,0.0,4.5,2.48,1.9,7.5
12,20251201,4,5,8.1,0.0,4.3,1.98,1.5,7.5
12,20251201,5,5,13.8,0.0,5.9,2.78,2.3,7.5
12,20251201,6,5,15.4,0.0,7.1,3.11,2.7,7.5
12,20251201,7,5,7.8,0.0,3.5,1.57,1.3,7.5
12,20251201,8,5,21.7,0.0,7.1,3.29,3.3,7.5
13,20251201,1,5,47.3,0.1,21.7,8.34,8.9,4.7
13,20251201,2,5,29.6,0.1,15.9,5.71,6.0,4.7
13,20251201,3,5,21.6,0.1,9.0,3.3,3.8,4.7
13,20251201,4,5,14.3,0.1,7.0,3.84,3.0,4.7
13,20251201,5,5,24.4,0.1,9.4,4.58,4.5,4.7
13,20251201,6,5,26.9,0.1,11.3,6.78,5.7,4.7
13,20251201,7,5,13.4,0.0,6.5,3.14,2.7,4.7
13,20251201,8,5,40.5,0.1,13.3,6.87,6.7,4.7
14,20251201,1,5,46.3,0.1,21.3,12.05,9.7,4.5
14,20251201,2,5,33.0,0.1,12.9,8.07,6.2,4.5
14,20251201,3,5,18.0,0.0,7.2,4.23,3.8,4.5
14,20251201,4,5,14.9,0.0,6.9,3.72,3.4,4.5
14,20251201,5,5,28.4,0.0,10.5,4.3,4.8,4.5
14,20251201,6,5,30.3,0.1,13.8,6.78,6.0,4.5
14,20251201,7,5,15.2,0.0,6.6,2.6,2.3,4.5
14,20251201,8,5,38.4,0.1,16.0,7.44,6.5,4.5
15,20251201,1,5,19.6,0.0,8.4,3.02,3.1,8.7
15,20251201,2,5,11.4,0.0,5.6,2.06,2.1,8.7
15,20251201,3,5,7.1,0.0,3.2,1.44,1.3,8.7
15,20251201,4,5,6.2,0.0,2.4,1.12,1.2,8.7
15,20251201,5,5,8.3,0.0,3.3,2.09,1.7,8.7
15,20251201,6,5,11.6,0.0,4.9,2.15,1.8,8.7
15,20251201,7,5,5.1,0.0,2.4,1.0,0.9,8.7
15,20251201,8,5,14.3,0.0,5.0,2.18,2.4,8.7
16,20251201,1,5,50.3,0.0,24.8,13.38,10.0,3.7
16,20251201,2,5,33.6,0.0,17.2,8.05,6.7,3.7
16,20251201,3,5,19.1,0.0,10.0,4.69,3.8,3.7
16,20251201,4,5,20.7,0.0,6.9,3.95,3.3,3.7
16,20251201,5,5,26.8,0.0,13.5,5.88,5.1,3.7
16,20251201,6,5,31.0,0.0,14.8,7.12,6.4,3.7
16,20251201,7,5,13.9,0.0,6.5,2.79,2.8,3.7
16,20251201,8,5,36.5,0.0,19.0,7.88,7.5,3.7
17,20251201,1,5,22.3,0.0,8.9,4.84,4.2,8.1
17,20251201,2,5,16.3,0.0,6.5,3.37,2.9,8.1
17,20251201,3,5,8.4,0.0,3.9,1.58,1.7,8.1
17,20251201,4,5,6.9,0.0,3.3,1.77,1.3,8.1
17,20251201,5,5,12.3,0.0,4.9,2.07,2.0,8.1
17,20251201,6,5,13.6,0.0,5.3,3.19,2.2,8.1
17,20251201,7,5,6.4,0.0,2.9,1.15,1.1,8.1
17,20251201,8,5,17.3,0.0,6.5,3.64,2.8,8.1
18,20251201,1,5,25.5,0.0,10.2,5.9,4.2,7.7
18,20251201,2,5,17.1,0.0,8.3,2.94,3.1,7.7
18,20251201,3,5,10.4,0.0,4.4,2.22,2.0,7.7
18,20251201,4,5,8.3,0.0,3.6,1.93,1.7,7.7
18,20251201,5,5,14.3,0.0,4.6,2.15,2.5,7.7
18,20251201,6,5,14.8,0.0,5.7,3.05,3.0,7.7
18,20251201,7,5,7.3,0.0,2.6,1.67,1.2,7.7
18,20251201,8,5,19.9,0.0,8.9,3.39,3.2,7.7
19,20251201,1,5,5.8,0.0,2.8,1.13,1.2,10.0
19,20251201,2,5,4.7,0.0,1.6,0.81,0.8,10.0
19,20251201,3,5,2.2,0.0,1.0,0.51,0.5,10.0
19,20251201,4,5,2.3,0.0,0.9,0.38,0.4,10.0
19,20251201,5,5,3.0,0.0,1.2,0.71,0.6,10.0
19,20251201,6,5,3.7,0.0,1.4,0.73,0.7,10.0
19,20251201,7,5,1.8,0.0,0.9,0.39,0.3,10.0
19,20251201,8,5,4.2,0.0,1.9,0.84,0.8,10.0
20,20251201,1,5,2.7,0.0,1.4,0.75,0.5,10.0
20,20251201,2,5,1.8,0.0,0.9,0.45,0.4,10.0
20,20251201,3,5,1.2,0.0,0.9,0.28,0.2,10.0
20,20251201,4,5,1.1,0.0,1.0,0.22,0.2,10.0
20,20251201,5,5,1.5,0.0,1.1,0.34,0.3,10.0
20,20251201,6,5,1.9,0.0,1.0,0.44,0.3,10.0
20,20251201,7,5,0.8,0.0,1.1,0.17,0.2,10.0
20,20251201,8,5,2.1,0.0,1.0,0.52,0.4,10.0
1,20260101,1,6,20.6,1.0,5.3,2.99,4.4,6.9
1,20260101,2,6,13.6,0.5,3.7,1.98,2.9,6.9
1,20260101,3,6,8.4,0.4,2.2,1.16,1.7,6.9
1,20260101,4,6,6.5,0.3,1.9,1.04,1.5,6.9
1,20260101,5,6,10.1,0.5,3.2,1.43,1.9,6.9
1,20260101,6,6,14.1,0.5,3.9,2.05,2.7,6.9
1,20260101,7,6,6.9,0.2,1.5,0.68,1.2,6.9
1,20260101,8,6,14.6,0.7,4.5,2.13,3.0,6.9
2,20260101,1,6,28.6,0.2,9.2,4.15,5.3,5.5
2,20260101,2,6,20.8,0.2,5.9,2.5,3.7,5.5
2,20260101,3,6,11.7,0.1,3.2,1.56,2.1,5.5
2,20260101,4,6,10.8,0.1,2.8,1.18,1.8,5.5
2,20260101,5,6,14.7,0.1,4.3,2.03,3.2,5.5
2,20260101,6,6,21.4,0.1,4.8,2.44,3.7,5.5
2,20260101,7,6,9.1,0.1,2.0,1.15,1.5,5.5
2,20260101,8,6,24.5,0.2,5.4,3.17,4.6,5.5
3,20260101,1,6,42.7,0.4,11.5,5.92,8.7,3.4
3,20260101,2,6,32.3,0.2,8.2,3.27,5.7,3.4
3,20260101,3,6,20.0,0.2,5.1,1.9,3.4,3.4
3,20260101,4,6,12.9,0.1,3.6,1.8,2.6,3.4
3,20260101,5,6,20.8,0.2,6.2,2.82,3.9,3.4
3,20260101,6,6,24.9,0.3,7.3,3.5,5.4,3.4
3,20260101,7,6,13.9,0.1,3.3,1.84,2.3,3.4
3,20260101,8,6,27.9,0.3,8.4,4.79,6.2,3.4
4,20260101,1,6,36.4,0.1,10.8,4.23,6.8,4.7
4,20260101,2,6,23.0,0.1,5.6,2.6,4.8,4.7
4,20260101,3,6,12.8,0.1,4.3,1.54,2.9,4.7
4,20260101,4,6,13.1,0.0,3.7,1.42,2.1,4.7
4,20260101,5,6,20.4,0.1,4.4,2.19,3.2,4.7
4,20260101,6,6,22.5,0.1,6.2,2.67,4.3,4.7
4,20260101,7,6,9.0,0.0,2.4,1.42,1.9,4.7
4,20260101,8,6,26.1,0.1,6.7,3.68,4.9,4.7
5,20260101,1,6,8.7,0.0,2.2,1.06,1.3,9.2
5,20260101,2,6,5.4,0.0,1.5,0.59,0.9,9.2
5,20260101,3,6,3.1,0.0,0.9,0.35,0.5,9.2
5,20260101,4,6,2.2,0.0,1.1,0.32,0.5,9.2
5,20260101,5,6,4.2,0.0,1.1,0.53,0.7,9.2
5,20260101,6,6,4.2,0.0,1.2,0.55,0.8,9.2
5,20260101,7,6,2.0,0.0,1.0,0.23,0.4,9.2
5,20260101,8,6,5.0,0.0,1.4,0.75,1.1,9.2
6,20260101,1,6,10.5,0.0,2.1,1.23,1.5,9.0
6,20260101,2,6,6.5,0.0,1.8,0.71,1.1,9.0
6,20260101,3,6,4.0,0.0,1.0,0.53,0.6,9.0
6,20260101,4,6,3.0,0.0,1.1,0.45,0.6,9.0
6,20260101,5,6,5.0,0.0,1.2,0.69,0.8,9.0
6,20260101,6,6,5.5,0.0,1.4,0.73,1.0,9.0
6,20260101,7,6,2.5,0.0,0.9,0.36,0.4,9.0
6,20260101,8,6,6.3,0.0,2.0,0.76,1.2,9.0
7,20260101,1,6,27.5,0.0,8.2,4.17,5.5,6.0
7,20260101,2,6,18.7,0.0,5.0,2.72,3.6,6.0
7,20260101,3,6,11.2,0.0,2.8,1.29,1.9,6.0
7,20260101,4,6,8.9,0.0,2.3,1.08,1.7,6.0
7,20260101,5,6,15.0,0.0,4.3,2.07,2.4,6.0
7,20260101,6,6,16.6,0.0,4.1,1.8,3.5,6.0
7,20260101,7,6,8.2,0.0,2.2,1.09,1.4,6.0
7,20260101,8,6,19.9,0.0,5.2,2.27,3.7,6.0
8,20260101,1,6,12.3,0.0,2.6,1.48,1.9,8.7
8,20260101,2,6,6.9,0.0,2.0,0.87,1.5,8.7
8,20260101,3,6,4.1,0.0,1.2,0.53,0.8,8.7
8,20260101,4,6,3.6,0.0,1.1,0.46,0.7,8.7
8,20260101,5,6,5.0,0.0,1.5,0.62,1.1,8.7
8,20260101,6,6,6.1,0.0,1.8,0.78,1.2,8.7
8,20260101,7,6,3.0,0.0,0.9,0.45,0.6,8.7
8,20260101,8,6,8.9,0.0,2.0,0.98,1.3,8.7
9,20260101,1,6,32.7,0.0,7.6,3.48,5.1,5.7
9,20260101,2,6,18.7,0.0,5.8,2.51,4.0,5.7
9,20260101,3,6,10.2,0.0,3.0,1.31,2.0,5.7
9,20260101,4,6,8.8,0.0,3.0,1.33,1.8,5.7
9,20260101,5,6,17.1,0.0,4.4,2.02,2.9,5.7
9,20260101,6,6,17.5,0.0,4.7,2.49,3.2,5.7
9,20260101,7,6,8.5,0.0,2.6,1.16,1.6,5.7
9,20260101,8,6,21.9,0.0,5.8,2.32,3.9,5.7
10,20260101,1,6,6.5,0.0,1.5,0.8,1.1,9.5
10,20260101,2,6,4.6,0.0,1.1,0.47,0.7,9.5
10,20260101,3,6,2.6,0.0,0.9,0.25,0.4,9.5
10,20260101,4,6,1.8,0.0,0.9,0.23,0.4,9.5
10,20260101,5,6,3.3,0.0,1.1,0.4,0.5,9.5
10,20260101,6,6,4.3,0.0,1.0,0.47,0.7,9.5
10,20260101,7,6,1.6,0.0,1.1,0.25,0.3,9.5
10,20260101,8,6,4.6,0.0,1.0,0.48,0.9,9.5
11,20260101,1,6,38.5,0.0,9.2,3.99,7.1,4.5
11,20260101,2,6,24.5,0.0,6.9,3.22,4.5,4.5
11,20260101,3,6,15.5,0.0,3.7,1.79,2.5,4.5
11,20260101,4,6,12.6,0.0,3.4,1.55,2.2,4.5
11,20260101,5,6,21.5,0.0,4.6,1.99,3.7,4.5
11,20260101,6,6,24.6,0.0,6.6,2.98,4.1,4.5
11,20260101,7,6,9.2,0.0,2.8,1.31,1.9,4.5
11,20260101,8,6,30.6,0.0,6.5,3.6,5.5,4.5
12,20260101,1,6,24.5,0.0,5.6,2.59,4.0,7.1
12,20260101,2,6,14.0,0.0,4.2,1.89,2.6,7.1
12,20260101,3,6,9.6,0.0,2.1,1.03,1.5,7.1
12,20260101,4,6,7.4,0.0,1.6,0.88,1.3,7.1
12,20260101,5,6,9.9,0.0,2.8,1.5,2.1,7.1
12,20260101,6,6,14.7,0.0,3.3,1.48,2.6,7.1
12,20260101,7,6,6.1,0.0,1.5,0.88,1.1,7.1
12,20260101,8,6,15.2,0.0,4.4,2.24,2.8,7.1
13,20260101,1,6,41.7,0.1,10.0,4.29,6.6,4.2
13,20260101,2,6,27.3,0.0,6.1,3.18,4.9,4.2
13,20260101,3,6,13.5,0.0,3.5,1.76,3.0,4.2
13,20260101,4,6,12.0,0.0,3.9,1.48,2.4,4.2
13,20260101,5,6,17.1,0.0,5.7,2.65,3.6,4.2
13,20260101,6,6,22.5,0.0,6.3,3.29,4.2,4.2
13,20260101,7,6,12.6,0.0,2.5,1.62,2.0,4.2
13,20260101,8,6,32.5,0.0,6.9,4.26,4.9,4.2
14,20260101,1,6,45.6,0.0,10.7,6.06,7.6,4.0
14,20260101,2,6,29.5,0.0,7.4,2.97,5.4,4.0
14,20260101,3,6,15.9,0.0,3.6,1.91,2.7,4.0
14,20260101,4,6,13.8,0.0,3.3,1.46,2.5,4.0
14,20260101,5,6,20.4,0.0,6.0,2.93,3.8,4.0
14,20260101,6,6,25.9,0.0,5.7,2.91,4.5,4.0
14,20260101,7,6,11.1,0.0,3.0,1.45,2.0,4.0
14,20260101,8,6,32.4,0.0,7.8,3.9,5.7,4.0
15,20260101,1,6,14.5,0.0,3.7,1.56,2.8,8.2
15,20260101,2,6,9.8,0.0,2.2,1.16,1.9,8.2
15,20260101,3,6,6.4,0.0,1.6,0.74,1.0,8.2
15,20260101,4,6,5.2,0.0,1.4,0.6,1.0,8.2
15,20260101,5,6,7.5,0.0,2.1,0.85,1.2,8.2
15,20260101,6,6,10.1,0.0,2.1,1.1,1.6,8.2
15,20260101,7,6,3.6,0.0,1.1,0.53,0.7,8.2
15,20260101,8,6,10.1,0.0,3.0,1.12,2.1,8.2
16,20260101,1,6,50.6,0.0,11.2,6.34,9.2,3.2
16,20260101,2,6,34.1,0.0,7.8,3.43,5.7,3.2
16,20260101,3,6,15.9,0.0,4.4,2.07,3.3,3.2
16,20260101,4,6,16.3,0.0,4.2,2.09,2.8,3.2
16,20260101,5,6,25.0,0.0,6.9,2.91,3.8,3.2
16,20260101,6,6,24.8,0.0,6.5,3.87,4.6,3.2
16,20260101,7,6,12.4,0.0,3.8,1.58,2.6,3.2
16,20260101,8,6,34.3,0.0,8.7,3.64,5.9,3.2
17,20260101,1,6,16.4,0.0,4.9,2.1,3.0,7.7
17,20260101,2,6,11.6,0.0,3.1,1.75,2.0,7.7
17,20260101,3,6,6.2,0.0,2.0,0.86,1.4,7.7
17,20260101,4,6,5.5,0.0,1.4,0.85,1.0,7.7
17,20260101,5,6,8.9,0.0,2.3,1.11,1.6,7.7
17,20260101,6,6,9.6,0.0,3.2,1.21,2.1,7.7
17,20260101,7,6,5.5,0.0,1.3,0.62,0.9,7.7
17,20260101,8,6,11.2,0.0,3.5,1.52,2.2,7.7
18,20260101,1,6,19.0,0.0,6.0,2.19,4.0,7.2
18,20260101,2,6,13.3,0.0,3.3,1.72,2.6,7.2
18,20260101,3,6,8.2,0.0,1.8,1.13,1.3,7.2
18,20260101,4,6,6.4,0.0,1.9,0.88,1.4,7.2
18,20260101,5,6,11.1,0.0,2.9,1.5,1.9,7.2
18,20260101,6,6,13.2,0.0,3.2,1.49,2.3,7.2
18,20260101,7,6,5.9,0.0,1.4,0.82,1.1,7.2
18,20260101,8,6,15.4,0.0,4.0,1.89,2.4,7.2
19,20260101,1,6,4.9,0.0,1.3,0.65,1.0,9.6
19,20260101,2,6,3.6,0.0,0.9,0.39,0.7,9.6
19,20260101,3,6,2.0,0.0,0.9,0.25,0.4,9.6
19,20260101,4,6,1.5,0.0,1.1,0.21,0.3,9.6
19,20260101,5,6,2.4,0.0,1.0,0.36,0.5,9.6
19,20260101,6,6,3.2,0.0,1.1,0.44,0.6,9.6
19,20260101,7,6,1.2,0.0,0.9,0.18,0.3,9.6
19,20260101,8,6,3.2,0.0,1.0,0.45,0.7,9.6
20,20260101,1,6,2.8,0.0,0.9,0.37,0.5,10.0
20,20260101,2,6,1.5,0.0,0.9,0.21,0.3,10.0
20,20260101,3,6,0.9,0.0,1.1,0.12,0.2,10.0
20,20260101,4,6,0.8,0.0,0.9,0.12,0.1,10.0
20,20260101,5,6,1.1,0.0,1.1,0.16,0.2,10.0
20,20260101,6,6,1.8,0.0,1.1,0.21,0.3,10.0
20,20260101,7,6,0.6,0.0,1.1,0.08,0.1,10.0
20,20260101,8,6,2.1,0.0,1.0,0.21,0.3,10.0
1,20260201,1,6,25.3,0.9,6.6,3.14,3.9,6.9
1,20260201,2,6,16.3,0.5,4.4,1.84,3.0,6.9
1,20260201,3,6,9.7,0.3,2.4,1.06,1.6,6.9
1,20260201,4,6,8.5,0.2,2.0,0.8,1.4,6.9
1,20260201,5,6,12.7,0.4,2.9,1.27,2.2,6.9
1,20260201,6,6,14.2,0.6,3.4,1.57,2.7,6.9
1,20260201,7,6,5.7,0.2,1.7,0.71,1.2,6.9
1,20260201,8,6,17.4,0.6,4.3,1.94,3.1,6.9
2,20260201,1,6,34.1,0.2,7.2,4.24,5.4,5.5
2,20260201,2,6,19.4,0.2,5.8,2.46,3.9,5.5
2,20260201,3,6,13.6,0.1,3.5,1.36,2.2,5.5
2,20260201,4,6,9.2,0.1,2.7,1.38,1.8,5.5
2,20260201,5,6,13.8,0.1,4.7,2.18,2.6,5.5
2,20260201,6,6,20.0,0.2,5.4,2.16,3.9,5.5
2,20260201,7,6,8.6,0.1,2.3,1.18,1.5,5.5
2,20260201,8,6,22.8,0.2,5.4,2.42,4.1,5.5
3,20260201,1,6,41.9,0.4,10.8,6.4,7.8,3.4
3,20260201,2,6,32.3,0.3,7.6,3.71,5.3,3.4
3,20260201,3,6,16.2,0.1,4.9,2.41,3.2,3.4
3,20260201,4,6,14.4,0.1,3.7,1.69,3.0,3.4
3,20260201,5,6,25.8,0.2,5.4,3.35,4.0,3.4
3,20260201,6,6,31.2,0.2,6.7,3.17,5.0,3.4
3,20260201,7,6,12.9,0.1,3.0,1.87,2.1,3.4
3,20260201,8,6,36.0,0.3,7.3,3.9,6.3,3.4
4,20260201,1,6,35.4,0.2,9.5,4.68,6.2,4.7
4,20260201,2,6,26.0,0.1,6.1,3.59,4.7,4.7
4,20260201,3,6,13.1,0.1,4.0,1.96,2.7,4.7
4,20260201,4,6,11.3,0.0,3.3,1.79,2.3,4.7
4,20260201,5,6,19.6,0.1,4.7,2.24,3.4,4.7
4,20260201,6,6,25.9,0.1,5.4,2.35,4.3,4.7
4,20260201,7,6,10.2,0.0,2.8,1.07,1.9,4.7
4,20260201,8,6,27.2,0.1,6.0,3.73,4.7,4.7
5,20260201,1,6,7.3,0.0,1.7,1.06,1.5,9.2
5,20260201,2,6,5.3,0.0,1.2,0.75,0.9,9.2
5,20260201,3,6,2.6,0.0,1.0,0.32,0.6,9.2
5,20260201,4,6,2.2,0.0,1.1,0.29,0.5,9.2
5,20260201,5,6,3.5,0.0,1.1,0.43,0.7,9.2
5,20260201,6,6,5.3,0.0,1.4,0.49,0.8,9.2
5,20260201,7,6,2.1,0.0,1.1,0.31,0.4,9.2
5,20260201,8,6,5.6,0.0,1.7,0.59,0.9,9.2
6,20260201,1,6,8.5,0.0,2.1,1.26,1.6,9.0
6,20260201,2,6,6.1,0.0,1.8,0.7,1.0,9.0
6,20260201,3,6,3.5,0.0,1.0,0.42,0.7,9.0
6,20260201,4,6,2.8,0.0,0.9,0.35,0.6,9.0
6,20260201,5,6,5.1,0.0,1.2,0.58,0.9,9.0
6,20260201,6,6,5.3,0.0,1.3,0.73,1.1,9.0
6,20260201,7,6,2.4,0.0,1.1,0.34,0.5,9.0
6,20260201,8,6,7.0,0.0,1.6,0.86,1.3,9.0
7,20260201,1,6,25.5,0.0,7.5,3.56,5.1,6.0
7,20260201,2,6,19.7,0.0,4.9,2.77,3.5,6.0
7,20260201,3,6,10.4,0.0,2.6,1.63,2.0,6.0
7,20260201,4,6,9.6,0.0,2.7,1.39,1.8,6.0
7,20260201,5,6,12.7,0.0,3.2,1.65,2.4,6.0
7,20260201,6,6,19.4,0.0,4.0,2.03,2.9,6.0
7,20260201,7,6,8.1,0.0,2.2,0.91,1.3,6.0
7,20260201,8,6,22.4,0.0,4.6,2.91,4.1,6.0
8,20260201,1,6,9.9,0.0,3.4,1.65,2.0,8.7
8,20260201,2,6,7.3,0.0,1.7,0.82,1.3,8.7
8,20260201,3,6,4.2,0.0,1.2,0.61,0.7,8.7
8,20260201,4,6,3.7,0.0,1.1,0.53,0.7,8.7
8,20260201,5,6,5.2,0.0,1.4,0.59,1.0,8.7
8,20260201,6,6,6.7,0.0,1.9,0.76,1.2,8.7
8,20260201,7,6,3.5,0.0,1.0,0.4,0.5,8.7
8,20260201,8,6,8.9,0.0,2.5,1.16,1.4,8.7
9,20260201,1,6,33.7,0.0,9.1,3.86,5.5,5.7
9,20260201,2,6,22.5,0.0,5.6,3.03,3.4,5.7
9,20260201,3,6,13.3,0.0,2.7,1.26,2.2,5.7
9,20260201,4,6,9.2,0.0,2.5,1.08,1.8,5.7
9,20260201,5,6,14.6,0.0,3.8,1.94,2.5,5.7
9,20260201,6,6,19.8,0.0,4.8,2.0,3.7,5.7
9,20260201,7,6,8.5,0.0,2.0,0.93,1.7,5.7
9,20260201,8,6,24.9,0.0,5.5,2.37,4.0,5.7
10,20260201,1,6,7.0,0.0,1.7,0.79,1.1,9.5
10,20260201,2,6,4.6,0.0,1.1,0.52,0.8,9.5
10,20260201,3,6,2.5,0.0,1.0,0.27,0.4,9.5
10,20260201,4,6,2.3,0.0,1.0,0.23,0.4,9.5
10,20260201,5,6,2.8,0.0,1.0,0.39,0.5,9.5
10,20260201,6,6,4.3,0.0,1.1,0.48,0.7,9.5
10,20260201,7,6,1.5,0.0,1.1,0.24,0.3,9.5
10,20260201,8,6,4.6,0.0,1.3,0.6,0.9,9.5
11,20260201,1,6,43.4,0.0,10.8,5.62,6.9,4.5
11,20260201,2,6,28.6,0.0,7.2,3.22,4.7,4.5
11,20260201,3,6,16.0,0.0,4.4,1.95,2.6,4.5
11,20260201,4,6,14.4,0.0,2.9,1.81,2.3,4.5
11,20260201,5,6,20.3,0.0,5.2,2.6,3.8,4.5
11,20260201,6,6,21.6,0.0,6.6,2.55,4.2,4.5
11,20260201,7,6,9.3,0.0,2.9,1.38,1.9,4.5
11,20260201,8,6,27.7,0.0,6.8,3.5,5.3,4.5
12,20260201,1,6,20.4,0.0,5.3,2.94,3.9,7.1
12,20260201,2,6,12.4,0.0,3.8,1.67,2.5,7.1
12,20260201,3,6,9.6,0.0,2.4,0.88,1.4,7.1
12,20260201,4,6,7.1,0.0,2.2,1.05,1.3,7.1
12,20260201,5,6,11.4,0.0,3.2,1.32,2.0,7.1
12,20260201,6,6,11.4,0.0,3.4,1.55,2.5,7.1
12,20260201,7,6,6.9,0.0,1.5,0.79,1.0,7.1
12,20260201,8,6,14.4,0.0,4.4,2.07,2.8,7.1
13,20260201,1,6,37.1,0.1,10.8,4.81,6.8,4.2
13,20260201,2,6,25.4,0.0,6.3,3.49,5.0,4.2
13,20260201,3,6,15.5,0.0,4.3,2.22,2.8,4.2
13,20260201,4,6,14.7,0.0,3.4,1.74,2.2,4.2
13,20260201,5,6,18.4,0.0,4.5,2.31,3.3,4.2
13,20260201,6,6,20.9,0.0,7.1,3.36,4.7,4.2
13,20260201,7,6,12.0,0.0,3.1,1.4,2.1,4.2
13,20260201,8,6,31.9,0.1,6.9,3.7,5.5,4.2
14,20260201,1,6,45.2,0.0,9.7,5.1,6.9,4.0
14,20260201,2,6,26.1,0.0,6.3,4.03,4.8,4.0
14,20260201,3,6,17.3,0.0,3.7,2.21,3.0,4.0
14,20260201,4,6,15.3,0.0,4.1,1.67,2.4,4.0
14,20260201,5,6,21.6,0.0,6.2,2.83,3.8,4.0
14,20260201,6,6,26.5,0.0,7.2,3.66,4.2,4.0
14,20260201,7,6,11.6,0.0,3.1,1.36,2.1,4.0
14,20260201,8,6,31.9,0.0,6.7,3.35,5.7,4.0
15,20260201,1,6,14.3,0.0,3.6,1.66,2.9,8.2
15,20260201,2,6,8.4,0.0,2.7,1.25,1.8,8.2
15,20260201,3,6,5.4,0.0,1.4,0.64,0.9,8.2
15,20260201,4,6,4.6,0.0,1.2,0.66,0.9,8.2
15,20260201,5,6,7.9,0.0,2.0,0.87,1.3,8.2
15,20260201,6,6,9.1,0.0,2.0,1.18,1.4,8.2
15,20260201,7,6,4.3,0.0,1.0,0.52,0.7,8.2
15,20260201,8,6,9.5,0.0,2.5,1.53,1.7,8.2
16,20260201,1,6,52.8,0.0,12.7,5.3,7.9,3.2
16,20260201,2,6,29.5,0.0,7.7,3.28,5.3,3.2
16,20260201,3,6,17.7,0.0,5.4,2.46,3.4,3.2
16,20260201,4,6,13.2,0.0,3.8,1.94,2.6,3.2
16,20260201,5,6,24.2,0.0,6.1,3.05,4.3,3.2
16,20260201,6,6,32.1,0.0,6.9,3.67,4.6,3.2
16,20260201,7,6,11.0,0.0,3.2,1.72,2.3,3.2
16,20260201,8,6,30.8,0.0,7.7,4.85,6.6,3.2
17,20260201,1,6,19.5,0.0,4.9,2.37,3.6,7.7
17,20260201,2,6,11.8,0.0,3.0,1.33,2.2,7.7
17,20260201,3,6,6.2,0.0,2.1,0.88,1.4,7.7
17,20260201,4,6,6.5,0.0,1.8,0.87,1.2,7.7
17,20260201,5,6,8.5,0.0,2.1,1.18,1.7,7.7
17,20260201,6,6,11.3,0.0,2.6,1.53,2.1,7.7
17,20260201,7,6,4.6,0.0,1.2,0.54,0.9,7.7
17,20260201,8,6,11.1,0.0,3.6,1.49,2.1,7.7
18,20260201,1,6,22.5,0.0,6.0,2.76,4.0,7.2
18,20260201,2,6,12.7,0.0,3.2,1.57,2.5,7.2
18,20260201,3,6,6.8,0.0,2.0,1.13,1.4,7.2
18,20260201,4,6,7.8,0.0,1.7,1.0,1.1,7.2
18,20260201,5,6,11.7,0.0,3.1,1.44,1.8,7.2
18,20260201,6,6,11.6,0.0,3.0,1.53,2.2,7.2
18,20260201,7,6,5.5,0.0,1.3,0.84,1.0,7.2
18,20260201,8,6,14.7,0.0,4.2,2.06,2.5,7.2
19,20260201,1,6,4.6,0.0,1.5,0.75,0.9,9.6
19,20260201,2,6,3.8,0.0,0.9,0.43,0.6,9.6
19,20260201,3,6,1.9,0.0,0.9,0.26,0.4,9.6
19,20260201,4,6,1.6,0.0,1.1,0.18,0.3,9.6
19,20260201,5,6,2.7,0.0,1.1,0.28,0.4,9.6
19,20260201,6,6,3.5,0.0,1.0,0.33,0.6,9.6
19,20260201,7,6,1.4,0.0,1.1,0.19,0.2,9.6
19,20260201,8,6,4.2,0.0,1.0,0.55,0.7,9.6
20,20260201,1,6,2.4,0.0,1.0,0.31,0.5,10.0
20,20260201,2,6,1.8,0.0,1.0,0.22,0.3,10.0
20,20260201,3,6,1.1,0.0,1.1,0.12,0.2,10.0
20,20260201,4,6,0.9,0.0,1.0,0.11,0.2,10.0
20,20260201,5,6,1.2,0.0,1.1,0.16,0.2,10.0
20,20260201,6,6,1.5,0.0,0.9,0.21,0.3,10.0
20,20260201,7,6,0.7,0.0,0.9,0.08,0.1,10.0
20,20260201,8,6,2.1,0.0,1.0,0.26,0.4,10.0
1,20260301,1,6,25.9,0.9,6.3,2.9,4.2,6.9
1,20260301,2,6,15.8,0.6,4.5,1.8,2.9,6.9
1,20260301,3,6,10.1,0.4,2.2,1.17,1.5,6.9
1,20260301,4,6,8.2,0.3,2.1,0.79,1.3,6.9
1,20260301,5,6,10.5,0.5,2.9,1.34,2.2,6.9
1,20260301,6,6,15.2,0.5,3.7,1.89,2.8,6.9
1,20260301,7,6,6.6,0.2,1.5,0.66,1.1,6.9
1,20260301,8,6,18.2,0.6,4.7,2.33,3.2,6.9
2,20260301,1,6,28.8,0.2,8.0,4.5,6.1,5.5
2,20260301,2,6,20.5,0.2,6.3,2.96,4.0,5.5
2,20260301,3,6,14.1,0.1,2.8,1.77,2.3,5.5
2,20260301,4,6,11.5,0.1,2.8,1.18,2.0,5.5
2,20260301,5,6,15.2,0.1,3.6,2.2,2.9,5.5
2,20260301,6,6,22.0,0.2,4.8,2.66,3.3,5.5
2,20260301,7,6,7.9,0.1,2.5,1.07,1.5,5.5
2,20260301,8,6,20.4,0.2,5.4,3.08,4.4,5.5
3,20260301,1,6,48.2,0.4,12.0,5.4,7.9,3.4
3,20260301,2,6,25.9,0.3,9.0,3.52,5.8,3.4
3,20260301,3,6,15.5,0.2,4.6,2.51,3.3,3.4
3,20260301,4,6,14.6,0.1,4.3,1.78,2.6,3.4
3,20260301,5,6,21.5,0.2,6.2,3.28,3.8,3.4
3,20260301,6,6,31.4,0.2,8.0,3.26,5.4,3.4
3,20260301,7,6,11.7,0.1,3.4,1.79,2.5,3.4
3,20260301,8,6,29.0,0.3,7.7,4.4,6.5,3.4
4,20260301,1,6,37.7,0.1,10.3,3.94,6.9,4.7
4,20260301,2,6,26.9,0.1,7.2,3.46,4.7,4.7
4,20260301,3,6,13.0,0.0,4.3,1.79,2.5,4.7
4,20260301,4,6,10.6,0.1,3.3,1.69,2.0,4.7
4,20260301,5,6,20.6,0.1,4.8,2.41,3.5,4.7
4,20260301,6,6,25.4,0.1,5.8,2.59,4.4,4.7
4,20260301,7,6,11.8,0.0,2.4,1.19,1.8,4.7
4,20260301,8,6,25.3,0.1,7.4,3.12,4.8,4.7
5,20260301,1,6,8.5,0.0,2.2,0.95,1.5,9.2
5,20260301,2,6,4.9,0.0,1.3,0.64,0.9,9.2
5,20260301,3,6,3.0,0.0,1.1,0.32,0.5,9.2
5,20260301,4,6,2.6,0.0,0.9,0.31,0.5,9.2
5,20260301,5,6,3.8,0.0,1.1,0.47,0.7,9.2
5,20260301,6,6,4.5,0.0,1.4,0.54,0.8,9.2
5,20260301,7,6,2.2,0.0,1.1,0.27,0.4,9.2
5,20260301,8,6,5.7,0.0,1.3,0.68,1.1,9.2
6,20260301,1,6,8.1,0.0,2.7,1.17,1.8,9.0
6,20260301,2,6,5.6,0.0,1.6,0.72,1.0,9.0
6,20260301,3,6,3.4,0.0,1.0,0.51,0.7,9.0
6,20260301,4,6,3.0,0.0,1.1,0.43,0.6,9.0
6,20260301,5,6,4.1,0.0,1.2,0.6,0.8,9.0
6,20260301,6,6,5.4,0.0,1.5,0.82,1.0,9.0
6,20260301,7,6,2.8,0.0,1.1,0.33,0.5,9.0
6,20260301,8,6,7.3,0.0,1.5,0.96,1.3,9.0
7,20260301,1,6,32.0,0.0,6.7,2.93,5.5,6.0
7,20260301,2,6,17.5,0.0,5.4,2.73,3.7,6.0
7,20260301,3,6,10.0,0.0,3.1,1.41,1.8,6.0
7,20260301,4,6,8.4,0.0,2.3,1.39,1.8,6.0
7,20260301,5,6,13.1,0.0,3.4,1.69,2.7,6.0
7,20260301,6,6,15.7,0.0,4.9,1.94,3.3,6.0
7,20260301,7,6,8.5,0.0,2.2,0.99,1.4,6.0
7,20260301,8,6,22.2,0.0,5.2,2.43,3.9,6.0
8,20260301,1,6,12.0,0.0,2.7,1.18,1.9,8.7
8,20260301,2,6,7.7,0.0,2.1,1.01,1.5,8.7
8,20260301,3,6,4.9,0.0,1.1,0.58,0.8,8.7
8,20260301,4,6,3.8,0.0,1.0,0.42,0.6,8.7
8,20260301,5,6,6.0,0.0,1.5,0.65,1.1,8.7
8,20260301,6,6,6.8,0.0,1.8,0.86,1.1,8.7
8,20260301,7,6,3.5,0.0,1.1,0.37,0.6,8.7
8,20260301,8,6,8.2,0.0,1.8,0.96,1.4,8.7
9,20260301,1,6,30.0,0.0,9.1,4.48,5.4,5.7
9,20260301,2,6,22.8,0.0,4.8,2.71,3.9,5.7
9,20260301,3,6,12.7,0.0,2.9,1.42,2.4,5.7
9,20260301,4,6,10.3,0.0,2.9,1.25,1.8,5.7
9,20260301,5,6,13.7,0.0,3.5,2.0,2.6,5.7
9,20260301,6,6,20.8,0.0,4.2,2.11,3.8,5.7
9,20260301,7,6,7.4,0.0,2.1,1.01,1.7,5.7
9,20260301,8,6,24.8,0.0,6.5,2.49,4.1,5.7
10,20260301,1,6,5.9,0.0,1.6,0.74,1.2,9.5
10,20260301,2,6,4.7,0.0,1.1,0.58,0.8,9.5
10,20260301,3,6,2.7,0.0,0.9,0.31,0.4,9.5
10,20260301,4,6,2.0,0.0,1.0,0.3,0.4,9.5
10,20260301,5,6,3.4,0.0,1.0,0.37,0.6,9.5
10,20260301,6,6,4.0,0.0,0.9,0.44,0.7,9.5
10,20260301,7,6,1.8,0.0,1.1,0.2,0.3,9.5
10,20260301,8,6,4.4,0.0,1.2,0.57,0.7,9.5
11,20260301,1,6,35.0,0.0,11.1,5.68,6.4,4.5
11,20260301,2,6,23.3,0.0,7.1,3.25,4.7,4.5
11,20260301,3,6,14.8,0.0,4.3,1.78,2.8,4.5
11,20260301,4,6,13.5,0.0,3.1,1.37,2.5,4.5
11,20260301,5,6,18.6,0.0,4.8,2.33,3.8,4.5
11,20260301,6,6,23.8,0.0,6.5,3.03,4.5,4.5
11,20260301,7,6,11.5,0.0,2.8,1.39,1.8,4.5
11,20260301,8,6,26.2,0.0,7.0,3.01,4.9,4.5
12,20260301,1,6,22.3,0.0,5.1,2.75,3.7,7.1
12,20260301,2,6,14.8,0.0,3.7,1.63,2.7,7.1
12,20260301,3,6,8.6,0.0,2.3,1.13,1.5,7.1
12,20260301,4,6,7.6,0.0,1.9,0.87,1.3,7.1
12,20260301,5,6,11.9,0.0,2.6,1.41,1.8,7.1
12,20260301,6,6,13.9,0.0,3.1,1.6,2.4,7.1
12,20260301,7,6,6.6,0.0,1.6,0.67,1.1,7.1
12,20260301,8,6,15.5,0.0,3.9,2.11,3.0,7.1
13,20260301,1,6,34.2,0.1,10.9,4.2,7.5,4.2
13,20260301,2,6,29.4,0.0,6.4,3.12,5.2,4.2
13,20260301,3,6,15.8,0.0,4.7,2.05,3.1,4.2
13,20260301,4,6,15.2,0.0,3.1,1.76,2.5,4.2
13,20260301,5,6,22.9,0.0,5.7,2.87,3.5,4.2
13,20260301,6,6,26.6,0.0,5.7,2.71,4.9,4.2
13,20260301,7,6,11.0,0.0,2.6,1.39,2.0,4.2
13,20260301,8,6,27.8,0.1,7.8,3.77,5.7,4.2
14,20260301,1,6,35.2,0.1,10.4,5.5,7.7,4.0
14,20260301,2,6,31.2,0.0,8.1,3.15,4.9,4.0
14,20260301,3,6,15.5,0.0,4.7,1.98,2.9,4.0
14,20260301,4,6,12.9,0.0,3.9,1.7,2.4,4.0
14,20260301,5,6,21.5,0.0,5.5,2.15,4.0,4.0
14,20260301,6,6,21.4,0.0,6.9,3.24,4.9,4.0
14,20260301,7,6,10.9,0.0,3.1,1.5,2.2,4.0
14,20260301,8,6,32.5,0.0,9.0,3.81,5.6,4.0
15,20260301,1,6,13.1,0.0,3.9,1.95,2.5,8.2
15,20260301,2,6,9.7,0.0,2.3,1.01,1.8,8.2
15,20260301,3,6,5.7,0.0,1.5,0.77,1.0,8.2
15,20260301,4,6,4.2,0.0,1.4,0.62,0.8,8.2
15,20260301,5,6,6.9,0.0,2.0,1.06,1.4,8.2
15,20260301,6,6,9.4,0.0,2.4,1.18,1.5,8.2
15,20260301,7,6,4.3,0.0,1.2,0.56,0.7,8.2
15,20260301,8,6,10.3,0.0,2.6,1.13,2.1,8.2
16,20260301,1,6,51.9,0.0,12.0,5.69,8.5,3.2
16,20260301,2,6,35.3,0.0,7.4,3.73,5.6,3.2
16,20260301,3,6,16.8,0.0,4.3,2.14,3.3,3.2
16,20260301,4,6,16.4,0.0,4.1,1.83,2.8,3.2
16,20260301,5,6,21.8,0.0,6.9,3.15,4.2,3.2
16,20260301,6,6,27.0,0.0,7.0,3.01,4.8,3.2
16,20260301,7,6,12.2,0.0,2.9,1.35,2.4,3.2
16,20260301,8,6,36.5,0.0,8.1,3.7,6.3,3.2
17,20260301,1,6,16.3,0.0,4.8,2.16,3.0,7.7
17,20260301,2,6,13.4,0.0,3.3,1.64,2.3,7.7
17,20260301,3,6,6.8,0.0,1.9,0.76,1.2,7.7
17,20260301,4,6,5.8,0.0,1.5,0.86,1.1,7.7
17,20260301,5,6,10.3,0.0,2.7,1.21,1.6,7.7
17,20260301,6,6,11.8,0.0,2.8,1.51,2.1,7.7
17,20260301,7,6,4.9,0.0,1.3,0.56,0.9,7.7
17,20260301,8,6,12.1,0.0,3.6,1.51,2.2,7.7
18,20260301,1,6,18.2,0.0,4.8,2.19,3.9,7.2
18,20260301,2,6,15.1,0.0,3.9,1.73,2.7,7.2
18,20260301,3,6,8.3,0.0,2.3,0.87,1.5,7.2
18,20260301,4,6,6.6,0.0,1.6,0.8,1.3,7.2
18,20260301,5,6,9.0,0.0,2.6,1.49,2.0,7.2
18,20260301,6,6,13.8,0.0,3.4,1.41,2.1,7.2
18,20260301,7,6,5.0,0.0,1.3,0.84,1.1,7.2
18,20260301,8,6,12.8,0.0,3.5,1.83,2.5,7.2
19,20260301,1,6,5.8,0.0,1.2,0.68,0.8,9.6
19,20260301,2,6,3.5,0.0,1.1,0.4,0.6,9.6
19,20260301,3,6,2.3,0.0,1.0,0.25,0.4,9.6
19,20260301,4,6,1.6,0.0,1.0,0.18,0.3,9.6
19,20260301,5,6,2.6,0.0,1.0,0.38,0.5,9.6
19,20260301,6,6,3.4,0.0,1.1,0.35,0.6,9.6
19,20260301,7,6,1.5,0.0,0.9,0.2,0.2,9.6
19,20260301,8,6,3.3,0.0,0.9,0.44,0.7,9.6
20,20260301,1,6,2.7,0.0,1.0,0.27,0.5,10.0
20,20260301,2,6,1.9,0.0,1.1,0.21,0.3,10.0
20,20260301,3,6,1.0,0.0,1.1,0.12,0.2,10.0
20,20260301,4,6,0.8,0.0,1.1,0.11,0.2,10.0
20,20260301,5,6,1.1,0.0,0.9,0.16,0.2,10.0
20,20260301,6,6,1.5,0.0,1.0,0.18,0.3,10.0
20,20260301,7,6,0.8,0.0,1.1,0.1,0.1,10.0
20,20260301,8,6,2.1,0.0,0.9,0.24,0.3,10.0
