route_key,week,vessel_type_key,conflict_phase_key,freight_rate_usd_day,war_risk_premium_pct,hull_insurance_pct_value,bunker_cost_usd_mt,transit_time_days,rerouting_extra_days
1,41,1,1,45622.0,0.045,0.257,583.0,2.2,0.0
1,41,2,1,33493.0,0.056,0.267,644.0,1.8,0.0
1,41,3,1,20870.0,0.046,0.273,584.0,1.9,0.0
1,41,4,1,62682.0,0.055,0.245,612.0,2.0,0.0
2,41,1,1,39294.0,0.046,0.238,645.0,2.1,0.0
2,41,2,1,30385.0,0.046,0.273,627.0,2.1,0.0
2,41,3,1,19916.0,0.045,0.268,628.0,2.0,0.0
2,41,4,1,51346.0,0.048,0.228,608.0,2.2,0.0
3,41,1,1,50040.0,0.053,0.245,603.0,1.1,0.0
3,41,2,1,34942.0,0.045,0.247,596.0,1.0,0.0
3,41,3,1,22560.0,0.053,0.248,653.0,1.0,0.0
3,41,4,1,61889.0,0.048,0.257,613.0,1.0,0.0
4,41,1,1,29640.0,0.054,0.261,592.0,1.0,0.0
4,41,2,1,21745.0,0.051,0.227,635.0,1.0,0.0
4,41,3,1,14559.0,0.056,0.261,623.0,1.0,0.0
4,41,4,1,41214.0,0.053,0.246,613.0,1.1,0.0
5,41,1,1,62056.0,0.054,0.264,611.0,13.2,0.0
5,41,2,1,45516.0,0.046,0.263,586.0,13.0,0.0
5,41,3,1,31016.0,0.048,0.227,593.0,14.0,0.0
5,41,4,1,87466.0,0.051,0.274,620.0,14.7,0.0
6,41,1,1,51041.0,0.052,0.243,621.0,7.4,0.0
6,41,2,1,38811.0,0.056,0.261,591.0,7.3,0.0
6,41,3,1,24727.0,0.054,0.232,626.0,7.9,0.0
6,41,4,1,69682.0,0.051,0.253,637.0,8.8,0.0
7,41,1,1,38433.0,0.053,0.271,641.0,8.7,0.0
7,41,2,1,27157.0,0.05,0.235,633.0,7.6,0.0
7,41,3,1,17834.0,0.055,0.236,590.0,7.4,0.0
7,41,4,1,51035.0,0.048,0.228,610.0,7.6,0.0
8,41,1,1,56790.0,0.056,0.24,587.0,7.3,0.0
8,41,2,1,39522.0,0.052,0.241,603.0,8.4,0.0
8,41,3,1,27753.0,0.05,0.264,594.0,7.4,0.0
8,41,4,1,76927.0,0.051,0.23,635.0,7.7,0.0
9,41,1,1,34487.0,0.048,0.249,640.0,8.6,0.0
9,41,2,1,24949.0,0.045,0.243,637.0,8.3,0.0
9,41,3,1,18778.0,0.053,0.249,637.0,7.9,0.0
9,41,4,1,46991.0,0.055,0.257,599.0,7.9,0.0
10,41,1,1,41415.0,0.051,0.25,657.0,7.3,0.0
10,41,2,1,28113.0,0.047,0.249,620.0,7.3,0.0
10,41,3,1,21594.0,0.047,0.245,631.0,8.6,0.0
10,41,4,1,52983.0,0.05,0.247,585.0,8.8,0.0
1,42,1,1,43786.0,0.054,0.267,611.0,2.0,0.0
1,42,2,1,30205.0,0.053,0.242,655.0,1.9,0.0
1,42,3,1,22598.0,0.053,0.241,595.0,2.1,0.0
1,42,4,1,61512.0,0.053,0.226,601.0,2.1,0.0
2,42,1,1,40013.0,0.046,0.23,647.0,1.9,0.0
2,42,2,1,27840.0,0.048,0.27,621.0,2.1,0.0
2,42,3,1,21940.0,0.052,0.225,587.0,1.9,0.0
2,42,4,1,58243.0,0.046,0.229,649.0,2.2,0.0
3,42,1,1,47850.0,0.054,0.264,588.0,1.1,0.0
3,42,2,1,34983.0,0.045,0.243,651.0,1.1,0.0
3,42,3,1,23533.0,0.049,0.247,623.0,1.0,0.0
3,42,4,1,60069.0,0.049,0.253,585.0,0.9,0.0
4,42,1,1,28418.0,0.053,0.261,611.0,1.1,0.0
4,42,2,1,21300.0,0.049,0.256,652.0,1.0,0.0
4,42,3,1,16124.0,0.051,0.275,605.0,1.1,0.0
4,42,4,1,37103.0,0.052,0.235,606.0,1.1,0.0
5,42,1,1,65017.0,0.049,0.234,637.0,13.2,0.0
5,42,2,1,42587.0,0.051,0.239,645.0,13.4,0.0
5,42,3,1,31680.0,0.046,0.271,596.0,14.0,0.0
5,42,4,1,85843.0,0.05,0.258,614.0,14.8,0.0
6,42,1,1,51132.0,0.045,0.24,650.0,8.8,0.0
6,42,2,1,37733.0,0.053,0.266,597.0,7.9,0.0
6,42,3,1,27248.0,0.049,0.237,601.0,7.6,0.0
6,42,4,1,64268.0,0.047,0.27,600.0,8.4,0.0
7,42,1,1,35164.0,0.048,0.263,594.0,8.2,0.0
7,42,2,1,28578.0,0.054,0.252,587.0,7.7,0.0
7,42,3,1,18041.0,0.053,0.274,631.0,8.5,0.0
7,42,4,1,50841.0,0.045,0.25,587.0,7.2,0.0
8,42,1,1,58348.0,0.052,0.231,622.0,7.9,0.0
8,42,2,1,40460.0,0.051,0.271,585.0,8.7,0.0
8,42,3,1,28275.0,0.05,0.267,627.0,7.2,0.0
8,42,4,1,71119.0,0.046,0.246,591.0,7.6,0.0
9,42,1,1,33128.0,0.046,0.248,617.0,8.5,0.0
9,42,2,1,22773.0,0.047,0.238,616.0,8.8,0.0
9,42,3,1,18024.0,0.054,0.256,602.0,8.5,0.0
9,42,4,1,46174.0,0.048,0.259,623.0,7.6,0.0
10,42,1,1,36987.0,0.053,0.253,652.0,8.8,0.0
10,42,2,1,26320.0,0.054,0.27,625.0,7.3,0.0
10,42,3,1,20260.0,0.051,0.249,657.0,8.2,0.0
10,42,4,1,50695.0,0.055,0.254,649.0,8.4,0.0
1,43,1,1,41597.0,0.05,0.265,612.0,1.8,0.0
1,43,2,1,33580.0,0.047,0.263,657.0,1.8,0.0
1,43,3,1,22346.0,0.052,0.268,595.0,1.9,0.0
1,43,4,1,54353.0,0.052,0.273,627.0,1.8,0.0
2,43,1,1,43002.0,0.053,0.258,632.0,2.2,0.0
2,43,2,1,27693.0,0.052,0.226,648.0,2.0,0.0
2,43,3,1,20289.0,0.048,0.27,628.0,2.1,0.0
2,43,4,1,52817.0,0.053,0.268,612.0,1.9,0.0
3,43,1,1,45644.0,0.044,0.262,602.0,1.1,0.0
3,43,2,1,33487.0,0.052,0.274,653.0,1.1,0.0
3,43,3,1,24352.0,0.047,0.239,592.0,1.0,0.0
3,43,4,1,57794.0,0.046,0.266,609.0,1.1,0.0
4,43,1,1,31338.0,0.046,0.255,647.0,1.1,0.0
4,43,2,1,19520.0,0.052,0.237,608.0,1.1,0.0
4,43,3,1,14267.0,0.051,0.241,604.0,1.1,0.0
4,43,4,1,41533.0,0.045,0.266,613.0,1.1,0.0
5,43,1,1,70076.0,0.048,0.258,644.0,13.7,0.0
5,43,2,1,42260.0,0.052,0.267,598.0,15.1,0.0
5,43,3,1,34416.0,0.054,0.248,585.0,13.9,0.0
5,43,4,1,81522.0,0.049,0.272,631.0,15.0,0.0
6,43,1,1,52669.0,0.052,0.24,618.0,8.4,0.0
6,43,2,1,34343.0,0.049,0.24,634.0,8.2,0.0
6,43,3,1,26716.0,0.046,0.232,630.0,7.5,0.0
6,43,4,1,66213.0,0.051,0.258,624.0,7.8,0.0
7,43,1,1,39005.0,0.045,0.26,650.0,7.2,0.0
7,43,2,1,27752.0,0.056,0.25,635.0,8.4,0.0
7,43,3,1,19010.0,0.051,0.271,630.0,7.6,0.0
7,43,4,1,49648.0,0.052,0.226,657.0,8.2,0.0
8,43,1,1,55615.0,0.044,0.25,602.0,8.2,0.0
8,43,2,1,37792.0,0.05,0.271,632.0,7.2,0.0
8,43,3,1,27799.0,0.046,0.234,608.0,7.7,0.0
8,43,4,1,71457.0,0.051,0.259,651.0,7.3,0.0
9,43,1,1,33145.0,0.053,0.241,644.0,8.3,0.0
9,43,2,1,22998.0,0.053,0.239,618.0,8.7,0.0
9,43,3,1,18165.0,0.044,0.273,603.0,8.1,0.0
9,43,4,1,46723.0,0.051,0.23,611.0,8.7,0.0
10,43,1,1,42301.0,0.053,0.272,620.0,8.7,0.0
10,43,2,1,28539.0,0.052,0.251,610.0,8.7,0.0
10,43,3,1,20824.0,0.045,0.259,603.0,8.1,0.0
10,43,4,1,54269.0,0.048,0.244,629.0,8.6,0.0
1,44,1,1,44015.0,0.046,0.27,610.0,2.0,0.0
1,44,2,1,31401.0,0.047,0.257,655.0,2.2,0.0
1,44,3,1,20828.0,0.045,0.259,639.0,2.1,0.0
1,44,4,1,59665.0,0.049,0.248,640.0,2.1,0.0
2,44,1,1,40672.0,0.045,0.244,594.0,1.9,0.0
2,44,2,1,28977.0,0.052,0.254,584.0,2.2,0.0
2,44,3,1,22168.0,0.05,0.274,642.0,2.0,0.0
2,44,4,1,54158.0,0.045,0.25,627.0,1.9,0.0
3,44,1,1,46742.0,0.053,0.245,590.0,0.9,0.0
3,44,2,1,34974.0,0.046,0.252,601.0,1.0,0.0
3,44,3,1,22477.0,0.053,0.227,642.0,1.1,0.0
3,44,4,1,58278.0,0.051,0.244,632.0,0.9,0.0
4,44,1,1,29833.0,0.044,0.233,648.0,1.0,0.0
4,44,2,1,22491.0,0.053,0.227,609.0,1.0,0.0
4,44,3,1,15155.0,0.051,0.248,653.0,0.9,0.0
4,44,4,1,41899.0,0.052,0.226,657.0,1.0,0.0
5,44,1,1,65245.0,0.054,0.251,640.0,14.2,0.0
5,44,2,1,45258.0,0.048,0.248,584.0,15.3,0.0
5,44,3,1,32460.0,0.054,0.225,587.0,12.9,0.0
5,44,4,1,84711.0,0.046,0.237,590.0,13.6,0.0
6,44,1,1,49013.0,0.055,0.249,622.0,8.1,0.0
6,44,2,1,36343.0,0.045,0.243,649.0,7.6,0.0
6,44,3,1,26179.0,0.055,0.275,654.0,7.7,0.0
6,44,4,1,64405.0,0.045,0.232,642.0,7.6,0.0
7,44,1,1,40606.0,0.048,0.251,609.0,7.2,0.0
7,44,2,1,24620.0,0.044,0.228,625.0,8.5,0.0
7,44,3,1,20235.0,0.053,0.227,639.0,7.7,0.0
7,44,4,1,51714.0,0.055,0.272,624.0,7.9,0.0
8,44,1,1,54375.0,0.056,0.231,591.0,8.5,0.0
8,44,2,1,36589.0,0.054,0.241,602.0,7.8,0.0
8,44,3,1,29239.0,0.044,0.261,587.0,8.3,0.0
8,44,4,1,69426.0,0.053,0.244,600.0,7.4,0.0
9,44,1,1,32965.0,0.056,0.249,593.0,8.7,0.0
9,44,2,1,25521.0,0.055,0.242,595.0,7.7,0.0
9,44,3,1,16727.0,0.048,0.269,632.0,7.3,0.0
9,44,4,1,42382.0,0.046,0.259,611.0,7.7,0.0
10,44,1,1,41993.0,0.053,0.233,629.0,8.6,0.0
10,44,2,1,28502.0,0.056,0.235,617.0,8.4,0.0
10,44,3,1,20587.0,0.051,0.271,583.0,8.4,0.0
10,44,4,1,52867.0,0.052,0.264,655.0,8.2,0.0
1,45,1,1,47584.0,0.045,0.257,587.0,2.0,0.0
1,45,2,1,33733.0,0.051,0.264,633.0,1.9,0.0
1,45,3,1,24127.0,0.045,0.275,654.0,2.1,0.0
1,45,4,1,56270.0,0.051,0.273,601.0,2.0,0.0
2,45,1,1,39145.0,0.046,0.246,608.0,2.0,0.0
2,45,2,1,27931.0,0.051,0.254,628.0,2.0,0.0
2,45,3,1,22408.0,0.055,0.24,644.0,1.9,0.0
2,45,4,1,54728.0,0.054,0.259,586.0,2.0,0.0
3,45,1,1,46879.0,0.051,0.26,621.0,0.9,0.0
3,45,2,1,35558.0,0.052,0.268,599.0,1.1,0.0
3,45,3,1,23018.0,0.044,0.256,635.0,1.0,0.0
3,45,4,1,62031.0,0.045,0.245,636.0,1.0,0.0
4,45,1,1,29154.0,0.046,0.231,606.0,0.9,0.0
4,45,2,1,21241.0,0.049,0.241,643.0,1.0,0.0
4,45,3,1,14692.0,0.045,0.253,598.0,1.0,0.0
4,45,4,1,37743.0,0.044,0.246,600.0,1.1,0.0
5,45,1,1,61290.0,0.052,0.245,628.0,12.8,0.0
5,45,2,1,47745.0,0.047,0.266,592.0,13.7,0.0
5,45,3,1,32402.0,0.047,0.241,585.0,14.0,0.0
5,45,4,1,89015.0,0.047,0.251,623.0,14.2,0.0
6,45,1,1,53119.0,0.045,0.227,646.0,8.4,0.0
6,45,2,1,34732.0,0.054,0.273,654.0,7.6,0.0
6,45,3,1,25773.0,0.048,0.237,633.0,7.9,0.0
6,45,4,1,68146.0,0.046,0.24,631.0,7.6,0.0
7,45,1,1,36868.0,0.047,0.228,632.0,7.4,0.0
7,45,2,1,27977.0,0.055,0.233,613.0,7.9,0.0
7,45,3,1,18785.0,0.045,0.257,614.0,8.4,0.0
7,45,4,1,46564.0,0.053,0.243,621.0,7.2,0.0
8,45,1,1,53874.0,0.045,0.264,618.0,7.9,0.0
8,45,2,1,40653.0,0.053,0.265,605.0,7.7,0.0
8,45,3,1,28522.0,0.046,0.273,634.0,8.5,0.0
8,45,4,1,75431.0,0.053,0.255,612.0,7.3,0.0
9,45,1,1,36285.0,0.048,0.249,593.0,8.4,0.0
9,45,2,1,25080.0,0.053,0.263,648.0,8.7,0.0
9,45,3,1,18297.0,0.054,0.263,626.0,8.5,0.0
9,45,4,1,44604.0,0.046,0.271,652.0,8.4,0.0
10,45,1,1,37943.0,0.046,0.232,604.0,7.8,0.0
10,45,2,1,27442.0,0.048,0.273,587.0,7.8,0.0
10,45,3,1,18541.0,0.053,0.265,611.0,8.3,0.0
10,45,4,1,50401.0,0.046,0.256,628.0,8.1,0.0
1,46,1,1,41779.0,0.049,0.27,650.0,1.9,0.0
1,46,2,1,33488.0,0.054,0.235,592.0,2.1,0.0
1,46,3,1,23858.0,0.046,0.236,596.0,2.0,0.0
1,46,4,1,58297.0,0.055,0.269,588.0,1.8,0.0
2,46,1,1,43091.0,0.046,0.244,626.0,1.9,0.0
2,46,2,1,27490.0,0.052,0.24,647.0,1.9,0.0
2,46,3,1,22228.0,0.049,0.235,618.0,1.9,0.0
2,46,4,1,58735.0,0.049,0.241,656.0,2.1,0.0
3,46,1,1,49181.0,0.056,0.258,651.0,1.0,0.0
3,46,2,1,33140.0,0.055,0.262,588.0,1.0,0.0
3,46,3,1,24321.0,0.053,0.272,648.0,1.1,0.0
3,46,4,1,58604.0,0.048,0.233,587.0,1.0,0.0
4,46,1,1,31663.0,0.052,0.253,626.0,1.0,0.0
4,46,2,1,19636.0,0.052,0.252,613.0,0.9,0.0
4,46,3,1,15334.0,0.047,0.241,606.0,0.9,0.0
4,46,4,1,40745.0,0.051,0.27,657.0,1.0,0.0
5,46,1,1,69142.0,0.051,0.243,618.0,13.4,0.0
5,46,2,1,47175.0,0.052,0.262,638.0,13.2,0.0
5,46,3,1,32631.0,0.048,0.226,626.0,13.9,0.0
5,46,4,1,83881.0,0.051,0.253,648.0,14.5,0.0
6,46,1,1,49277.0,0.052,0.256,623.0,8.2,0.0
6,46,2,1,35334.0,0.048,0.253,595.0,8.4,0.0
6,46,3,1,25680.0,0.045,0.254,640.0,7.6,0.0
6,46,4,1,65045.0,0.054,0.262,624.0,7.9,0.0
7,46,1,1,39872.0,0.049,0.231,601.0,7.7,0.0
7,46,2,1,27771.0,0.05,0.249,645.0,8.2,0.0
7,46,3,1,17643.0,0.053,0.272,594.0,8.7,0.0
7,46,4,1,47697.0,0.049,0.237,639.0,7.9,0.0
8,46,1,1,55891.0,0.054,0.227,588.0,7.3,0.0
8,46,2,1,39784.0,0.049,0.258,597.0,7.7,0.0
8,46,3,1,25548.0,0.047,0.236,634.0,7.7,0.0
8,46,4,1,75157.0,0.053,0.25,632.0,7.9,0.0
9,46,1,1,35015.0,0.046,0.233,608.0,7.3,0.0
9,46,2,1,23160.0,0.055,0.258,639.0,7.7,0.0
9,46,3,1,17770.0,0.056,0.262,597.0,8.0,0.0
9,46,4,1,46255.0,0.046,0.246,656.0,8.6,0.0
10,46,1,1,38657.0,0.053,0.225,604.0,7.9,0.0
10,46,2,1,29885.0,0.05,0.248,604.0,8.1,0.0
10,46,3,1,19101.0,0.054,0.25,634.0,7.4,0.0
10,46,4,1,55980.0,0.049,0.263,646.0,7.9,0.0
1,47,1,1,45531.0,0.051,0.261,605.0,2.0,0.0
1,47,2,1,33028.0,0.055,0.243,590.0,2.2,0.0
1,47,3,1,21978.0,0.048,0.238,610.0,1.9,0.0
1,47,4,1,54244.0,0.045,0.256,624.0,1.8,0.0
2,47,1,1,42706.0,0.045,0.241,593.0,2.1,0.0
2,47,2,1,27939.0,0.054,0.27,613.0,2.1,0.0
2,47,3,1,21065.0,0.053,0.236,610.0,2.2,0.0
2,47,4,1,56194.0,0.046,0.275,609.0,1.8,0.0
3,47,1,1,44826.0,0.048,0.264,600.0,0.9,0.0
3,47,2,1,35041.0,0.05,0.236,645.0,1.0,0.0
3,47,3,1,24719.0,0.054,0.228,655.0,1.1,0.0
3,47,4,1,65917.0,0.048,0.232,613.0,1.1,0.0
4,47,1,1,31878.0,0.054,0.241,644.0,1.0,0.0
4,47,2,1,22085.0,0.055,0.274,609.0,1.0,0.0
4,47,3,1,14705.0,0.045,0.261,651.0,0.9,0.0
4,47,4,1,39336.0,0.048,0.268,614.0,1.1,0.0
5,47,1,1,68172.0,0.049,0.234,638.0,14.4,0.0
5,47,2,1,42436.0,0.046,0.239,656.0,15.1,0.0
5,47,3,1,34129.0,0.051,0.234,623.0,13.8,0.0
5,47,4,1,83091.0,0.047,0.243,642.0,13.2,0.0
6,47,1,1,52515.0,0.048,0.273,650.0,8.5,0.0
6,47,2,1,39160.0,0.049,0.249,621.0,8.7,0.0
6,47,3,1,24949.0,0.049,0.232,587.0,8.6,0.0
6,47,4,1,68244.0,0.048,0.233,632.0,7.8,0.0
7,47,1,1,35700.0,0.053,0.253,586.0,7.6,0.0
7,47,2,1,25950.0,0.048,0.229,629.0,7.9,0.0
7,47,3,1,17623.0,0.053,0.264,586.0,7.5,0.0
7,47,4,1,51233.0,0.056,0.265,584.0,8.1,0.0
8,47,1,1,54627.0,0.056,0.236,589.0,7.6,0.0
8,47,2,1,35437.0,0.044,0.231,643.0,7.3,0.0
8,47,3,1,27140.0,0.05,0.227,631.0,8.2,0.0
8,47,4,1,68025.0,0.049,0.267,612.0,7.6,0.0
9,47,1,1,35350.0,0.049,0.271,656.0,8.7,0.0
9,47,2,1,23901.0,0.046,0.24,609.0,7.9,0.0
9,47,3,1,17757.0,0.05,0.267,611.0,7.8,0.0
9,47,4,1,42658.0,0.047,0.247,610.0,8.2,0.0
10,47,1,1,41878.0,0.054,0.253,640.0,7.3,0.0
10,47,2,1,28331.0,0.048,0.271,600.0,7.9,0.0
10,47,3,1,19848.0,0.044,0.255,656.0,7.3,0.0
10,47,4,1,49339.0,0.044,0.265,645.0,7.8,0.0
1,48,1,1,45459.0,0.044,0.266,653.0,2.0,0.0
1,48,2,1,32700.0,0.051,0.237,609.0,1.9,0.0
1,48,3,1,21225.0,0.047,0.245,630.0,1.9,0.0
1,48,4,1,54212.0,0.054,0.225,626.0,2.1,0.0
2,48,1,1,39918.0,0.048,0.247,619.0,2.0,0.0
2,48,2,1,30744.0,0.051,0.255,639.0,2.0,0.0
2,48,3,1,19427.0,0.046,0.259,597.0,1.9,0.0
2,48,4,1,52261.0,0.049,0.246,646.0,2.2,0.0
3,48,1,1,48243.0,0.047,0.238,585.0,1.0,0.0
3,48,2,1,31798.0,0.052,0.237,593.0,0.9,0.0
3,48,3,1,23055.0,0.053,0.23,627.0,1.0,0.0
3,48,4,1,58776.0,0.052,0.23,589.0,1.1,0.0
4,48,1,1,30105.0,0.052,0.243,631.0,1.1,0.0
4,48,2,1,19808.0,0.054,0.233,649.0,1.1,0.0
4,48,3,1,13950.0,0.053,0.265,603.0,1.0,0.0
4,48,4,1,36691.0,0.053,0.264,599.0,0.9,0.0
5,48,1,1,69022.0,0.055,0.272,637.0,13.0,0.0
5,48,2,1,42448.0,0.049,0.233,592.0,12.8,0.0
5,48,3,1,33532.0,0.047,0.23,586.0,15.0,0.0
5,48,4,1,80084.0,0.045,0.258,636.0,13.8,0.0
6,48,1,1,49677.0,0.049,0.269,624.0,8.7,0.0
6,48,2,1,33914.0,0.052,0.237,616.0,7.3,0.0
6,48,3,1,27808.0,0.046,0.255,624.0,7.9,0.0
6,48,4,1,65488.0,0.055,0.272,635.0,7.7,0.0
7,48,1,1,38093.0,0.054,0.234,589.0,8.7,0.0
7,48,2,1,28108.0,0.049,0.256,612.0,7.9,0.0
7,48,3,1,19320.0,0.052,0.236,641.0,8.4,0.0
7,48,4,1,46517.0,0.047,0.254,588.0,8.4,0.0
8,48,1,1,58708.0,0.055,0.23,650.0,7.5,0.0
8,48,2,1,36013.0,0.054,0.245,608.0,8.6,0.0
8,48,3,1,26238.0,0.046,0.23,627.0,7.5,0.0
8,48,4,1,75216.0,0.05,0.27,620.0,8.5,0.0
9,48,1,1,35808.0,0.045,0.232,603.0,7.5,0.0
9,48,2,1,26272.0,0.051,0.239,655.0,8.5,0.0
9,48,3,1,16639.0,0.05,0.238,588.0,7.4,0.0
9,48,4,1,45829.0,0.05,0.264,608.0,8.0,0.0
10,48,1,1,43073.0,0.048,0.253,606.0,8.4,0.0
10,48,2,1,26470.0,0.055,0.231,603.0,8.4,0.0
10,48,3,1,20723.0,0.046,0.243,618.0,8.2,0.0
10,48,4,1,54181.0,0.056,0.226,589.0,8.3,0.0
1,49,1,1,48384.0,0.053,0.239,590.0,1.9,0.0
1,49,2,1,31735.0,0.051,0.271,584.0,1.8,0.0
1,49,3,1,20729.0,0.05,0.272,623.0,2.1,0.0
1,49,4,1,61700.0,0.052,0.273,649.0,1.8,0.0
2,49,1,1,41914.0,0.049,0.232,619.0,2.2,0.0
2,49,2,1,27530.0,0.049,0.243,621.0,2.1,0.0
2,49,3,1,22326.0,0.053,0.236,617.0,2.0,0.0
2,49,4,1,52022.0,0.049,0.261,642.0,2.1,0.0
3,49,1,1,45082.0,0.044,0.269,603.0,1.1,0.0
3,49,2,1,35119.0,0.045,0.231,635.0,1.0,0.0
3,49,3,1,22893.0,0.054,0.265,597.0,0.9,0.0
3,49,4,1,60685.0,0.05,0.258,603.0,1.1,0.0
4,49,1,1,31613.0,0.044,0.228,631.0,1.0,0.0
4,49,2,1,21952.0,0.054,0.271,589.0,1.0,0.0
4,49,3,1,14784.0,0.051,0.235,604.0,0.9,0.0
4,49,4,1,38725.0,0.049,0.262,607.0,1.0,0.0
5,49,1,1,69207.0,0.055,0.24,584.0,15.3,0.0
5,49,2,1,47753.0,0.053,0.263,626.0,13.8,0.0
5,49,3,1,32489.0,0.055,0.27,647.0,14.9,0.0
5,49,4,1,87386.0,0.05,0.252,611.0,14.1,0.0
6,49,1,1,51890.0,0.054,0.258,607.0,8.3,0.0
6,49,2,1,35249.0,0.05,0.273,644.0,7.9,0.0
6,49,3,1,24185.0,0.047,0.26,606.0,8.6,0.0
6,49,4,1,62448.0,0.056,0.273,604.0,7.5,0.0
7,49,1,1,37289.0,0.046,0.257,645.0,7.5,0.0
7,49,2,1,26487.0,0.044,0.254,627.0,8.0,0.0
7,49,3,1,17677.0,0.055,0.226,645.0,8.2,0.0
7,49,4,1,51535.0,0.049,0.265,633.0,8.2,0.0
8,49,1,1,52225.0,0.046,0.236,645.0,8.4,0.0
8,49,2,1,40878.0,0.054,0.275,610.0,7.8,0.0
8,49,3,1,25353.0,0.054,0.274,610.0,8.3,0.0
8,49,4,1,71968.0,0.045,0.246,598.0,7.6,0.0
9,49,1,1,35554.0,0.046,0.27,627.0,7.9,0.0
9,49,2,1,23542.0,0.046,0.227,657.0,8.1,0.0
9,49,3,1,16941.0,0.044,0.228,607.0,8.1,0.0
9,49,4,1,45894.0,0.047,0.268,613.0,8.8,0.0
10,49,1,1,38624.0,0.046,0.244,634.0,7.7,0.0
10,49,2,1,26331.0,0.055,0.238,609.0,8.2,0.0
10,49,3,1,20546.0,0.044,0.233,628.0,7.4,0.0
10,49,4,1,49827.0,0.053,0.256,602.0,8.3,0.0
1,50,1,1,44481.0,0.045,0.241,590.0,1.9,0.0
1,50,2,1,32210.0,0.05,0.263,589.0,2.0,0.0
1,50,3,1,23803.0,0.056,0.233,621.0,2.1,0.0
1,50,4,1,58109.0,0.051,0.252,638.0,2.1,0.0
2,50,1,1,42062.0,0.047,0.25,623.0,2.1,0.0
2,50,2,1,31363.0,0.052,0.27,652.0,2.1,0.0
2,50,3,1,19542.0,0.048,0.235,624.0,1.8,0.0
2,50,4,1,54312.0,0.048,0.273,601.0,2.1,0.0
3,50,1,1,50981.0,0.049,0.27,651.0,1.0,0.0
3,50,2,1,35396.0,0.055,0.236,601.0,1.0,0.0
3,50,3,1,23628.0,0.056,0.242,644.0,1.0,0.0
3,50,4,1,64470.0,0.045,0.243,633.0,0.9,0.0
4,50,1,1,28496.0,0.047,0.259,610.0,0.9,0.0
4,50,2,1,22077.0,0.051,0.246,622.0,1.1,0.0
4,50,3,1,15020.0,0.054,0.259,603.0,1.0,0.0
4,50,4,1,39868.0,0.051,0.246,619.0,1.1,0.0
5,50,1,1,62807.0,0.055,0.247,622.0,14.4,0.0
5,50,2,1,44287.0,0.049,0.246,653.0,13.5,0.0
5,50,3,1,31476.0,0.045,0.256,625.0,15.3,0.0
5,50,4,1,83458.0,0.055,0.234,608.0,14.6,0.0
6,50,1,1,54278.0,0.052,0.228,598.0,8.6,0.0
6,50,2,1,36134.0,0.053,0.27,613.0,7.8,0.0
6,50,3,1,24382.0,0.047,0.241,630.0,8.3,0.0
6,50,4,1,72182.0,0.054,0.26,636.0,7.2,0.0
7,50,1,1,40776.0,0.055,0.268,636.0,8.2,0.0
7,50,2,1,24806.0,0.055,0.239,633.0,8.1,0.0
7,50,3,1,20091.0,0.046,0.231,615.0,7.9,0.0
7,50,4,1,50043.0,0.048,0.244,609.0,7.9,0.0
8,50,1,1,57638.0,0.044,0.259,610.0,7.2,0.0
8,50,2,1,41351.0,0.052,0.235,636.0,8.1,0.0
8,50,3,1,25782.0,0.046,0.245,614.0,8.2,0.0
8,50,4,1,67328.0,0.045,0.247,656.0,7.9,0.0
9,50,1,1,32369.0,0.052,0.27,623.0,8.6,0.0
9,50,2,1,25449.0,0.051,0.234,649.0,8.3,0.0
9,50,3,1,18454.0,0.045,0.275,645.0,8.8,0.0
9,50,4,1,46660.0,0.048,0.273,645.0,7.3,0.0
10,50,1,1,37864.0,0.047,0.244,655.0,7.6,0.0
10,50,2,1,26288.0,0.044,0.227,584.0,8.3,0.0
10,50,3,1,21063.0,0.047,0.227,624.0,7.7,0.0
10,50,4,1,48144.0,0.055,0.269,622.0,7.5,0.0
1,51,1,1,48479.0,0.051,0.258,605.0,2.1,0.0
1,51,2,1,29452.0,0.05,0.246,637.0,2.0,0.0
1,51,3,1,23103.0,0.045,0.225,630.0,1.8,0.0
1,51,4,1,57817.0,0.05,0.25,646.0,2.1,0.0
2,51,1,1,42093.0,0.051,0.268,592.0,1.8,0.0
2,51,2,1,31108.0,0.048,0.251,653.0,1.9,0.0
2,51,3,1,21746.0,0.054,0.241,606.0,2.0,0.0
2,51,4,1,55085.0,0.045,0.258,614.0,1.9,0.0
3,51,1,1,46551.0,0.045,0.241,591.0,1.0,0.0
3,51,2,1,33464.0,0.046,0.24,586.0,1.0,0.0
3,51,3,1,22791.0,0.045,0.255,647.0,1.1,0.0
3,51,4,1,63025.0,0.045,0.254,587.0,1.1,0.0
4,51,1,1,28395.0,0.044,0.249,622.0,0.9,0.0
4,51,2,1,20074.0,0.049,0.231,613.0,1.0,0.0
4,51,3,1,14632.0,0.051,0.264,617.0,1.0,0.0
4,51,4,1,41124.0,0.051,0.27,654.0,1.0,0.0
5,51,1,1,68494.0,0.055,0.262,646.0,12.8,0.0
5,51,2,1,48092.0,0.049,0.271,647.0,15.2,0.0
5,51,3,1,33526.0,0.047,0.247,621.0,12.8,0.0
5,51,4,1,86137.0,0.045,0.246,612.0,13.5,0.0
6,51,1,1,53231.0,0.051,0.259,604.0,7.8,0.0
6,51,2,1,37994.0,0.054,0.227,596.0,7.9,0.0
6,51,3,1,27536.0,0.045,0.245,618.0,8.6,0.0
6,51,4,1,68526.0,0.048,0.229,586.0,8.2,0.0
7,51,1,1,37773.0,0.046,0.234,624.0,7.8,0.0
7,51,2,1,28592.0,0.052,0.263,584.0,7.5,0.0
7,51,3,1,19985.0,0.047,0.235,597.0,7.5,0.0
7,51,4,1,49884.0,0.046,0.262,638.0,8.0,0.0
8,51,1,1,57623.0,0.049,0.238,652.0,8.7,0.0
8,51,2,1,39463.0,0.053,0.243,590.0,8.5,0.0
8,51,3,1,27332.0,0.052,0.245,635.0,7.5,0.0
8,51,4,1,70458.0,0.046,0.229,651.0,8.5,0.0
9,51,1,1,34540.0,0.053,0.266,628.0,7.2,0.0
9,51,2,1,24623.0,0.049,0.261,623.0,7.4,0.0
9,51,3,1,17400.0,0.055,0.259,638.0,7.6,0.0
9,51,4,1,48176.0,0.054,0.259,621.0,8.6,0.0
10,51,1,1,36864.0,0.05,0.274,599.0,7.6,0.0
10,51,2,1,27346.0,0.052,0.267,598.0,8.1,0.0
10,51,3,1,19183.0,0.052,0.226,631.0,8.0,0.0
10,51,4,1,48381.0,0.054,0.239,606.0,8.7,0.0
1,52,1,1,42403.0,0.045,0.251,629.0,2.1,0.0
1,52,2,1,32592.0,0.048,0.258,640.0,1.8,0.0
1,52,3,1,24142.0,0.046,0.226,600.0,2.1,0.0
1,52,4,1,54514.0,0.048,0.248,632.0,2.2,0.0
2,52,1,1,43802.0,0.048,0.234,644.0,2.0,0.0
2,52,2,1,29703.0,0.048,0.253,618.0,1.9,0.0
2,52,3,1,20219.0,0.051,0.24,609.0,1.9,0.0
2,52,4,1,51137.0,0.046,0.261,614.0,2.0,0.0
3,52,1,1,46850.0,0.048,0.254,630.0,1.0,0.0
3,52,2,1,33099.0,0.05,0.24,600.0,1.0,0.0
3,52,3,1,23956.0,0.055,0.271,600.0,1.0,0.0
3,52,4,1,60122.0,0.048,0.246,587.0,1.0,0.0
4,52,1,1,30291.0,0.045,0.252,655.0,1.0,0.0
4,52,2,1,20403.0,0.051,0.232,619.0,0.9,0.0
4,52,3,1,15273.0,0.055,0.273,597.0,0.9,0.0
4,52,4,1,39857.0,0.044,0.275,629.0,0.9,0.0
5,52,1,1,65431.0,0.045,0.244,587.0,13.2,0.0
5,52,2,1,47478.0,0.048,0.233,649.0,14.4,0.0
5,52,3,1,33928.0,0.051,0.227,589.0,14.9,0.0
5,52,4,1,89726.0,0.055,0.229,614.0,13.1,0.0
6,52,1,1,53095.0,0.055,0.253,610.0,7.8,0.0
6,52,2,1,35812.0,0.056,0.243,644.0,8.2,0.0
6,52,3,1,24902.0,0.047,0.265,651.0,7.7,0.0
6,52,4,1,62336.0,0.056,0.231,604.0,8.4,0.0
7,52,1,1,38215.0,0.045,0.245,604.0,7.6,0.0
7,52,2,1,27724.0,0.052,0.262,591.0,7.8,0.0
7,52,3,1,19526.0,0.052,0.247,638.0,8.5,0.0
7,52,4,1,46800.0,0.053,0.257,631.0,8.5,0.0
8,52,1,1,51282.0,0.053,0.246,636.0,8.5,0.0
8,52,2,1,38730.0,0.051,0.275,595.0,7.5,0.0
8,52,3,1,27246.0,0.045,0.226,599.0,8.4,0.0
8,52,4,1,73406.0,0.045,0.256,586.0,7.7,0.0
9,52,1,1,35063.0,0.045,0.231,614.0,8.3,0.0
9,52,2,1,24937.0,0.049,0.272,655.0,8.8,0.0
9,52,3,1,18404.0,0.048,0.244,618.0,8.6,0.0
9,52,4,1,46065.0,0.048,0.273,645.0,7.3,0.0
10,52,1,1,38724.0,0.046,0.239,631.0,8.6,0.0
10,52,2,1,29859.0,0.05,0.24,639.0,8.0,0.0
10,52,3,1,20211.0,0.053,0.268,603.0,7.7,0.0
10,52,4,1,48408.0,0.051,0.226,631.0,7.3,0.0
1,1,1,1,42217.0,0.051,0.252,657.0,2.1,0.0
1,1,2,1,33571.0,0.049,0.246,651.0,2.0,0.0
1,1,3,1,21235.0,0.051,0.226,604.0,2.0,0.0
1,1,4,1,58614.0,0.053,0.226,615.0,2.2,0.0
2,1,1,1,40451.0,0.051,0.257,646.0,2.2,0.0
2,1,2,1,31121.0,0.045,0.273,595.0,2.1,0.0
2,1,3,1,22598.0,0.046,0.23,636.0,2.0,0.0
2,1,4,1,51064.0,0.053,0.263,600.0,2.0,0.0
3,1,1,1,49945.0,0.047,0.273,604.0,1.0,0.0
3,1,2,1,31090.0,0.045,0.273,593.0,1.0,0.0
3,1,3,1,24539.0,0.053,0.243,644.0,1.0,0.0
3,1,4,1,58699.0,0.049,0.228,642.0,1.0,0.0
4,1,1,1,28007.0,0.054,0.255,594.0,1.0,0.0
4,1,2,1,22652.0,0.054,0.245,626.0,1.1,0.0
4,1,3,1,15512.0,0.046,0.252,586.0,1.0,0.0
4,1,4,1,41459.0,0.046,0.251,623.0,0.9,0.0
5,1,1,1,61967.0,0.051,0.227,592.0,13.1,0.0
5,1,2,1,42228.0,0.053,0.231,589.0,14.1,0.0
5,1,3,1,31469.0,0.052,0.262,601.0,14.8,0.0
5,1,4,1,86269.0,0.055,0.231,609.0,15.4,0.0
6,1,1,1,51506.0,0.054,0.267,610.0,7.7,0.0
6,1,2,1,34574.0,0.049,0.266,608.0,7.5,0.0
6,1,3,1,25412.0,0.048,0.267,607.0,7.4,0.0
6,1,4,1,66751.0,0.052,0.242,599.0,7.8,0.0
7,1,1,1,36598.0,0.051,0.273,590.0,7.9,0.0
7,1,2,1,25251.0,0.045,0.241,652.0,7.7,0.0
7,1,3,1,19533.0,0.044,0.253,655.0,8.5,0.0
7,1,4,1,49864.0,0.051,0.252,611.0,8.5,0.0
8,1,1,1,57999.0,0.052,0.243,587.0,7.4,0.0
8,1,2,1,36668.0,0.056,0.251,593.0,8.2,0.0
8,1,3,1,25407.0,0.045,0.257,607.0,7.7,0.0
8,1,4,1,73808.0,0.045,0.248,627.0,8.2,0.0
9,1,1,1,33857.0,0.048,0.266,612.0,7.2,0.0
9,1,2,1,24339.0,0.055,0.227,607.0,8.3,0.0
9,1,3,1,16987.0,0.049,0.252,596.0,8.5,0.0
9,1,4,1,45618.0,0.051,0.249,603.0,7.2,0.0
10,1,1,1,40403.0,0.052,0.243,611.0,8.0,0.0
10,1,2,1,27791.0,0.055,0.243,653.0,8.6,0.0
10,1,3,1,20973.0,0.052,0.248,623.0,7.9,0.0
10,1,4,1,52026.0,0.046,0.254,624.0,8.6,0.0
1,2,1,2,47782.0,0.478,0.579,829.0,2.4,3.5
1,2,2,2,35079.0,0.477,0.626,846.0,2.2,4.1
1,2,3,2,27187.0,0.485,0.558,843.0,2.3,3.0
1,2,4,2,66483.0,0.485,0.66,822.0,2.0,3.9
2,2,1,2,50831.0,0.455,0.588,825.0,2.2,3.8
2,2,2,2,31041.0,0.453,0.604,835.0,2.0,2.9
2,2,3,2,23632.0,0.487,0.65,854.0,2.0,2.7
2,2,4,2,58675.0,0.521,0.663,838.0,2.2,3.1
3,2,1,2,52730.0,0.201,0.372,919.0,1.2,1.0
3,2,2,2,40054.0,0.187,0.404,902.0,1.1,1.2
3,2,3,2,27382.0,0.211,0.41,847.0,1.1,0.9
3,2,4,2,73198.0,0.209,0.382,862.0,1.1,0.4
4,2,1,2,34224.0,0.212,0.404,827.0,1.0,0.3
4,2,2,2,23775.0,0.19,0.372,867.0,1.0,0.8
4,2,3,2,16012.0,0.181,0.359,822.0,1.1,1.0
4,2,4,2,45878.0,0.196,0.419,860.0,1.0,1.0
5,2,1,2,79772.0,0.178,0.361,830.0,16.2,1.0
5,2,2,2,53568.0,0.213,0.396,817.0,15.8,0.7
5,2,3,2,38603.0,0.205,0.378,885.0,16.2,0.4
5,2,4,2,93372.0,0.214,0.365,836.0,16.2,1.0
6,2,1,2,55835.0,0.181,0.392,835.0,8.7,1.0
6,2,2,2,40907.0,0.17,0.362,821.0,8.1,1.0
6,2,3,2,28397.0,0.187,0.356,919.0,8.3,0.6
6,2,4,2,77812.0,0.214,0.402,850.0,8.4,0.8
7,2,1,2,45088.0,0.208,0.38,879.0,7.8,1.4
7,2,2,2,30573.0,0.171,0.374,855.0,7.9,0.5
7,2,3,2,22314.0,0.196,0.412,847.0,7.9,0.8
7,2,4,2,52088.0,0.18,0.404,907.0,8.6,1.4
8,2,1,2,62526.0,0.174,0.36,817.0,9.3,0.4
8,2,2,2,47053.0,0.184,0.372,905.0,8.5,1.1
8,2,3,2,31166.0,0.2,0.388,874.0,7.8,0.6
8,2,4,2,78527.0,0.199,0.401,861.0,9.2,1.1
9,2,1,2,42294.0,0.199,0.404,873.0,8.5,0.4
9,2,2,2,26586.0,0.205,0.408,875.0,8.6,0.6
9,2,3,2,18409.0,0.206,0.407,917.0,8.1,0.2
9,2,4,2,50609.0,0.187,0.426,863.0,8.8,0.6
10,2,1,2,47147.0,0.176,0.394,885.0,8.1,0.5
10,2,2,2,30309.0,0.195,0.385,905.0,8.9,1.2
10,2,3,2,22270.0,0.178,0.423,853.0,9.3,0.7
10,2,4,2,61836.0,0.182,0.352,876.0,7.9,0.4
1,3,1,2,48615.0,0.47,0.588,898.0,2.3,1.1
1,3,2,2,35596.0,0.464,0.64,910.0,2.1,1.1
1,3,3,2,24021.0,0.425,0.624,876.0,2.3,1.3
1,3,4,2,64741.0,0.428,0.583,888.0,2.0,2.4
2,3,1,2,50193.0,0.479,0.555,890.0,2.0,3.6
2,3,2,2,31646.0,0.475,0.573,888.0,2.1,4.4
2,3,3,2,24829.0,0.496,0.591,858.0,2.1,4.9
2,3,4,2,58689.0,0.462,0.6,861.0,2.2,2.8
3,3,1,2,57692.0,0.202,0.379,816.0,1.0,1.4
3,3,2,2,37960.0,0.205,0.387,839.0,1.2,1.3
3,3,3,2,25640.0,0.177,0.404,907.0,1.0,0.3
3,3,4,2,65673.0,0.183,0.358,820.0,1.1,0.9
4,3,1,2,33473.0,0.212,0.389,916.0,1.0,0.3
4,3,2,2,25347.0,0.2,0.395,893.0,1.0,1.0
4,3,3,2,15942.0,0.197,0.392,920.0,1.0,0.9
4,3,4,2,45748.0,0.198,0.365,822.0,1.2,0.9
5,3,1,2,70278.0,0.214,0.355,890.0,15.3,1.2
5,3,2,2,48544.0,0.172,0.41,820.0,15.5,1.3
5,3,3,2,36765.0,0.21,0.354,916.0,16.0,0.6
5,3,4,2,100209.0,0.208,0.426,918.0,14.8,0.3
6,3,1,2,63735.0,0.208,0.425,878.0,8.3,1.3
6,3,2,2,43157.0,0.194,0.405,851.0,9.2,1.3
6,3,3,2,27847.0,0.191,0.38,880.0,8.8,0.4
6,3,4,2,77149.0,0.215,0.356,859.0,7.8,0.4
7,3,1,2,42456.0,0.213,0.42,897.0,8.8,0.3
7,3,2,2,32396.0,0.18,0.382,879.0,9.4,1.2
7,3,3,2,21054.0,0.2,0.426,870.0,9.0,1.0
7,3,4,2,57616.0,0.193,0.358,895.0,7.9,0.5
8,3,1,2,60273.0,0.184,0.396,891.0,8.5,1.0
8,3,2,2,44329.0,0.182,0.423,818.0,8.8,0.3
8,3,3,2,30029.0,0.174,0.404,897.0,8.0,1.3
8,3,4,2,84363.0,0.209,0.36,895.0,8.3,0.8
9,3,1,2,38880.0,0.206,0.362,907.0,8.5,0.8
9,3,2,2,26193.0,0.201,0.4,831.0,8.5,1.4
9,3,3,2,20080.0,0.177,0.381,918.0,8.2,0.7
9,3,4,2,55908.0,0.208,0.389,896.0,9.2,1.1
10,3,1,2,49157.0,0.2,0.369,823.0,8.1,1.1
10,3,2,2,30087.0,0.171,0.391,911.0,8.6,0.6
10,3,3,2,24059.0,0.173,0.385,856.0,9.4,0.9
10,3,4,2,56776.0,0.169,0.377,836.0,8.1,0.8
1,4,1,2,51317.0,0.498,0.632,847.0,2.1,4.0
1,4,2,2,35341.0,0.43,0.562,872.0,2.1,4.0
1,4,3,2,25027.0,0.46,0.654,857.0,2.3,3.2
1,4,4,2,63596.0,0.507,0.595,900.0,2.0,2.5
2,4,1,2,48583.0,0.508,0.614,845.0,2.3,4.1
2,4,2,2,34154.0,0.511,0.616,842.0,2.3,2.6
2,4,3,2,22776.0,0.476,0.553,886.0,2.1,2.8
2,4,4,2,59377.0,0.441,0.627,835.0,2.2,4.0
3,4,1,2,56701.0,0.184,0.383,907.0,1.1,1.4
3,4,2,2,38769.0,0.207,0.397,914.0,1.1,1.0
3,4,3,2,27657.0,0.211,0.368,880.0,1.1,0.3
3,4,4,2,67279.0,0.202,0.422,887.0,1.1,0.9
4,4,1,2,34090.0,0.183,0.398,819.0,1.0,0.9
4,4,2,2,22343.0,0.185,0.365,895.0,1.1,0.7
4,4,3,2,16509.0,0.196,0.374,835.0,1.1,0.3
4,4,4,2,45639.0,0.196,0.399,905.0,1.0,0.3
5,4,1,2,68643.0,0.184,0.393,880.0,14.2,1.2
5,4,2,2,52153.0,0.174,0.391,871.0,16.1,0.6
5,4,3,2,34226.0,0.179,0.389,885.0,13.9,1.1
5,4,4,2,98273.0,0.208,0.391,884.0,15.9,0.2
6,4,1,2,63169.0,0.194,0.366,899.0,9.4,0.8
6,4,2,2,39730.0,0.176,0.355,901.0,9.3,0.6
6,4,3,2,31326.0,0.171,0.404,846.0,8.5,0.7
6,4,4,2,78976.0,0.213,0.428,821.0,8.9,0.2
7,4,1,2,46764.0,0.173,0.376,845.0,9.4,1.3
7,4,2,2,30785.0,0.17,0.373,869.0,9.2,0.2
7,4,3,2,22552.0,0.213,0.397,822.0,8.4,0.5
7,4,4,2,56674.0,0.181,0.399,840.0,8.4,0.3
8,4,1,2,65647.0,0.2,0.398,829.0,8.2,0.7
8,4,2,2,41389.0,0.194,0.373,839.0,8.1,0.3
8,4,3,2,31618.0,0.196,0.385,877.0,8.9,1.0
8,4,4,2,82534.0,0.189,0.39,822.0,8.0,0.3
9,4,1,2,37384.0,0.172,0.366,845.0,7.8,0.2
9,4,2,2,29012.0,0.199,0.389,867.0,8.4,1.0
9,4,3,2,19147.0,0.184,0.386,885.0,8.1,0.5
9,4,4,2,53789.0,0.192,0.385,875.0,8.0,1.1
10,4,1,2,45453.0,0.19,0.389,884.0,9.4,0.7
10,4,2,2,32727.0,0.174,0.353,898.0,8.8,0.4
10,4,3,2,24325.0,0.205,0.41,840.0,8.5,1.1
10,4,4,2,61617.0,0.172,0.384,890.0,9.5,1.0
1,5,1,2,51838.0,0.483,0.575,830.0,2.2,2.4
1,5,2,2,38216.0,0.43,0.604,843.0,2.2,1.0
1,5,3,2,25413.0,0.463,0.582,832.0,2.0,5.0
1,5,4,2,66746.0,0.459,0.556,885.0,2.1,5.4
2,5,1,2,45247.0,0.499,0.636,879.0,2.1,3.0
2,5,2,2,31840.0,0.529,0.616,826.0,2.0,5.5
2,5,3,2,22975.0,0.498,0.571,872.0,2.0,3.4
2,5,4,2,64672.0,0.423,0.665,844.0,2.3,4.9
3,5,1,2,52799.0,0.198,0.422,875.0,1.1,0.9
3,5,2,2,37507.0,0.195,0.36,884.0,1.1,0.9
3,5,3,2,27429.0,0.198,0.369,898.0,1.0,1.0
3,5,4,2,72136.0,0.2,0.377,902.0,1.0,1.2
4,5,1,2,31839.0,0.169,0.4,896.0,1.2,0.5
4,5,2,2,25031.0,0.173,0.364,884.0,1.1,0.9
4,5,3,2,18335.0,0.182,0.423,912.0,1.1,1.3
4,5,4,2,43817.0,0.177,0.416,869.0,1.2,0.8
5,5,1,2,70134.0,0.184,0.407,912.0,15.6,1.0
5,5,2,2,53895.0,0.173,0.423,828.0,15.7,1.1
5,5,3,2,38514.0,0.195,0.376,880.0,15.7,0.6
5,5,4,2,92260.0,0.185,0.352,820.0,14.7,0.6
6,5,1,2,57297.0,0.207,0.398,843.0,8.8,1.1
6,5,2,2,41949.0,0.194,0.389,903.0,9.1,0.4
6,5,3,2,30219.0,0.18,0.362,881.0,8.4,1.0
6,5,4,2,82998.0,0.184,0.387,903.0,8.8,0.7
7,5,1,2,39924.0,0.207,0.383,862.0,9.1,1.2
7,5,2,2,30296.0,0.186,0.39,874.0,8.7,0.6
7,5,3,2,20631.0,0.214,0.362,817.0,9.3,0.3
7,5,4,2,56538.0,0.209,0.376,860.0,8.5,1.0
8,5,1,2,59544.0,0.206,0.376,884.0,8.4,1.3
8,5,2,2,40919.0,0.208,0.407,900.0,8.0,1.4
8,5,3,2,32854.0,0.189,0.426,873.0,8.0,0.8
8,5,4,2,82887.0,0.203,0.414,844.0,9.1,0.4
9,5,1,2,42611.0,0.182,0.403,886.0,8.3,1.1
9,5,2,2,26212.0,0.173,0.411,832.0,9.4,1.3
9,5,3,2,19960.0,0.182,0.371,823.0,8.8,0.8
9,5,4,2,49662.0,0.189,0.351,869.0,8.6,0.3
10,5,1,2,46395.0,0.173,0.381,849.0,8.0,0.2
10,5,2,2,32289.0,0.212,0.383,897.0,7.9,1.2
10,5,3,2,23620.0,0.203,0.357,883.0,9.5,1.1
10,5,4,2,56834.0,0.214,0.425,842.0,8.9,0.8
1,6,1,2,50160.0,0.497,0.662,880.0,2.2,1.7
1,6,2,2,36656.0,0.461,0.657,853.0,2.1,3.4
1,6,3,2,24896.0,0.467,0.605,825.0,2.2,2.3
1,6,4,2,66878.0,0.503,0.556,848.0,2.0,3.0
2,6,1,2,47002.0,0.484,0.65,826.0,2.2,1.8
2,6,2,2,32876.0,0.459,0.625,826.0,2.2,2.7
2,6,3,2,24138.0,0.529,0.556,869.0,2.3,2.2
2,6,4,2,62205.0,0.491,0.573,831.0,2.1,3.9
3,6,1,2,50571.0,0.189,0.403,856.0,1.2,1.0
3,6,2,2,36243.0,0.177,0.382,830.0,1.0,1.0
3,6,3,2,27775.0,0.214,0.393,867.0,1.0,1.1
3,6,4,2,73750.0,0.188,0.413,879.0,1.2,0.7
4,6,1,2,32101.0,0.192,0.353,876.0,1.0,1.2
4,6,2,2,23478.0,0.182,0.366,872.0,1.2,0.6
4,6,3,2,16415.0,0.188,0.412,913.0,1.2,1.1
4,6,4,2,42423.0,0.177,0.387,882.0,1.1,0.5
5,6,1,2,71206.0,0.188,0.412,863.0,16.0,0.3
5,6,2,2,48820.0,0.211,0.385,831.0,14.5,0.7
5,6,3,2,39205.0,0.196,0.404,875.0,14.9,0.3
5,6,4,2,101941.0,0.171,0.382,899.0,14.8,0.8
6,6,1,2,59963.0,0.206,0.397,853.0,9.4,1.1
6,6,2,2,39569.0,0.199,0.418,839.0,8.0,1.4
6,6,3,2,31497.0,0.174,0.397,903.0,8.3,0.6
6,6,4,2,80276.0,0.2,0.356,883.0,8.5,1.2
7,6,1,2,45316.0,0.214,0.412,900.0,8.3,0.5
7,6,2,2,28679.0,0.184,0.369,877.0,8.7,0.7
7,6,3,2,22057.0,0.186,0.382,861.0,8.2,1.2
7,6,4,2,60814.0,0.175,0.391,869.0,9.5,1.2
8,6,1,2,63869.0,0.213,0.352,852.0,9.2,1.2
8,6,2,2,43995.0,0.209,0.382,822.0,9.1,0.4
8,6,3,2,32622.0,0.201,0.354,905.0,9.0,1.4
8,6,4,2,81661.0,0.181,0.366,911.0,9.3,0.5
9,6,1,2,39315.0,0.2,0.372,882.0,8.0,0.7
9,6,2,2,27574.0,0.214,0.399,858.0,9.3,0.8
9,6,3,2,19647.0,0.21,0.406,838.0,9.5,0.5
9,6,4,2,51992.0,0.189,0.42,828.0,9.5,0.3
10,6,1,2,46793.0,0.178,0.381,842.0,8.6,0.4
10,6,2,2,31885.0,0.175,0.389,840.0,8.5,1.0
10,6,3,2,23777.0,0.176,0.359,821.0,7.8,0.7
10,6,4,2,54704.0,0.178,0.417,891.0,8.7,0.6
1,7,1,2,52848.0,0.5,0.561,865.0,2.0,4.1
1,7,2,2,33081.0,0.517,0.584,903.0,2.0,4.3
1,7,3,2,23605.0,0.536,0.575,916.0,2.2,4.0
1,7,4,2,68754.0,0.468,0.55,920.0,2.1,1.1
2,7,1,2,50342.0,0.481,0.549,888.0,2.3,4.9
2,7,2,2,32398.0,0.447,0.553,878.0,2.2,2.2
2,7,3,2,23195.0,0.443,0.575,912.0,2.2,0.8
2,7,4,2,57852.0,0.535,0.549,852.0,2.0,4.4
3,7,1,2,51237.0,0.198,0.391,883.0,1.1,0.9
3,7,2,2,35783.0,0.185,0.425,865.0,1.0,1.4
3,7,3,2,29497.0,0.209,0.399,892.0,1.1,0.8
3,7,4,2,73858.0,0.171,0.422,911.0,1.0,0.8
4,7,1,2,33043.0,0.192,0.428,879.0,1.0,0.7
4,7,2,2,25168.0,0.171,0.415,841.0,1.2,0.4
4,7,3,2,17501.0,0.199,0.423,912.0,1.0,0.8
4,7,4,2,47456.0,0.213,0.354,841.0,1.0,1.2
5,7,1,2,76419.0,0.215,0.395,874.0,14.3,1.2
5,7,2,2,55449.0,0.199,0.354,897.0,16.1,1.0
5,7,3,2,35718.0,0.175,0.403,887.0,16.5,1.4
5,7,4,2,99864.0,0.176,0.385,818.0,16.3,0.7
6,7,1,2,63684.0,0.174,0.429,902.0,9.4,0.4
6,7,2,2,44642.0,0.203,0.384,898.0,8.0,0.8
6,7,3,2,30430.0,0.178,0.407,843.0,9.0,0.9
6,7,4,2,76074.0,0.215,0.411,839.0,9.1,1.2
7,7,1,2,43477.0,0.214,0.401,878.0,8.9,0.2
7,7,2,2,31060.0,0.21,0.366,832.0,9.4,1.0
7,7,3,2,23005.0,0.204,0.414,820.0,8.9,0.9
7,7,4,2,52912.0,0.191,0.418,857.0,8.2,0.9
8,7,1,2,66472.0,0.202,0.351,903.0,8.7,1.4
8,7,2,2,46122.0,0.186,0.422,902.0,7.8,0.3
8,7,3,2,33317.0,0.195,0.358,829.0,8.8,1.4
8,7,4,2,84449.0,0.174,0.36,841.0,8.0,0.8
9,7,1,2,39970.0,0.172,0.368,865.0,8.1,1.3
9,7,2,2,29212.0,0.175,0.428,832.0,8.5,0.5
9,7,3,2,18663.0,0.177,0.358,841.0,9.3,0.7
9,7,4,2,53817.0,0.195,0.413,841.0,9.0,1.2
10,7,1,2,45857.0,0.183,0.408,833.0,9.4,0.7
10,7,2,2,29371.0,0.177,0.363,879.0,9.2,0.3
10,7,3,2,22901.0,0.209,0.395,819.0,9.2,0.7
10,7,4,2,58078.0,0.174,0.388,858.0,8.3,0.9
1,8,1,2,47836.0,0.52,0.666,906.0,2.2,2.7
1,8,2,2,35651.0,0.481,0.635,856.0,2.1,2.1
1,8,3,2,26937.0,0.471,0.563,855.0,2.3,1.7
1,8,4,2,69847.0,0.53,0.65,914.0,2.0,4.3
2,8,1,2,45603.0,0.504,0.656,837.0,2.2,3.0
2,8,2,2,32118.0,0.497,0.56,895.0,1.9,2.9
2,8,3,2,23012.0,0.429,0.669,850.0,2.3,4.8
2,8,4,2,59795.0,0.464,0.64,893.0,2.3,4.3
3,8,1,2,54266.0,0.214,0.414,850.0,1.0,1.0
3,8,2,2,37997.0,0.189,0.372,835.0,1.0,0.7
3,8,3,2,26936.0,0.21,0.377,906.0,1.2,0.2
3,8,4,2,67994.0,0.191,0.351,867.0,1.1,1.0
4,8,1,2,36443.0,0.215,0.403,818.0,1.0,0.6
4,8,2,2,23784.0,0.193,0.359,902.0,1.2,1.1
4,8,3,2,17713.0,0.186,0.367,903.0,1.2,0.4
4,8,4,2,41590.0,0.196,0.367,820.0,1.0,1.1
5,8,1,2,72791.0,0.196,0.425,892.0,15.3,0.5
5,8,2,2,54120.0,0.169,0.372,849.0,16.4,0.2
5,8,3,2,39955.0,0.172,0.374,917.0,15.9,0.5
5,8,4,2,99592.0,0.199,0.367,829.0,13.8,0.3
6,8,1,2,55715.0,0.191,0.377,868.0,9.0,0.6
6,8,2,2,40449.0,0.173,0.425,901.0,9.0,1.0
6,8,3,2,28241.0,0.173,0.413,881.0,8.5,0.9
6,8,4,2,72695.0,0.169,0.404,881.0,8.8,0.7
7,8,1,2,42779.0,0.204,0.352,820.0,9.1,0.2
7,8,2,2,32649.0,0.172,0.391,919.0,8.1,0.3
7,8,3,2,20999.0,0.202,0.406,837.0,8.6,1.1
7,8,4,2,59065.0,0.199,0.368,844.0,7.8,1.2
8,8,1,2,65444.0,0.187,0.412,827.0,8.3,0.7
8,8,2,2,43740.0,0.205,0.408,873.0,9.5,1.1
8,8,3,2,33854.0,0.18,0.354,902.0,7.8,0.4
8,8,4,2,81206.0,0.211,0.382,827.0,8.3,0.8
9,8,1,2,39234.0,0.172,0.375,884.0,7.8,0.6
9,8,2,2,27676.0,0.209,0.394,856.0,8.3,0.2
9,8,3,2,18837.0,0.171,0.372,918.0,8.5,0.4
9,8,4,2,53231.0,0.177,0.352,885.0,8.4,0.7
10,8,1,2,45362.0,0.193,0.423,850.0,9.5,0.5
10,8,2,2,31116.0,0.199,0.364,861.0,9.0,0.7
10,8,3,2,22463.0,0.198,0.422,839.0,8.4,0.8
10,8,4,2,62034.0,0.195,0.38,873.0,9.5,0.8
1,9,1,2,50616.0,0.503,0.588,898.0,2.1,1.4
1,9,2,2,37959.0,0.511,0.573,841.0,2.4,4.4
1,9,3,2,23669.0,0.496,0.579,897.0,2.2,0.8
1,9,4,2,67802.0,0.426,0.598,919.0,2.1,2.1
2,9,1,2,49171.0,0.502,0.639,845.0,2.4,5.2
2,9,2,2,33110.0,0.477,0.563,856.0,2.1,5.0
2,9,3,2,23632.0,0.507,0.598,857.0,2.1,3.7
2,9,4,2,63864.0,0.429,0.657,847.0,2.4,1.6
3,9,1,2,54166.0,0.172,0.396,896.0,1.1,1.4
3,9,2,2,39246.0,0.189,0.378,873.0,1.0,0.8
3,9,3,2,27652.0,0.18,0.413,823.0,1.1,1.2
3,9,4,2,74705.0,0.188,0.421,827.0,1.1,0.3
4,9,1,2,33515.0,0.202,0.391,856.0,1.1,0.3
4,9,2,2,25589.0,0.192,0.424,848.0,1.1,1.0
4,9,3,2,16417.0,0.212,0.368,847.0,1.1,0.9
4,9,4,2,42892.0,0.2,0.384,877.0,1.1,0.8
5,9,1,2,75379.0,0.205,0.4,857.0,16.2,1.3
5,9,2,2,50849.0,0.188,0.399,837.0,15.4,0.9
5,9,3,2,34427.0,0.208,0.367,920.0,15.1,0.7
5,9,4,2,95561.0,0.205,0.351,920.0,16.2,1.1
6,9,1,2,61021.0,0.194,0.361,856.0,7.8,0.9
6,9,2,2,40607.0,0.174,0.372,855.0,7.8,1.3
6,9,3,2,29974.0,0.195,0.412,826.0,8.2,0.3
6,9,4,2,71297.0,0.189,0.405,850.0,8.6,0.4
7,9,1,2,44835.0,0.192,0.356,847.0,9.2,0.4
7,9,2,2,28468.0,0.189,0.393,905.0,8.1,0.9
7,9,3,2,23084.0,0.202,0.404,824.0,8.2,0.3
7,9,4,2,54288.0,0.204,0.419,889.0,9.2,0.9
8,9,1,2,65857.0,0.184,0.394,913.0,7.8,0.7
8,9,2,2,43269.0,0.173,0.39,877.0,8.3,1.0
8,9,3,2,30010.0,0.211,0.39,884.0,7.8,0.2
8,9,4,2,78433.0,0.206,0.376,861.0,8.2,0.9
9,9,1,2,39559.0,0.205,0.411,830.0,8.5,1.3
9,9,2,2,29055.0,0.182,0.365,821.0,8.8,0.3
9,9,3,2,20696.0,0.188,0.423,894.0,9.3,1.3
9,9,4,2,55138.0,0.183,0.426,837.0,9.1,0.4
10,9,1,2,48002.0,0.196,0.358,908.0,9.3,0.6
10,9,2,2,33272.0,0.192,0.405,919.0,8.0,0.9
10,9,3,2,23974.0,0.197,0.358,868.0,8.4,0.5
10,9,4,2,55057.0,0.185,0.37,857.0,9.3,0.8
1,10,1,2,52538.0,0.436,0.587,895.0,2.0,3.1
1,10,2,2,38178.0,0.526,0.669,865.0,2.3,4.8
1,10,3,2,25059.0,0.458,0.573,905.0,2.0,3.1
1,10,4,2,63063.0,0.532,0.668,917.0,2.0,1.3
2,10,1,2,44545.0,0.424,0.628,839.0,2.2,2.5
2,10,2,2,31275.0,0.479,0.605,842.0,2.3,2.0
2,10,3,2,23113.0,0.526,0.556,850.0,2.2,1.6
2,10,4,2,59027.0,0.525,0.563,896.0,2.3,2.7
3,10,1,2,56113.0,0.175,0.423,885.0,1.0,0.5
3,10,2,2,37029.0,0.186,0.398,897.0,1.1,0.4
3,10,3,2,27919.0,0.206,0.418,822.0,1.0,1.3
3,10,4,2,67207.0,0.176,0.384,904.0,1.1,0.9
4,10,1,2,33308.0,0.185,0.381,817.0,1.0,0.3
4,10,2,2,22255.0,0.186,0.391,865.0,1.1,1.2
4,10,3,2,16904.0,0.208,0.361,916.0,1.0,0.3
4,10,4,2,46931.0,0.18,0.404,899.0,1.2,1.3
5,10,1,2,69153.0,0.214,0.39,859.0,15.5,1.4
5,10,2,2,52451.0,0.175,0.379,892.0,13.7,1.2
5,10,3,2,39683.0,0.17,0.366,863.0,14.6,0.7
5,10,4,2,91201.0,0.209,0.426,817.0,14.0,1.4
6,10,1,2,56861.0,0.186,0.425,819.0,8.5,0.9
6,10,2,2,44737.0,0.208,0.36,917.0,7.8,0.5
6,10,3,2,27363.0,0.179,0.366,817.0,8.6,1.4
6,10,4,2,77478.0,0.201,0.408,859.0,9.0,1.3
7,10,1,2,45308.0,0.187,0.361,873.0,8.7,0.2
7,10,2,2,32442.0,0.212,0.409,879.0,8.8,0.8
7,10,3,2,22277.0,0.187,0.357,886.0,9.5,1.3
7,10,4,2,60684.0,0.209,0.411,875.0,8.6,0.3
8,10,1,2,58998.0,0.183,0.368,851.0,9.2,0.3
8,10,2,2,43537.0,0.171,0.373,879.0,8.1,1.3
8,10,3,2,28954.0,0.18,0.364,887.0,7.8,0.4
8,10,4,2,87823.0,0.182,0.371,895.0,9.0,1.2
9,10,1,2,40419.0,0.179,0.355,829.0,8.1,1.0
9,10,2,2,30142.0,0.169,0.364,872.0,7.8,0.6
9,10,3,2,21222.0,0.172,0.352,863.0,8.7,1.0
9,10,4,2,55436.0,0.199,0.41,863.0,9.4,0.4
10,10,1,2,45143.0,0.186,0.363,885.0,9.4,1.3
10,10,2,2,30926.0,0.193,0.367,911.0,8.1,1.1
10,10,3,2,24010.0,0.173,0.406,872.0,8.5,1.3
10,10,4,2,60965.0,0.205,0.358,917.0,9.3,0.5
1,11,1,2,51305.0,0.451,0.629,897.0,2.4,3.4
1,11,2,2,35770.0,0.498,0.658,897.0,2.3,2.4
1,11,3,2,25689.0,0.473,0.578,872.0,2.0,3.6
1,11,4,2,70984.0,0.516,0.577,876.0,2.1,0.9
2,11,1,2,45053.0,0.429,0.569,875.0,2.2,4.6
2,11,2,2,31318.0,0.512,0.665,819.0,2.2,1.1
2,11,3,2,24522.0,0.495,0.602,841.0,2.1,2.2
2,11,4,2,64838.0,0.531,0.654,878.0,2.3,4.4
3,11,1,2,51903.0,0.175,0.383,840.0,1.0,1.2
3,11,2,2,40913.0,0.191,0.395,897.0,1.1,0.2
3,11,3,2,26379.0,0.181,0.366,900.0,1.2,0.9
3,11,4,2,68078.0,0.19,0.391,862.0,1.1,0.7
4,11,1,2,31767.0,0.178,0.387,908.0,1.1,1.3
4,11,2,2,23983.0,0.196,0.429,906.0,1.0,0.9
4,11,3,2,18005.0,0.2,0.355,912.0,1.0,1.2
4,11,4,2,46499.0,0.215,0.393,878.0,1.0,1.0
5,11,1,2,73917.0,0.18,0.373,860.0,16.4,1.1
5,11,2,2,52099.0,0.203,0.364,902.0,15.5,1.2
5,11,3,2,39616.0,0.211,0.386,920.0,15.6,1.0
5,11,4,2,103351.0,0.189,0.405,862.0,15.5,0.8
6,11,1,2,60160.0,0.175,0.413,819.0,8.8,1.4
6,11,2,2,39012.0,0.174,0.427,822.0,7.9,1.3
6,11,3,2,32010.0,0.2,0.357,839.0,8.1,0.4
6,11,4,2,81658.0,0.19,0.383,877.0,8.9,1.1
7,11,1,2,42113.0,0.201,0.402,883.0,8.2,0.6
7,11,2,2,29442.0,0.215,0.397,896.0,9.2,0.3
7,11,3,2,21699.0,0.199,0.374,818.0,7.9,0.8
7,11,4,2,55765.0,0.214,0.409,915.0,8.6,0.4
8,11,1,2,63790.0,0.184,0.379,915.0,9.0,1.4
8,11,2,2,45507.0,0.171,0.399,851.0,8.5,0.6
8,11,3,2,30816.0,0.182,0.391,903.0,8.0,0.6
8,11,4,2,83067.0,0.192,0.377,874.0,8.2,0.6
9,11,1,2,42948.0,0.183,0.409,881.0,9.5,1.3
9,11,2,2,28295.0,0.208,0.379,854.0,8.1,0.8
9,11,3,2,21123.0,0.201,0.402,838.0,8.6,1.4
9,11,4,2,49656.0,0.169,0.414,898.0,8.5,1.0
10,11,1,2,44955.0,0.175,0.381,821.0,8.9,0.8
10,11,2,2,32540.0,0.186,0.354,876.0,8.1,0.6
10,11,3,2,21227.0,0.198,0.368,851.0,8.4,0.4
10,11,4,2,58833.0,0.199,0.372,894.0,9.5,0.9
1,12,1,2,51014.0,0.457,0.602,880.0,2.0,3.9
1,12,2,2,33108.0,0.448,0.553,820.0,2.1,4.3
1,12,3,2,27064.0,0.52,0.582,880.0,2.1,2.9
1,12,4,2,61500.0,0.517,0.578,900.0,2.3,2.2
2,12,1,2,44196.0,0.434,0.578,855.0,2.3,4.0
2,12,2,2,32402.0,0.482,0.632,889.0,2.1,3.3
2,12,3,2,22841.0,0.442,0.656,844.0,2.4,5.6
2,12,4,2,61493.0,0.49,0.656,848.0,2.3,4.6
3,12,1,2,55560.0,0.203,0.359,834.0,1.1,0.7
3,12,2,2,40672.0,0.196,0.407,891.0,1.1,0.8
3,12,3,2,26823.0,0.209,0.359,825.0,1.1,0.3
3,12,4,2,71249.0,0.189,0.399,875.0,1.0,0.4
4,12,1,2,33198.0,0.169,0.353,906.0,1.1,0.7
4,12,2,2,22686.0,0.17,0.357,918.0,1.1,0.3
4,12,3,2,16157.0,0.191,0.382,915.0,1.2,0.4
4,12,4,2,45902.0,0.182,0.379,896.0,1.0,1.3
5,12,1,2,69248.0,0.177,0.416,847.0,14.4,0.8
5,12,2,2,50198.0,0.206,0.42,898.0,14.5,1.4
5,12,3,2,39118.0,0.191,0.36,913.0,15.6,0.4
5,12,4,2,101048.0,0.193,0.421,884.0,15.7,1.1
6,12,1,2,61099.0,0.207,0.417,915.0,9.3,1.1
6,12,2,2,42429.0,0.199,0.374,834.0,8.7,0.8
6,12,3,2,28107.0,0.21,0.389,875.0,8.9,1.1
6,12,4,2,77421.0,0.195,0.373,913.0,8.6,0.2
7,12,1,2,42481.0,0.174,0.394,904.0,9.2,1.3
7,12,2,2,30431.0,0.171,0.369,841.0,8.0,1.2
7,12,3,2,22624.0,0.196,0.376,855.0,8.8,0.6
7,12,4,2,55229.0,0.197,0.377,877.0,7.9,1.2
8,12,1,2,58069.0,0.212,0.42,918.0,8.3,1.0
8,12,2,2,45973.0,0.189,0.405,882.0,9.5,1.2
8,12,3,2,33730.0,0.174,0.392,888.0,9.2,0.9
8,12,4,2,84141.0,0.19,0.369,898.0,7.9,1.1
9,12,1,2,42409.0,0.172,0.365,835.0,8.9,0.7
9,12,2,2,29012.0,0.203,0.415,876.0,8.7,0.3
9,12,3,2,19525.0,0.214,0.406,910.0,9.4,1.4
9,12,4,2,55535.0,0.19,0.39,902.0,8.9,0.3
10,12,1,2,46364.0,0.176,0.426,866.0,9.3,0.6
10,12,2,2,33015.0,0.211,0.37,851.0,8.0,0.3
10,12,3,2,21245.0,0.19,0.358,868.0,8.3,1.1
10,12,4,2,59640.0,0.181,0.415,817.0,8.6,0.2
1,13,1,2,54400.0,0.482,0.555,850.0,2.3,5.4
1,13,2,2,34575.0,0.424,0.621,827.0,2.3,3.3
1,13,3,2,24561.0,0.484,0.664,874.0,2.3,5.0
1,13,4,2,63574.0,0.465,0.625,917.0,2.4,5.6
2,13,1,2,46951.0,0.53,0.566,873.0,2.1,3.7
2,13,2,2,32928.0,0.456,0.612,833.0,2.0,3.9
2,13,3,2,25519.0,0.473,0.64,850.0,2.0,2.1
2,13,4,2,57969.0,0.481,0.61,880.0,2.1,2.6
3,13,1,2,57156.0,0.178,0.405,834.0,1.0,1.3
3,13,2,2,40015.0,0.195,0.418,854.0,1.1,0.6
3,13,3,2,27827.0,0.209,0.41,844.0,1.1,0.5
3,13,4,2,73064.0,0.202,0.405,851.0,1.1,1.2
4,13,1,2,32201.0,0.194,0.351,896.0,1.1,1.0
4,13,2,2,23929.0,0.213,0.382,867.0,1.1,0.7
4,13,3,2,15888.0,0.194,0.38,865.0,1.1,0.2
4,13,4,2,46959.0,0.171,0.378,866.0,1.1,1.0
5,13,1,2,78131.0,0.185,0.381,829.0,15.0,0.4
5,13,2,2,50179.0,0.213,0.409,850.0,15.7,0.9
5,13,3,2,39012.0,0.172,0.415,857.0,14.1,0.3
5,13,4,2,100629.0,0.202,0.396,835.0,14.1,1.2
6,13,1,2,61694.0,0.19,0.36,878.0,8.4,1.3
6,13,2,2,41661.0,0.202,0.398,897.0,9.3,0.7
6,13,3,2,28348.0,0.174,0.413,871.0,7.9,1.3
6,13,4,2,71650.0,0.203,0.413,846.0,8.3,0.8
7,13,1,2,40498.0,0.197,0.369,842.0,8.4,1.0
7,13,2,2,30924.0,0.174,0.42,893.0,8.0,0.8
7,13,3,2,22286.0,0.178,0.417,897.0,8.3,0.6
7,13,4,2,56269.0,0.195,0.367,896.0,8.9,1.0
8,13,1,2,59521.0,0.205,0.387,901.0,8.8,1.0
8,13,2,2,41541.0,0.215,0.355,911.0,9.0,0.9
8,13,3,2,30732.0,0.183,0.422,853.0,9.3,0.2
8,13,4,2,83844.0,0.188,0.428,902.0,8.3,1.3
9,13,1,2,40216.0,0.19,0.424,834.0,9.3,1.4
9,13,2,2,26710.0,0.213,0.421,870.0,9.1,0.2
9,13,3,2,19678.0,0.183,0.403,919.0,8.9,1.1
9,13,4,2,53019.0,0.197,0.39,838.0,9.0,0.9
10,13,1,2,42207.0,0.189,0.36,877.0,8.3,0.7
10,13,2,2,31686.0,0.197,0.415,885.0,9.2,1.1
10,13,3,2,22285.0,0.192,0.385,865.0,8.9,0.2
10,13,4,2,63588.0,0.181,0.361,876.0,8.4,1.3
1,14,1,2,49807.0,0.494,0.599,825.0,2.3,1.0
1,14,2,2,36568.0,0.495,0.616,851.0,2.0,4.8
1,14,3,2,26389.0,0.428,0.584,822.0,2.0,1.9
1,14,4,2,62011.0,0.515,0.606,887.0,2.0,4.0
2,14,1,2,44261.0,0.51,0.664,886.0,2.4,2.1
2,14,2,2,32231.0,0.508,0.624,853.0,2.2,1.8
2,14,3,2,25216.0,0.52,0.596,906.0,2.2,3.6
2,14,4,2,60827.0,0.504,0.651,870.0,2.1,4.2
3,14,1,2,55585.0,0.194,0.383,830.0,1.1,0.9
3,14,2,2,40858.0,0.182,0.362,816.0,1.1,0.5
3,14,3,2,26590.0,0.213,0.408,896.0,1.1,0.6
3,14,4,2,66454.0,0.214,0.384,857.0,1.1,0.6
4,14,1,2,35457.0,0.175,0.356,916.0,1.0,0.6
4,14,2,2,25473.0,0.213,0.397,895.0,1.0,0.3
4,14,3,2,17871.0,0.197,0.355,906.0,1.1,0.3
4,14,4,2,43112.0,0.214,0.407,920.0,1.0,1.4
5,14,1,2,68300.0,0.181,0.384,854.0,16.1,0.8
5,14,2,2,52509.0,0.183,0.392,909.0,15.9,1.3
5,14,3,2,39220.0,0.186,0.419,886.0,13.7,1.2
5,14,4,2,89215.0,0.192,0.354,898.0,15.6,1.1
6,14,1,2,57946.0,0.2,0.408,856.0,8.5,1.0
6,14,2,2,38634.0,0.199,0.367,883.0,8.1,1.3
6,14,3,2,28386.0,0.186,0.412,856.0,8.9,0.4
6,14,4,2,82531.0,0.196,0.415,893.0,9.1,0.3
7,14,1,2,46670.0,0.201,0.371,869.0,7.9,0.8
7,14,2,2,31512.0,0.206,0.38,875.0,8.8,0.8
7,14,3,2,22906.0,0.213,0.386,837.0,8.3,1.1
7,14,4,2,54400.0,0.173,0.426,916.0,9.4,0.6
8,14,1,2,58989.0,0.185,0.386,855.0,9.5,1.1
8,14,2,2,41494.0,0.178,0.428,914.0,8.0,1.2
8,14,3,2,31512.0,0.176,0.384,895.0,8.9,0.7
8,14,4,2,84525.0,0.17,0.394,860.0,9.1,1.3
9,14,1,2,41690.0,0.198,0.373,869.0,8.8,1.3
9,14,2,2,26315.0,0.205,0.417,872.0,9.0,1.3
9,14,3,2,18534.0,0.17,0.383,899.0,9.4,0.3
9,14,4,2,50176.0,0.174,0.4,853.0,8.9,0.5
10,14,1,2,45694.0,0.209,0.393,830.0,8.5,0.8
10,14,2,2,33900.0,0.176,0.419,894.0,8.8,0.5
10,14,3,2,24181.0,0.202,0.386,870.0,8.9,0.9
10,14,4,2,56814.0,0.171,0.418,844.0,8.5,1.1
1,15,1,3,53011.0,1.069,0.961,1179.0,2.4,6.0
1,15,2,3,37861.0,0.846,1.055,1087.0,2.5,9.7
1,15,3,3,26836.0,1.05,0.936,1137.0,2.2,6.6
1,15,4,3,73837.0,0.976,0.931,1131.0,2.1,7.4
2,15,1,3,52783.0,0.897,0.959,1163.0,2.5,8.5
2,15,2,3,38142.0,1.061,1.063,1107.0,2.1,7.4
2,15,3,3,25311.0,1.005,1.02,1130.0,2.4,9.5
2,15,4,3,71849.0,0.999,1.02,1175.0,2.1,5.2
3,15,1,3,57316.0,0.408,0.557,1122.0,1.1,1.2
3,15,2,3,45731.0,0.388,0.504,1177.0,1.1,2.6
3,15,3,3,32213.0,0.38,0.564,1104.0,1.3,0.5
3,15,4,3,76175.0,0.347,0.575,1114.0,1.2,0.9
4,15,1,3,38702.0,0.421,0.544,1151.0,1.2,0.5
4,15,2,3,28378.0,0.376,0.479,1056.0,1.2,2.6
4,15,3,3,18825.0,0.399,0.573,1099.0,1.1,0.5
4,15,4,3,48534.0,0.373,0.543,1163.0,1.1,2.3
5,15,1,3,81487.0,0.349,0.576,1076.0,17.2,1.4
5,15,2,3,58710.0,0.398,0.513,1076.0,17.0,0.9
5,15,3,3,42052.0,0.344,0.544,1092.0,15.1,1.0
5,15,4,3,105341.0,0.344,0.567,1101.0,16.9,2.6
6,15,1,3,61549.0,0.392,0.576,1073.0,9.5,1.1
6,15,2,3,46440.0,0.421,0.544,1098.0,8.5,2.5
6,15,3,3,33056.0,0.362,0.576,1132.0,10.1,2.4
6,15,4,3,84748.0,0.342,0.55,1172.0,9.8,0.9
7,15,1,3,45007.0,0.398,0.481,1062.0,8.7,1.7
7,15,2,3,33184.0,0.407,0.497,1122.0,9.6,1.8
7,15,3,3,25789.0,0.398,0.543,1059.0,9.6,1.2
7,15,4,3,63853.0,0.414,0.477,1136.0,8.9,1.7
8,15,1,3,71545.0,0.387,0.557,1150.0,8.5,0.4
8,15,2,3,47069.0,0.361,0.52,1104.0,9.8,1.0
8,15,3,3,35576.0,0.42,0.51,1062.0,9.6,1.8
8,15,4,3,86815.0,0.389,0.552,1110.0,10.1,1.8
9,15,1,3,47466.0,0.403,0.497,1088.0,8.5,2.7
9,15,2,3,32058.0,0.396,0.565,1079.0,8.4,2.5
9,15,3,3,22019.0,0.368,0.478,1101.0,8.5,0.9
9,15,4,3,56330.0,0.339,0.492,1099.0,9.2,0.5
10,15,1,3,51478.0,0.356,0.492,1141.0,8.6,1.4
10,15,2,3,36355.0,0.355,0.567,1152.0,8.4,2.6
10,15,3,3,25861.0,0.372,0.485,1157.0,9.7,1.6
10,15,4,3,66128.0,0.416,0.507,1068.0,9.8,1.0
1,16,1,3,55993.0,0.862,1.008,1050.0,2.3,6.5
1,16,2,3,41552.0,0.931,0.986,1058.0,2.1,2.1
1,16,3,3,29202.0,1.061,0.971,1050.0,2.4,10.2
1,16,4,3,76984.0,1.064,0.873,1180.0,2.2,4.3
2,16,1,3,57942.0,1.035,1.003,1116.0,2.4,9.7
2,16,2,3,37465.0,0.96,0.892,1100.0,2.2,3.7
2,16,3,3,26850.0,0.898,1.024,1051.0,2.2,6.1
2,16,4,3,72175.0,0.941,0.891,1108.0,2.2,4.0
3,16,1,3,62664.0,0.395,0.492,1067.0,1.1,0.9
3,16,2,3,42187.0,0.341,0.56,1110.0,1.0,1.8
3,16,3,3,28595.0,0.409,0.507,1106.0,1.1,0.6
3,16,4,3,77864.0,0.398,0.538,1102.0,1.1,1.1
4,16,1,3,39327.0,0.414,0.558,1160.0,1.1,1.8
4,16,2,3,25970.0,0.429,0.51,1116.0,1.3,2.2
4,16,3,3,20619.0,0.403,0.576,1139.0,1.3,1.9
4,16,4,3,48184.0,0.406,0.578,1146.0,1.1,1.4
5,16,1,3,78332.0,0.411,0.505,1102.0,17.1,0.7
5,16,2,3,53886.0,0.406,0.489,1087.0,15.9,0.9
5,16,3,3,41788.0,0.378,0.571,1068.0,17.6,1.3
5,16,4,3,112379.0,0.344,0.493,1091.0,15.8,1.2
6,16,1,3,63964.0,0.344,0.565,1082.0,9.3,0.6
6,16,2,3,43154.0,0.43,0.537,1148.0,10.1,1.1
6,16,3,3,32835.0,0.348,0.496,1108.0,10.2,1.4
6,16,4,3,82514.0,0.412,0.539,1063.0,10.2,2.3
7,16,1,3,47088.0,0.341,0.505,1091.0,9.8,1.2
7,16,2,3,35751.0,0.348,0.509,1084.0,9.2,2.0
7,16,3,3,23466.0,0.357,0.568,1150.0,8.7,2.0
7,16,4,3,67192.0,0.372,0.477,1051.0,8.8,2.6
8,16,1,3,73975.0,0.419,0.535,1144.0,10.1,0.6
8,16,2,3,49446.0,0.338,0.507,1162.0,9.5,1.8
8,16,3,3,32979.0,0.365,0.545,1121.0,9.4,2.4
8,16,4,3,88298.0,0.363,0.544,1122.0,9.5,1.7
9,16,1,3,47339.0,0.38,0.544,1172.0,8.5,1.6
9,16,2,3,33142.0,0.401,0.482,1087.0,9.4,2.2
9,16,3,3,21558.0,0.368,0.554,1181.0,10.2,1.6
9,16,4,3,59378.0,0.414,0.484,1080.0,9.0,2.6
10,16,1,3,54715.0,0.382,0.523,1132.0,8.6,2.3
10,16,2,3,33679.0,0.365,0.481,1092.0,9.2,1.1
10,16,3,3,24838.0,0.376,0.497,1161.0,9.1,0.5
10,16,4,3,64158.0,0.366,0.495,1104.0,10.1,2.7
1,17,1,3,54593.0,1.015,1.009,1173.0,2.4,3.8
1,17,2,3,40496.0,0.857,0.895,1103.0,2.4,11.0
1,17,3,3,29966.0,0.969,0.889,1120.0,2.5,6.0
1,17,4,3,76913.0,0.999,0.93,1106.0,2.5,9.6
2,17,1,3,51054.0,1.004,0.885,1157.0,2.5,1.8
2,17,2,3,34820.0,1.03,0.985,1056.0,2.4,7.4
2,17,3,3,29025.0,0.852,0.968,1153.0,2.3,11.1
2,17,4,3,75419.0,0.876,0.912,1153.0,2.3,7.2
3,17,1,3,65201.0,0.371,0.552,1137.0,1.2,0.6
3,17,2,3,41465.0,0.413,0.535,1062.0,1.2,2.7
3,17,3,3,32456.0,0.381,0.555,1068.0,1.2,1.0
3,17,4,3,83658.0,0.426,0.492,1151.0,1.2,1.0
4,17,1,3,40756.0,0.385,0.504,1140.0,1.1,2.3
4,17,2,3,26296.0,0.418,0.583,1066.0,1.2,0.6
4,17,3,3,17736.0,0.361,0.522,1084.0,1.1,1.6
4,17,4,3,51568.0,0.363,0.513,1163.0,1.2,1.8
5,17,1,3,80146.0,0.41,0.505,1069.0,15.4,1.3
5,17,2,3,53605.0,0.416,0.491,1080.0,15.5,0.8
5,17,3,3,40691.0,0.349,0.539,1064.0,14.8,2.5
5,17,4,3,109241.0,0.386,0.559,1154.0,16.9,1.1
6,17,1,3,67346.0,0.413,0.513,1077.0,8.9,1.1
6,17,2,3,44986.0,0.397,0.564,1109.0,9.6,1.0
6,17,3,3,34040.0,0.344,0.479,1175.0,8.4,1.4
6,17,4,3,93376.0,0.41,0.502,1069.0,10.2,2.6
7,17,1,3,45589.0,0.398,0.484,1138.0,8.7,2.2
7,17,2,3,36040.0,0.383,0.495,1135.0,9.6,0.9
7,17,3,3,22651.0,0.394,0.565,1165.0,8.5,1.4
7,17,4,3,65494.0,0.422,0.488,1124.0,8.8,1.1
8,17,1,3,67224.0,0.388,0.548,1075.0,9.4,1.3
8,17,2,3,51300.0,0.415,0.534,1182.0,9.8,1.9
8,17,3,3,36982.0,0.388,0.518,1116.0,8.6,1.0
8,17,4,3,84264.0,0.395,0.522,1146.0,9.7,0.4
9,17,1,3,42789.0,0.35,0.493,1136.0,9.8,1.0
9,17,2,3,30252.0,0.372,0.57,1129.0,9.5,2.1
9,17,3,3,23894.0,0.343,0.556,1149.0,9.4,1.6
9,17,4,3,61679.0,0.352,0.55,1055.0,9.8,2.7
10,17,1,3,54834.0,0.426,0.539,1113.0,9.8,2.6
10,17,2,3,35176.0,0.423,0.565,1169.0,9.9,1.7
10,17,3,3,23653.0,0.352,0.57,1117.0,9.0,1.9
10,17,4,3,69266.0,0.356,0.504,1142.0,9.3,1.9
1,18,1,3,62008.0,0.878,0.937,1084.0,2.2,7.6
1,18,2,3,41017.0,1.018,0.955,1145.0,2.5,9.9
1,18,3,3,29268.0,0.878,1.038,1061.0,2.4,7.5
1,18,4,3,79371.0,1.013,1.063,1077.0,2.4,4.8
2,18,1,3,54367.0,0.878,1.045,1109.0,2.2,3.2
2,18,2,3,40366.0,0.976,0.874,1104.0,2.3,9.8
2,18,3,3,25123.0,0.862,1.062,1165.0,2.2,7.3
2,18,4,3,74172.0,0.887,0.98,1097.0,2.3,7.3
3,18,1,3,65409.0,0.42,0.545,1145.0,1.1,1.2
3,18,2,3,43016.0,0.341,0.54,1088.0,1.2,2.0
3,18,3,3,31545.0,0.376,0.514,1129.0,1.1,2.2
3,18,4,3,80023.0,0.414,0.545,1133.0,1.2,1.7
4,18,1,3,37241.0,0.396,0.49,1097.0,1.1,1.6
4,18,2,3,28931.0,0.345,0.527,1068.0,1.1,1.7
4,18,3,3,20443.0,0.38,0.536,1174.0,1.1,2.7
4,18,4,3,46655.0,0.37,0.519,1161.0,1.2,1.8
5,18,1,3,82746.0,0.418,0.48,1133.0,15.2,1.9
5,18,2,3,54370.0,0.344,0.516,1088.0,15.6,0.5
5,18,3,3,43745.0,0.42,0.513,1131.0,16.9,2.6
5,18,4,3,115646.0,0.425,0.576,1109.0,15.2,0.6
6,18,1,3,62555.0,0.387,0.58,1167.0,10.1,0.6
6,18,2,3,49693.0,0.409,0.56,1126.0,9.6,0.8
6,18,3,3,30971.0,0.37,0.542,1159.0,10.0,2.1
6,18,4,3,90906.0,0.381,0.536,1088.0,9.8,1.2
7,18,1,3,49552.0,0.385,0.52,1118.0,9.9,1.4
7,18,2,3,32791.0,0.386,0.541,1155.0,9.3,0.6
7,18,3,3,25838.0,0.38,0.54,1158.0,9.8,1.9
7,18,4,3,66514.0,0.404,0.483,1081.0,9.0,1.6
8,18,1,3,70383.0,0.399,0.527,1102.0,9.7,2.5
8,18,2,3,49082.0,0.399,0.522,1055.0,9.2,1.7
8,18,3,3,34417.0,0.348,0.545,1096.0,10.0,2.4
8,18,4,3,96546.0,0.351,0.487,1159.0,10.2,1.8
9,18,1,3,48331.0,0.358,0.526,1162.0,9.1,1.3
9,18,2,3,29134.0,0.384,0.541,1056.0,8.5,0.8
9,18,3,3,22295.0,0.388,0.533,1096.0,9.1,1.4
9,18,4,3,61386.0,0.362,0.502,1177.0,8.6,1.5
10,18,1,3,54428.0,0.376,0.517,1169.0,10.1,0.8
10,18,2,3,35375.0,0.392,0.499,1173.0,8.6,1.9
10,18,3,3,25666.0,0.378,0.559,1169.0,9.4,1.6
10,18,4,3,65344.0,0.426,0.575,1183.0,9.2,1.6
1,19,1,3,54792.0,0.859,1.018,1107.0,2.3,10.0
1,19,2,3,38798.0,0.957,0.884,1170.0,2.2,9.2
1,19,3,3,30966.0,0.972,0.888,1173.0,2.3,9.5
1,19,4,3,71586.0,0.941,1.035,1145.0,2.1,4.4
2,19,1,3,54329.0,0.932,1.052,1144.0,2.4,2.0
2,19,2,3,38979.0,0.95,0.984,1182.0,2.5,3.3
2,19,3,3,25105.0,0.945,1.043,1097.0,2.4,8.2
2,19,4,3,65970.0,0.852,0.919,1071.0,2.5,6.1
3,19,1,3,60430.0,0.353,0.542,1070.0,1.3,2.2
3,19,2,3,40849.0,0.359,0.525,1180.0,1.2,0.7
3,19,3,3,29448.0,0.426,0.51,1145.0,1.1,2.0
3,19,4,3,76544.0,0.363,0.562,1134.0,1.1,1.6
4,19,1,3,37773.0,0.392,0.524,1077.0,1.1,0.5
4,19,2,3,25834.0,0.387,0.479,1051.0,1.2,2.7
4,19,3,3,20305.0,0.364,0.495,1124.0,1.2,1.0
4,19,4,3,51618.0,0.422,0.53,1094.0,1.3,1.7
5,19,1,3,77603.0,0.36,0.49,1148.0,15.7,1.2
5,19,2,3,60350.0,0.425,0.547,1100.0,17.6,1.4
5,19,3,3,44829.0,0.357,0.48,1054.0,15.8,2.1
5,19,4,3,100554.0,0.359,0.569,1161.0,15.7,0.7
6,19,1,3,70362.0,0.401,0.56,1099.0,9.5,0.5
6,19,2,3,48932.0,0.342,0.495,1156.0,10.2,0.7
6,19,3,3,32012.0,0.346,0.496,1096.0,9.2,1.9
6,19,4,3,79681.0,0.396,0.517,1114.0,9.2,1.2
7,19,1,3,45975.0,0.372,0.51,1149.0,10.0,2.1
7,19,2,3,32800.0,0.414,0.563,1117.0,9.1,1.4
7,19,3,3,23994.0,0.377,0.535,1124.0,9.9,1.9
7,19,4,3,65594.0,0.339,0.578,1128.0,9.8,2.5
8,19,1,3,74795.0,0.39,0.561,1139.0,9.2,2.5
8,19,2,3,46915.0,0.388,0.514,1137.0,9.1,1.8
8,19,3,3,34324.0,0.367,0.556,1060.0,9.4,0.6
8,19,4,3,86068.0,0.406,0.512,1063.0,9.5,0.4
9,19,1,3,45522.0,0.413,0.515,1149.0,9.6,1.4
9,19,2,3,29878.0,0.34,0.557,1118.0,9.8,2.7
9,19,3,3,23767.0,0.422,0.518,1083.0,8.6,1.2
9,19,4,3,61631.0,0.428,0.577,1111.0,9.3,0.6
10,19,1,3,54718.0,0.376,0.524,1089.0,9.1,0.8
10,19,2,3,33874.0,0.369,0.555,1165.0,8.5,2.8
10,19,3,3,27055.0,0.394,0.522,1117.0,9.9,1.0
10,19,4,3,68881.0,0.338,0.534,1126.0,9.0,2.6
1,20,1,3,59870.0,0.934,0.966,1154.0,2.1,10.3
1,20,2,3,38311.0,0.985,0.957,1174.0,2.4,8.1
1,20,3,3,28690.0,0.857,0.898,1106.0,2.3,2.8
1,20,4,3,79407.0,0.923,0.928,1119.0,2.5,11.1
2,20,1,3,54753.0,1.049,0.892,1160.0,2.1,6.9
2,20,2,3,40428.0,0.978,1.015,1088.0,2.5,9.2
2,20,3,3,28245.0,0.849,1.02,1068.0,2.1,10.7
2,20,4,3,69402.0,0.848,0.962,1166.0,2.2,8.8
3,20,1,3,63656.0,0.417,0.55,1174.0,1.1,1.1
3,20,2,3,42194.0,0.351,0.482,1142.0,1.2,2.7
3,20,3,3,30805.0,0.424,0.556,1064.0,1.3,1.7
3,20,4,3,79673.0,0.366,0.521,1072.0,1.2,0.5
4,20,1,3,37723.0,0.388,0.507,1057.0,1.1,2.3
4,20,2,3,27235.0,0.411,0.505,1057.0,1.2,0.8
4,20,3,3,18838.0,0.401,0.582,1050.0,1.2,1.3
4,20,4,3,49268.0,0.362,0.583,1154.0,1.1,1.1
5,20,1,3,84889.0,0.409,0.548,1127.0,17.5,0.6
5,20,2,3,61993.0,0.382,0.532,1134.0,15.9,1.7
5,20,3,3,38430.0,0.399,0.499,1111.0,15.1,2.4
5,20,4,3,111358.0,0.409,0.553,1143.0,15.4,1.4
6,20,1,3,61631.0,0.414,0.575,1147.0,9.9,2.7
6,20,2,3,48018.0,0.38,0.502,1162.0,9.6,2.1
6,20,3,3,32369.0,0.366,0.513,1080.0,9.4,2.4
6,20,4,3,85159.0,0.365,0.518,1133.0,9.2,1.0
7,20,1,3,46051.0,0.397,0.486,1118.0,9.2,1.8
7,20,2,3,33299.0,0.358,0.561,1156.0,9.8,2.1
7,20,3,3,22873.0,0.371,0.491,1164.0,9.2,1.8
7,20,4,3,59670.0,0.369,0.564,1073.0,9.2,1.3
8,20,1,3,74717.0,0.362,0.551,1182.0,8.6,1.7
8,20,2,3,49755.0,0.374,0.477,1148.0,8.4,2.4
8,20,3,3,36031.0,0.422,0.48,1055.0,8.9,1.6
8,20,4,3,84968.0,0.357,0.502,1138.0,8.6,1.6
9,20,1,3,42579.0,0.394,0.54,1124.0,9.2,2.3
9,20,2,3,33323.0,0.425,0.519,1179.0,9.7,2.8
9,20,3,3,22077.0,0.406,0.521,1081.0,9.4,2.6
9,20,4,3,55409.0,0.359,0.569,1100.0,9.0,2.5
10,20,1,3,48359.0,0.385,0.511,1103.0,9.9,2.8
10,20,2,3,38270.0,0.356,0.517,1108.0,9.6,2.2
10,20,3,3,23735.0,0.355,0.536,1129.0,8.5,1.4
10,20,4,3,61346.0,0.401,0.553,1128.0,8.4,1.4
1,21,1,3,58731.0,0.881,1.007,1109.0,2.5,6.9
1,21,2,3,42571.0,0.879,0.955,1086.0,2.4,8.3
1,21,3,3,28645.0,1.0,1.01,1125.0,2.5,7.9
1,21,4,3,80705.0,1.03,0.933,1171.0,2.1,6.9
2,21,1,3,55849.0,0.969,1.056,1121.0,2.3,6.4
2,21,2,3,37945.0,0.975,0.929,1062.0,2.4,8.1
2,21,3,3,26614.0,0.946,1.022,1129.0,2.1,10.7
2,21,4,3,74081.0,0.895,0.961,1125.0,2.2,10.4
3,21,1,3,64660.0,0.388,0.494,1069.0,1.1,0.7
3,21,2,3,39857.0,0.352,0.508,1054.0,1.1,0.5
3,21,3,3,28837.0,0.422,0.477,1146.0,1.2,2.5
3,21,4,3,78709.0,0.341,0.529,1122.0,1.2,2.0
4,21,1,3,35739.0,0.368,0.524,1158.0,1.1,2.0
4,21,2,3,26363.0,0.399,0.58,1167.0,1.2,0.9
4,21,3,3,19852.0,0.403,0.535,1146.0,1.1,0.5
4,21,4,3,48647.0,0.392,0.507,1109.0,1.2,2.3
5,21,1,3,78208.0,0.372,0.582,1107.0,15.9,1.4
5,21,2,3,62774.0,0.42,0.576,1099.0,14.6,1.3
5,21,3,3,43526.0,0.364,0.484,1154.0,15.3,2.5
5,21,4,3,110700.0,0.429,0.57,1170.0,15.4,1.5
6,21,1,3,66097.0,0.403,0.551,1181.0,8.6,2.4
6,21,2,3,49195.0,0.43,0.49,1179.0,9.3,2.3
6,21,3,3,34559.0,0.404,0.547,1153.0,9.9,0.7
6,21,4,3,90339.0,0.395,0.494,1091.0,8.7,2.7
7,21,1,3,48186.0,0.364,0.548,1112.0,9.9,0.8
7,21,2,3,33619.0,0.354,0.493,1118.0,10.2,0.7
7,21,3,3,26142.0,0.42,0.557,1181.0,8.8,2.6
7,21,4,3,59708.0,0.421,0.576,1136.0,8.4,1.8
8,21,1,3,74843.0,0.364,0.55,1162.0,9.2,2.0
8,21,2,3,47232.0,0.412,0.565,1052.0,8.7,1.2
8,21,3,3,34543.0,0.372,0.481,1138.0,9.9,0.6
8,21,4,3,98687.0,0.386,0.499,1129.0,8.8,1.1
9,21,1,3,45873.0,0.41,0.572,1108.0,8.9,1.9
9,21,2,3,32730.0,0.412,0.524,1176.0,9.9,2.7
9,21,3,3,21829.0,0.422,0.497,1112.0,9.1,1.4
9,21,4,3,58299.0,0.375,0.525,1095.0,9.8,2.3
10,21,1,3,50595.0,0.339,0.486,1161.0,9.5,1.2
10,21,2,3,35921.0,0.422,0.57,1084.0,8.5,2.0
10,21,3,3,26327.0,0.427,0.579,1072.0,9.4,2.3
10,21,4,3,65749.0,0.387,0.53,1069.0,8.6,1.2
1,22,1,3,58167.0,1.031,0.888,1153.0,2.3,8.1
1,22,2,3,38315.0,0.989,1.006,1136.0,2.3,4.5
1,22,3,3,26595.0,0.879,0.936,1124.0,2.4,7.0
1,22,4,3,72210.0,1.066,1.017,1178.0,2.3,1.7
2,22,1,3,50100.0,0.997,1.028,1077.0,2.5,2.4
2,22,2,3,35852.0,0.943,0.981,1074.0,2.4,7.5
2,22,3,3,26427.0,0.855,0.931,1108.0,2.3,4.4
2,22,4,3,65789.0,0.988,0.932,1153.0,2.2,10.4
3,22,1,3,66101.0,0.379,0.581,1085.0,1.1,2.4
3,22,2,3,44118.0,0.387,0.505,1125.0,1.3,0.6
3,22,3,3,31440.0,0.429,0.554,1166.0,1.3,1.6
3,22,4,3,73512.0,0.424,0.558,1091.0,1.2,0.7
4,22,1,3,40672.0,0.413,0.526,1115.0,1.1,1.2
4,22,2,3,28241.0,0.426,0.503,1119.0,1.1,1.2
4,22,3,3,20123.0,0.421,0.485,1115.0,1.1,2.0
4,22,4,3,46085.0,0.405,0.567,1180.0,1.1,0.6
5,22,1,3,84175.0,0.389,0.487,1083.0,17.0,1.6
5,22,2,3,60041.0,0.371,0.573,1174.0,16.1,2.3
5,22,3,3,44902.0,0.411,0.58,1053.0,16.6,2.8
5,22,4,3,100202.0,0.34,0.55,1128.0,15.6,0.8
6,22,1,3,71394.0,0.392,0.542,1066.0,8.7,2.2
6,22,2,3,48216.0,0.389,0.563,1138.0,9.3,2.1
6,22,3,3,32257.0,0.357,0.508,1090.0,8.4,1.8
6,22,4,3,83260.0,0.341,0.565,1127.0,9.3,0.6
7,22,1,3,51367.0,0.417,0.506,1156.0,8.5,2.0
7,22,2,3,31891.0,0.39,0.532,1079.0,8.4,1.4
7,22,3,3,26220.0,0.417,0.524,1177.0,8.5,2.3
7,22,4,3,65960.0,0.41,0.572,1082.0,8.5,1.9
8,22,1,3,65820.0,0.419,0.58,1179.0,10.1,2.6
8,22,2,3,48626.0,0.372,0.528,1142.0,10.0,2.3
8,22,3,3,32402.0,0.397,0.575,1061.0,10.1,0.6
8,22,4,3,98149.0,0.393,0.552,1174.0,9.1,0.5
9,22,1,3,47770.0,0.371,0.54,1122.0,9.7,0.6
9,22,2,3,31592.0,0.345,0.531,1099.0,8.7,1.4
9,22,3,3,21618.0,0.403,0.481,1182.0,9.8,0.6
9,22,4,3,59271.0,0.373,0.479,1098.0,9.0,0.9
10,22,1,3,53749.0,0.399,0.484,1071.0,8.5,0.9
10,22,2,3,36528.0,0.415,0.569,1179.0,8.4,1.5
10,22,3,3,24264.0,0.413,0.521,1106.0,9.6,0.9
10,22,4,3,67378.0,0.361,0.53,1125.0,9.4,1.6
1,23,1,3,61192.0,0.855,1.053,1178.0,2.3,10.5
1,23,2,3,38326.0,1.033,0.875,1074.0,2.2,6.3
1,23,3,3,30978.0,1.05,1.033,1080.0,2.4,5.8
1,23,4,3,70167.0,0.883,0.965,1178.0,2.4,8.6
2,23,1,3,50678.0,0.865,0.9,1097.0,2.2,7.1
2,23,2,3,40381.0,0.938,0.921,1073.0,2.1,3.5
2,23,3,3,26638.0,0.937,0.971,1165.0,2.2,6.3
2,23,4,3,69006.0,0.907,1.0,1053.0,2.4,2.5
3,23,1,3,65977.0,0.426,0.537,1168.0,1.2,2.6
3,23,2,3,40082.0,0.381,0.531,1068.0,1.2,1.7
3,23,3,3,31662.0,0.406,0.532,1091.0,1.1,1.8
3,23,4,3,76353.0,0.388,0.553,1140.0,1.2,2.1
4,23,1,3,40915.0,0.355,0.518,1102.0,1.2,2.1
4,23,2,3,28040.0,0.427,0.578,1096.0,1.2,0.4
4,23,3,3,20155.0,0.361,0.559,1166.0,1.3,1.0
4,23,4,3,51057.0,0.42,0.531,1056.0,1.0,1.7
5,23,1,3,89203.0,0.361,0.575,1082.0,14.8,2.1
5,23,2,3,56353.0,0.339,0.545,1083.0,16.5,1.5
5,23,3,3,39062.0,0.403,0.58,1152.0,17.3,1.1
5,23,4,3,105784.0,0.426,0.513,1166.0,17.6,1.0
6,23,1,3,65543.0,0.359,0.576,1154.0,9.0,1.7
6,23,2,3,43247.0,0.38,0.556,1057.0,8.8,1.2
6,23,3,3,32198.0,0.4,0.514,1171.0,9.0,1.1
6,23,4,3,79864.0,0.416,0.503,1105.0,8.7,2.2
7,23,1,3,48366.0,0.349,0.564,1176.0,10.0,2.5
7,23,2,3,31679.0,0.426,0.527,1057.0,9.7,1.9
7,23,3,3,23060.0,0.387,0.531,1136.0,9.4,1.7
7,23,4,3,65207.0,0.383,0.501,1053.0,9.4,2.8
8,23,1,3,73575.0,0.347,0.494,1082.0,8.4,2.5
8,23,2,3,45509.0,0.381,0.492,1159.0,9.2,0.5
8,23,3,3,35799.0,0.366,0.534,1066.0,9.3,1.2
8,23,4,3,86961.0,0.429,0.53,1106.0,8.6,0.5
9,23,1,3,48056.0,0.34,0.482,1115.0,9.2,2.8
9,23,2,3,30089.0,0.36,0.56,1070.0,9.1,2.1
9,23,3,3,23677.0,0.372,0.54,1101.0,8.9,0.9
9,23,4,3,58483.0,0.349,0.54,1161.0,8.4,1.0
10,23,1,3,48838.0,0.374,0.567,1150.0,9.0,1.6
10,23,2,3,36481.0,0.397,0.529,1108.0,9.0,1.5
10,23,3,3,25067.0,0.367,0.496,1060.0,9.0,2.3
10,23,4,3,70044.0,0.344,0.551,1059.0,8.7,1.0
1,24,1,3,56151.0,0.852,0.897,1146.0,2.3,3.8
1,24,2,3,38730.0,0.962,0.944,1078.0,2.1,6.0
1,24,3,3,30921.0,0.856,0.996,1087.0,2.3,9.2
1,24,4,3,76705.0,0.856,1.058,1082.0,2.4,1.9
2,24,1,3,50593.0,1.008,0.95,1161.0,2.3,3.8
2,24,2,3,37978.0,0.918,0.996,1159.0,2.3,5.8
2,24,3,3,28239.0,1.038,0.963,1131.0,2.3,9.4
2,24,4,3,74873.0,0.93,1.067,1130.0,2.1,3.1
3,24,1,3,57492.0,0.409,0.561,1093.0,1.1,1.5
3,24,2,3,42430.0,0.39,0.564,1175.0,1.1,2.0
3,24,3,3,31839.0,0.393,0.492,1099.0,1.0,0.6
3,24,4,3,86106.0,0.429,0.536,1166.0,1.1,1.7
4,24,1,3,36222.0,0.375,0.58,1117.0,1.2,1.7
4,24,2,3,28709.0,0.379,0.545,1136.0,1.1,1.8
4,24,3,3,19579.0,0.42,0.477,1119.0,1.2,2.6
4,24,4,3,48700.0,0.419,0.541,1127.0,1.2,2.1
5,24,1,3,82472.0,0.43,0.543,1137.0,17.5,1.6
5,24,2,3,59251.0,0.416,0.55,1086.0,16.9,0.7
5,24,3,3,39559.0,0.361,0.485,1057.0,15.2,2.4
5,24,4,3,101434.0,0.418,0.489,1105.0,15.1,2.6
6,24,1,3,70424.0,0.424,0.538,1175.0,10.0,0.8
6,24,2,3,50070.0,0.361,0.561,1052.0,9.1,0.8
6,24,3,3,33648.0,0.425,0.526,1136.0,8.8,1.8
6,24,4,3,87607.0,0.394,0.563,1137.0,10.2,2.1
7,24,1,3,50016.0,0.375,0.484,1180.0,8.8,2.4
7,24,2,3,35638.0,0.356,0.527,1127.0,8.9,0.8
7,24,3,3,25199.0,0.412,0.487,1075.0,8.8,2.6
7,24,4,3,63553.0,0.41,0.5,1106.0,9.3,0.4
8,24,1,3,69294.0,0.402,0.551,1178.0,10.1,2.1
8,24,2,3,52480.0,0.41,0.578,1148.0,9.8,2.1
8,24,3,3,34078.0,0.426,0.495,1181.0,8.8,2.0
8,24,4,3,88020.0,0.424,0.542,1133.0,9.4,0.8
9,24,1,3,47686.0,0.419,0.549,1064.0,9.8,2.6
9,24,2,3,30395.0,0.417,0.58,1120.0,8.6,1.2
9,24,3,3,22955.0,0.375,0.521,1179.0,9.9,2.1
9,24,4,3,55689.0,0.343,0.546,1182.0,9.3,2.1
10,24,1,3,51487.0,0.387,0.552,1162.0,9.8,2.1
10,24,2,3,37289.0,0.42,0.554,1074.0,9.0,0.4
10,24,3,3,24431.0,0.416,0.529,1088.0,8.4,2.0
10,24,4,3,61871.0,0.383,0.493,1118.0,9.1,1.2
1,25,1,3,53975.0,0.988,0.895,1099.0,2.2,9.5
1,25,2,3,40757.0,0.865,0.973,1107.0,2.1,9.4
1,25,3,3,30452.0,0.854,0.882,1056.0,2.5,10.4
1,25,4,3,71659.0,0.958,0.903,1071.0,2.5,8.3
2,25,1,3,55386.0,0.991,0.996,1148.0,2.5,6.6
2,25,2,3,38245.0,0.909,0.989,1115.0,2.4,8.6
2,25,3,3,27596.0,1.004,0.939,1112.0,2.3,8.6
2,25,4,3,66771.0,1.025,0.874,1172.0,2.4,8.6
3,25,1,3,64332.0,0.379,0.501,1052.0,1.1,2.5
3,25,2,3,45672.0,0.346,0.574,1073.0,1.2,0.5
3,25,3,3,28848.0,0.343,0.529,1090.0,1.2,1.7
3,25,4,3,82198.0,0.353,0.515,1069.0,1.0,0.9
4,25,1,3,38572.0,0.372,0.58,1098.0,1.1,2.6
4,25,2,3,24906.0,0.393,0.56,1137.0,1.3,2.3
4,25,3,3,19201.0,0.386,0.557,1111.0,1.1,1.2
4,25,4,3,48595.0,0.353,0.525,1069.0,1.1,1.9
5,25,1,3,79984.0,0.427,0.534,1120.0,16.3,1.1
5,25,2,3,56037.0,0.339,0.534,1104.0,14.8,1.1
5,25,3,3,40893.0,0.348,0.512,1166.0,16.2,0.8
5,25,4,3,109790.0,0.38,0.536,1053.0,14.8,1.6
6,25,1,3,65521.0,0.375,0.478,1109.0,9.6,0.8
6,25,2,3,48554.0,0.361,0.576,1050.0,9.2,0.4
6,25,3,3,35861.0,0.34,0.517,1069.0,8.5,1.6
6,25,4,3,93432.0,0.353,0.513,1156.0,9.7,2.1
7,25,1,3,50506.0,0.389,0.565,1059.0,9.2,2.3
7,25,2,3,31396.0,0.389,0.564,1111.0,8.4,1.6
7,25,3,3,24811.0,0.411,0.536,1147.0,9.7,1.2
7,25,4,3,60987.0,0.376,0.516,1146.0,8.6,0.4
8,25,1,3,69180.0,0.368,0.499,1152.0,9.3,0.6
8,25,2,3,47254.0,0.389,0.576,1093.0,8.6,0.5
8,25,3,3,37164.0,0.346,0.576,1081.0,9.6,2.4
8,25,4,3,94059.0,0.41,0.566,1087.0,9.7,2.5
9,25,1,3,46767.0,0.381,0.529,1170.0,10.1,2.5
9,25,2,3,31055.0,0.426,0.535,1098.0,8.9,1.7
9,25,3,3,23442.0,0.35,0.488,1148.0,9.1,1.8
9,25,4,3,57854.0,0.42,0.545,1083.0,8.8,0.5
10,25,1,3,54417.0,0.358,0.578,1181.0,8.5,2.0
10,25,2,3,34940.0,0.372,0.491,1065.0,9.2,1.3
10,25,3,3,25603.0,0.414,0.571,1057.0,9.0,0.5
10,25,4,3,63984.0,0.37,0.553,1170.0,9.4,1.0
1,26,1,3,61451.0,1.005,0.987,1183.0,2.5,10.1
1,26,2,3,41606.0,1.054,0.924,1116.0,2.3,2.6
1,26,3,3,27506.0,0.845,1.005,1051.0,2.5,3.9
1,26,4,3,70091.0,0.859,0.884,1083.0,2.2,10.9
2,26,1,3,49857.0,0.891,0.963,1056.0,2.3,7.6
2,26,2,3,39333.0,0.943,1.02,1052.0,2.4,2.5
2,26,3,3,25146.0,0.957,0.928,1124.0,2.4,8.4
2,26,4,3,66578.0,0.964,0.972,1161.0,2.2,3.8
3,26,1,3,60878.0,0.411,0.499,1089.0,1.2,2.1
3,26,2,3,39755.0,0.424,0.529,1176.0,1.1,1.4
3,26,3,3,30246.0,0.347,0.549,1128.0,1.2,1.7
3,26,4,3,74119.0,0.369,0.553,1122.0,1.1,0.8
4,26,1,3,39370.0,0.369,0.513,1094.0,1.2,2.0
4,26,2,3,25446.0,0.424,0.536,1053.0,1.2,1.0
4,26,3,3,20045.0,0.352,0.48,1092.0,1.2,1.2
4,26,4,3,49835.0,0.368,0.546,1078.0,1.1,2.4
5,26,1,3,83271.0,0.352,0.544,1079.0,15.3,1.5
5,26,2,3,56049.0,0.402,0.512,1075.0,17.2,1.5
5,26,3,3,39885.0,0.401,0.568,1163.0,16.1,1.6
5,26,4,3,99811.0,0.382,0.539,1102.0,17.2,1.5
6,26,1,3,62023.0,0.373,0.576,1154.0,9.1,1.8
6,26,2,3,46049.0,0.409,0.563,1094.0,9.9,1.6
6,26,3,3,33272.0,0.408,0.559,1141.0,9.1,1.8
6,26,4,3,82559.0,0.382,0.505,1107.0,8.9,0.6
7,26,1,3,52145.0,0.421,0.549,1138.0,9.3,1.6
7,26,2,3,34131.0,0.403,0.504,1133.0,9.8,0.7
7,26,3,3,22898.0,0.375,0.569,1061.0,9.8,0.9
7,26,4,3,60484.0,0.343,0.561,1058.0,9.9,2.2
8,26,1,3,65080.0,0.418,0.535,1073.0,9.5,2.3
8,26,2,3,46913.0,0.396,0.533,1178.0,8.8,2.7
8,26,3,3,33764.0,0.424,0.557,1059.0,9.3,0.8
8,26,4,3,87076.0,0.34,0.495,1125.0,8.9,0.4
9,26,1,3,42269.0,0.344,0.569,1153.0,8.4,1.6
9,26,2,3,31586.0,0.395,0.506,1091.0,8.9,1.8
9,26,3,3,23348.0,0.406,0.572,1144.0,10.1,1.3
9,26,4,3,59455.0,0.368,0.572,1113.0,9.8,0.7
10,26,1,3,49161.0,0.369,0.548,1130.0,10.2,1.1
10,26,2,3,37776.0,0.429,0.58,1097.0,10.2,2.5
10,26,3,3,25338.0,0.382,0.551,1171.0,9.3,0.5
10,26,4,3,64113.0,0.379,0.482,1153.0,9.2,0.7
1,27,1,3,55063.0,0.951,0.99,1104.0,2.5,9.2
1,27,2,3,41318.0,1.049,0.898,1075.0,2.3,3.1
1,27,3,3,27191.0,1.049,1.022,1096.0,2.1,3.8
1,27,4,3,69163.0,1.068,0.993,1111.0,2.4,3.8
2,27,1,3,57929.0,1.072,0.884,1082.0,2.4,6.3
2,27,2,3,36016.0,0.944,0.949,1182.0,2.3,7.4
2,27,3,3,27086.0,0.984,0.934,1148.0,2.5,4.8
2,27,4,3,70049.0,0.993,0.909,1076.0,2.3,8.9
3,27,1,3,59773.0,0.409,0.509,1120.0,1.1,0.8
3,27,2,3,42102.0,0.34,0.482,1179.0,1.1,0.8
3,27,3,3,31320.0,0.428,0.496,1053.0,1.2,1.6
3,27,4,3,84049.0,0.421,0.497,1097.0,1.1,1.8
4,27,1,3,39565.0,0.344,0.487,1059.0,1.2,0.4
4,27,2,3,28183.0,0.362,0.565,1170.0,1.2,0.9
4,27,3,3,20687.0,0.347,0.503,1163.0,1.2,0.8
4,27,4,3,45990.0,0.4,0.503,1081.0,1.2,1.6
5,27,1,3,81560.0,0.384,0.488,1110.0,15.6,1.3
5,27,2,3,58288.0,0.402,0.522,1150.0,14.8,2.1
5,27,3,3,41850.0,0.365,0.575,1068.0,16.6,0.8
5,27,4,3,116651.0,0.365,0.498,1174.0,15.5,1.3
6,27,1,3,65578.0,0.376,0.555,1098.0,8.7,2.2
6,27,2,3,48525.0,0.424,0.486,1179.0,9.1,2.1
6,27,3,3,35938.0,0.352,0.502,1152.0,9.4,1.5
6,27,4,3,79980.0,0.384,0.572,1122.0,9.0,1.5
7,27,1,3,51950.0,0.401,0.491,1175.0,9.9,2.3
7,27,2,3,35605.0,0.398,0.54,1183.0,8.6,2.2
7,27,3,3,23758.0,0.387,0.546,1114.0,9.6,2.6
7,27,4,3,59408.0,0.363,0.545,1149.0,8.9,1.8
8,27,1,3,69982.0,0.367,0.498,1088.0,9.7,1.7
8,27,2,3,46011.0,0.367,0.565,1144.0,9.6,2.4
8,27,3,3,35927.0,0.356,0.485,1090.0,8.5,0.8
8,27,4,3,92731.0,0.406,0.528,1166.0,8.8,1.1
9,27,1,3,46044.0,0.352,0.517,1139.0,9.1,1.8
9,27,2,3,31536.0,0.356,0.572,1109.0,8.8,2.4
9,27,3,3,23039.0,0.403,0.499,1064.0,10.2,2.7
9,27,4,3,57735.0,0.368,0.581,1081.0,8.6,1.8
10,27,1,3,54326.0,0.42,0.485,1105.0,10.0,1.7
10,27,2,3,38153.0,0.354,0.501,1146.0,9.4,2.7
10,27,3,3,26859.0,0.398,0.575,1075.0,9.4,0.5
10,27,4,3,64473.0,0.356,0.574,1086.0,10.0,1.4
1,28,1,4,58919.0,1.291,1.274,1333.0,2.5,3.8
1,28,2,4,46230.0,1.322,1.393,1326.0,2.6,8.5
1,28,3,4,31428.0,1.314,1.197,1309.0,2.4,11.9
1,28,4,4,87330.0,1.595,1.316,1363.0,2.5,5.1
2,28,1,4,60362.0,1.277,1.46,1393.0,2.4,11.0
2,28,2,4,38507.0,1.518,1.435,1379.0,2.4,14.8
2,28,3,4,31257.0,1.591,1.419,1403.0,2.5,15.1
2,28,4,4,81817.0,1.531,1.333,1364.0,2.6,9.0
3,28,1,4,72858.0,0.639,0.62,1398.0,1.2,3.8
3,28,2,4,44057.0,0.588,0.609,1443.0,1.3,3.5
3,28,3,4,34743.0,0.554,0.729,1403.0,1.3,4.2
3,28,4,4,85054.0,0.597,0.691,1325.0,1.3,1.4
4,28,1,4,42741.0,0.53,0.696,1433.0,1.2,2.7
4,28,2,4,32164.0,0.592,0.683,1362.0,1.3,0.9
4,28,3,4,22989.0,0.556,0.678,1365.0,1.3,1.9
4,28,4,4,54552.0,0.616,0.689,1353.0,1.2,1.3
5,28,1,4,95093.0,0.642,0.607,1378.0,17.4,2.2
5,28,2,4,64881.0,0.557,0.606,1336.0,16.3,3.3
5,28,3,4,46983.0,0.618,0.619,1434.0,17.3,3.9
5,28,4,4,118942.0,0.594,0.711,1419.0,16.4,2.1
6,28,1,4,68009.0,0.593,0.68,1359.0,9.2,3.2
6,28,2,4,55075.0,0.529,0.653,1283.0,9.5,0.6
6,28,3,4,35523.0,0.519,0.633,1336.0,9.4,3.7
6,28,4,4,103649.0,0.55,0.605,1284.0,9.9,3.1
7,28,1,4,54297.0,0.626,0.734,1296.0,9.7,2.0
7,28,2,4,40222.0,0.551,0.729,1399.0,10.7,2.2
7,28,3,4,25079.0,0.522,0.675,1372.0,9.4,3.2
7,28,4,4,66969.0,0.597,0.73,1374.0,10.7,0.7
8,28,1,4,77231.0,0.55,0.733,1317.0,9.8,3.2
8,28,2,4,52334.0,0.534,0.723,1346.0,10.7,0.6
8,28,3,4,42140.0,0.6,0.659,1384.0,10.5,3.8
8,28,4,4,97751.0,0.611,0.728,1360.0,9.1,1.4
9,28,1,4,50774.0,0.562,0.648,1351.0,10.1,2.9
9,28,2,4,33993.0,0.611,0.651,1291.0,10.7,0.9
9,28,3,4,23242.0,0.596,0.665,1402.0,9.5,3.3
9,28,4,4,64252.0,0.509,0.728,1370.0,9.2,1.1
10,28,1,4,56919.0,0.525,0.677,1292.0,10.5,3.8
10,28,2,4,42125.0,0.565,0.626,1390.0,9.0,1.9
10,28,3,4,30094.0,0.579,0.639,1408.0,10.5,1.2
10,28,4,4,70135.0,0.521,0.628,1362.0,10.3,3.8
1,29,1,4,64357.0,1.454,1.381,1438.0,2.4,4.4
1,29,2,4,43505.0,1.27,1.312,1334.0,2.7,12.9
1,29,3,4,31713.0,1.405,1.225,1308.0,2.2,10.9
1,29,4,4,79956.0,1.504,1.413,1304.0,2.7,4.9
2,29,1,4,55423.0,1.457,1.411,1377.0,2.4,16.2
2,29,2,4,38476.0,1.423,1.405,1311.0,2.5,6.6
2,29,3,4,30738.0,1.465,1.222,1318.0,2.7,15.8
2,29,4,4,72562.0,1.35,1.421,1311.0,2.3,4.5
3,29,1,4,68497.0,0.617,0.69,1394.0,1.3,1.7
3,29,2,4,44036.0,0.53,0.699,1310.0,1.4,3.9
3,29,3,4,35280.0,0.591,0.627,1355.0,1.1,1.7
3,29,4,4,88877.0,0.585,0.623,1427.0,1.4,3.7
4,29,1,4,43478.0,0.549,0.625,1402.0,1.4,1.9
4,29,2,4,31104.0,0.543,0.612,1367.0,1.3,2.9
4,29,3,4,21430.0,0.614,0.701,1398.0,1.2,2.3
4,29,4,4,54682.0,0.543,0.637,1373.0,1.1,3.9
5,29,1,4,94782.0,0.545,0.726,1294.0,18.6,3.7
5,29,2,4,68044.0,0.526,0.64,1443.0,17.3,1.5
5,29,3,4,49128.0,0.62,0.736,1293.0,16.6,1.0
5,29,4,4,111199.0,0.637,0.726,1297.0,18.1,3.7
6,29,1,4,75639.0,0.559,0.729,1344.0,9.5,1.2
6,29,2,4,53329.0,0.537,0.722,1374.0,9.6,2.0
6,29,3,4,39520.0,0.518,0.709,1288.0,10.2,2.4
6,29,4,4,101388.0,0.585,0.705,1374.0,9.5,1.6
7,29,1,4,55572.0,0.589,0.67,1323.0,10.3,2.7
7,29,2,4,35953.0,0.603,0.664,1314.0,10.5,4.0
7,29,3,4,26711.0,0.532,0.695,1328.0,9.5,0.9
7,29,4,4,67096.0,0.635,0.712,1384.0,9.6,3.3
8,29,1,4,82316.0,0.642,0.603,1391.0,10.7,3.0
8,29,2,4,51141.0,0.638,0.611,1323.0,9.1,1.6
8,29,3,4,36290.0,0.522,0.724,1368.0,10.6,1.8
8,29,4,4,108407.0,0.586,0.604,1300.0,9.2,3.0
9,29,1,4,52862.0,0.616,0.727,1296.0,8.9,3.8
9,29,2,4,34663.0,0.555,0.623,1401.0,9.1,2.5
9,29,3,4,23027.0,0.618,0.672,1300.0,10.0,3.2
9,29,4,4,60646.0,0.59,0.663,1394.0,9.8,2.6
10,29,1,4,53118.0,0.583,0.611,1410.0,9.8,3.7
10,29,2,4,42572.0,0.553,0.603,1324.0,9.8,1.5
10,29,3,4,28145.0,0.594,0.629,1336.0,9.6,3.4
10,29,4,4,73839.0,0.556,0.692,1301.0,9.4,1.7
1,30,1,4,65830.0,1.445,1.219,1296.0,2.5,14.7
1,30,2,4,47064.0,1.603,1.424,1353.0,2.4,5.1
1,30,3,4,32212.0,1.494,1.263,1345.0,2.5,7.0
1,30,4,4,87807.0,1.472,1.43,1437.0,2.3,15.0
2,30,1,4,56792.0,1.408,1.374,1415.0,2.6,12.1
2,30,2,4,41238.0,1.433,1.292,1305.0,2.3,9.8
2,30,3,4,30154.0,1.336,1.445,1414.0,2.7,12.6
2,30,4,4,75633.0,1.407,1.397,1337.0,2.3,3.5
3,30,1,4,70288.0,0.621,0.7,1330.0,1.3,3.6
3,30,2,4,44666.0,0.538,0.657,1402.0,1.1,1.6
3,30,3,4,33340.0,0.633,0.734,1372.0,1.2,2.2
3,30,4,4,89361.0,0.578,0.729,1409.0,1.1,2.9
4,30,1,4,40276.0,0.592,0.636,1326.0,1.3,2.9
4,30,2,4,29501.0,0.562,0.679,1389.0,1.2,1.9
4,30,3,4,22002.0,0.569,0.721,1371.0,1.1,1.1
4,30,4,4,51818.0,0.621,0.705,1323.0,1.3,2.5
5,30,1,4,94042.0,0.605,0.704,1294.0,16.9,3.1
5,30,2,4,61119.0,0.602,0.638,1285.0,18.4,1.1
5,30,3,4,45385.0,0.613,0.684,1326.0,16.4,3.6
5,30,4,4,114309.0,0.634,0.605,1436.0,19.1,1.0
6,30,1,4,71653.0,0.54,0.606,1313.0,10.3,0.9
6,30,2,4,55643.0,0.605,0.654,1424.0,10.9,4.2
6,30,3,4,38858.0,0.518,0.657,1389.0,9.8,2.0
6,30,4,4,93564.0,0.617,0.719,1358.0,9.9,1.8
7,30,1,4,57910.0,0.572,0.64,1333.0,10.3,2.0
7,30,2,4,38694.0,0.537,0.636,1426.0,10.6,3.6
7,30,3,4,28594.0,0.611,0.725,1310.0,9.7,1.1
7,30,4,4,68568.0,0.569,0.642,1437.0,10.0,3.9
8,30,1,4,73925.0,0.57,0.653,1335.0,9.7,2.9
8,30,2,4,58200.0,0.611,0.723,1303.0,9.0,3.7
8,30,3,4,37958.0,0.615,0.71,1409.0,9.9,3.5
8,30,4,4,99882.0,0.521,0.606,1331.0,9.1,1.0
9,30,1,4,53213.0,0.61,0.645,1345.0,9.9,2.9
9,30,2,4,35100.0,0.616,0.611,1340.0,10.2,2.5
9,30,3,4,22895.0,0.583,0.673,1405.0,9.3,3.9
9,30,4,4,62329.0,0.638,0.636,1391.0,9.7,1.2
10,30,1,4,54703.0,0.581,0.651,1442.0,10.7,1.4
10,30,2,4,41838.0,0.569,0.603,1369.0,10.1,1.8
10,30,3,4,28149.0,0.631,0.652,1421.0,9.1,1.8
10,30,4,4,70407.0,0.592,0.68,1376.0,10.6,2.5
1,31,1,4,66647.0,1.443,1.345,1401.0,2.2,16.6
1,31,2,4,43619.0,1.373,1.41,1362.0,2.6,10.9
1,31,3,4,34287.0,1.373,1.247,1373.0,2.5,10.2
1,31,4,4,83621.0,1.569,1.42,1339.0,2.2,9.6
2,31,1,4,59574.0,1.276,1.366,1433.0,2.3,9.2
2,31,2,4,43727.0,1.608,1.405,1366.0,2.4,9.6
2,31,3,4,31123.0,1.289,1.378,1294.0,2.4,15.3
2,31,4,4,75253.0,1.606,1.278,1322.0,2.4,4.4
3,31,1,4,67202.0,0.583,0.729,1397.0,1.3,1.9
3,31,2,4,45380.0,0.525,0.636,1383.0,1.1,3.0
3,31,3,4,31804.0,0.515,0.623,1353.0,1.3,3.7
3,31,4,4,87628.0,0.543,0.728,1341.0,1.3,3.9
4,31,1,4,40009.0,0.528,0.621,1359.0,1.2,1.3
4,31,2,4,31326.0,0.605,0.64,1284.0,1.3,3.9
4,31,3,4,22263.0,0.565,0.719,1385.0,1.2,3.9
4,31,4,4,56011.0,0.594,0.702,1294.0,1.3,4.1
5,31,1,4,99623.0,0.61,0.67,1306.0,17.6,2.1
5,31,2,4,62481.0,0.575,0.713,1438.0,16.0,3.1
5,31,3,4,44696.0,0.625,0.704,1310.0,17.9,2.7
5,31,4,4,115770.0,0.593,0.709,1363.0,17.6,4.2
6,31,1,4,70504.0,0.517,0.715,1357.0,9.1,1.6
6,31,2,4,50397.0,0.533,0.686,1343.0,9.0,1.1
6,31,3,4,38579.0,0.514,0.607,1349.0,9.0,3.0
6,31,4,4,92002.0,0.613,0.735,1385.0,9.7,2.8
7,31,1,4,49648.0,0.523,0.659,1310.0,9.5,3.4
7,31,2,4,39800.0,0.631,0.719,1326.0,9.0,2.5
7,31,3,4,27701.0,0.579,0.717,1359.0,9.6,2.5
7,31,4,4,65235.0,0.576,0.641,1426.0,9.0,2.3
8,31,1,4,82059.0,0.605,0.664,1303.0,8.9,3.9
8,31,2,4,58018.0,0.536,0.633,1404.0,10.9,0.9
8,31,3,4,38131.0,0.573,0.629,1384.0,9.3,4.1
8,31,4,4,98721.0,0.568,0.626,1345.0,10.1,1.3
9,31,1,4,48199.0,0.622,0.649,1419.0,9.2,1.6
9,31,2,4,34760.0,0.508,0.607,1428.0,9.0,2.4
9,31,3,4,23806.0,0.573,0.664,1301.0,10.9,0.9
9,31,4,4,60995.0,0.542,0.675,1328.0,9.1,1.2
10,31,1,4,55019.0,0.588,0.649,1415.0,10.6,3.7
10,31,2,4,41850.0,0.543,0.619,1307.0,10.7,4.1
10,31,3,4,28279.0,0.54,0.616,1377.0,10.6,1.4
10,31,4,4,69591.0,0.562,0.605,1340.0,10.2,2.7
1,32,1,4,63749.0,1.433,1.339,1379.0,2.7,3.7
1,32,2,4,44067.0,1.359,1.26,1335.0,2.6,13.5
1,32,3,4,33904.0,1.505,1.372,1415.0,2.7,9.7
1,32,4,4,76858.0,1.555,1.312,1319.0,2.5,5.1
2,32,1,4,62760.0,1.551,1.297,1332.0,2.6,10.7
2,32,2,4,42879.0,1.41,1.461,1416.0,2.6,14.1
2,32,3,4,30168.0,1.385,1.388,1326.0,2.6,6.3
2,32,4,4,80934.0,1.345,1.315,1362.0,2.2,8.5
3,32,1,4,73591.0,0.564,0.736,1290.0,1.4,3.7
3,32,2,4,47577.0,0.557,0.608,1341.0,1.2,3.2
3,32,3,4,32545.0,0.543,0.613,1283.0,1.2,3.6
3,32,4,4,86849.0,0.63,0.725,1395.0,1.1,3.7
4,32,1,4,43938.0,0.625,0.733,1303.0,1.1,3.8
4,32,2,4,28964.0,0.624,0.669,1327.0,1.3,1.6
4,32,3,4,20293.0,0.561,0.714,1288.0,1.3,1.8
4,32,4,4,51427.0,0.509,0.656,1411.0,1.3,4.0
5,32,1,4,91813.0,0.532,0.732,1389.0,17.1,1.2
5,32,2,4,66692.0,0.581,0.65,1307.0,17.0,3.4
5,32,3,4,48774.0,0.631,0.702,1367.0,17.5,4.1
5,32,4,4,114389.0,0.54,0.678,1381.0,18.0,1.2
6,32,1,4,72271.0,0.63,0.621,1396.0,10.9,3.3
6,32,2,4,49674.0,0.608,0.625,1313.0,9.4,1.1
6,32,3,4,39278.0,0.605,0.673,1297.0,9.7,3.8
6,32,4,4,101748.0,0.603,0.725,1411.0,10.2,3.4
7,32,1,4,56760.0,0.581,0.725,1345.0,9.0,1.8
7,32,2,4,37136.0,0.593,0.736,1358.0,9.2,4.1
7,32,3,4,26927.0,0.512,0.67,1299.0,9.7,1.2
7,32,4,4,70473.0,0.585,0.647,1299.0,9.9,1.1
8,32,1,4,73936.0,0.538,0.646,1370.0,9.5,3.0
8,32,2,4,54089.0,0.51,0.641,1398.0,9.3,3.4
8,32,3,4,39732.0,0.63,0.723,1427.0,10.6,4.0
8,32,4,4,108619.0,0.623,0.7,1389.0,10.5,1.7
9,32,1,4,46629.0,0.596,0.659,1332.0,10.1,2.4
9,32,2,4,32518.0,0.598,0.704,1331.0,9.5,1.5
9,32,3,4,24820.0,0.518,0.605,1434.0,9.6,3.2
9,32,4,4,63379.0,0.643,0.716,1428.0,9.4,2.7
10,32,1,4,59957.0,0.51,0.624,1330.0,9.0,3.9
10,32,2,4,42322.0,0.587,0.612,1293.0,10.5,1.5
10,32,3,4,27925.0,0.589,0.614,1342.0,10.9,1.0
10,32,4,4,72115.0,0.578,0.632,1344.0,9.0,4.2
1,33,1,4,65210.0,1.603,1.439,1357.0,2.4,8.2
1,33,2,4,46137.0,1.586,1.209,1384.0,2.6,11.7
1,33,3,4,30444.0,1.39,1.283,1436.0,2.5,14.0
1,33,4,4,84529.0,1.557,1.282,1432.0,2.3,11.5
2,33,1,4,60891.0,1.546,1.286,1302.0,2.3,15.0
2,33,2,4,39232.0,1.485,1.337,1282.0,2.6,12.1
2,33,3,4,31460.0,1.444,1.391,1332.0,2.3,14.4
2,33,4,4,79658.0,1.565,1.298,1358.0,2.6,13.7
3,33,1,4,69157.0,0.567,0.605,1391.0,1.3,0.8
3,33,2,4,45788.0,0.593,0.68,1399.0,1.2,3.2
3,33,3,4,33051.0,0.627,0.63,1424.0,1.1,1.1
3,33,4,4,86800.0,0.59,0.72,1381.0,1.2,3.0
4,33,1,4,45730.0,0.516,0.677,1415.0,1.1,2.0
4,33,2,4,28106.0,0.61,0.657,1308.0,1.2,2.2
4,33,3,4,20681.0,0.636,0.611,1371.0,1.2,1.6
4,33,4,4,53391.0,0.607,0.623,1380.0,1.4,1.6
5,33,1,4,98436.0,0.531,0.683,1292.0,15.7,2.5
5,33,2,4,66741.0,0.607,0.676,1325.0,16.6,1.8
5,33,3,4,46311.0,0.588,0.636,1422.0,18.0,2.2
5,33,4,4,113437.0,0.552,0.692,1323.0,16.9,2.8
6,33,1,4,68286.0,0.606,0.722,1416.0,9.9,2.4
6,33,2,4,52687.0,0.642,0.63,1433.0,10.5,2.7
6,33,3,4,39691.0,0.545,0.733,1410.0,9.4,2.4
6,33,4,4,100713.0,0.615,0.615,1344.0,9.3,1.9
7,33,1,4,57738.0,0.52,0.703,1352.0,9.2,2.2
7,33,2,4,38215.0,0.622,0.641,1382.0,10.3,3.7
7,33,3,4,27226.0,0.547,0.66,1442.0,10.9,4.1
7,33,4,4,71709.0,0.591,0.659,1287.0,9.7,4.0
8,33,1,4,74929.0,0.511,0.638,1388.0,10.0,3.5
8,33,2,4,53569.0,0.519,0.615,1441.0,9.5,1.1
8,33,3,4,40580.0,0.542,0.642,1423.0,9.1,1.9
8,33,4,4,104501.0,0.623,0.67,1425.0,9.9,1.2
9,33,1,4,46011.0,0.591,0.617,1405.0,10.5,3.7
9,33,2,4,36408.0,0.611,0.713,1343.0,9.1,3.7
9,33,3,4,26738.0,0.562,0.735,1345.0,9.8,1.0
9,33,4,4,67894.0,0.641,0.679,1384.0,10.5,2.0
10,33,1,4,56215.0,0.632,0.735,1347.0,10.2,0.7
10,33,2,4,40268.0,0.634,0.694,1319.0,9.7,3.4
10,33,3,4,28285.0,0.616,0.643,1422.0,9.5,2.6
10,33,4,4,75616.0,0.509,0.678,1385.0,9.7,3.9
1,34,1,4,61430.0,1.597,1.287,1374.0,2.6,7.2
1,34,2,4,44402.0,1.293,1.367,1377.0,2.7,9.5
1,34,3,4,30743.0,1.462,1.346,1395.0,2.4,15.3
1,34,4,4,78678.0,1.513,1.259,1294.0,2.7,13.5
2,34,1,4,58402.0,1.582,1.38,1296.0,2.6,7.7
2,34,2,4,40580.0,1.563,1.409,1314.0,2.5,13.9
2,34,3,4,28279.0,1.347,1.3,1406.0,2.6,2.5
2,34,4,4,80271.0,1.585,1.408,1377.0,2.3,14.5
3,34,1,4,66955.0,0.608,0.687,1341.0,1.3,3.9
3,34,2,4,45992.0,0.538,0.685,1387.0,1.4,0.8
3,34,3,4,32861.0,0.531,0.634,1376.0,1.3,0.9
3,34,4,4,83625.0,0.591,0.73,1287.0,1.1,3.2
4,34,1,4,42323.0,0.59,0.679,1419.0,1.1,1.9
4,34,2,4,31611.0,0.583,0.613,1322.0,1.1,4.0
4,34,3,4,22138.0,0.574,0.608,1349.0,1.2,1.5
4,34,4,4,55610.0,0.588,0.696,1385.0,1.1,1.6
5,34,1,4,94704.0,0.519,0.641,1351.0,17.7,2.5
5,34,2,4,68720.0,0.522,0.665,1311.0,17.4,2.0
5,34,3,4,44831.0,0.607,0.709,1377.0,18.8,2.0
5,34,4,4,111038.0,0.52,0.696,1375.0,18.9,0.8
6,34,1,4,71015.0,0.521,0.66,1351.0,9.6,3.4
6,34,2,4,50564.0,0.622,0.702,1385.0,10.4,2.5
6,34,3,4,35474.0,0.565,0.653,1412.0,9.4,1.9
6,34,4,4,99604.0,0.522,0.632,1374.0,9.7,3.3
7,34,1,4,53457.0,0.539,0.645,1350.0,10.0,2.0
7,34,2,4,36191.0,0.545,0.625,1289.0,9.8,2.9
7,34,3,4,28801.0,0.555,0.605,1424.0,10.1,1.4
7,34,4,4,68233.0,0.557,0.71,1440.0,9.6,0.6
8,34,1,4,72211.0,0.515,0.728,1393.0,9.2,2.2
8,34,2,4,53656.0,0.531,0.646,1292.0,9.1,2.3
8,34,3,4,38948.0,0.621,0.714,1397.0,10.1,1.6
8,34,4,4,95148.0,0.547,0.677,1392.0,9.9,2.9
9,34,1,4,47899.0,0.545,0.691,1357.0,10.0,0.7
9,34,2,4,36050.0,0.639,0.728,1418.0,10.6,2.1
9,34,3,4,25971.0,0.629,0.652,1410.0,9.5,3.0
9,34,4,4,62925.0,0.545,0.706,1359.0,9.0,0.8
10,34,1,4,59827.0,0.582,0.662,1403.0,9.5,3.0
10,34,2,4,42085.0,0.514,0.673,1380.0,10.3,0.6
10,34,3,4,30087.0,0.549,0.681,1407.0,8.9,3.1
10,34,4,4,72758.0,0.625,0.667,1387.0,9.4,2.7
1,35,1,4,61713.0,1.458,1.244,1383.0,2.6,16.2
1,35,2,4,45254.0,1.372,1.39,1388.0,2.3,15.8
1,35,3,4,29504.0,1.31,1.45,1286.0,2.3,13.1
1,35,4,4,89482.0,1.341,1.305,1436.0,2.5,13.6
2,35,1,4,57742.0,1.523,1.347,1424.0,2.5,12.5
2,35,2,4,38666.0,1.275,1.36,1440.0,2.6,15.8
2,35,3,4,28500.0,1.271,1.291,1315.0,2.3,5.6
2,35,4,4,80332.0,1.319,1.455,1393.0,2.3,9.7
3,35,1,4,69271.0,0.569,0.704,1396.0,1.3,3.4
3,35,2,4,49512.0,0.642,0.72,1285.0,1.2,1.0
3,35,3,4,32110.0,0.557,0.693,1403.0,1.2,2.3
3,35,4,4,84914.0,0.513,0.691,1401.0,1.4,0.9
4,35,1,4,41512.0,0.624,0.719,1301.0,1.2,1.0
4,35,2,4,30952.0,0.539,0.706,1395.0,1.2,3.2
4,35,3,4,21800.0,0.526,0.671,1310.0,1.3,1.6
4,35,4,4,53790.0,0.587,0.687,1347.0,1.2,2.8
5,35,1,4,88381.0,0.619,0.694,1391.0,18.7,3.8
5,35,2,4,69020.0,0.592,0.669,1369.0,17.6,1.5
5,35,3,4,43263.0,0.545,0.659,1373.0,17.0,2.2
5,35,4,4,122746.0,0.595,0.642,1387.0,17.4,1.5
6,35,1,4,72833.0,0.509,0.637,1307.0,9.7,3.5
6,35,2,4,54522.0,0.574,0.673,1304.0,10.6,1.8
6,35,3,4,34077.0,0.575,0.722,1353.0,10.4,3.9
6,35,4,4,99810.0,0.53,0.629,1304.0,9.2,3.5
7,35,1,4,57297.0,0.527,0.731,1365.0,10.2,3.4
7,35,2,4,36989.0,0.563,0.682,1311.0,9.5,3.5
7,35,3,4,28075.0,0.559,0.677,1399.0,9.4,4.1
7,35,4,4,75486.0,0.56,0.731,1320.0,10.4,1.6
8,35,1,4,77018.0,0.512,0.647,1382.0,10.9,4.1
8,35,2,4,51754.0,0.582,0.69,1444.0,10.9,2.6
8,35,3,4,35994.0,0.545,0.678,1399.0,10.1,3.6
8,35,4,4,95733.0,0.528,0.623,1415.0,9.6,3.1
9,35,1,4,48951.0,0.634,0.676,1344.0,10.0,2.4
9,35,2,4,33273.0,0.524,0.649,1374.0,8.9,3.2
9,35,3,4,26035.0,0.554,0.725,1295.0,10.1,1.1
9,35,4,4,67928.0,0.602,0.658,1325.0,9.3,1.4
10,35,1,4,53012.0,0.628,0.641,1316.0,9.0,3.1
10,35,2,4,37512.0,0.597,0.735,1315.0,9.7,2.0
10,35,3,4,30299.0,0.508,0.661,1409.0,9.4,2.7
10,35,4,4,79519.0,0.563,0.639,1358.0,9.9,1.2
1,36,1,4,60229.0,1.441,1.26,1364.0,2.4,7.8
1,36,2,4,46622.0,1.603,1.318,1347.0,2.4,5.7
1,36,3,4,33187.0,1.603,1.359,1444.0,2.7,5.0
1,36,4,4,87925.0,1.455,1.29,1425.0,2.6,9.8
2,36,1,4,60234.0,1.591,1.201,1335.0,2.7,16.0
2,36,2,4,38415.0,1.387,1.313,1386.0,2.5,5.8
2,36,3,4,31635.0,1.553,1.212,1349.0,2.6,10.1
2,36,4,4,72415.0,1.586,1.284,1433.0,2.4,14.1
3,36,1,4,67684.0,0.602,0.66,1431.0,1.2,1.9
3,36,2,4,51402.0,0.515,0.696,1307.0,1.2,1.9
3,36,3,4,32963.0,0.594,0.644,1334.0,1.3,3.0
3,36,4,4,91066.0,0.61,0.711,1375.0,1.2,1.6
4,36,1,4,45162.0,0.633,0.667,1386.0,1.1,0.6
4,36,2,4,31259.0,0.548,0.692,1344.0,1.3,0.7
4,36,3,4,21570.0,0.606,0.611,1378.0,1.3,2.1
4,36,4,4,57672.0,0.634,0.698,1307.0,1.3,1.8
5,36,1,4,86475.0,0.511,0.686,1396.0,17.8,3.4
5,36,2,4,64967.0,0.589,0.64,1419.0,18.8,3.8
5,36,3,4,49701.0,0.534,0.666,1282.0,17.7,3.7
5,36,4,4,122919.0,0.527,0.69,1379.0,18.7,2.9
6,36,1,4,73783.0,0.538,0.716,1312.0,9.9,2.7
6,36,2,4,49623.0,0.641,0.731,1351.0,9.1,1.8
6,36,3,4,36957.0,0.54,0.662,1359.0,10.2,3.4
6,36,4,4,88830.0,0.545,0.693,1309.0,10.7,1.4
7,36,1,4,50299.0,0.514,0.652,1445.0,9.0,1.7
7,36,2,4,39912.0,0.549,0.684,1434.0,9.0,2.2
7,36,3,4,28132.0,0.565,0.648,1439.0,10.0,1.6
7,36,4,4,71509.0,0.576,0.729,1371.0,10.8,0.7
8,36,1,4,80377.0,0.558,0.667,1358.0,10.3,0.9
8,36,2,4,54635.0,0.544,0.621,1409.0,10.0,1.8
8,36,3,4,40798.0,0.611,0.669,1293.0,9.8,3.2
8,36,4,4,102159.0,0.58,0.616,1331.0,10.5,0.8
9,36,1,4,51662.0,0.612,0.616,1405.0,9.7,0.7
9,36,2,4,32363.0,0.583,0.73,1358.0,10.4,2.4
9,36,3,4,23380.0,0.623,0.652,1407.0,9.2,3.9
9,36,4,4,60578.0,0.522,0.631,1287.0,9.6,1.8
10,36,1,4,56533.0,0.55,0.627,1356.0,9.0,3.9
10,36,2,4,37318.0,0.54,0.635,1296.0,9.9,0.9
10,36,3,4,26444.0,0.562,0.665,1302.0,9.5,1.3
10,36,4,4,72208.0,0.549,0.611,1444.0,9.1,0.9
1,37,1,4,59362.0,1.609,1.414,1403.0,2.5,14.3
1,37,2,4,47503.0,1.475,1.361,1306.0,2.5,4.3
1,37,3,4,31885.0,1.595,1.204,1381.0,2.6,11.9
1,37,4,4,85938.0,1.509,1.376,1308.0,2.5,8.0
2,37,1,4,63549.0,1.518,1.289,1355.0,2.6,9.5
2,37,2,4,39660.0,1.403,1.375,1432.0,2.5,14.8
2,37,3,4,29576.0,1.274,1.221,1365.0,2.7,5.7
2,37,4,4,80432.0,1.288,1.385,1369.0,2.6,10.3
3,37,1,4,73031.0,0.582,0.648,1350.0,1.1,0.9
3,37,2,4,47100.0,0.509,0.636,1409.0,1.2,4.0
3,37,3,4,36618.0,0.567,0.608,1363.0,1.3,1.7
3,37,4,4,94638.0,0.594,0.644,1373.0,1.3,4.0
4,37,1,4,42495.0,0.546,0.673,1397.0,1.2,1.9
4,37,2,4,30486.0,0.605,0.626,1284.0,1.2,1.9
4,37,3,4,21885.0,0.603,0.643,1443.0,1.2,2.6
4,37,4,4,58125.0,0.518,0.622,1357.0,1.1,1.4
5,37,1,4,87449.0,0.61,0.647,1350.0,19.1,3.9
5,37,2,4,66873.0,0.572,0.686,1308.0,18.0,3.7
5,37,3,4,43405.0,0.559,0.624,1345.0,16.9,3.3
5,37,4,4,119239.0,0.54,0.644,1423.0,18.5,4.1
6,37,1,4,73874.0,0.509,0.711,1346.0,9.8,3.5
6,37,2,4,55185.0,0.616,0.629,1429.0,10.7,3.3
6,37,3,4,36760.0,0.63,0.64,1374.0,10.8,2.8
6,37,4,4,97623.0,0.593,0.672,1307.0,10.1,1.0
7,37,1,4,55500.0,0.578,0.7,1340.0,9.9,1.7
7,37,2,4,39707.0,0.637,0.605,1316.0,9.4,1.3
7,37,3,4,27262.0,0.613,0.67,1364.0,10.9,1.6
7,37,4,4,65312.0,0.55,0.654,1303.0,10.1,3.6
8,37,1,4,73614.0,0.593,0.693,1377.0,9.3,1.7
8,37,2,4,55173.0,0.538,0.697,1285.0,10.5,3.8
8,37,3,4,39135.0,0.517,0.662,1423.0,9.3,2.7
8,37,4,4,100365.0,0.561,0.699,1391.0,9.7,1.8
9,37,1,4,50382.0,0.512,0.643,1443.0,10.8,3.9
9,37,2,4,32529.0,0.519,0.665,1399.0,10.0,1.0
9,37,3,4,26724.0,0.51,0.618,1442.0,10.3,3.9
9,37,4,4,64503.0,0.55,0.623,1392.0,10.7,2.7
10,37,1,4,58089.0,0.611,0.708,1423.0,9.5,3.6
10,37,2,4,36738.0,0.54,0.703,1362.0,10.9,1.5
10,37,3,4,27092.0,0.617,0.678,1380.0,9.7,3.3
10,37,4,4,70097.0,0.523,0.631,1289.0,10.6,3.3
1,38,1,4,64719.0,1.574,1.29,1284.0,2.3,7.9
1,38,2,4,45240.0,1.271,1.214,1363.0,2.5,7.7
1,38,3,4,31643.0,1.349,1.228,1364.0,2.4,16.4
1,38,4,4,81920.0,1.378,1.306,1362.0,2.6,6.2
2,38,1,4,63399.0,1.343,1.412,1315.0,2.2,15.2
2,38,2,4,41748.0,1.349,1.275,1305.0,2.3,11.2
2,38,3,4,31662.0,1.359,1.357,1431.0,2.6,4.1
2,38,4,4,82068.0,1.507,1.27,1338.0,2.5,5.3
3,38,1,4,68906.0,0.537,0.652,1399.0,1.2,2.7
3,38,2,4,47170.0,0.615,0.709,1291.0,1.3,3.8
3,38,3,4,33321.0,0.52,0.614,1431.0,1.2,3.5
3,38,4,4,94472.0,0.574,0.718,1438.0,1.1,1.4
4,38,1,4,44414.0,0.609,0.613,1297.0,1.2,3.0
4,38,2,4,31255.0,0.53,0.694,1408.0,1.2,3.4
4,38,3,4,21178.0,0.542,0.616,1302.0,1.2,1.7
4,38,4,4,55592.0,0.595,0.611,1392.0,1.3,2.2
5,38,1,4,98233.0,0.518,0.668,1427.0,17.3,3.4
5,38,2,4,62180.0,0.591,0.699,1302.0,15.6,3.9
5,38,3,4,49244.0,0.518,0.669,1378.0,18.0,3.1
5,38,4,4,115774.0,0.628,0.695,1331.0,17.2,3.8
6,38,1,4,73668.0,0.524,0.621,1365.0,10.3,3.3
6,38,2,4,53040.0,0.616,0.688,1412.0,10.3,0.6
6,38,3,4,35104.0,0.584,0.663,1307.0,10.6,2.9
6,38,4,4,96240.0,0.629,0.717,1344.0,10.1,2.5
7,38,1,4,56808.0,0.626,0.649,1401.0,10.0,3.0
7,38,2,4,34790.0,0.581,0.627,1378.0,9.6,2.5
7,38,3,4,27396.0,0.532,0.619,1343.0,10.1,3.8
7,38,4,4,67082.0,0.64,0.636,1380.0,9.5,2.3
8,38,1,4,72729.0,0.644,0.63,1389.0,10.7,1.8
8,38,2,4,50790.0,0.561,0.629,1421.0,10.0,1.7
8,38,3,4,39831.0,0.589,0.693,1293.0,10.0,1.9
8,38,4,4,96206.0,0.596,0.664,1363.0,9.4,3.8
9,38,1,4,47030.0,0.599,0.643,1376.0,9.2,4.0
9,38,2,4,32929.0,0.631,0.657,1431.0,10.6,3.0
9,38,3,4,25920.0,0.537,0.638,1328.0,9.9,0.9
9,38,4,4,68093.0,0.618,0.678,1391.0,8.9,1.8
10,38,1,4,58166.0,0.525,0.661,1301.0,9.6,2.7
10,38,2,4,37684.0,0.569,0.66,1328.0,8.9,3.9
10,38,3,4,28068.0,0.529,0.651,1373.0,10.8,3.6
10,38,4,4,79640.0,0.58,0.691,1395.0,10.2,2.0
1,39,1,4,66598.0,1.435,1.393,1421.0,2.5,15.9
1,39,2,4,43994.0,1.27,1.351,1300.0,2.3,7.1
1,39,3,4,33739.0,1.392,1.353,1303.0,2.5,9.6
1,39,4,4,86481.0,1.516,1.412,1366.0,2.7,6.9
2,39,1,4,59007.0,1.605,1.278,1387.0,2.6,16.4
2,39,2,4,41991.0,1.458,1.284,1417.0,2.6,8.4
2,39,3,4,30632.0,1.281,1.231,1393.0,2.5,13.6
2,39,4,4,76470.0,1.309,1.408,1419.0,2.3,5.5
3,39,1,4,67928.0,0.517,0.714,1297.0,1.3,2.6
3,39,2,4,51429.0,0.574,0.693,1406.0,1.1,0.9
3,39,3,4,33524.0,0.633,0.606,1392.0,1.3,0.9
3,39,4,4,86879.0,0.509,0.685,1365.0,1.2,3.4
4,39,1,4,40067.0,0.524,0.712,1293.0,1.2,2.4
4,39,2,4,30247.0,0.621,0.693,1407.0,1.2,0.9
4,39,3,4,21888.0,0.627,0.722,1413.0,1.2,3.7
4,39,4,4,59798.0,0.594,0.677,1328.0,1.2,2.9
5,39,1,4,91251.0,0.579,0.692,1296.0,15.8,1.8
5,39,2,4,62201.0,0.623,0.637,1320.0,15.7,1.6
5,39,3,4,48389.0,0.561,0.715,1349.0,15.7,2.8
5,39,4,4,112070.0,0.512,0.677,1308.0,18.4,3.4
6,39,1,4,78794.0,0.581,0.615,1363.0,9.1,2.9
6,39,2,4,48688.0,0.627,0.641,1434.0,10.3,1.9
6,39,3,4,35325.0,0.616,0.667,1365.0,9.9,4.1
6,39,4,4,100564.0,0.612,0.629,1390.0,9.1,2.2
7,39,1,4,58082.0,0.546,0.673,1328.0,9.2,1.4
7,39,2,4,36128.0,0.529,0.664,1327.0,9.3,3.6
7,39,3,4,25409.0,0.607,0.68,1401.0,10.9,4.0
7,39,4,4,73208.0,0.54,0.695,1424.0,10.1,0.7
8,39,1,4,80576.0,0.578,0.632,1407.0,10.7,1.2
8,39,2,4,51006.0,0.616,0.729,1283.0,9.2,3.9
8,39,3,4,39853.0,0.625,0.697,1445.0,10.0,1.3
8,39,4,4,94717.0,0.632,0.656,1324.0,10.6,2.3
9,39,1,4,45733.0,0.61,0.697,1408.0,10.1,3.8
9,39,2,4,32641.0,0.565,0.666,1433.0,9.4,2.3
9,39,3,4,24206.0,0.635,0.646,1305.0,9.1,3.3
9,39,4,4,68381.0,0.611,0.662,1316.0,10.3,1.3
10,39,1,4,56808.0,0.613,0.672,1429.0,10.1,1.0
10,39,2,4,39900.0,0.578,0.62,1356.0,10.4,0.6
10,39,3,4,28443.0,0.527,0.723,1320.0,9.4,0.7
10,39,4,4,76340.0,0.555,0.633,1335.0,10.7,3.0
1,40,1,4,60034.0,1.391,1.272,1345.0,2.4,12.6
1,40,2,4,44781.0,1.475,1.438,1393.0,2.6,16.6
1,40,3,4,34084.0,1.457,1.342,1397.0,2.4,5.5
1,40,4,4,89141.0,1.519,1.426,1343.0,2.6,2.5
2,40,1,4,58898.0,1.52,1.366,1364.0,2.4,14.3
2,40,2,4,42220.0,1.506,1.407,1441.0,2.5,6.7
2,40,3,4,28745.0,1.405,1.346,1311.0,2.3,6.6
2,40,4,4,75758.0,1.509,1.253,1354.0,2.7,2.5
3,40,1,4,68737.0,0.556,0.691,1316.0,1.2,1.0
3,40,2,4,47883.0,0.613,0.669,1425.0,1.3,1.3
3,40,3,4,31959.0,0.621,0.668,1334.0,1.3,2.6
3,40,4,4,91030.0,0.546,0.693,1341.0,1.2,0.8
4,40,1,4,45751.0,0.561,0.659,1425.0,1.2,2.5
4,40,2,4,31369.0,0.549,0.638,1407.0,1.2,4.2
4,40,3,4,21801.0,0.576,0.665,1308.0,1.3,2.1
4,40,4,4,58180.0,0.535,0.666,1429.0,1.2,4.2
5,40,1,4,96558.0,0.509,0.662,1409.0,16.9,0.7
5,40,2,4,62883.0,0.51,0.656,1416.0,18.9,3.4
5,40,3,4,42597.0,0.636,0.617,1433.0,19.1,2.4
5,40,4,4,112230.0,0.596,0.677,1300.0,17.9,3.3
6,40,1,4,76797.0,0.6,0.708,1419.0,9.9,0.8
6,40,2,4,52828.0,0.512,0.7,1327.0,9.0,0.9
6,40,3,4,36728.0,0.554,0.693,1321.0,9.8,2.7
6,40,4,4,93933.0,0.508,0.672,1400.0,10.8,3.6
7,40,1,4,50269.0,0.604,0.733,1438.0,9.3,2.0
7,40,2,4,37087.0,0.526,0.69,1288.0,9.7,1.7
7,40,3,4,29110.0,0.558,0.709,1369.0,10.4,0.9
7,40,4,4,74060.0,0.571,0.651,1437.0,10.6,2.0
8,40,1,4,73616.0,0.596,0.628,1290.0,9.5,2.8
8,40,2,4,51647.0,0.566,0.664,1361.0,9.5,1.0
8,40,3,4,41255.0,0.536,0.64,1286.0,10.9,1.1
8,40,4,4,102673.0,0.603,0.685,1349.0,9.3,2.3
9,40,1,4,50464.0,0.523,0.67,1426.0,8.9,3.8
9,40,2,4,33112.0,0.581,0.624,1320.0,10.3,1.1
9,40,3,4,23284.0,0.514,0.661,1364.0,10.7,2.0
9,40,4,4,65195.0,0.578,0.657,1389.0,10.9,3.2
10,40,1,4,57257.0,0.628,0.694,1299.0,9.6,4.1
10,40,2,4,42309.0,0.632,0.642,1382.0,10.1,4.1
10,40,3,4,26647.0,0.508,0.61,1411.0,10.7,1.2
10,40,4,4,73433.0,0.561,0.62,1304.0,10.4,2.4
1,41,1,5,54928.0,0.638,0.732,940.0,2.4,4.4
1,41,2,5,37872.0,0.717,0.799,1007.0,2.4,4.7
1,41,3,5,27815.0,0.651,0.814,1026.0,2.2,7.8
1,41,4,5,74388.0,0.738,0.734,939.0,2.1,3.3
2,41,1,5,48735.0,0.787,0.85,1050.0,2.3,7.0
2,41,2,5,37696.0,0.753,0.841,1006.0,2.1,8.2
2,41,3,5,23768.0,0.697,0.815,993.0,2.1,2.1
2,41,4,5,70471.0,0.719,0.79,1007.0,2.2,1.4
3,41,1,5,61975.0,0.269,0.43,1040.0,1.1,1.9
3,41,2,5,43685.0,0.258,0.49,1015.0,1.0,2.0
3,41,3,5,29118.0,0.271,0.424,991.0,1.0,1.7
3,41,4,5,78580.0,0.305,0.48,1033.0,1.0,1.5
4,41,1,5,34532.0,0.293,0.504,947.0,1.0,1.7
4,41,2,5,25490.0,0.3,0.498,1000.0,1.0,1.6
4,41,3,5,19179.0,0.296,0.469,978.0,1.2,0.9
4,41,4,5,47102.0,0.3,0.447,935.0,1.2,1.9
5,41,1,5,83344.0,0.303,0.453,1033.0,16.2,1.3
5,41,2,5,57613.0,0.257,0.415,1048.0,16.3,2.0
5,41,3,5,38302.0,0.284,0.417,978.0,16.4,0.6
5,41,4,5,96229.0,0.262,0.482,1042.0,14.5,0.6
6,41,1,5,60672.0,0.32,0.425,1006.0,9.7,1.4
6,41,2,5,46016.0,0.277,0.483,993.0,9.3,1.5
6,41,3,5,33506.0,0.306,0.458,1026.0,8.3,1.2
6,41,4,5,78834.0,0.264,0.451,1048.0,9.3,0.9
7,41,1,5,44779.0,0.283,0.481,939.0,9.2,0.8
7,41,2,5,34360.0,0.267,0.432,1002.0,9.5,1.3
7,41,3,5,24808.0,0.301,0.436,1007.0,8.7,0.5
7,41,4,5,57559.0,0.273,0.502,942.0,9.5,1.6
8,41,1,5,70111.0,0.301,0.486,1017.0,8.8,1.3
8,41,2,5,48466.0,0.299,0.492,995.0,9.5,1.5
8,41,3,5,30719.0,0.263,0.475,1003.0,8.4,1.1
8,41,4,5,84642.0,0.322,0.473,1006.0,9.3,2.1
9,41,1,5,41379.0,0.315,0.472,982.0,9.8,0.9
9,41,2,5,31992.0,0.289,0.497,1050.0,9.1,0.6
9,41,3,5,22333.0,0.281,0.422,1045.0,8.5,1.5
9,41,4,5,57193.0,0.306,0.466,976.0,9.9,1.1
10,41,1,5,46292.0,0.307,0.466,1050.0,8.7,0.8
10,41,2,5,32486.0,0.269,0.474,940.0,8.6,1.2
10,41,3,5,22767.0,0.286,0.468,986.0,8.5,0.5
10,41,4,5,64451.0,0.298,0.456,982.0,8.4,0.5
1,42,1,5,58102.0,0.648,0.79,1012.0,2.2,1.6
1,42,2,5,37482.0,0.728,0.823,1043.0,2.3,1.3
1,42,3,5,27582.0,0.761,0.85,964.0,2.2,3.0
1,42,4,5,72933.0,0.8,0.827,963.0,2.1,1.9
2,42,1,5,50002.0,0.691,0.83,1048.0,2.3,7.4
2,42,2,5,32834.0,0.806,0.868,944.0,2.0,8.4
2,42,3,5,24930.0,0.754,0.763,986.0,2.3,4.3
2,42,4,5,64391.0,0.748,0.826,987.0,2.1,1.5
3,42,1,5,57947.0,0.307,0.5,961.0,1.0,2.0
3,42,2,5,38839.0,0.268,0.5,1027.0,1.1,1.1
3,42,3,5,30934.0,0.295,0.425,1038.0,1.1,2.0
3,42,4,5,75644.0,0.279,0.499,1014.0,1.1,1.8
4,42,1,5,38610.0,0.308,0.479,1013.0,1.2,0.4
4,42,2,5,23999.0,0.265,0.49,998.0,1.1,1.2
4,42,3,5,16830.0,0.291,0.438,941.0,1.2,1.6
4,42,4,5,50173.0,0.258,0.469,955.0,1.1,0.7
5,42,1,5,78972.0,0.276,0.471,957.0,15.0,0.4
5,42,2,5,59312.0,0.28,0.454,1044.0,15.4,2.1
5,42,3,5,39122.0,0.259,0.464,1047.0,16.3,1.3
5,42,4,5,102370.0,0.285,0.447,1027.0,16.2,2.0
6,42,1,5,60658.0,0.292,0.483,986.0,9.0,2.0
6,42,2,5,43827.0,0.315,0.423,1019.0,8.1,0.7
6,42,3,5,31021.0,0.267,0.47,935.0,9.5,1.9
6,42,4,5,82640.0,0.288,0.446,939.0,9.0,0.3
7,42,1,5,48854.0,0.294,0.433,1030.0,9.4,1.6
7,42,2,5,31201.0,0.275,0.429,1035.0,8.8,1.5
7,42,3,5,24123.0,0.294,0.474,1016.0,9.8,0.5
7,42,4,5,60747.0,0.299,0.485,964.0,9.0,1.3
8,42,1,5,65080.0,0.276,0.456,991.0,9.8,1.3
8,42,2,5,49142.0,0.313,0.419,966.0,9.0,0.7
8,42,3,5,34435.0,0.261,0.498,969.0,8.5,0.9
8,42,4,5,84177.0,0.303,0.424,981.0,9.8,0.5
9,42,1,5,41911.0,0.299,0.452,996.0,9.7,1.9
9,42,2,5,27709.0,0.272,0.466,1032.0,8.6,0.9
9,42,3,5,19632.0,0.299,0.435,989.0,8.3,1.0
9,42,4,5,56513.0,0.3,0.486,982.0,9.2,1.1
10,42,1,5,51556.0,0.32,0.485,946.0,9.1,0.9
10,42,2,5,32801.0,0.274,0.487,1031.0,8.2,1.5
10,42,3,5,25872.0,0.286,0.474,961.0,8.3,1.6
10,42,4,5,63257.0,0.28,0.473,1017.0,9.7,1.4
1,43,1,5,58533.0,0.75,0.741,998.0,2.0,7.8
1,43,2,5,36732.0,0.657,0.81,1036.0,2.3,8.2
1,43,3,5,25658.0,0.793,0.754,943.0,2.3,6.7
1,43,4,5,74195.0,0.699,0.809,953.0,2.4,5.8
2,43,1,5,51350.0,0.731,0.833,1051.0,2.1,7.4
2,43,2,5,35105.0,0.741,0.779,944.0,2.4,4.9
2,43,3,5,25642.0,0.754,0.817,940.0,2.3,6.5
2,43,4,5,68339.0,0.771,0.74,985.0,2.0,4.9
3,43,1,5,62578.0,0.304,0.486,1043.0,1.1,2.0
3,43,2,5,43162.0,0.301,0.422,952.0,1.1,0.4
3,43,3,5,26968.0,0.316,0.472,955.0,1.1,1.5
3,43,4,5,76275.0,0.255,0.45,953.0,1.1,1.0
4,43,1,5,38975.0,0.312,0.466,980.0,1.0,1.2
4,43,2,5,23705.0,0.276,0.505,936.0,1.1,1.7
4,43,3,5,19274.0,0.298,0.423,1018.0,1.2,1.6
4,43,4,5,49955.0,0.296,0.415,971.0,1.2,1.4
5,43,1,5,82658.0,0.311,0.47,996.0,14.5,1.6
5,43,2,5,55201.0,0.299,0.425,946.0,14.9,1.9
5,43,3,5,41105.0,0.281,0.429,953.0,15.3,0.6
5,43,4,5,106686.0,0.259,0.424,1039.0,15.1,1.2
6,43,1,5,66072.0,0.312,0.488,1048.0,9.1,1.4
6,43,2,5,40611.0,0.296,0.417,952.0,8.2,2.0
6,43,3,5,32142.0,0.27,0.482,1019.0,9.6,1.6
6,43,4,5,86964.0,0.281,0.478,992.0,9.0,1.9
7,43,1,5,43610.0,0.291,0.477,1009.0,9.7,0.7
7,43,2,5,31504.0,0.255,0.439,998.0,8.4,1.5
7,43,3,5,23289.0,0.281,0.481,972.0,9.5,1.7
7,43,4,5,58528.0,0.304,0.49,933.0,9.0,2.0
8,43,1,5,69107.0,0.267,0.422,966.0,8.5,1.1
8,43,2,5,47482.0,0.292,0.473,966.0,8.4,0.6
8,43,3,5,34319.0,0.297,0.439,980.0,8.5,0.4
8,43,4,5,88122.0,0.294,0.415,1005.0,8.1,2.0
9,43,1,5,42500.0,0.321,0.436,1020.0,8.8,0.6
9,43,2,5,30705.0,0.312,0.481,962.0,8.2,0.7
9,43,3,5,22727.0,0.299,0.422,1047.0,8.8,1.0
9,43,4,5,55197.0,0.307,0.42,995.0,9.8,1.0
10,43,1,5,49170.0,0.302,0.461,939.0,9.5,1.6
10,43,2,5,32099.0,0.265,0.482,1010.0,9.5,1.0
10,43,3,5,24824.0,0.274,0.502,1008.0,8.5,0.5
10,43,4,5,61678.0,0.282,0.463,1018.0,9.0,0.3
1,44,1,5,56601.0,0.69,0.796,977.0,2.2,5.2
1,44,2,5,35621.0,0.75,0.795,1035.0,2.4,1.9
1,44,3,5,29018.0,0.685,0.718,970.0,2.1,6.2
1,44,4,5,67664.0,0.685,0.809,983.0,2.4,7.3
2,44,1,5,50846.0,0.763,0.722,1007.0,2.0,6.0
2,44,2,5,33172.0,0.662,0.74,1044.0,2.3,4.5
2,44,3,5,25205.0,0.634,0.714,987.0,2.2,7.6
2,44,4,5,69587.0,0.683,0.749,1018.0,2.3,6.0
3,44,1,5,61806.0,0.279,0.419,966.0,1.2,1.2
3,44,2,5,40225.0,0.262,0.447,1029.0,1.1,1.7
3,44,3,5,26850.0,0.259,0.475,1021.0,1.2,0.6
3,44,4,5,79279.0,0.302,0.462,1017.0,1.1,1.4
4,44,1,5,36719.0,0.263,0.498,1002.0,1.0,2.0
4,44,2,5,23400.0,0.32,0.448,966.0,1.0,0.6
4,44,3,5,17180.0,0.288,0.481,938.0,1.1,0.9
4,44,4,5,49853.0,0.302,0.419,984.0,1.2,1.4
5,44,1,5,81561.0,0.271,0.504,948.0,16.3,1.7
5,44,2,5,51532.0,0.302,0.47,955.0,15.8,0.4
5,44,3,5,38414.0,0.273,0.427,992.0,15.0,1.5
5,44,4,5,100049.0,0.283,0.419,979.0,17.1,1.9
6,44,1,5,67897.0,0.288,0.47,1021.0,9.2,1.3
6,44,2,5,43125.0,0.269,0.489,1023.0,8.9,0.9
6,44,3,5,31357.0,0.259,0.478,1026.0,8.3,0.6
6,44,4,5,86725.0,0.272,0.43,992.0,9.8,1.9
7,44,1,5,48016.0,0.313,0.489,965.0,8.8,0.4
7,44,2,5,30841.0,0.28,0.455,976.0,9.8,1.8
7,44,3,5,22742.0,0.268,0.504,1029.0,8.7,1.5
7,44,4,5,56484.0,0.303,0.493,1019.0,8.6,2.0
8,44,1,5,69377.0,0.308,0.472,954.0,9.4,1.3
8,44,2,5,43868.0,0.274,0.504,1013.0,9.4,1.2
8,44,3,5,34004.0,0.282,0.502,1045.0,9.7,1.5
8,44,4,5,80924.0,0.257,0.492,949.0,8.3,2.0
9,44,1,5,39560.0,0.27,0.453,1040.0,8.2,1.5
9,44,2,5,31432.0,0.276,0.447,953.0,9.6,1.6
9,44,3,5,20795.0,0.303,0.435,1045.0,8.9,1.3
9,44,4,5,55955.0,0.27,0.47,1014.0,8.6,0.9
10,44,1,5,45359.0,0.301,0.498,1010.0,9.4,1.5
10,44,2,5,33235.0,0.26,0.461,1007.0,9.5,1.2
10,44,3,5,24835.0,0.296,0.427,956.0,8.5,1.8
10,44,4,5,58333.0,0.257,0.468,1007.0,9.1,0.3
1,45,1,5,52316.0,0.697,0.819,1045.0,2.3,2.6
1,45,2,5,36098.0,0.657,0.722,1000.0,2.4,3.3
1,45,3,5,28408.0,0.716,0.85,987.0,2.1,4.1
1,45,4,5,66118.0,0.765,0.724,1039.0,2.1,5.2
2,45,1,5,53030.0,0.658,0.836,969.0,2.1,5.0
2,45,2,5,38101.0,0.634,0.721,954.0,2.3,3.5
2,45,3,5,25133.0,0.741,0.731,957.0,2.3,4.0
2,45,4,5,64081.0,0.716,0.735,961.0,2.3,5.2
3,45,1,5,55721.0,0.315,0.433,936.0,1.1,0.5
3,45,2,5,39111.0,0.32,0.458,988.0,1.2,1.5
3,45,3,5,31132.0,0.321,0.445,949.0,1.2,0.8
3,45,4,5,71602.0,0.305,0.423,960.0,1.2,0.6
4,45,1,5,36055.0,0.272,0.48,1011.0,1.1,0.4
4,45,2,5,25506.0,0.317,0.488,945.0,1.0,1.1
4,45,3,5,18088.0,0.291,0.428,943.0,1.1,2.0
4,45,4,5,44981.0,0.305,0.431,946.0,1.0,1.7
5,45,1,5,82365.0,0.318,0.48,1005.0,15.2,1.9
5,45,2,5,53559.0,0.306,0.501,1029.0,17.0,1.2
5,45,3,5,40402.0,0.317,0.419,1050.0,15.1,1.6
5,45,4,5,102561.0,0.258,0.479,1004.0,16.6,0.5
6,45,1,5,60615.0,0.276,0.457,951.0,9.0,0.9
6,45,2,5,40977.0,0.314,0.468,1020.0,9.7,0.8
6,45,3,5,29819.0,0.27,0.416,974.0,9.8,0.5
6,45,4,5,79580.0,0.298,0.417,1004.0,9.4,0.6
7,45,1,5,44438.0,0.314,0.489,962.0,9.7,0.3
7,45,2,5,30924.0,0.262,0.442,1047.0,8.5,1.7
7,45,3,5,22955.0,0.271,0.456,1008.0,9.3,0.9
7,45,4,5,57994.0,0.275,0.496,991.0,8.4,1.0
8,45,1,5,68351.0,0.276,0.493,1044.0,8.3,1.3
8,45,2,5,50217.0,0.264,0.427,998.0,9.3,2.0
8,45,3,5,35269.0,0.27,0.498,1009.0,9.1,0.7
8,45,4,5,80202.0,0.308,0.473,962.0,9.7,2.1
9,45,1,5,41370.0,0.313,0.489,981.0,8.2,0.7
9,45,2,5,30642.0,0.282,0.452,1005.0,9.2,0.8
9,45,3,5,20905.0,0.282,0.504,1031.0,8.9,0.6
9,45,4,5,58951.0,0.255,0.429,1014.0,9.8,1.7
10,45,1,5,52039.0,0.281,0.476,1021.0,8.2,1.8
10,45,2,5,32025.0,0.311,0.502,1033.0,8.2,1.0
10,45,3,5,24117.0,0.307,0.418,953.0,8.8,1.6
10,45,4,5,67449.0,0.256,0.434,989.0,8.4,0.4
1,46,1,5,53136.0,0.654,0.832,1018.0,2.0,1.9
1,46,2,5,38727.0,0.646,0.826,1007.0,2.1,5.8
1,46,3,5,26740.0,0.713,0.723,1012.0,2.4,7.5
1,46,4,5,74117.0,0.652,0.719,990.0,2.3,6.4
2,46,1,5,48050.0,0.672,0.816,997.0,2.3,8.3
2,46,2,5,37451.0,0.655,0.729,1005.0,2.0,5.1
2,46,3,5,23966.0,0.752,0.734,1021.0,2.2,1.2
2,46,4,5,67168.0,0.778,0.823,956.0,2.1,1.6
3,46,1,5,59081.0,0.269,0.465,940.0,1.2,1.5
3,46,2,5,38005.0,0.276,0.488,933.0,1.2,1.2
3,46,3,5,29641.0,0.262,0.473,942.0,1.2,0.4
3,46,4,5,79840.0,0.274,0.432,1025.0,1.2,0.5
4,46,1,5,36678.0,0.317,0.427,965.0,1.1,1.5
4,46,2,5,24293.0,0.294,0.433,975.0,1.1,1.2
4,46,3,5,18337.0,0.262,0.432,981.0,1.2,0.6
4,46,4,5,44073.0,0.319,0.469,1014.0,1.2,0.6
5,46,1,5,76658.0,0.263,0.439,934.0,15.4,0.4
5,46,2,5,57963.0,0.255,0.417,976.0,14.3,1.5
5,46,3,5,37469.0,0.312,0.46,975.0,15.1,0.8
5,46,4,5,99517.0,0.316,0.502,1018.0,15.8,1.3
6,46,1,5,62632.0,0.304,0.467,1039.0,8.4,0.3
6,46,2,5,40944.0,0.303,0.474,951.0,8.2,2.0
6,46,3,5,33486.0,0.26,0.474,950.0,9.0,0.8
6,46,4,5,77738.0,0.294,0.473,1051.0,9.7,0.3
7,46,1,5,45639.0,0.266,0.494,989.0,9.6,1.9
7,46,2,5,30134.0,0.312,0.433,968.0,8.8,1.4
7,46,3,5,24643.0,0.289,0.417,945.0,9.0,0.6
7,46,4,5,63134.0,0.312,0.491,961.0,9.6,1.2
8,46,1,5,70738.0,0.272,0.439,1040.0,9.7,0.6
8,46,2,5,46193.0,0.265,0.464,1001.0,8.7,1.4
8,46,3,5,34787.0,0.316,0.457,1017.0,8.8,0.5
8,46,4,5,93204.0,0.264,0.492,934.0,9.2,0.5
9,46,1,5,43688.0,0.317,0.428,1005.0,9.7,1.7
9,46,2,5,28276.0,0.301,0.421,964.0,9.4,1.4
9,46,3,5,20240.0,0.304,0.418,1027.0,9.7,1.6
9,46,4,5,52055.0,0.319,0.472,1000.0,9.8,0.3
10,46,1,5,44655.0,0.277,0.48,1051.0,9.3,0.4
10,46,2,5,31762.0,0.307,0.431,987.0,9.8,1.2
10,46,3,5,22729.0,0.273,0.486,1033.0,9.7,0.5
10,46,4,5,58300.0,0.285,0.506,978.0,8.3,1.1
1,47,1,5,52213.0,0.653,0.869,1046.0,2.5,7.0
1,47,2,5,38683.0,0.747,0.819,933.0,2.1,5.1
1,47,3,5,28222.0,0.743,0.822,952.0,2.2,4.5
1,47,4,5,70324.0,0.641,0.842,1028.0,2.2,5.4
2,47,1,5,51239.0,0.657,0.715,1004.0,2.1,6.2
2,47,2,5,34336.0,0.634,0.825,995.0,2.3,5.4
2,47,3,5,26245.0,0.746,0.826,998.0,2.2,4.1
2,47,4,5,64563.0,0.764,0.834,1041.0,2.2,7.0
3,47,1,5,59986.0,0.266,0.457,1016.0,1.2,1.7
3,47,2,5,39684.0,0.32,0.488,935.0,1.0,2.1
3,47,3,5,28481.0,0.27,0.456,1020.0,1.1,1.5
3,47,4,5,77130.0,0.29,0.475,969.0,1.1,1.9
4,47,1,5,38431.0,0.304,0.462,1025.0,1.2,1.9
4,47,2,5,23884.0,0.278,0.469,993.0,1.0,1.0
4,47,3,5,17096.0,0.309,0.457,971.0,1.2,0.8
4,47,4,5,49802.0,0.287,0.465,948.0,1.1,1.4
5,47,1,5,84391.0,0.27,0.46,995.0,14.4,1.3
5,47,2,5,58852.0,0.255,0.484,965.0,17.0,1.9
5,47,3,5,38320.0,0.264,0.479,1009.0,15.6,1.4
5,47,4,5,100436.0,0.309,0.462,1049.0,14.4,1.9
6,47,1,5,66138.0,0.313,0.424,998.0,9.4,0.9
6,47,2,5,46969.0,0.274,0.489,1044.0,9.5,1.6
6,47,3,5,29552.0,0.271,0.432,966.0,8.2,0.5
6,47,4,5,82307.0,0.269,0.468,958.0,8.4,0.7
7,47,1,5,48068.0,0.267,0.477,992.0,9.0,0.3
7,47,2,5,33514.0,0.262,0.5,940.0,9.8,0.9
7,47,3,5,21737.0,0.3,0.444,1012.0,9.0,1.5
7,47,4,5,56418.0,0.288,0.462,987.0,9.0,0.9
8,47,1,5,63027.0,0.321,0.445,1038.0,9.4,1.3
8,47,2,5,50287.0,0.263,0.448,989.0,8.7,1.4
8,47,3,5,30816.0,0.263,0.462,983.0,9.5,0.8
8,47,4,5,87615.0,0.275,0.466,1033.0,9.3,0.8
9,47,1,5,42862.0,0.28,0.429,974.0,9.5,1.4
9,47,2,5,29827.0,0.295,0.488,1035.0,9.2,1.6
9,47,3,5,20448.0,0.307,0.486,1003.0,8.2,1.8
9,47,4,5,54954.0,0.29,0.428,983.0,9.7,1.1
10,47,1,5,46465.0,0.309,0.47,975.0,9.5,0.9
10,47,2,5,32107.0,0.306,0.428,995.0,9.5,0.7
10,47,3,5,22895.0,0.276,0.415,956.0,9.6,0.8
10,47,4,5,62460.0,0.305,0.505,941.0,8.9,1.3
1,48,1,5,52723.0,0.776,0.755,1029.0,2.3,6.5
1,48,2,5,35496.0,0.674,0.828,1032.0,2.2,4.8
1,48,3,5,28345.0,0.772,0.845,1050.0,2.4,6.3
1,48,4,5,70775.0,0.733,0.86,975.0,2.0,7.8
2,48,1,5,48698.0,0.66,0.794,1012.0,2.3,5.9
2,48,2,5,34663.0,0.774,0.751,977.0,2.3,5.6
2,48,3,5,27281.0,0.732,0.841,969.0,2.3,4.3
2,48,4,5,68123.0,0.684,0.718,943.0,2.1,6.2
3,48,1,5,60976.0,0.274,0.451,1037.0,1.0,1.6
3,48,2,5,43021.0,0.267,0.49,1001.0,1.1,0.6
3,48,3,5,29628.0,0.322,0.452,995.0,1.1,2.1
3,48,4,5,70905.0,0.303,0.419,966.0,1.2,1.3
4,48,1,5,36750.0,0.283,0.43,1045.0,1.2,0.4
4,48,2,5,25496.0,0.262,0.43,988.0,1.1,1.4
4,48,3,5,16867.0,0.261,0.505,997.0,1.1,1.7
4,48,4,5,46197.0,0.264,0.42,1040.0,1.1,1.0
5,48,1,5,78109.0,0.268,0.472,1030.0,15.6,0.6
5,48,2,5,56351.0,0.3,0.483,989.0,16.1,1.1
5,48,3,5,38308.0,0.305,0.458,996.0,16.9,1.1
5,48,4,5,94688.0,0.269,0.463,939.0,15.0,1.6
6,48,1,5,64370.0,0.279,0.423,935.0,8.1,1.6
6,48,2,5,42771.0,0.255,0.482,948.0,9.7,0.8
6,48,3,5,32356.0,0.321,0.44,1004.0,9.8,2.1
6,48,4,5,78273.0,0.305,0.49,960.0,8.7,1.2
7,48,1,5,47154.0,0.288,0.482,950.0,9.8,2.0
7,48,2,5,32696.0,0.279,0.453,953.0,8.1,0.3
7,48,3,5,22940.0,0.308,0.502,964.0,8.3,1.6
7,48,4,5,62127.0,0.312,0.482,978.0,8.2,0.7
8,48,1,5,67533.0,0.278,0.482,1011.0,8.6,1.1
8,48,2,5,43876.0,0.267,0.416,1026.0,9.8,0.7
8,48,3,5,34160.0,0.278,0.419,982.0,9.0,0.9
8,48,4,5,90156.0,0.305,0.421,982.0,8.5,1.9
9,48,1,5,44876.0,0.285,0.463,961.0,9.7,1.8
9,48,2,5,31853.0,0.283,0.455,981.0,8.6,0.6
9,48,3,5,22830.0,0.276,0.415,965.0,8.7,0.6
9,48,4,5,52598.0,0.289,0.432,995.0,8.5,1.7
10,48,1,5,49194.0,0.319,0.493,964.0,8.7,0.9
10,48,2,5,34138.0,0.281,0.466,939.0,8.2,1.9
10,48,3,5,25612.0,0.257,0.441,1031.0,9.2,1.0
10,48,4,5,66507.0,0.304,0.484,952.0,9.0,1.1
1,49,1,5,52547.0,0.64,0.732,989.0,2.4,3.3
1,49,2,5,36514.0,0.663,0.738,996.0,2.4,1.4
1,49,3,5,27587.0,0.715,0.74,947.0,2.2,1.5
1,49,4,5,71272.0,0.782,0.764,988.0,2.3,3.4
2,49,1,5,48010.0,0.797,0.774,949.0,2.0,8.2
2,49,2,5,34308.0,0.774,0.809,1005.0,2.3,6.9
2,49,3,5,25415.0,0.663,0.854,964.0,2.1,1.5
2,49,4,5,70514.0,0.74,0.767,1043.0,2.1,7.6
3,49,1,5,61777.0,0.312,0.493,987.0,1.1,1.7
3,49,2,5,40055.0,0.287,0.503,1023.0,1.2,1.8
3,49,3,5,27051.0,0.268,0.459,1023.0,1.2,1.3
3,49,4,5,75971.0,0.28,0.42,1013.0,1.1,1.3
4,49,1,5,36589.0,0.265,0.442,942.0,1.1,0.4
4,49,2,5,25787.0,0.317,0.419,1032.0,1.2,1.9
4,49,3,5,16941.0,0.3,0.455,981.0,1.2,0.6
4,49,4,5,46890.0,0.273,0.484,1019.0,1.1,2.0
5,49,1,5,78617.0,0.282,0.493,964.0,14.9,1.9
5,49,2,5,52596.0,0.306,0.495,934.0,14.5,1.2
5,49,3,5,41285.0,0.26,0.447,987.0,15.4,1.2
5,49,4,5,100102.0,0.266,0.503,1028.0,15.6,1.0
6,49,1,5,60749.0,0.263,0.455,1041.0,8.1,1.0
6,49,2,5,46383.0,0.297,0.505,978.0,9.8,1.6
6,49,3,5,30583.0,0.256,0.475,933.0,8.1,0.9
6,49,4,5,80604.0,0.285,0.473,1028.0,8.7,0.6
7,49,1,5,45680.0,0.299,0.447,1017.0,9.8,1.7
7,49,2,5,29812.0,0.275,0.478,965.0,9.4,0.5
7,49,3,5,22007.0,0.319,0.43,1005.0,9.5,1.8
7,49,4,5,64154.0,0.289,0.466,972.0,9.7,1.3
8,49,1,5,69629.0,0.285,0.416,959.0,8.3,1.8
8,49,2,5,43858.0,0.321,0.475,1011.0,9.2,0.5
8,49,3,5,33402.0,0.263,0.422,1031.0,8.2,2.0
8,49,4,5,86870.0,0.286,0.496,1011.0,9.8,1.3
9,49,1,5,43922.0,0.311,0.487,1026.0,8.7,2.1
9,49,2,5,27515.0,0.269,0.457,1036.0,9.2,0.3
9,49,3,5,21159.0,0.296,0.42,965.0,9.7,1.7
9,49,4,5,53466.0,0.308,0.428,1037.0,9.6,1.7
10,49,1,5,50089.0,0.268,0.48,983.0,9.4,0.6
10,49,2,5,31867.0,0.312,0.428,990.0,9.2,1.3
10,49,3,5,24416.0,0.279,0.45,948.0,8.6,1.1
10,49,4,5,66097.0,0.261,0.478,941.0,9.4,0.9
1,50,1,5,53082.0,0.643,0.835,985.0,2.1,6.5
1,50,2,5,40541.0,0.655,0.815,1043.0,2.2,5.1
1,50,3,5,28346.0,0.744,0.747,1020.0,2.2,4.2
1,50,4,5,65647.0,0.758,0.784,1016.0,2.1,6.0
2,50,1,5,52981.0,0.648,0.856,1049.0,2.0,7.8
2,50,2,5,34626.0,0.663,0.772,1037.0,2.4,3.0
2,50,3,5,23494.0,0.668,0.826,948.0,2.2,5.9
2,50,4,5,61720.0,0.71,0.753,1004.0,2.4,4.8
3,50,1,5,59044.0,0.285,0.469,1045.0,1.2,1.5
3,50,2,5,41095.0,0.317,0.441,977.0,1.1,1.2
3,50,3,5,27582.0,0.307,0.49,936.0,1.0,1.3
3,50,4,5,72472.0,0.255,0.472,1002.0,1.2,1.5
4,50,1,5,36060.0,0.282,0.417,998.0,1.1,1.6
4,50,2,5,24029.0,0.311,0.492,1051.0,1.2,1.0
4,50,3,5,17659.0,0.271,0.493,1024.0,1.2,2.1
4,50,4,5,49087.0,0.291,0.469,938.0,1.1,1.5
5,50,1,5,80169.0,0.315,0.42,969.0,15.1,1.4
5,50,2,5,53370.0,0.309,0.482,986.0,15.6,2.1
5,50,3,5,38640.0,0.255,0.481,1036.0,14.6,2.1
5,50,4,5,109798.0,0.296,0.452,984.0,16.5,1.0
6,50,1,5,66950.0,0.295,0.484,1023.0,9.0,1.1
6,50,2,5,40689.0,0.286,0.481,979.0,9.6,1.9
6,50,3,5,31875.0,0.26,0.5,1040.0,8.9,1.4
6,50,4,5,76405.0,0.273,0.491,986.0,8.9,0.8
7,50,1,5,49566.0,0.271,0.496,969.0,8.9,0.6
7,50,2,5,33961.0,0.258,0.422,1015.0,9.0,0.4
7,50,3,5,23086.0,0.301,0.426,1022.0,8.8,1.6
7,50,4,5,55842.0,0.255,0.491,1015.0,8.2,1.3
8,50,1,5,62974.0,0.297,0.462,937.0,8.7,1.2
8,50,2,5,43577.0,0.26,0.443,1003.0,8.3,1.9
8,50,3,5,35898.0,0.319,0.435,934.0,8.3,1.6
8,50,4,5,82460.0,0.287,0.453,1026.0,9.5,1.2
9,50,1,5,42490.0,0.319,0.494,976.0,8.3,0.5
9,50,2,5,31389.0,0.263,0.423,1030.0,8.3,1.9
9,50,3,5,20752.0,0.282,0.492,1039.0,9.8,0.8
9,50,4,5,53893.0,0.31,0.505,992.0,9.8,0.4
10,50,1,5,51711.0,0.311,0.467,982.0,9.7,0.9
10,50,2,5,33065.0,0.273,0.432,994.0,8.8,0.5
10,50,3,5,26099.0,0.321,0.469,1041.0,9.1,0.4
10,50,4,5,63559.0,0.302,0.469,992.0,8.2,2.1
1,51,1,5,53747.0,0.678,0.861,1036.0,2.3,6.0
1,51,2,5,40168.0,0.728,0.829,1011.0,2.4,1.9
1,51,3,5,27396.0,0.687,0.724,1004.0,2.4,4.4
1,51,4,5,74134.0,0.752,0.762,1050.0,2.4,4.1
2,51,1,5,48129.0,0.79,0.736,963.0,2.2,2.6
2,51,2,5,37154.0,0.662,0.84,943.0,2.0,3.7
2,51,3,5,26173.0,0.764,0.789,998.0,2.2,5.6
2,51,4,5,61416.0,0.756,0.752,1008.0,2.4,2.0
3,51,1,5,56314.0,0.28,0.415,1016.0,1.2,1.0
3,51,2,5,38064.0,0.294,0.426,964.0,1.1,0.3
3,51,3,5,29172.0,0.316,0.473,946.0,1.0,1.4
3,51,4,5,75685.0,0.286,0.459,986.0,1.2,0.9
4,51,1,5,36284.0,0.265,0.502,1047.0,1.1,1.5
4,51,2,5,26207.0,0.271,0.47,1027.0,1.1,0.5
4,51,3,5,17990.0,0.322,0.495,948.0,1.2,1.7
4,51,4,5,44146.0,0.306,0.499,948.0,1.2,1.6
5,51,1,5,75589.0,0.29,0.481,985.0,15.3,1.5
5,51,2,5,56353.0,0.258,0.438,976.0,16.8,0.6
5,51,3,5,38377.0,0.29,0.447,977.0,14.7,1.1
5,51,4,5,97431.0,0.29,0.415,985.0,14.3,1.2
6,51,1,5,59901.0,0.291,0.477,1035.0,9.4,1.9
6,51,2,5,41975.0,0.319,0.474,1026.0,8.2,0.7
6,51,3,5,32159.0,0.265,0.487,995.0,8.7,1.6
6,51,4,5,82740.0,0.263,0.454,983.0,9.2,0.3
7,51,1,5,48826.0,0.277,0.464,945.0,9.2,1.5
7,51,2,5,32033.0,0.286,0.42,960.0,9.6,1.8
7,51,3,5,23533.0,0.305,0.471,1029.0,8.6,0.8
7,51,4,5,58996.0,0.266,0.487,946.0,8.9,0.9
8,51,1,5,65966.0,0.274,0.497,997.0,9.1,1.6
8,51,2,5,47455.0,0.317,0.468,1001.0,9.8,0.4
8,51,3,5,33131.0,0.268,0.473,942.0,9.7,1.5
8,51,4,5,87153.0,0.278,0.472,935.0,9.6,0.7
9,51,1,5,39755.0,0.305,0.499,1039.0,9.3,0.5
9,51,2,5,28599.0,0.258,0.415,962.0,8.4,1.7
9,51,3,5,20650.0,0.254,0.455,985.0,8.2,0.4
9,51,4,5,54678.0,0.294,0.424,1023.0,9.5,1.1
10,51,1,5,45893.0,0.276,0.476,956.0,8.7,1.0
10,51,2,5,35748.0,0.311,0.491,1032.0,9.0,1.1
10,51,3,5,22314.0,0.318,0.458,948.0,9.2,1.6
10,51,4,5,67116.0,0.286,0.469,975.0,8.4,1.1
1,52,1,5,57998.0,0.678,0.853,994.0,2.4,2.4
1,52,2,5,37877.0,0.654,0.843,959.0,2.0,5.5
1,52,3,5,25818.0,0.726,0.855,936.0,2.1,3.2
1,52,4,5,75120.0,0.751,0.716,956.0,2.2,5.2
2,52,1,5,48429.0,0.68,0.848,956.0,2.2,6.5
2,52,2,5,35223.0,0.795,0.729,1006.0,2.2,3.4
2,52,3,5,26343.0,0.772,0.75,1042.0,2.2,2.5
2,52,4,5,68635.0,0.643,0.848,949.0,2.3,1.9
3,52,1,5,57711.0,0.307,0.488,1038.0,1.2,1.5
3,52,2,5,40934.0,0.291,0.473,956.0,1.1,1.4
3,52,3,5,28559.0,0.318,0.449,1040.0,1.1,1.7
3,52,4,5,78627.0,0.321,0.445,958.0,1.0,1.5
4,52,1,5,37355.0,0.317,0.456,1040.0,1.0,1.7
4,52,2,5,24768.0,0.294,0.424,1037.0,1.1,1.5
4,52,3,5,16810.0,0.308,0.451,933.0,1.1,1.4
4,52,4,5,45204.0,0.312,0.502,1024.0,1.1,0.8
5,52,1,5,72733.0,0.299,0.506,1032.0,15.7,0.9
5,52,2,5,54216.0,0.286,0.487,1026.0,14.5,0.5
5,52,3,5,42162.0,0.268,0.461,1032.0,14.9,1.9
5,52,4,5,98279.0,0.291,0.496,968.0,15.4,0.9
6,52,1,5,60842.0,0.277,0.48,1040.0,9.7,1.5
6,52,2,5,41062.0,0.267,0.451,955.0,9.7,0.7
6,52,3,5,32639.0,0.291,0.49,993.0,8.4,0.5
6,52,4,5,78460.0,0.303,0.471,980.0,8.5,2.0
7,52,1,5,46765.0,0.315,0.428,1005.0,9.3,0.5
7,52,2,5,30544.0,0.284,0.434,933.0,8.4,0.7
7,52,3,5,22271.0,0.291,0.503,956.0,9.0,1.3
7,52,4,5,63061.0,0.281,0.425,1035.0,9.8,1.7
8,52,1,5,62422.0,0.275,0.493,982.0,9.0,2.1
8,52,2,5,46416.0,0.264,0.442,1020.0,9.1,0.6
8,52,3,5,35741.0,0.291,0.457,953.0,8.8,0.9
8,52,4,5,87278.0,0.31,0.435,991.0,9.3,0.8
9,52,1,5,39390.0,0.278,0.44,1000.0,8.5,0.8
9,52,2,5,29857.0,0.301,0.477,968.0,9.6,2.0
9,52,3,5,20015.0,0.299,0.452,952.0,8.3,0.4
9,52,4,5,58457.0,0.265,0.416,1026.0,8.2,1.3
10,52,1,5,49382.0,0.318,0.499,1011.0,8.2,1.0
10,52,2,5,32252.0,0.294,0.479,1039.0,9.5,1.4
10,52,3,5,22687.0,0.286,0.457,972.0,8.6,1.1
10,52,4,5,60842.0,0.275,0.429,960.0,9.5,2.0
1,1,1,5,51995.0,0.774,0.825,960.0,2.4,3.2
1,1,2,5,37409.0,0.733,0.799,968.0,2.0,4.9
1,1,3,5,27035.0,0.648,0.844,969.0,2.2,6.0
1,1,4,5,69219.0,0.645,0.745,1041.0,2.2,2.2
2,1,1,5,50386.0,0.681,0.727,1015.0,2.3,8.1
2,1,2,5,38333.0,0.637,0.867,947.0,2.4,3.2
2,1,3,5,23481.0,0.803,0.755,961.0,2.3,4.4
2,1,4,5,66784.0,0.685,0.809,969.0,2.2,3.0
3,1,1,5,56684.0,0.265,0.428,1005.0,1.1,0.7
3,1,2,5,41748.0,0.276,0.447,947.0,1.1,1.7
3,1,3,5,28266.0,0.27,0.487,991.0,1.0,1.6
3,1,4,5,75422.0,0.283,0.429,963.0,1.1,0.5
4,1,1,5,37628.0,0.307,0.471,992.0,1.1,1.4
4,1,2,5,24323.0,0.255,0.43,934.0,1.1,2.1
4,1,3,5,17777.0,0.274,0.479,969.0,1.0,1.1
4,1,4,5,46260.0,0.28,0.452,979.0,1.2,1.2
5,1,1,5,78075.0,0.296,0.424,974.0,16.5,0.4
5,1,2,5,52568.0,0.291,0.428,1028.0,16.9,1.1
5,1,3,5,40448.0,0.294,0.477,1012.0,15.2,0.4
5,1,4,5,107112.0,0.308,0.487,982.0,15.1,1.2
6,1,1,5,64520.0,0.266,0.46,959.0,9.8,1.0
6,1,2,5,42879.0,0.264,0.417,1049.0,9.2,0.7
6,1,3,5,32836.0,0.318,0.444,1002.0,9.6,1.8
6,1,4,5,77919.0,0.298,0.46,1032.0,8.1,1.8
7,1,1,5,42386.0,0.269,0.456,988.0,9.2,0.6
7,1,2,5,30847.0,0.317,0.423,996.0,9.2,1.3
7,1,3,5,21182.0,0.308,0.476,981.0,8.4,1.5
7,1,4,5,58485.0,0.295,0.495,1037.0,8.2,1.8
8,1,1,5,70973.0,0.303,0.42,957.0,9.0,0.8
8,1,2,5,45939.0,0.258,0.495,1005.0,9.7,2.0
8,1,3,5,34612.0,0.26,0.481,1013.0,9.6,2.1
8,1,4,5,84931.0,0.255,0.457,953.0,9.4,0.4
9,1,1,5,43017.0,0.319,0.449,1022.0,8.2,0.9
9,1,2,5,28840.0,0.281,0.465,1028.0,8.1,0.9
9,1,3,5,20321.0,0.322,0.49,940.0,9.1,1.8
9,1,4,5,52057.0,0.282,0.434,1000.0,8.4,1.1
10,1,1,5,49690.0,0.287,0.491,1037.0,8.4,0.7
10,1,2,5,35266.0,0.308,0.45,939.0,8.9,0.4
10,1,3,5,23513.0,0.254,0.5,1021.0,9.6,2.1
10,1,4,5,64112.0,0.26,0.48,941.0,9.2,0.8
1,2,1,6,46223.0,0.398,0.561,763.0,2.2,3.6
1,2,2,6,32697.0,0.387,0.528,774.0,2.3,1.9
1,2,3,6,24462.0,0.384,0.528,825.0,1.9,2.9
1,2,4,6,65844.0,0.397,0.569,810.0,2.2,3.4
2,2,1,6,46215.0,0.336,0.497,758.0,2.3,3.2
2,2,2,6,30205.0,0.324,0.504,815.0,2.2,3.9
2,2,3,6,21698.0,0.319,0.544,833.0,2.3,1.8
2,2,4,6,58278.0,0.402,0.474,770.0,1.9,3.0
3,2,1,6,56133.0,0.149,0.372,787.0,1.0,0.9
3,2,2,6,39133.0,0.158,0.385,823.0,1.0,0.5
3,2,3,6,25613.0,0.133,0.385,827.0,1.0,0.2
3,2,4,6,64147.0,0.128,0.358,850.0,1.1,0.8
4,2,1,6,33467.0,0.14,0.356,796.0,1.0,0.4
4,2,2,6,24504.0,0.149,0.334,842.0,1.1,0.7
4,2,3,6,17319.0,0.155,0.355,817.0,1.1,0.9
4,2,4,6,41496.0,0.138,0.331,850.0,1.0,0.3
5,2,1,6,74078.0,0.135,0.367,827.0,14.2,0.7
5,2,2,6,51186.0,0.158,0.329,760.0,15.8,0.8
5,2,3,6,33941.0,0.154,0.336,804.0,14.5,0.4
5,2,4,6,86944.0,0.142,0.348,803.0,15.0,0.2
6,2,1,6,59599.0,0.128,0.364,854.0,8.7,0.7
6,2,2,6,39276.0,0.145,0.381,844.0,8.4,0.5
6,2,3,6,26452.0,0.158,0.36,774.0,8.4,0.3
6,2,4,6,76114.0,0.127,0.373,824.0,8.5,0.5
7,2,1,6,39910.0,0.131,0.389,847.0,7.9,0.5
7,2,2,6,29802.0,0.148,0.32,845.0,8.6,0.8
7,2,3,6,21255.0,0.16,0.333,806.0,8.6,1.0
7,2,4,6,50917.0,0.15,0.344,820.0,9.1,0.8
8,2,1,6,56090.0,0.13,0.38,785.0,8.9,0.5
8,2,2,6,44774.0,0.141,0.364,802.0,8.2,0.6
8,2,3,6,32260.0,0.14,0.379,810.0,7.7,0.8
8,2,4,6,75856.0,0.153,0.387,780.0,7.9,0.3
9,2,1,6,39444.0,0.14,0.335,852.0,8.6,0.2
9,2,2,6,27032.0,0.156,0.37,781.0,8.6,0.7
9,2,3,6,18726.0,0.129,0.368,848.0,8.1,0.4
9,2,4,6,46360.0,0.129,0.369,804.0,9.0,0.4
10,2,1,6,42372.0,0.148,0.34,783.0,9.3,0.9
10,2,2,6,29204.0,0.131,0.361,853.0,9.2,0.7
10,2,3,6,21397.0,0.13,0.388,847.0,7.7,0.2
10,2,4,6,54939.0,0.149,0.361,766.0,9.0,0.2
1,3,1,6,47521.0,0.382,0.57,775.0,2.3,3.3
1,3,2,6,32895.0,0.376,0.542,807.0,2.1,2.2
1,3,3,6,25121.0,0.386,0.522,829.0,1.9,3.0
1,3,4,6,64919.0,0.318,0.506,848.0,2.1,2.7
2,3,1,6,47628.0,0.328,0.496,818.0,2.1,3.0
2,3,2,6,33681.0,0.327,0.567,787.0,2.2,2.8
2,3,3,6,23053.0,0.341,0.545,788.0,2.2,3.7
2,3,4,6,64056.0,0.367,0.534,822.0,2.3,2.5
3,3,1,6,52404.0,0.143,0.357,818.0,1.1,0.5
3,3,2,6,35600.0,0.144,0.38,781.0,1.1,0.5
3,3,3,6,26351.0,0.161,0.331,786.0,1.0,0.5
3,3,4,6,71888.0,0.154,0.34,836.0,1.1,0.4
4,3,1,6,34594.0,0.136,0.389,807.0,1.1,0.2
4,3,2,6,22161.0,0.159,0.376,832.0,1.1,0.5
4,3,3,6,16809.0,0.143,0.339,793.0,1.0,0.4
4,3,4,6,42641.0,0.142,0.364,768.0,1.0,0.9
5,3,1,6,77007.0,0.142,0.373,823.0,15.3,0.9
5,3,2,6,51207.0,0.154,0.367,783.0,13.5,0.9
5,3,3,6,35032.0,0.158,0.321,854.0,13.6,0.4
5,3,4,6,96041.0,0.149,0.365,823.0,14.9,0.8
6,3,1,6,57239.0,0.154,0.327,834.0,9.0,0.9
6,3,2,6,42938.0,0.155,0.368,830.0,8.7,0.8
6,3,3,6,26436.0,0.128,0.389,818.0,9.0,0.4
6,3,4,6,78965.0,0.131,0.37,827.0,8.6,0.8
7,3,1,6,41816.0,0.156,0.335,842.0,8.1,0.8
7,3,2,6,31225.0,0.152,0.322,816.0,7.7,0.9
7,3,3,6,20621.0,0.159,0.354,791.0,9.2,0.8
7,3,4,6,58870.0,0.151,0.345,805.0,9.3,0.9
8,3,1,6,56735.0,0.153,0.356,783.0,8.4,0.7
8,3,2,6,43384.0,0.148,0.372,790.0,9.1,1.0
8,3,3,6,30605.0,0.14,0.33,803.0,8.2,0.3
8,3,4,6,77111.0,0.153,0.341,821.0,8.3,0.2
9,3,1,6,36949.0,0.159,0.388,798.0,8.7,0.6
9,3,2,6,25130.0,0.158,0.331,849.0,7.8,0.9
9,3,3,6,20456.0,0.146,0.378,778.0,9.1,0.6
9,3,4,6,50693.0,0.158,0.39,810.0,8.5,0.4
10,3,1,6,41394.0,0.141,0.344,808.0,7.6,0.6
10,3,2,6,31129.0,0.157,0.376,759.0,8.5,0.5
10,3,3,6,20363.0,0.159,0.367,792.0,9.0,0.4
10,3,4,6,52881.0,0.145,0.342,839.0,8.1,0.8
1,4,1,6,51814.0,0.398,0.493,790.0,2.0,1.8
1,4,2,6,32411.0,0.326,0.544,796.0,2.1,3.5
1,4,3,6,26565.0,0.386,0.553,761.0,2.2,0.9
1,4,4,6,64577.0,0.373,0.529,793.0,2.0,0.8
2,4,1,6,47352.0,0.355,0.55,781.0,2.1,1.9
2,4,2,6,31007.0,0.388,0.515,822.0,2.1,2.5
2,4,3,6,21384.0,0.369,0.487,830.0,2.1,1.5
2,4,4,6,62693.0,0.403,0.51,851.0,2.2,1.5
3,4,1,6,50137.0,0.135,0.345,842.0,1.0,0.5
3,4,2,6,39264.0,0.16,0.385,835.0,1.0,0.3
3,4,3,6,24526.0,0.127,0.328,792.0,1.0,0.2
3,4,4,6,74270.0,0.135,0.333,792.0,1.0,0.4
4,4,1,6,31951.0,0.161,0.353,802.0,1.1,0.9
4,4,2,6,24540.0,0.153,0.371,813.0,1.1,0.4
4,4,3,6,16535.0,0.141,0.361,770.0,1.2,0.4
4,4,4,6,44421.0,0.146,0.364,788.0,1.0,0.4
5,4,1,6,67207.0,0.154,0.333,817.0,16.3,0.3
5,4,2,6,50431.0,0.145,0.371,829.0,15.5,0.3
5,4,3,6,35787.0,0.137,0.332,809.0,15.8,0.5
5,4,4,6,96208.0,0.127,0.367,783.0,13.8,0.6
6,4,1,6,60317.0,0.15,0.347,773.0,8.8,0.3
6,4,2,6,42051.0,0.154,0.321,829.0,8.1,0.7
6,4,3,6,27607.0,0.143,0.334,778.0,9.2,0.8
6,4,4,6,69351.0,0.155,0.333,788.0,8.6,0.6
7,4,1,6,39545.0,0.144,0.325,780.0,8.4,0.5
7,4,2,6,30515.0,0.143,0.369,774.0,7.7,0.3
7,4,3,6,22566.0,0.127,0.329,765.0,8.1,0.6
7,4,4,6,55982.0,0.136,0.378,773.0,9.0,0.9
8,4,1,6,60669.0,0.132,0.351,806.0,9.0,0.4
8,4,2,6,40950.0,0.139,0.386,761.0,9.1,0.9
8,4,3,6,28369.0,0.156,0.332,839.0,7.9,0.3
8,4,4,6,81732.0,0.157,0.326,844.0,9.0,0.4
9,4,1,6,40328.0,0.151,0.33,805.0,8.6,0.6
9,4,2,6,26820.0,0.157,0.352,773.0,8.6,0.2
9,4,3,6,20690.0,0.154,0.352,777.0,8.5,0.6
9,4,4,6,48753.0,0.141,0.354,766.0,8.7,0.7
10,4,1,6,43357.0,0.139,0.387,770.0,7.7,0.3
10,4,2,6,30585.0,0.155,0.338,789.0,9.2,0.8
10,4,3,6,22604.0,0.155,0.386,772.0,7.9,0.8
10,4,4,6,58518.0,0.147,0.351,780.0,7.7,0.7
1,5,1,6,48800.0,0.349,0.522,839.0,2.2,3.9
1,5,2,6,34402.0,0.373,0.568,814.0,2.0,4.1
1,5,3,6,23274.0,0.352,0.508,758.0,2.2,1.9
1,5,4,6,69787.0,0.341,0.504,798.0,2.0,2.2
2,5,1,6,47260.0,0.369,0.469,803.0,2.3,1.8
2,5,2,6,31470.0,0.318,0.506,852.0,2.3,0.9
2,5,3,6,24598.0,0.358,0.499,800.0,1.9,3.3
2,5,4,6,58448.0,0.361,0.565,783.0,2.2,1.1
3,5,1,6,52711.0,0.149,0.332,811.0,1.0,0.2
3,5,2,6,36451.0,0.135,0.33,781.0,1.1,0.7
3,5,3,6,27739.0,0.135,0.374,843.0,1.1,1.0
3,5,4,6,69050.0,0.143,0.351,769.0,1.0,1.0
4,5,1,6,33308.0,0.129,0.331,808.0,1.0,0.7
4,5,2,6,24868.0,0.144,0.324,762.0,1.0,1.0
4,5,3,6,17419.0,0.143,0.38,771.0,1.1,0.5
4,5,4,6,42916.0,0.134,0.34,834.0,1.1,0.4
5,5,1,6,76358.0,0.129,0.381,814.0,15.8,0.5
5,5,2,6,48130.0,0.14,0.373,844.0,14.0,0.2
5,5,3,6,33247.0,0.131,0.322,854.0,15.4,0.5
5,5,4,6,97412.0,0.129,0.382,844.0,15.2,0.3
6,5,1,6,53889.0,0.127,0.382,833.0,9.0,0.7
6,5,2,6,42374.0,0.147,0.365,822.0,9.2,0.6
6,5,3,6,28133.0,0.145,0.36,787.0,9.0,0.8
6,5,4,6,70024.0,0.143,0.373,830.0,9.3,0.5
7,5,1,6,45245.0,0.143,0.323,839.0,9.0,0.9
7,5,2,6,27968.0,0.15,0.328,826.0,7.8,0.6
7,5,3,6,22624.0,0.146,0.371,837.0,8.2,0.2
7,5,4,6,58737.0,0.159,0.385,843.0,8.8,1.0
8,5,1,6,61450.0,0.158,0.386,778.0,9.0,0.6
8,5,2,6,44782.0,0.149,0.381,788.0,7.7,0.9
8,5,3,6,29250.0,0.145,0.346,782.0,8.9,0.7
8,5,4,6,73665.0,0.149,0.34,841.0,8.5,0.4
9,5,1,6,36515.0,0.16,0.374,808.0,8.6,1.0
9,5,2,6,29148.0,0.161,0.39,774.0,8.5,0.6
9,5,3,6,19475.0,0.154,0.368,827.0,8.0,0.4
9,5,4,6,49237.0,0.142,0.339,798.0,8.0,0.7
10,5,1,6,43062.0,0.153,0.328,776.0,8.5,0.4
10,5,2,6,30150.0,0.159,0.346,774.0,8.1,0.4
10,5,3,6,22134.0,0.135,0.387,806.0,8.3,0.3
10,5,4,6,56549.0,0.155,0.356,767.0,8.2,0.8
1,6,1,6,53628.0,0.368,0.571,768.0,2.3,4.0
1,6,2,6,33462.0,0.333,0.526,770.0,1.9,3.0
1,6,3,6,25362.0,0.35,0.502,822.0,2.1,1.7
1,6,4,6,67626.0,0.325,0.561,831.0,2.2,1.0
2,6,1,6,46877.0,0.358,0.557,769.0,2.1,3.0
2,6,2,6,30500.0,0.318,0.472,833.0,2.3,3.9
2,6,3,6,21962.0,0.377,0.522,801.0,2.1,1.6
2,6,4,6,57755.0,0.323,0.515,793.0,2.1,1.2
3,6,1,6,56828.0,0.145,0.355,842.0,1.0,0.7
3,6,2,6,39318.0,0.135,0.342,818.0,1.1,0.3
3,6,3,6,28578.0,0.161,0.343,808.0,1.0,0.3
3,6,4,6,73432.0,0.136,0.332,760.0,1.1,0.7
4,6,1,6,31489.0,0.145,0.364,853.0,1.1,0.8
4,6,2,6,22448.0,0.141,0.387,786.0,1.1,0.6
4,6,3,6,17051.0,0.145,0.354,826.0,1.2,0.5
4,6,4,6,46326.0,0.134,0.333,842.0,1.0,1.0
5,6,1,6,68789.0,0.14,0.342,809.0,16.3,0.9
5,6,2,6,50654.0,0.148,0.351,828.0,14.0,1.0
5,6,3,6,37715.0,0.135,0.382,838.0,15.1,0.3
5,6,4,6,93080.0,0.152,0.353,790.0,16.3,1.0
6,6,1,6,56658.0,0.132,0.361,790.0,7.9,0.4
6,6,2,6,41054.0,0.161,0.328,798.0,9.1,0.4
6,6,3,6,26538.0,0.14,0.333,793.0,9.0,0.6
6,6,4,6,80032.0,0.148,0.368,769.0,8.2,0.9
7,6,1,6,39304.0,0.147,0.358,805.0,9.3,0.4
7,6,2,6,29001.0,0.142,0.37,833.0,8.3,0.9
7,6,3,6,21882.0,0.137,0.367,827.0,9.1,0.8
7,6,4,6,53832.0,0.161,0.364,765.0,7.8,0.4
8,6,1,6,61425.0,0.161,0.333,795.0,8.4,0.4
8,6,2,6,43744.0,0.156,0.32,851.0,8.1,0.7
8,6,3,6,32332.0,0.155,0.371,762.0,8.3,0.5
8,6,4,6,74971.0,0.135,0.343,808.0,7.9,0.7
9,6,1,6,38537.0,0.128,0.388,849.0,8.8,0.2
9,6,2,6,24999.0,0.142,0.366,772.0,9.3,0.4
9,6,3,6,20051.0,0.138,0.355,853.0,8.9,0.6
9,6,4,6,47821.0,0.139,0.384,813.0,7.9,0.8
10,6,1,6,42048.0,0.149,0.326,845.0,8.6,0.6
10,6,2,6,32483.0,0.132,0.371,809.0,8.4,0.2
10,6,3,6,20829.0,0.16,0.339,806.0,9.0,0.4
10,6,4,6,61390.0,0.153,0.381,835.0,7.9,0.9
1,7,1,6,48627.0,0.374,0.517,761.0,2.3,4.2
1,7,2,6,34232.0,0.328,0.481,794.0,2.3,0.7
1,7,3,6,25953.0,0.359,0.508,823.0,2.2,2.2
1,7,4,6,68592.0,0.318,0.509,835.0,2.1,0.8
2,7,1,6,47481.0,0.363,0.503,817.0,2.3,2.4
2,7,2,6,32828.0,0.375,0.566,851.0,1.9,1.0
2,7,3,6,22140.0,0.385,0.491,798.0,2.2,3.5
2,7,4,6,56616.0,0.385,0.475,788.0,2.2,0.9
3,7,1,6,48950.0,0.13,0.388,790.0,1.1,0.9
3,7,2,6,35015.0,0.134,0.351,804.0,1.0,0.7
3,7,3,6,25275.0,0.127,0.385,820.0,1.0,0.5
3,7,4,6,70212.0,0.147,0.38,817.0,1.0,0.5
4,7,1,6,31048.0,0.154,0.376,801.0,1.1,0.9
4,7,2,6,23308.0,0.154,0.332,834.0,1.0,0.6
4,7,3,6,15419.0,0.143,0.344,831.0,1.0,0.4
4,7,4,6,41849.0,0.157,0.381,838.0,1.0,0.8
5,7,1,6,70059.0,0.14,0.36,796.0,16.0,0.7
5,7,2,6,50105.0,0.138,0.382,773.0,16.0,0.8
5,7,3,6,36795.0,0.132,0.337,817.0,15.7,0.9
5,7,4,6,98169.0,0.15,0.357,817.0,15.7,0.2
6,7,1,6,59481.0,0.158,0.331,778.0,7.7,0.2
6,7,2,6,39212.0,0.156,0.338,763.0,8.6,0.6
6,7,3,6,29064.0,0.15,0.352,761.0,8.2,0.7
6,7,4,6,74246.0,0.141,0.344,760.0,8.8,0.5
7,7,1,6,39693.0,0.154,0.324,821.0,8.0,0.7
7,7,2,6,29299.0,0.154,0.388,765.0,8.8,0.5
7,7,3,6,19879.0,0.141,0.36,811.0,9.2,0.6
7,7,4,6,58778.0,0.154,0.329,791.0,8.1,0.7
8,7,1,6,62212.0,0.13,0.371,850.0,8.9,0.2
8,7,2,6,43710.0,0.133,0.383,817.0,9.2,0.7
8,7,3,6,32012.0,0.138,0.381,805.0,8.1,0.9
8,7,4,6,75668.0,0.148,0.39,811.0,9.1,0.2
9,7,1,6,38817.0,0.135,0.384,784.0,9.0,0.3
9,7,2,6,29057.0,0.128,0.32,852.0,8.6,1.0
9,7,3,6,20877.0,0.135,0.358,839.0,8.0,0.2
9,7,4,6,50448.0,0.139,0.364,848.0,7.8,0.3
10,7,1,6,43971.0,0.149,0.341,819.0,7.6,0.5
10,7,2,6,30333.0,0.128,0.382,825.0,8.2,1.0
10,7,3,6,21774.0,0.148,0.323,795.0,8.0,0.7
10,7,4,6,61633.0,0.149,0.362,841.0,7.6,0.5
1,8,1,6,47875.0,0.365,0.547,784.0,2.1,3.0
1,8,2,6,33790.0,0.349,0.477,790.0,2.1,0.7
1,8,3,6,25151.0,0.347,0.558,806.0,2.3,1.8
1,8,4,6,60263.0,0.335,0.563,766.0,1.9,2.8
2,8,1,6,47062.0,0.358,0.538,801.0,2.0,2.3
2,8,2,6,31247.0,0.349,0.479,793.0,2.1,3.8
2,8,3,6,23534.0,0.33,0.57,828.0,2.3,3.8
2,8,4,6,61894.0,0.397,0.513,771.0,2.1,1.4
3,8,1,6,52655.0,0.14,0.39,788.0,1.0,0.8
3,8,2,6,38685.0,0.136,0.384,789.0,1.1,0.6
3,8,3,6,25007.0,0.127,0.379,832.0,1.1,0.7
3,8,4,6,70371.0,0.155,0.327,788.0,1.0,0.9
4,8,1,6,33673.0,0.156,0.325,797.0,1.0,0.2
4,8,2,6,21733.0,0.138,0.343,795.0,1.0,0.9
4,8,3,6,17095.0,0.133,0.349,854.0,1.1,0.5
4,8,4,6,45649.0,0.152,0.338,761.0,1.0,0.9
5,8,1,6,70014.0,0.161,0.372,844.0,15.5,0.2
5,8,2,6,51782.0,0.143,0.347,764.0,13.6,1.0
5,8,3,6,33168.0,0.143,0.37,832.0,14.6,0.3
5,8,4,6,95993.0,0.128,0.355,815.0,13.8,0.5
6,8,1,6,53636.0,0.153,0.377,795.0,7.6,0.8
6,8,2,6,39797.0,0.129,0.348,777.0,8.3,0.6
6,8,3,6,28018.0,0.137,0.387,854.0,8.3,0.8
6,8,4,6,73458.0,0.14,0.382,781.0,8.8,0.7
7,8,1,6,44510.0,0.132,0.36,759.0,9.2,0.2
7,8,2,6,29433.0,0.152,0.36,782.0,8.6,0.6
7,8,3,6,20412.0,0.128,0.33,827.0,9.0,0.4
7,8,4,6,56405.0,0.13,0.378,820.0,8.9,0.7
8,8,1,6,57571.0,0.141,0.331,807.0,8.2,0.8
8,8,2,6,40524.0,0.157,0.371,818.0,7.7,0.4
8,8,3,6,29564.0,0.154,0.385,840.0,8.7,0.4
8,8,4,6,75041.0,0.135,0.375,814.0,8.6,0.8
9,8,1,6,40578.0,0.139,0.346,820.0,8.6,0.6
9,8,2,6,28327.0,0.149,0.339,814.0,7.8,0.5
9,8,3,6,20767.0,0.151,0.381,793.0,7.7,0.9
9,8,4,6,54296.0,0.127,0.374,791.0,8.9,0.3
10,8,1,6,43842.0,0.148,0.386,805.0,8.8,0.2
10,8,2,6,31036.0,0.128,0.338,829.0,8.8,0.8
10,8,3,6,22363.0,0.144,0.35,827.0,9.2,0.8
10,8,4,6,57987.0,0.133,0.322,814.0,7.6,1.0
1,9,1,6,49198.0,0.4,0.474,824.0,1.9,3.0
1,9,2,6,35919.0,0.389,0.53,759.0,2.3,3.4
1,9,3,6,24161.0,0.361,0.492,839.0,2.1,1.1
1,9,4,6,63309.0,0.356,0.47,837.0,2.3,2.3
2,9,1,6,49300.0,0.378,0.517,832.0,2.3,2.9
2,9,2,6,32539.0,0.348,0.512,801.0,2.1,1.7
2,9,3,6,23222.0,0.319,0.48,825.0,2.3,3.3
2,9,4,6,58855.0,0.366,0.497,798.0,2.3,0.9
3,9,1,6,57224.0,0.137,0.368,768.0,1.0,0.7
3,9,2,6,38916.0,0.149,0.356,807.0,1.1,0.8
3,9,3,6,26639.0,0.131,0.352,766.0,1.2,0.5
3,9,4,6,72423.0,0.158,0.35,780.0,1.0,0.9
4,9,1,6,33481.0,0.143,0.365,779.0,1.0,0.2
4,9,2,6,22992.0,0.149,0.386,789.0,1.1,0.9
4,9,3,6,16567.0,0.146,0.328,853.0,1.1,0.4
4,9,4,6,45371.0,0.146,0.373,807.0,1.1,0.4
5,9,1,6,68985.0,0.128,0.37,810.0,13.4,0.6
5,9,2,6,47071.0,0.153,0.327,815.0,15.2,0.7
5,9,3,6,36713.0,0.134,0.325,843.0,13.4,0.8
5,9,4,6,93015.0,0.134,0.389,833.0,15.1,0.3
6,9,1,6,57773.0,0.135,0.385,771.0,8.8,0.5
6,9,2,6,43290.0,0.147,0.35,825.0,8.4,0.5
6,9,3,6,27396.0,0.157,0.355,773.0,8.2,1.0
6,9,4,6,71256.0,0.147,0.348,829.0,8.8,0.9
7,9,1,6,44159.0,0.139,0.335,834.0,8.6,0.8
7,9,2,6,27984.0,0.135,0.376,788.0,8.8,0.9
7,9,3,6,22209.0,0.138,0.343,771.0,9.2,0.3
7,9,4,6,52548.0,0.145,0.349,854.0,9.2,0.8
8,9,1,6,61274.0,0.14,0.369,807.0,8.2,0.5
8,9,2,6,39220.0,0.144,0.348,851.0,8.5,0.3
8,9,3,6,31645.0,0.161,0.34,830.0,8.2,1.0
8,9,4,6,76645.0,0.131,0.356,786.0,8.4,0.5
9,9,1,6,39786.0,0.137,0.355,808.0,8.2,0.7
9,9,2,6,27455.0,0.156,0.373,773.0,9.2,0.2
9,9,3,6,19339.0,0.138,0.352,843.0,8.8,0.5
9,9,4,6,48576.0,0.129,0.324,778.0,8.6,0.7
10,9,1,6,41778.0,0.151,0.372,850.0,8.0,1.0
10,9,2,6,32621.0,0.136,0.382,775.0,8.8,0.2
10,9,3,6,21388.0,0.158,0.386,767.0,9.0,0.6
10,9,4,6,61327.0,0.155,0.37,765.0,9.1,0.6
1,10,1,6,48575.0,0.333,0.541,758.0,2.3,2.8
1,10,2,6,34715.0,0.402,0.565,840.0,2.1,0.7
1,10,3,6,23459.0,0.358,0.495,774.0,2.0,0.9
1,10,4,6,61505.0,0.328,0.5,839.0,2.1,2.9
2,10,1,6,43070.0,0.354,0.556,830.0,1.9,0.7
2,10,2,6,30055.0,0.321,0.475,845.0,2.0,1.8
2,10,3,6,21610.0,0.387,0.518,770.0,2.3,1.6
2,10,4,6,57631.0,0.376,0.489,832.0,2.0,2.2
3,10,1,6,51012.0,0.133,0.384,821.0,1.0,0.4
3,10,2,6,37772.0,0.131,0.364,776.0,1.0,0.2
3,10,3,6,24870.0,0.151,0.387,849.0,1.2,0.9
3,10,4,6,68933.0,0.141,0.352,802.0,1.1,1.0
4,10,1,6,33037.0,0.138,0.375,773.0,1.1,0.9
4,10,2,6,21762.0,0.142,0.346,848.0,1.0,0.8
4,10,3,6,15857.0,0.149,0.331,795.0,1.0,0.7
4,10,4,6,44731.0,0.143,0.38,815.0,1.1,0.4
5,10,1,6,77001.0,0.159,0.342,758.0,15.9,0.8
5,10,2,6,47585.0,0.135,0.371,831.0,14.3,1.0
5,10,3,6,37768.0,0.152,0.37,840.0,16.2,0.9
5,10,4,6,97800.0,0.153,0.344,836.0,13.8,0.3
6,10,1,6,57529.0,0.131,0.349,781.0,7.9,0.6
6,10,2,6,38635.0,0.133,0.367,762.0,8.8,0.9
6,10,3,6,27075.0,0.132,0.351,806.0,8.4,0.7
6,10,4,6,69319.0,0.13,0.343,787.0,8.2,1.0
7,10,1,6,43491.0,0.138,0.352,829.0,8.2,0.5
7,10,2,6,28746.0,0.142,0.332,839.0,7.7,0.6
7,10,3,6,19899.0,0.134,0.337,771.0,8.8,1.0
7,10,4,6,51460.0,0.144,0.369,854.0,8.4,1.0
8,10,1,6,60069.0,0.145,0.327,799.0,8.8,0.7
8,10,2,6,40694.0,0.144,0.355,837.0,7.8,0.6
8,10,3,6,31938.0,0.155,0.379,778.0,9.2,0.4
8,10,4,6,79124.0,0.127,0.368,794.0,7.6,0.9
9,10,1,6,40719.0,0.153,0.359,763.0,8.9,0.2
9,10,2,6,27333.0,0.145,0.358,780.0,8.0,0.4
9,10,3,6,19194.0,0.134,0.329,824.0,8.6,0.4
9,10,4,6,49317.0,0.154,0.352,810.0,8.7,0.2
10,10,1,6,43440.0,0.161,0.337,844.0,8.6,0.2
10,10,2,6,29358.0,0.134,0.324,773.0,7.8,0.8
10,10,3,6,21103.0,0.131,0.388,844.0,8.7,0.7
10,10,4,6,61239.0,0.134,0.338,840.0,7.8,0.3
1,11,1,6,49215.0,0.387,0.52,789.0,2.1,2.6
1,11,2,6,33778.0,0.318,0.558,833.0,2.0,1.2
1,11,3,6,24291.0,0.348,0.551,788.0,2.1,1.3
1,11,4,6,63770.0,0.337,0.53,795.0,2.0,1.6
2,11,1,6,48715.0,0.378,0.479,817.0,2.0,1.1
2,11,2,6,34079.0,0.393,0.544,837.0,1.9,3.9
2,11,3,6,21692.0,0.337,0.544,806.0,2.3,3.6
2,11,4,6,61696.0,0.317,0.571,787.0,2.0,1.9
3,11,1,6,51088.0,0.127,0.352,813.0,1.1,1.0
3,11,2,6,35408.0,0.159,0.34,768.0,1.0,0.2
3,11,3,6,27510.0,0.159,0.363,812.0,1.1,0.8
3,11,4,6,73249.0,0.131,0.385,775.0,1.0,0.2
4,11,1,6,33777.0,0.148,0.37,792.0,1.0,1.0
4,11,2,6,25003.0,0.14,0.35,780.0,1.0,0.6
4,11,3,6,17251.0,0.14,0.356,843.0,1.0,1.0
4,11,4,6,42405.0,0.156,0.331,853.0,1.0,0.3
5,11,1,6,76740.0,0.131,0.329,804.0,14.3,1.0
5,11,2,6,49073.0,0.128,0.355,805.0,14.0,0.7
5,11,3,6,35603.0,0.142,0.351,794.0,15.3,0.5
5,11,4,6,99357.0,0.16,0.381,774.0,14.6,0.5
6,11,1,6,61554.0,0.13,0.387,842.0,8.6,1.0
6,11,2,6,40577.0,0.151,0.356,803.0,8.3,1.0
6,11,3,6,28622.0,0.135,0.325,849.0,8.9,0.9
6,11,4,6,72351.0,0.152,0.34,822.0,8.6,0.3
7,11,1,6,45253.0,0.14,0.358,778.0,9.1,0.9
7,11,2,6,30758.0,0.157,0.37,771.0,7.7,0.9
7,11,3,6,21747.0,0.152,0.342,841.0,8.2,0.6
7,11,4,6,51007.0,0.156,0.373,783.0,8.0,0.7
8,11,1,6,60907.0,0.151,0.359,787.0,7.7,0.8
8,11,2,6,40498.0,0.14,0.385,809.0,9.0,0.8
8,11,3,6,32108.0,0.128,0.386,793.0,8.2,0.8
8,11,4,6,78569.0,0.132,0.346,768.0,7.7,0.2
9,11,1,6,39268.0,0.127,0.351,814.0,8.0,0.2
9,11,2,6,26329.0,0.133,0.341,833.0,9.1,0.5
9,11,3,6,18375.0,0.161,0.35,780.0,9.2,0.5
9,11,4,6,49970.0,0.14,0.386,765.0,9.2,1.0
10,11,1,6,42592.0,0.143,0.38,772.0,8.6,1.0
10,11,2,6,32421.0,0.152,0.344,762.0,8.7,0.2
10,11,3,6,21120.0,0.134,0.339,764.0,7.7,0.2
10,11,4,6,60308.0,0.145,0.38,791.0,8.6,0.5
1,12,1,6,46204.0,0.391,0.495,777.0,2.0,1.6
1,12,2,6,32459.0,0.4,0.493,759.0,2.3,3.1
1,12,3,6,24026.0,0.392,0.5,778.0,2.0,1.8
1,12,4,6,61232.0,0.377,0.504,851.0,2.3,4.0
2,12,1,6,48754.0,0.382,0.481,783.0,2.1,2.7
2,12,2,6,33842.0,0.38,0.491,789.0,2.3,2.5
2,12,3,6,23618.0,0.343,0.528,801.0,1.9,2.4
2,12,4,6,61907.0,0.388,0.557,800.0,1.9,3.6
3,12,1,6,54261.0,0.131,0.36,762.0,1.1,0.4
3,12,2,6,34679.0,0.137,0.321,854.0,1.1,0.8
3,12,3,6,28416.0,0.131,0.347,847.0,1.0,0.6
3,12,4,6,73438.0,0.142,0.348,805.0,1.1,0.8
4,12,1,6,35066.0,0.136,0.38,816.0,1.2,0.2
4,12,2,6,23092.0,0.138,0.34,822.0,1.1,0.4
4,12,3,6,17419.0,0.15,0.351,799.0,1.1,0.2
4,12,4,6,41607.0,0.145,0.373,813.0,1.1,1.0
5,12,1,6,74243.0,0.155,0.338,843.0,14.7,1.0
5,12,2,6,50293.0,0.147,0.385,824.0,16.0,0.6
5,12,3,6,36466.0,0.136,0.353,844.0,15.8,0.8
5,12,4,6,98757.0,0.148,0.384,792.0,14.2,1.0
6,12,1,6,55065.0,0.137,0.381,806.0,8.5,0.9
6,12,2,6,43085.0,0.158,0.322,804.0,7.9,0.8
6,12,3,6,28115.0,0.155,0.343,765.0,8.3,0.9
6,12,4,6,71781.0,0.137,0.387,791.0,8.9,0.5
7,12,1,6,41645.0,0.13,0.352,814.0,8.8,1.0
7,12,2,6,27368.0,0.133,0.373,799.0,8.3,0.3
7,12,3,6,21680.0,0.161,0.366,795.0,9.0,0.8
7,12,4,6,50266.0,0.138,0.321,808.0,8.6,0.6
8,12,1,6,62238.0,0.127,0.342,763.0,7.7,0.2
8,12,2,6,39625.0,0.158,0.36,816.0,8.7,0.9
8,12,3,6,31757.0,0.156,0.323,822.0,8.7,0.4
8,12,4,6,81122.0,0.149,0.346,846.0,8.9,0.5
9,12,1,6,38592.0,0.146,0.365,813.0,9.3,0.4
9,12,2,6,28478.0,0.147,0.343,789.0,7.7,0.8
9,12,3,6,20766.0,0.146,0.366,843.0,9.1,0.8
9,12,4,6,48046.0,0.155,0.321,763.0,8.2,0.3
10,12,1,6,45818.0,0.161,0.382,813.0,8.2,0.7
10,12,2,6,31278.0,0.128,0.383,786.0,8.2,0.7
10,12,3,6,22622.0,0.143,0.371,828.0,8.1,0.4
10,12,4,6,61569.0,0.156,0.349,853.0,9.1,0.8
1,13,1,6,49922.0,0.358,0.557,825.0,2.2,3.7
1,13,2,6,37155.0,0.349,0.54,770.0,2.2,0.8
1,13,3,6,23301.0,0.346,0.558,770.0,2.3,0.8
1,13,4,6,62729.0,0.355,0.552,801.0,2.0,1.2
2,13,1,6,44072.0,0.35,0.485,854.0,2.2,4.1
2,13,2,6,31082.0,0.38,0.53,838.0,2.1,0.7
2,13,3,6,22956.0,0.362,0.494,804.0,1.9,3.0
2,13,4,6,64298.0,0.355,0.468,849.0,2.2,3.8
3,13,1,6,55551.0,0.151,0.33,772.0,1.1,0.7
3,13,2,6,35629.0,0.133,0.332,797.0,1.0,0.9
3,13,3,6,27442.0,0.161,0.376,840.0,1.0,0.2
3,13,4,6,64813.0,0.128,0.373,782.0,1.2,0.2
4,13,1,6,32449.0,0.16,0.341,808.0,1.0,0.9
4,13,2,6,22531.0,0.159,0.377,758.0,1.1,0.5
4,13,3,6,17074.0,0.132,0.362,849.0,1.0,0.8
4,13,4,6,40827.0,0.129,0.331,803.0,1.1,0.7
5,13,1,6,69837.0,0.128,0.36,774.0,16.3,0.2
5,13,2,6,50164.0,0.151,0.329,829.0,15.7,0.8
5,13,3,6,37056.0,0.127,0.372,805.0,14.4,0.3
5,13,4,6,99755.0,0.148,0.372,804.0,16.2,0.8
6,13,1,6,52943.0,0.161,0.337,778.0,9.0,0.2
6,13,2,6,39802.0,0.138,0.376,785.0,8.8,0.8
6,13,3,6,30998.0,0.133,0.322,783.0,9.2,0.2
6,13,4,6,69954.0,0.136,0.323,777.0,7.9,0.5
7,13,1,6,38937.0,0.155,0.341,821.0,8.5,0.8
7,13,2,6,31331.0,0.13,0.381,780.0,8.2,0.4
7,13,3,6,21259.0,0.136,0.355,768.0,7.9,0.7
7,13,4,6,52214.0,0.143,0.348,823.0,8.1,0.8
8,13,1,6,62176.0,0.138,0.329,782.0,9.1,0.7
8,13,2,6,43071.0,0.138,0.339,843.0,8.1,0.2
8,13,3,6,29438.0,0.158,0.39,818.0,9.0,0.4
8,13,4,6,79272.0,0.161,0.324,784.0,8.2,0.9
9,13,1,6,38625.0,0.148,0.324,849.0,9.0,0.8
9,13,2,6,27933.0,0.156,0.35,772.0,7.7,0.2
9,13,3,6,19496.0,0.135,0.369,759.0,8.8,0.5
9,13,4,6,47900.0,0.145,0.357,762.0,8.2,0.9
10,13,1,6,44594.0,0.131,0.37,819.0,8.2,0.5
10,13,2,6,30798.0,0.137,0.333,839.0,7.7,0.3
10,13,3,6,23816.0,0.135,0.383,843.0,8.2,1.0
10,13,4,6,55318.0,0.133,0.323,790.0,8.2,0.5
